Workbook

Sheet O2Summary
A2: Performance Summary CEPPL
A3: Month | B3: 45839
A4: Date | B4: 45857
A5: Operation Year | B5: Year-3
A6: Year Start Date | B6: 45748
A7: Year End Date | B7: 46112
A9: Sr. No. | B9: Particular | C9: Target | D9: Measured | E9: Deviation | F9: Remarks | I9: Top Generator | J9: Generation (MWh) | K9: Least Generator | L9: Generation (MWh)
A10: 1 | B10: E_Grid Daily (MWh) | C10: =_xlfn.XLOOKUP($B$4,'Daily KPI'!$A:$A,'Daily KPI'!$AD:$AD)/1000 -> 815.98323 | D10: =_xlfn.XLOOKUP($B$4,'Daily KPI'!$A:$A,'Daily KPI'!$X:$X,"")*(1+MonthlyKPI!Q4)/1000 -> 571.9123 | E10: =D10/C10-1 -> -0.29911267 | I10: =_xlfn.XLOOKUP(1,Analytics!40:40,Analytics!$5:$5) -> KUD16 | J10: =_xlfn.XLOOKUP(I10,Analytics!$5:$5,Analytics!37:37)/1000 -> 29.6023 | K10: =_xlfn.XLOOKUP(23,Analytics!40:40,Analytics!$5:$5) -> KUD10 | L10: =_xlfn.XLOOKUP(K10,Analytics!$5:$5,Analytics!37:37)/1000 -> 22.1709
B11: E_Grid MTD(MWh) | C11: =MonthlyKPI!E4 -> 15503.681 | D11: =MonthlyKPI!F4*(1+MonthlyKPI!Q4) -> 15198.79 | E11: =D11/C11-1 -> -0.019665705 | I11: =_xlfn.XLOOKUP(1,Analytics!41:41,Analytics!$5:$5) -> KUD15 | J11: =_xlfn.XLOOKUP(I11,Analytics!$5:$5,Analytics!38:38)/1000 -> 731.7595 | K11: =_xlfn.XLOOKUP(23,Analytics!41:41,Analytics!$5:$5) -> KUD04 | L11: =_xlfn.XLOOKUP(K11,Analytics!$5:$5,Analytics!38:38)/1000 -> 622.0096
B12: E_Grid YTD (MWh) | C12: =AnnualKPI!E4 -> 58695.951 | D12: =AnnualKPI!F4*(1+AnnualKPI!Q4) -> 55137.544 | E12: =D12/C12-1 -> -0.06062441 | I12: =_xlfn.XLOOKUP(1,Analytics!42:42,Analytics!$5:$5) -> KUD15 | J12: =_xlfn.XLOOKUP(I12,Analytics!$5:$5,Analytics!39:39)/1000 -> 2730.6632 | K12: =_xlfn.XLOOKUP(23,Analytics!42:42,Analytics!$5:$5) -> KUD04 | L12: =_xlfn.XLOOKUP(K12,Analytics!$5:$5,Analytics!39:39)/1000 -> 2253.1536
A13: 2 | B13: Wind Speed Daily | C13: =_xlfn.XLOOKUP($B$3,'Modelling New'!$D:$D,'Modelling New'!$J:$J) -> 10.303759 | D13: =_xlfn.XLOOKUP($B$4,'Daily KPI'!$A:$A,'Daily KPI'!$M:$M,0) -> 7.1608696 | E13: =(D13-C13)/(C13) -> -0.3050236
B14: Wind Speed MTD | C14: =_xlfn.XLOOKUP($B$3,'Modelling New'!$D:$D,'Modelling New'!$AC:$AC) -> 10.303759 | D14: =MonthlyKPI!D4 -> 9.0608696 | E14: =(D14-C14)/(C14) -> -0.12062489 | L14: Last 7 Days Performance
B15: Wind Speed YTD | C15: =_xlfn.XLOOKUP($B$3,'Modelling New'!$D:$D,'Modelling New'!$AD:$AD) -> 8.1297392 | D15: =AnnualKPI!D4 -> 6.7503737 | E15: =(D15-C15)/(C15) -> -0.16966909 | I15: Energy Loss (MWh)
A16: 3 | B16: MA Daily | C16: =_xlfn.XLOOKUP($B$3,'Modelling New'!$D:$D,'Modelling New'!$AH:$AH) -> 0.97 | D16: =_xlfn.XLOOKUP($B$4,'Daily KPI'!$A:$A,'Daily KPI'!$P:$P,0) -> 0.99343494 | E16: =(D16-C16)/(C16) -> 0.02415973 | I16: =SUMIF(WTG_BD!F:F,O2Summary!B4,WTG_BD!AA:AA)/1000 -> 3.655
B17: MA MTD | C17: =_xlfn.XLOOKUP($B$3,'Modelling New'!$D:$D,'Modelling New'!$AH:$AH) -> 0.97 | D17: =MonthlyKPI!L4 -> 0.99597608 | E17: =(D17-C17)/(C17) -> 0.026779463 | I17: =SUMIFS(WTG_BD!AA:AA,WTG_BD!F:F,">="&O2Summary!B3,WTG_BD!F:F,"<="&O2Summary!B4)/1000 -> 59.2233
B18: MA YTD | C18: =_xlfn.XLOOKUP($B$3,'Modelling New'!$D:$D,'Modelling New'!$AH:$AH) -> 0.97 | D18: =AnnualKPI!L4 -> 0.99617669 | E18: =(D18-C18)/(C18) -> 0.026986275 | I18: =SUMIFS(WTG_BD!AA:AA,WTG_BD!F:F,">="&O2Summary!B6,WTG_BD!F:F,"<="&O2Summary!B4)/1000 -> 194.75508
A19: 4 | B19: EGA Daily | C19: =_xlfn.XLOOKUP($B$3,'Modelling New'!$D:$D,'Modelling New'!$AF:$AF) -> 0.995 | D19: =_xlfn.XLOOKUP($B$4,'Daily KPI'!$A:$A,'Daily KPI'!$R:$R,0) -> 1 | E19: =(D19-C19)/(C19) -> 0.0050251256 | I19: =SUMIF(Grid_BD!F:F,O2Summary!B4,Grid_BD!Y:Y)/1000 -> 0
B20: EGA MTD | C20: =_xlfn.XLOOKUP($B$3,'Modelling New'!$D:$D,'Modelling New'!$AF:$AF) -> 0.995 | D20: =MonthlyKPI!J4 -> 1 | E20: =(D20-C20)/(C20) -> 0.0050251256 | I20: =SUMIFS(Grid_BD!Y:Y,Grid_BD!F:F,">="&O2Summary!B3,Grid_BD!F:F,"<="&O2Summary!B4)/1000 -> 0
B21: EGA YTD | C21: =_xlfn.XLOOKUP($B$3,'Modelling New'!$D:$D,'Modelling New'!$AF:$AF) -> 0.995 | D21: =AnnualKPI!J4 -> 0.99192067 | E21: =(D21-C21)/(C21) -> -0.0030948027 | I21: =SUMIFS(Grid_BD!Y:Y,Grid_BD!F:F,">="&O2Summary!B6,Grid_BD!F:F,"<="&O2Summary!B4)/1000 -> 605.885
A22: 5 | B22: IGA Daily | C22: =_xlfn.XLOOKUP($B$3,'Modelling New'!$D:$D,'Modelling New'!$AI:$AI) -> 0.99 | D22: =_xlfn.XLOOKUP($B$4,'Daily KPI'!$A:$A,'Daily KPI'!$Q:$Q,0) -> 0.99613491 | E22: =(D22-C22)/(C22) -> 0.006196876 | I22: =SUMIF(IGA_BD!F:F,O2Summary!B4,IGA_BD!W:W)/1000 -> 2.146
B23: IGA MTD | C23: =_xlfn.XLOOKUP($B$3,'Modelling New'!$D:$D,'Modelling New'!$AI:$AI) -> 0.99 | D23: =MonthlyKPI!N4 -> 0.99418047 | E23: =(D23-C23)/(C23) -> 0.0042226998 | I23: =SUMIFS(IGA_BD!W:W,IGA_BD!F:F,">="&O2Summary!B3,IGA_BD!F:F,"<="&O2Summary!B4)/1000 -> 61.851
B24: IGA YTD | C24: =_xlfn.XLOOKUP($B$3,'Modelling New'!$D:$D,'Modelling New'!$AI:$AI) -> 0.99 | D24: =AnnualKPI!N4 -> 0.97135639 | E24: =(D24-C24)/(C24) -> -0.018831933 | I24: =SUMIFS(IGA_BD!W:W,IGA_BD!F:F,">="&O2Summary!B6,IGA_BD!F:F,"<="&O2Summary!B4)/1000 -> 922.654
A25: 6 | B25: CUF Daily | C25: =C10/24/'Basic Data'!$N$3 -> 0.67192295 | D25: =D10/24/_xlfn.XLOOKUP($B$4,RD[Date],RD[Connected Wind AC Capcity(MW)]) -> 0.47094228 | E25: =(D25-C25)/(C25) -> -0.29911267
B26: CUF MTD | C26: =C11/(24*DAY(B4))/'Basic Data'!$N$3 -> 0.67192295 | D26: =D11/(24*DAY(B4))/'Basic Data'!$N$3 -> 0.65870911 | E26: =(D26-C26)/(C26) -> -0.019665705
B27: CUF YTD | C27: =C12/(24*(B4-B6+1))/'Basic Data'!$N$3 -> 0.43939357 | D27: =D12/(24*(B4-B6+1))/'Basic Data'!$N$3 -> 0.4127556 | E27: =(D27-C27)/(C27) -> -0.06062441
A28: 7 | B28: Wind PA Daily | C28: =_xlfn.XLOOKUP($B$3,'Modelling New'!$D:$D,'Modelling New'!$AE:$AE) -> 0.9554985 | D28: =D16*D19*D22 -> 0.98959522 | E28: =(D28-C28)/(C28) -> 0.035684744 | I28: =SUM(I16,I19,I22) -> 5.801
B29: Wind PA MTD | C29: =_xlfn.XLOOKUP($B$3,'Modelling New'!$D:$D,'Modelling New'!$AE:$AE) -> 0.9554985 | D29: =D17*D20*D23 -> 0.99017997 | E29: =(D29-C29)/(C29) -> 0.036296728 | I29: =SUM(I17,I20,I23) -> 121.0743
B30: Wind PA YTD | C30: =_xlfn.XLOOKUP($B$3,'Modelling New'!$D:$D,'Modelling New'!$AE:$AE) -> 0.9554985 | D30: =D18*D21*D24 -> 0.95982468 | E30: =(D30-C30)/(C30) -> 0.0045276718 | I30: =SUM(I18,I21,I24) -> 1723.2941
A31: 8 | B31: Line Loss Daily | C31: =_xlfn.XLOOKUP(B4,'Daily KPI'!$A:$A,'Daily KPI'!AP:AP) -> 0.05 | D31: =_xlfn.XLOOKUP($B$4,'Daily KPI'!$A:$A,'Daily KPI'!AN:AN) -> 0.010952712 | E31: =-(D31-C31)/(C31) -> 0.78094576
B32: Line Loss MTD | C32: =_xlfn.XLOOKUP($B$3,'Modelling New'!$D:$D,'Modelling New'!AK:AK) -> 0.05 | D32: =MonthlyKPI!$T$4 -> 0.007315459 | E32: =-(D32-C32)/(C32) -> 0.85369082
B33: Line Loss YTD | C33: =_xlfn.XLOOKUP($B$3,'Modelling New'!$D:$D,'Modelling New'!AK:AK) -> 0.05 | D33: =AnnualKPI!$S$4 -> 0.0078330867 | E33: =-(D33-C33)/(C33) -> 0.84333827
A34: 9 | B34: Reactive Power Daily | C34: =_xlfn.XLOOKUP(B7,'Daily KPI'!$A:$A,'Daily KPI'!AQ:AQ) -> 0.05 | D34: =_xlfn.XLOOKUP($B$4,'Daily KPI'!$A:$A,'Daily KPI'!AO:AO) -> 0.12936646 | E34: =-(D34-C34)/(C34) -> -1.5873293
B35: Reactive Power MTD | C35: =_xlfn.XLOOKUP($B$3,'Modelling New'!$D:$D,'Modelling New'!AL:AL) -> 0.05 | D35: =MonthlyKPI!$U$4 -> 0.081969078 | E35: =-(D35-C35)/(C35) -> -0.63938156
B36: Reactive Power YTD | C36: =_xlfn.XLOOKUP($B$3,'Modelling New'!$D:$D,'Modelling New'!AL:AL) -> 0.05 | D36: =AnnualKPI!$T$4 -> 0.22238768 | E36: =-(D36-C36)/(C36) -> -3.4477536
A37: 10 | B37: Expected Energy Daily | C37: =_xlfn.XLOOKUP($B$4,'Daily KPI'!$A:$A,'Daily KPI'!$AI:$AI) -> 577.61 | D37: =IFERROR(_xlfn.XLOOKUP($B$4,'Daily KPI'!$A:$A,'Daily KPI'!$X:$X)/1000,"") -> 575.2194 | E37: =(D37-C37)/(C37) -> -0.0041387788
B38: Expected Energy MTD | C38: =MonthlyKPI!$S$4 -> 15304.79 | D38: =IFERROR(SUMIF('WTG Reactive Power'!$D:$D,O2Summary!$B$3,'Daily KPI'!$X:$X)/1000,"") -> 15286.678 | E38: =(D38-C38)/(C38) -> -0.0011834269
B39: Expected Energy YTD | C39: =AnnualKPI!$R$4 -> 56851.24 | D39: =IFERROR(SUMIFS('Daily KPI'!$X:$X,'Daily KPI'!$A:$A,">="&O2Summary!$B$6,'Daily KPI'!$A:$A,"<="&O2Summary!$B$4)/1000,"") -> 56392.442 | E39: =(D39-C39)/(C39) -> -0.0080701406
A44: Performance Summary CEPPL Customer wise
A45: Month | B45: =B3 -> 45839
A46: Date | B46: =B4 -> 45857
A47: Operation Year | B47: =B5 -> Year-3
A48: Year Start Date | B48: =B6 -> 45748
A49: Year End Date | B49: =B7 -> 46112
A51: Sr. No. | B51: SPV | C51: MTD WTG Generation (MWh) | D51: MTD E_Grid (MWh) | E51: Remarks
A52: 1 | B52: O2R1 (KSIPL) | C52: =SUMIFS(RD[[#All],[WTG Total Gneration (MWh) O2R1]],RD[[#All],[Date]],">="&O2Summary!$B$48,RD[[#All],[Month Year]],O2Summary!$B$45)/1000 -> 6613.7926 | D52: =C52*(1+MonthlyKPI!$Q$4) -> 6575.768
A53: 2 | B53: O2R2 (SIL) | C53: =SUMIFS(RD[[#All],[WTG Total Gneration (MWh) O2R2]],RD[[#All],[Date]],">="&O2Summary!$B$48,RD[[#All],[Month Year]],O2Summary!$B$45)/1000 -> 1442.2473 | D53: =C53*(1+MonthlyKPI!$Q$4) -> 1433.9554
A54: 3 | B54: O2R5 (JK) | C54: =SUMIFS(RD[[#All],[WTG Total Gneration (MWh) O2R5]],RD[[#All],[Date]],">="&O2Summary!$B$48,RD[[#All],[Month Year]],O2Summary!$B$45)/1000 -> 5277.0918 | D54: =C54*(1+MonthlyKPI!$Q$4) -> 5246.7523
A55: 4 | B55: O2R4 (SGDCIPL) | C55: =SUMIFS(RD[[#All],[WTG Total Gneration (MWh) O2R4]],RD[[#All],[Date]],">="&O2Summary!$B$48,RD[[#All],[Month Year]],O2Summary!$B$45)/1000 -> 663.1089 | D55: =C55*(1+MonthlyKPI!$Q$4) -> 659.2965
A56: 4 | B56: O2R16 (Jubilant) | C56: =SUMIFS(RD[[#All],[WTG Total Gneration (MWh) O2R16]],RD[[#All],[Date]],">="&O2Summary!$B$48,RD[[#All],[Month Year]],O2Summary!$B$45)/1000 -> 1290.4373 | D56: =C56*(1+MonthlyKPI!$Q$4) -> 1283.0182

Sheet AnnualKPI
A1: Till Date | B1: =O2Summary!B4 -> 45857 | C1: =O2Summary!$B$3 -> 45839
A2: CEPL Performance Summary-YTD
A3: Year | B3: Days | C3: Estimated WS(m/s) | D3: Measured WS (m/s) | E3: Budgeted Energy (MWh) | F3: Measured Energy (MWh) | G3: Target CUF (%) | H3: Measured CUF (%) | I3: Target GA (%) | J3: Measured GA (%) | K3: Target MA (%) | L3: Measured MA (%) | M3: Target IGA(%) | N3: Measured IGA (%) | O3: E_Grid | P3: 33 KV Export | Q3: Line Loss | R3: Expected Energy | S3: Loss (%) | T3: Reactive Power (%)
A4: =YEAR($B$1)+IF(MONTH($B$1)>=4,1,0) -> 2026 | B4: =$B$1-(O2Summary!$B$6)+1 -> 110 | C4: =_xlfn.XLOOKUP($C$1,'Modelling New'!$D:$D,'Modelling New'!$AD:$AD) -> 8.1297392 | D4: =AVERAGEIFS('Daily KPI'!$M:$M,'Daily KPI'!$A:$A,">="&O2Summary!$B$6,'Daily KPI'!$A:$A,"<="&AnnualKPI!$B$1) -> 6.7503737 | E4: =_xlfn.XLOOKUP($C$1,'Modelling New'!$D:$D,'Modelling New'!$V:$V) -> 58695.951 | F4: =SUMIFS('Daily KPI'!$X:$X,'Daily KPI'!$A:$A,">="&O2Summary!$B$6,'Daily KPI'!$A:$A,"<="&AnnualKPI!$B$1)/1000 -> 56392.442 | G4: =_xlfn.XLOOKUP($C$1,'Modelling New'!$D:$D,'Modelling New'!$Y:$Y) -> 0.43939357 | H4: =IFERROR(F4/(B4*24*_xlfn.XLOOKUP($C$1,'Modelling New'!$D:$D,'Modelling New'!$N:$N)),"") -> 0.42214968 | I4: =_xlfn.XLOOKUP($C$1,'Modelling New'!$D:$D,'Modelling New'!$AF:$AF) -> 0.995 | J4: =AVERAGEIFS('Daily KPI'!$R:$R,'Daily KPI'!$A:$A,">="&O2Summary!$B$6,'Daily KPI'!$A:$A,"<="&AnnualKPI!$B$1) -> 0.99192067 | K4: =_xlfn.XLOOKUP($C$1,'Modelling New'!$D:$D,'Modelling New'!$AH:$AH) -> 0.97 | L4: =AVERAGEIFS('Daily KPI'!$P:$P,'Daily KPI'!$A:$A,">="&O2Summary!$B$6,'Daily KPI'!$A:$A,"<="&AnnualKPI!$B$1) -> 0.99617669 | M4: =_xlfn.XLOOKUP($C$1,'Modelling New'!$D:$D,'Modelling New'!$AI:$AI) -> 0.99 | N4: =AVERAGEIFS('Daily KPI'!$Q:$Q,'Daily KPI'!$A:$A,">="&O2Summary!$B$6,'Daily KPI'!$A:$A,"<="&AnnualKPI!$B$1) -> 0.97135639 | O4: =SUMIFS(Input_Raw!CS:CS,Input_Raw!E:E,">="&O2Summary!$B$6,Input_Raw!E:E,"<="&AnnualKPI!$B$1)/1000 -> 123988.8 | P4: =(SUMIFS(Input_Raw!$DD:$DD,Input_Raw!$E:$E,">="&O2Summary!$B$6,Input_Raw!$E:$E,"<="&AnnualKPI!$B$1)/1000)+F4 -> 126747.92 | Q4: =1-P4/O4 -> -0.022252958 | R4: =SUMIFS('Daily KPI'!$AI:$AI,'Daily KPI'!$A:$A,"<="&$B$1,'Daily KPI'!$B:$B,"="&$A$4) -> 56851.24 | S4: =AVERAGEIFS('Daily KPI'!AN:AN,'Daily KPI'!$A:$A,">="&O2Summary!$B$6,'Daily KPI'!$A:$A,"<="&AnnualKPI!$B$1) -> 0.0078330867 | T4: =AVERAGEIFS('Daily KPI'!AO:AO,'Daily KPI'!$A:$A,">="&O2Summary!$B$6,'Daily KPI'!$A:$A,"<="&AnnualKPI!$B$1) -> 0.22238768

Sheet MonthlyKPI
A1: Till Date | B1: =O2Summary!$B$4 -> 45857 | C1: 0 | D1: 0 | E1: 0 | F1: 0
A2: CEPL Performance Summary
A3: Year | B3: Days | C3: Estimated WS(m/s) | D3: Measured WS (m/s) | E3: Budgeted Energy (MWh) | F3: Measured Energy (MWh) | G3: Target CUF (%) | H3: Measured CUF (%) | I3: Target GA (%) | J3: Measured GA (%) | K3: Target MA (%) | L3: Measured MA (%) | M3: Target IGA (%) | N3: Measured IGA (%) | O3: E_Grid | P3: 33 KV Export | Q3: Line Loss | R3: E_WS_Corrected | S3: Expected Energy | T3: Loss (%) | U3: Reactive Power (%)
A4: =O2Summary!$B$3 -> 45839 | B4: =DAY(B1) -> 19 | C4: =_xlfn.XLOOKUP($A$4,'Modelling New'!$D:$D,'Modelling New'!AC:AC) -> 10.303759 | D4: =AVERAGEIF('Daily KPI'!$A:$A,$A$4,'Daily KPI'!$M:$M) -> 9.0608696 | E4: =_xlfn.XLOOKUP($A$4,'Modelling New'!$D:$D,'Modelling New'!$U:$U) -> 15503.681 | F4: =SUMIF('Daily KPI'!$D:$D,$A$4,'Daily KPI'!$X:$X)/1000 -> 15286.678 | G4: =_xlfn.XLOOKUP($A$4,'Modelling New'!$D:$D,'Modelling New'!$X:$X) -> 0.67192295 | H4: =F4/(24*B4*AVERAGEIF(RD[Month Year],$A$4,RD[Connected Wind AC Capcity(MW)])) -> 0.66251811 | I4: =_xlfn.XLOOKUP($A$4,'Modelling New'!$D:$D,'Modelling New'!$AF:$AF) -> 0.995 | J4: =AVERAGEIF('Daily KPI'!$D:$D,$A$4,'Daily KPI'!R:R) -> 1 | K4: =_xlfn.XLOOKUP($A$4,'Modelling New'!$D:$D,'Modelling New'!$AH:$AH) -> 0.97 | L4: =AVERAGEIF('Daily KPI'!$D:$D,$A$4,'Daily KPI'!$P:$P) -> 0.99597608 | M4: =_xlfn.XLOOKUP($A$4,'Modelling New'!$D:$D,'Modelling New'!$AI:$AI) -> 0.99 | N4: =AVERAGEIF('Daily KPI'!$D:$D,$A$4,'Daily KPI'!$Q:$Q) -> 0.99418047 | O4: =SUMIF(Input_Raw!C:C,A4,Input_Raw!CS:CS)/1000 -> 25104 | P4: =(SUMIF(Input_Raw!$C:$C,A4,Input_Raw!$DF:$DF)+SUMIF(Input_Raw!$C:$C,A4,Input_Raw!$DD:$DD))/1000 -> 25248.33 | Q4: =1-P4/O4 -> -0.005749283 | R4: =SUMIFS(Input_Raw!DG:DG,Input_Raw!E:E,">="&A4,Input_Raw!E:E,"<="&B1) -> 15304.79 | S4: =SUMIF('Daily KPI'!D:D,MonthlyKPI!A4,'Daily KPI'!AI:AI) -> 15304.79 | T4: =AVERAGEIF('Daily KPI'!$D:$D,$A$4,'Daily KPI'!AN:AN) -> 0.007315459 | U4: =AVERAGEIF('Daily KPI'!$D:$D,$A$4,'Daily KPI'!AO:AO) -> 0.081969078
A7: Start Date | B7: =B8-6 -> 45851 | P7: 31596.72
A8: End Date | B8: =B1 -> 45857
A9: CEPL Performance Summary
A10: Year | B10: Days | C10: Estimated WS(m/s) | D10: Measured WS (m/s) | E10: Budgeted Energy (MWh) | F10: Measured Energy (MWh) | G10: Target CUF (%) | H10: Measured CUF (%) | I10: Target GA (%) | J10: Measured GA (%) | K10: Target MA (%) | L10: Measured MA (%) | M10: Target IGA (%) | N10: Measured IGA (%) | O10: E_WS_Corrected
A11: =O2Summary!$B$3 -> 45839 | B11: =(B8-B7)+1 -> 7 | C11: =_xlfn.XLOOKUP($A$11,'Modelling New'!$D:$D,'Modelling New'!AC:AC) -> 10.303759 | D11: =AVERAGEIFS('Daily KPI'!$M:$M,'Daily KPI'!$A:$A,">="&$B$7,'Daily KPI'!$A:$A,"<="&$B$8) -> 7.4975155 | E11: =SUMIFS('Daily KPI'!$AD:$AD,'Daily KPI'!$A:$A,">="&$B$7,'Daily KPI'!$A:$A,"<="&$B$8)/1000 -> 5711.8826 | F11: =SUMIFS('Daily KPI'!$X:$X,'Daily KPI'!$A:$A,">="&B7,'Daily KPI'!$A:$A,"<="&B8)/1000 -> 4429.4361 | G11: =E11/(24*$B$11*50.6) -> 0.67192295 | H11: =F11/(24*B11*50.6) -> 0.52106109 | I11: =_xlfn.XLOOKUP($A$11,'Modelling New'!$D:$D,'Modelling New'!$AF:$AF) -> 0.995 | J11: =AVERAGEIFS('Daily KPI'!$R:$R,'Daily KPI'!$A:$A,">="&$B$7,'Daily KPI'!$A:$A,"<="&$B$8) -> 1 | K11: =_xlfn.XLOOKUP($A$11,'Modelling New'!$D:$D,'Modelling New'!$AH:$AH) -> 0.97 | L11: =AVERAGEIFS('Daily KPI'!$P:$P,'Daily KPI'!$A:$A,">="&$B$7,'Daily KPI'!$A:$A,"<="&$B$8) -> 0.99150747 | M11: =_xlfn.XLOOKUP($A$11,'Modelling New'!$D:$D,'Modelling New'!$AI:$AI) -> 0.99 | N11: =AVERAGEIFS('Daily KPI'!$Q:$Q,'Daily KPI'!$A:$A,">="&$B$7,'Daily KPI'!$A:$A,"<="&$B$8) -> 0.99242059 | O11: =SUMIFS(Input_Raw!DG:DG,Input_Raw!E:E,">="&B7,Input_Raw!E:E,"<="&B8) -> 4435.21

Sheet Analytics
A3: Start Date | B3: 45352 | C3: Hours | D3: WS Median
A4: End Date | B4: 45747 | C4: =((B4-B3)*1)*24 -> 9480 | D4: =MEDIAN(B30:X30) -> 4.576492 | AA4: o2re1 | AB4: o2re2 | AC4: o2re4 | AD4: o2re5 | AE4: o2re16
A5: WTG No. | B5: KUD01 | C5: KUD02 | D5: KUD03 | E5: KUD04 | F5: KUD05 | G5: KUD06 | H5: KUD07 | I5: KUD08 | J5: KUD09 | K5: KUD10 | L5: KUD11 | M5: KUD12 | N5: KUD13 | O5: KUD14 | P5: KUD15 | Q5: KUD16 | R5: KUD17 | S5: KUD18 | T5: KUD19 | U5: KUD20 | V5: KUD21 | W5: KUD22 | X5: KUD23
A6: Machine Availability - MA(%) | B6: =($C$4-(SUM(B7,B15)))/$C$4 -> 0.99995781 | C6: =($C$4-(SUM(C7,C15)))/$C$4 -> 1 | D6: =($C$4-(SUM(D7,D15)))/$C$4 -> 1 | E6: =($C$4-(SUM(E7,E15)))/$C$4 -> 1 | F6: =($C$4-(SUM(F7,F15)))/$C$4 -> 0.99996308 | G6: =($C$4-(SUM(G7,G15)))/$C$4 -> 1 | H6: =($C$4-(SUM(H7,H15)))/$C$4 -> 0.99996484 | I6: =($C$4-(SUM(I7,I15)))/$C$4 -> 0.99996308 | ... X6: =($C$4-(SUM(X7,X15)))/$C$4 -> 0.99995077 | AA6: =AVERAGE(B6,D6,K6:P6,T6:U6) -> 0.99995447 | AB6: =AVERAGE(Q6:R6) -> 1 | AC6: =AVERAGE(S6) -> 0.99995781 | AD6: =AVERAGE(C6,E6:G6,J6,V6:X6) -> 0.99989627 | AE6: =AVERAGE(H6:I6) -> 0.99996396
A7: WTG BD Hours | B7: =(SUMIFS(WTG_BD!$T:$T,WTG_BD!$G:$G,Analytics!B$5,WTG_BD!$F:$F,">="&Analytics!$B$3,WTG_BD!$F:$F,"<="&Analytics!$B$4)) -> 0.4 | C7: =(SUMIFS(WTG_BD!$T:$T,WTG_BD!$G:$G,Analytics!C$5,WTG_BD!$F:$F,">="&Analytics!$B$3,WTG_BD!$F:$F,"<="&Analytics!$B$4)) -> 0 | D7: =(SUMIFS(WTG_BD!$T:$T,WTG_BD!$G:$G,Analytics!D$5,WTG_BD!$F:$F,">="&Analytics!$B$3,WTG_BD!$F:$F,"<="&Analytics!$B$4)) -> 0 | E7: =(SUMIFS(WTG_BD!$T:$T,WTG_BD!$G:$G,Analytics!E$5,WTG_BD!$F:$F,">="&Analytics!$B$3,WTG_BD!$F:$F,"<="&Analytics!$B$4)) -> 0 | F7: =(SUMIFS(WTG_BD!$T:$T,WTG_BD!$G:$G,Analytics!F$5,WTG_BD!$F:$F,">="&Analytics!$B$3,WTG_BD!$F:$F,"<="&Analytics!$B$4)) -> 0.35 | G7: =(SUMIFS(WTG_BD!$T:$T,WTG_BD!$G:$G,Analytics!G$5,WTG_BD!$F:$F,">="&Analytics!$B$3,WTG_BD!$F:$F,"<="&Analytics!$B$4)) -> 0 | H7: =(SUMIFS(WTG_BD!$T:$T,WTG_BD!$G:$G,Analytics!H$5,WTG_BD!$F:$F,">="&Analytics!$B$3,WTG_BD!$F:$F,"<="&Analytics!$B$4)) -> 0.33333333 | I7: =(SUMIFS(WTG_BD!$T:$T,WTG_BD!$G:$G,Analytics!I$5,WTG_BD!$F:$F,">="&Analytics!$B$3,WTG_BD!$F:$F,"<="&Analytics!$B$4)) -> 0.35 | ... X7: =(SUMIFS(WTG_BD!$T:$T,WTG_BD!$G:$G,Analytics!X$5,WTG_BD!$F:$F,">="&Analytics!$B$3,WTG_BD!$F:$F,"<="&Analytics!$B$4)) -> 0.46666667 | AA7: =AVERAGE(B7,D7,K7:P7,T7:U7) -> 0.43166667 | AB7: =AVERAGE(Q7:R7) -> 0 | AC7: =AVERAGE(S7) -> 0.4 | AD7: =AVERAGE(C7,E7:G7,J7,V7:X7) -> 0.98333333 | AE7: =AVERAGE(H7:I7) -> 0.34166667
A8: Internal Grid Availability - IGA (%) | B8: =($C$4-(SUM(B9:B13)))/$C$4 -> 1 | C8: =($C$4-(SUM(C9:C13)))/$C$4 -> 1 | D8: =($C$4-(SUM(D9:D13)))/$C$4 -> 1 | E8: =($C$4-(SUM(E9:E13)))/$C$4 -> 1 | F8: =($C$4-(SUM(F9:F13)))/$C$4 -> 1 | G8: =($C$4-(SUM(G9:G13)))/$C$4 -> 1 | H8: =($C$4-(SUM(H9:H13)))/$C$4 -> 1 | I8: =($C$4-(SUM(I9:I13)))/$C$4 -> 1 | ... X8: =($C$4-(SUM(X9:X13)))/$C$4 -> 1 | AA8: =AVERAGE(B8,D8,K8:P8,T8:U8) -> 1 | AB8: =AVERAGE(Q8:R8) -> 1 | AC8: =AVERAGE(S8) -> 1 | AD8: =AVERAGE(C8,E8:G8,J8,V8:X8) -> 1 | AE8: =AVERAGE(H8:I8) -> 1
A9: METERING YARD | B9: =SUMIFS(IGA_BD!$Q:$Q,IGA_BD!$G:$G,(VLOOKUP(B$5,'Basic Data'!$A:$J,7,0)),IGA_BD!$F:$F,">="&Analytics!$B$3,IGA_BD!$F:$F,"<="&Analytics!$B$4) -> 0 | C9: =SUMIFS(IGA_BD!$Q:$Q,IGA_BD!$G:$G,(VLOOKUP(C$5,'Basic Data'!$A:$J,7,0)),IGA_BD!$F:$F,">="&Analytics!$B$3,IGA_BD!$F:$F,"<="&Analytics!$B$4) -> 0 | D9: =SUMIFS(IGA_BD!$Q:$Q,IGA_BD!$G:$G,(VLOOKUP(D$5,'Basic Data'!$A:$J,7,0)),IGA_BD!$F:$F,">="&Analytics!$B$3,IGA_BD!$F:$F,"<="&Analytics!$B$4) -> 0 | E9: =SUMIFS(IGA_BD!$Q:$Q,IGA_BD!$G:$G,(VLOOKUP(E$5,'Basic Data'!$A:$J,7,0)),IGA_BD!$F:$F,">="&Analytics!$B$3,IGA_BD!$F:$F,"<="&Analytics!$B$4) -> 0 | F9: =SUMIFS(IGA_BD!$Q:$Q,IGA_BD!$G:$G,(VLOOKUP(F$5,'Basic Data'!$A:$J,7,0)),IGA_BD!$F:$F,">="&Analytics!$B$3,IGA_BD!$F:$F,"<="&Analytics!$B$4) -> 0 | G9: =SUMIFS(IGA_BD!$Q:$Q,IGA_BD!$G:$G,(VLOOKUP(G$5,'Basic Data'!$A:$J,7,0)),IGA_BD!$F:$F,">="&Analytics!$B$3,IGA_BD!$F:$F,"<="&Analytics!$B$4) -> 0 | H9: =SUMIFS(IGA_BD!$Q:$Q,IGA_BD!$G:$G,(VLOOKUP(H$5,'Basic Data'!$A:$J,7,0)),IGA_BD!$F:$F,">="&Analytics!$B$3,IGA_BD!$F:$F,"<="&Analytics!$B$4) -> 0 | I9: =SUMIFS(IGA_BD!$Q:$Q,IGA_BD!$G:$G,(VLOOKUP(I$5,'Basic Data'!$A:$J,7,0)),IGA_BD!$F:$F,">="&Analytics!$B$3,IGA_BD!$F:$F,"<="&Analytics!$B$4) -> 0 | ... X9: =SUMIFS(IGA_BD!$Q:$Q,IGA_BD!$G:$G,(VLOOKUP(X$5,'Basic Data'!$A:$J,7,0)),IGA_BD!$F:$F,">="&Analytics!$B$3,IGA_BD!$F:$F,"<="&Analytics!$B$4) -> 0 | AA9: =AVERAGE(B9,D9,K9:P9,T9:U9) -> 0 | AB9: =AVERAGE(Q9:R9) -> 0 | AC9: =AVERAGE(S9) -> 0 | AD9: =AVERAGE(C9,E9:G9,J9,V9:X9) -> 0 | AE9: =AVERAGE(H9:I9) -> 0
A10: FEEDER | B10: =SUMIFS(IGA_BD!$Q:$Q,IGA_BD!$G:$G,(VLOOKUP(B$5,'Basic Data'!$A:$H,8,0)),IGA_BD!$F:$F,">="&Analytics!$B$3,IGA_BD!$F:$F,"<="&Analytics!$B$4) -> 0 | C10: =SUMIFS(IGA_BD!$Q:$Q,IGA_BD!$G:$G,(VLOOKUP(C$5,'Basic Data'!$A:$H,8,0)),IGA_BD!$F:$F,">="&Analytics!$B$3,IGA_BD!$F:$F,"<="&Analytics!$B$4) -> 0 | D10: =SUMIFS(IGA_BD!$Q:$Q,IGA_BD!$G:$G,(VLOOKUP(D$5,'Basic Data'!$A:$H,8,0)),IGA_BD!$F:$F,">="&Analytics!$B$3,IGA_BD!$F:$F,"<="&Analytics!$B$4) -> 0 | E10: =SUMIFS(IGA_BD!$Q:$Q,IGA_BD!$G:$G,(VLOOKUP(E$5,'Basic Data'!$A:$H,8,0)),IGA_BD!$F:$F,">="&Analytics!$B$3,IGA_BD!$F:$F,"<="&Analytics!$B$4) -> 0 | F10: =SUMIFS(IGA_BD!$Q:$Q,IGA_BD!$G:$G,(VLOOKUP(F$5,'Basic Data'!$A:$H,8,0)),IGA_BD!$F:$F,">="&Analytics!$B$3,IGA_BD!$F:$F,"<="&Analytics!$B$4) -> 0 | G10: =SUMIFS(IGA_BD!$Q:$Q,IGA_BD!$G:$G,(VLOOKUP(G$5,'Basic Data'!$A:$H,8,0)),IGA_BD!$F:$F,">="&Analytics!$B$3,IGA_BD!$F:$F,"<="&Analytics!$B$4) -> 0 | H10: =SUMIFS(IGA_BD!$Q:$Q,IGA_BD!$G:$G,(VLOOKUP(H$5,'Basic Data'!$A:$H,8,0)),IGA_BD!$F:$F,">="&Analytics!$B$3,IGA_BD!$F:$F,"<="&Analytics!$B$4) -> 0 | I10: =SUMIFS(IGA_BD!$Q:$Q,IGA_BD!$G:$G,(VLOOKUP(I$5,'Basic Data'!$A:$H,8,0)),IGA_BD!$F:$F,">="&Analytics!$B$3,IGA_BD!$F:$F,"<="&Analytics!$B$4) -> 0 | ... X10: =SUMIFS(IGA_BD!$Q:$Q,IGA_BD!$G:$G,(VLOOKUP(X$5,'Basic Data'!$A:$H,8,0)),IGA_BD!$F:$F,">="&Analytics!$B$3,IGA_BD!$F:$F,"<="&Analytics!$B$4) -> 0 | AA10: =AVERAGE(B10,D10,K10:P10,T10:U10) -> 0 | AB10: =AVERAGE(Q10:R10) -> 0 | AC10: =AVERAGE(S10) -> 0 | AD10: =AVERAGE(C10,E10:G10,J10,V10:X10) -> 0 | AE10: =AVERAGE(H10:I10) -> 0
A11: OG | B11: =SUMIFS(IGA_BD!$Q:$Q,IGA_BD!$G:$G,(VLOOKUP(B$5,'Basic Data'!$A:$I,9,0)),IGA_BD!$F:$F,">="&Analytics!$B$3,IGA_BD!$F:$F,"<="&Analytics!$B$4) -> 0 | C11: =SUMIFS(IGA_BD!$Q:$Q,IGA_BD!$G:$G,(VLOOKUP(C$5,'Basic Data'!$A:$I,9,0)),IGA_BD!$F:$F,">="&Analytics!$B$3,IGA_BD!$F:$F,"<="&Analytics!$B$4) -> 0 | D11: =SUMIFS(IGA_BD!$Q:$Q,IGA_BD!$G:$G,(VLOOKUP(D$5,'Basic Data'!$A:$I,9,0)),IGA_BD!$F:$F,">="&Analytics!$B$3,IGA_BD!$F:$F,"<="&Analytics!$B$4) -> 0 | E11: =SUMIFS(IGA_BD!$Q:$Q,IGA_BD!$G:$G,(VLOOKUP(E$5,'Basic Data'!$A:$I,9,0)),IGA_BD!$F:$F,">="&Analytics!$B$3,IGA_BD!$F:$F,"<="&Analytics!$B$4) -> 0 | F11: =SUMIFS(IGA_BD!$Q:$Q,IGA_BD!$G:$G,(VLOOKUP(F$5,'Basic Data'!$A:$I,9,0)),IGA_BD!$F:$F,">="&Analytics!$B$3,IGA_BD!$F:$F,"<="&Analytics!$B$4) -> 0 | G11: =SUMIFS(IGA_BD!$Q:$Q,IGA_BD!$G:$G,(VLOOKUP(G$5,'Basic Data'!$A:$I,9,0)),IGA_BD!$F:$F,">="&Analytics!$B$3,IGA_BD!$F:$F,"<="&Analytics!$B$4) -> 0 | H11: =SUMIFS(IGA_BD!$Q:$Q,IGA_BD!$G:$G,(VLOOKUP(H$5,'Basic Data'!$A:$I,9,0)),IGA_BD!$F:$F,">="&Analytics!$B$3,IGA_BD!$F:$F,"<="&Analytics!$B$4) -> 0 | I11: =SUMIFS(IGA_BD!$Q:$Q,IGA_BD!$G:$G,(VLOOKUP(I$5,'Basic Data'!$A:$I,9,0)),IGA_BD!$F:$F,">="&Analytics!$B$3,IGA_BD!$F:$F,"<="&Analytics!$B$4) -> 0 | ... X11: =SUMIFS(IGA_BD!$Q:$Q,IGA_BD!$G:$G,(VLOOKUP(X$5,'Basic Data'!$A:$I,9,0)),IGA_BD!$F:$F,">="&Analytics!$B$3,IGA_BD!$F:$F,"<="&Analytics!$B$4) -> 0 | AA11: =AVERAGE(B11,D11,K11:P11,T11:U11) -> 0 | AB11: =AVERAGE(Q11:R11) -> 0 | AC11: =AVERAGE(S11) -> 0 | AD11: =AVERAGE(C11,E11:G11,J11,V11:X11) -> 0 | AE11: =AVERAGE(H11:I11) -> 0
A12: TRANSFER | B12: =SUMIFS(IGA_BD!$Q:$Q,IGA_BD!$G:$G,(VLOOKUP(B$5,'Basic Data'!$A:$J,10,0)),IGA_BD!$F:$F,">="&Analytics!$B$3,IGA_BD!$F:$F,"<="&Analytics!$B$4) -> 0 | C12: =SUMIFS(IGA_BD!$Q:$Q,IGA_BD!$G:$G,(VLOOKUP(C$5,'Basic Data'!$A:$J,10,0)),IGA_BD!$F:$F,">="&Analytics!$B$3,IGA_BD!$F:$F,"<="&Analytics!$B$4) -> 0 | D12: =SUMIFS(IGA_BD!$Q:$Q,IGA_BD!$G:$G,(VLOOKUP(D$5,'Basic Data'!$A:$J,10,0)),IGA_BD!$F:$F,">="&Analytics!$B$3,IGA_BD!$F:$F,"<="&Analytics!$B$4) -> 0 | E12: =SUMIFS(IGA_BD!$Q:$Q,IGA_BD!$G:$G,(VLOOKUP(E$5,'Basic Data'!$A:$J,10,0)),IGA_BD!$F:$F,">="&Analytics!$B$3,IGA_BD!$F:$F,"<="&Analytics!$B$4) -> 0 | F12: =SUMIFS(IGA_BD!$Q:$Q,IGA_BD!$G:$G,(VLOOKUP(F$5,'Basic Data'!$A:$J,10,0)),IGA_BD!$F:$F,">="&Analytics!$B$3,IGA_BD!$F:$F,"<="&Analytics!$B$4) -> 0 | G12: =SUMIFS(IGA_BD!$Q:$Q,IGA_BD!$G:$G,(VLOOKUP(G$5,'Basic Data'!$A:$J,10,0)),IGA_BD!$F:$F,">="&Analytics!$B$3,IGA_BD!$F:$F,"<="&Analytics!$B$4) -> 0 | H12: =SUMIFS(IGA_BD!$Q:$Q,IGA_BD!$G:$G,(VLOOKUP(H$5,'Basic Data'!$A:$J,10,0)),IGA_BD!$F:$F,">="&Analytics!$B$3,IGA_BD!$F:$F,"<="&Analytics!$B$4) -> 0 | I12: =SUMIFS(IGA_BD!$Q:$Q,IGA_BD!$G:$G,(VLOOKUP(I$5,'Basic Data'!$A:$J,10,0)),IGA_BD!$F:$F,">="&Analytics!$B$3,IGA_BD!$F:$F,"<="&Analytics!$B$4) -> 0 | ... X12: =SUMIFS(IGA_BD!$Q:$Q,IGA_BD!$G:$G,(VLOOKUP(X$5,'Basic Data'!$A:$J,10,0)),IGA_BD!$F:$F,">="&Analytics!$B$3,IGA_BD!$F:$F,"<="&Analytics!$B$4) -> 0 | AA12: =AVERAGE(B12,D12,K12:P12,T12:U12) -> 0 | AB12: =AVERAGE(Q12:R12) -> 0 | AC12: =AVERAGE(S12) -> 0 | AD12: =AVERAGE(C12,E12:G12,J12,V12:X12) -> 0 | AE12: =AVERAGE(H12:I12) -> 0
A13: USS | B13: =SUMIFS(IGA_BD!$Q:$Q,IGA_BD!$F:$F,">="&Analytics!$B$3,IGA_BD!$F:$F,"<="&Analytics!$B$4,IGA_BD!$G:$G,Analytics!B$5) -> 0 | C13: =SUMIFS(IGA_BD!$Q:$Q,IGA_BD!$F:$F,">="&Analytics!$B$3,IGA_BD!$F:$F,"<="&Analytics!$B$4,IGA_BD!$G:$G,Analytics!C$5) -> 0 | D13: =SUMIFS(IGA_BD!$Q:$Q,IGA_BD!$F:$F,">="&Analytics!$B$3,IGA_BD!$F:$F,"<="&Analytics!$B$4,IGA_BD!$G:$G,Analytics!D$5) -> 0 | E13: =SUMIFS(IGA_BD!$Q:$Q,IGA_BD!$F:$F,">="&Analytics!$B$3,IGA_BD!$F:$F,"<="&Analytics!$B$4,IGA_BD!$G:$G,Analytics!E$5) -> 0 | F13: =SUMIFS(IGA_BD!$Q:$Q,IGA_BD!$F:$F,">="&Analytics!$B$3,IGA_BD!$F:$F,"<="&Analytics!$B$4,IGA_BD!$G:$G,Analytics!F$5) -> 0 | G13: =SUMIFS(IGA_BD!$Q:$Q,IGA_BD!$F:$F,">="&Analytics!$B$3,IGA_BD!$F:$F,"<="&Analytics!$B$4,IGA_BD!$G:$G,Analytics!G$5) -> 0 | H13: =SUMIFS(IGA_BD!$Q:$Q,IGA_BD!$F:$F,">="&Analytics!$B$3,IGA_BD!$F:$F,"<="&Analytics!$B$4,IGA_BD!$G:$G,Analytics!H$5) -> 0 | I13: =SUMIFS(IGA_BD!$Q:$Q,IGA_BD!$F:$F,">="&Analytics!$B$3,IGA_BD!$F:$F,"<="&Analytics!$B$4,IGA_BD!$G:$G,Analytics!I$5) -> 0 | ... X13: =SUMIFS(IGA_BD!$Q:$Q,IGA_BD!$F:$F,">="&Analytics!$B$3,IGA_BD!$F:$F,"<="&Analytics!$B$4,IGA_BD!$G:$G,Analytics!X$5) -> 0 | AA13: =AVERAGE(B13,D13,K13:P13,T13:U13) -> 0 | AB13: =AVERAGE(Q13:R13) -> 0 | AC13: =AVERAGE(S13) -> 0 | AD13: =AVERAGE(C13,E13:G13,J13,V13:X13) -> 0 | AE13: =AVERAGE(H13:I13) -> 0
A14: ROW | B14: =SUMIFS(WTG_BD!$T:$T,WTG_BD!$G:$G,Analytics!B$5,WTG_BD!$F:$F,">="&Analytics!$B$3,WTG_BD!$F:$F,"<="&Analytics!$B$4,WTG_BD!$N:$N,'Basic Data'!$X$4) -> 0 | C14: =SUMIFS(WTG_BD!$T:$T,WTG_BD!$G:$G,Analytics!C$5,WTG_BD!$F:$F,">="&Analytics!$B$3,WTG_BD!$F:$F,"<="&Analytics!$B$4,WTG_BD!$N:$N,'Basic Data'!$X$4) -> 0 | D14: =SUMIFS(WTG_BD!$T:$T,WTG_BD!$G:$G,Analytics!D$5,WTG_BD!$F:$F,">="&Analytics!$B$3,WTG_BD!$F:$F,"<="&Analytics!$B$4,WTG_BD!$N:$N,'Basic Data'!$X$4) -> 0 | E14: =SUMIFS(WTG_BD!$T:$T,WTG_BD!$G:$G,Analytics!E$5,WTG_BD!$F:$F,">="&Analytics!$B$3,WTG_BD!$F:$F,"<="&Analytics!$B$4,WTG_BD!$N:$N,'Basic Data'!$X$4) -> 0 | F14: =SUMIFS(WTG_BD!$T:$T,WTG_BD!$G:$G,Analytics!F$5,WTG_BD!$F:$F,">="&Analytics!$B$3,WTG_BD!$F:$F,"<="&Analytics!$B$4,WTG_BD!$N:$N,'Basic Data'!$X$4) -> 0 | G14: =SUMIFS(WTG_BD!$T:$T,WTG_BD!$G:$G,Analytics!G$5,WTG_BD!$F:$F,">="&Analytics!$B$3,WTG_BD!$F:$F,"<="&Analytics!$B$4,WTG_BD!$N:$N,'Basic Data'!$X$4) -> 0 | H14: =SUMIFS(WTG_BD!$T:$T,WTG_BD!$G:$G,Analytics!H$5,WTG_BD!$F:$F,">="&Analytics!$B$3,WTG_BD!$F:$F,"<="&Analytics!$B$4,WTG_BD!$N:$N,'Basic Data'!$X$4) -> 0 | I14: =SUMIFS(WTG_BD!$T:$T,WTG_BD!$G:$G,Analytics!I$5,WTG_BD!$F:$F,">="&Analytics!$B$3,WTG_BD!$F:$F,"<="&Analytics!$B$4,WTG_BD!$N:$N,'Basic Data'!$X$4) -> 0 | ... X14: =SUMIFS(WTG_BD!$T:$T,WTG_BD!$G:$G,Analytics!X$5,WTG_BD!$F:$F,">="&Analytics!$B$3,WTG_BD!$F:$F,"<="&Analytics!$B$4,WTG_BD!$N:$N,'Basic Data'!$X$4) -> 0 | AA14: =AVERAGE(B14,D14,K14:P14,T14:U14) -> 0 | AB14: =AVERAGE(Q14:R14) -> 0 | AC14: =AVERAGE(S14) -> 0 | AD14: =AVERAGE(C14,E14:G14,J14,V14:X14) -> 0.5 | AE14: =AVERAGE(H14:I14) -> 0
A15: Major Breakdown | B15: =SUMIFS(WTG_BD!$T:$T,WTG_BD!$G:$G,Analytics!B$5,WTG_BD!$F:$F,">="&Analytics!$B$3,WTG_BD!$F:$F,"<="&Analytics!$B$4,WTG_BD!$N:$N,'Basic Data'!$X$1) -> 0 | C15: =SUMIFS(WTG_BD!$T:$T,WTG_BD!$G:$G,Analytics!C$5,WTG_BD!$F:$F,">="&Analytics!$B$3,WTG_BD!$F:$F,"<="&Analytics!$B$4,WTG_BD!$N:$N,'Basic Data'!$X$1) -> 0 | D15: =SUMIFS(WTG_BD!$T:$T,WTG_BD!$G:$G,Analytics!D$5,WTG_BD!$F:$F,">="&Analytics!$B$3,WTG_BD!$F:$F,"<="&Analytics!$B$4,WTG_BD!$N:$N,'Basic Data'!$X$1) -> 0 | E15: =SUMIFS(WTG_BD!$T:$T,WTG_BD!$G:$G,Analytics!E$5,WTG_BD!$F:$F,">="&Analytics!$B$3,WTG_BD!$F:$F,"<="&Analytics!$B$4,WTG_BD!$N:$N,'Basic Data'!$X$1) -> 0 | F15: =SUMIFS(WTG_BD!$T:$T,WTG_BD!$G:$G,Analytics!F$5,WTG_BD!$F:$F,">="&Analytics!$B$3,WTG_BD!$F:$F,"<="&Analytics!$B$4,WTG_BD!$N:$N,'Basic Data'!$X$1) -> 0 | G15: =SUMIFS(WTG_BD!$T:$T,WTG_BD!$G:$G,Analytics!G$5,WTG_BD!$F:$F,">="&Analytics!$B$3,WTG_BD!$F:$F,"<="&Analytics!$B$4,WTG_BD!$N:$N,'Basic Data'!$X$1) -> 0 | H15: =SUMIFS(WTG_BD!$T:$T,WTG_BD!$G:$G,Analytics!H$5,WTG_BD!$F:$F,">="&Analytics!$B$3,WTG_BD!$F:$F,"<="&Analytics!$B$4,WTG_BD!$N:$N,'Basic Data'!$X$1) -> 0 | I15: =SUMIFS(WTG_BD!$T:$T,WTG_BD!$G:$G,Analytics!I$5,WTG_BD!$F:$F,">="&Analytics!$B$3,WTG_BD!$F:$F,"<="&Analytics!$B$4,WTG_BD!$N:$N,'Basic Data'!$X$1) -> 0 | ... X15: =SUMIFS(WTG_BD!$T:$T,WTG_BD!$G:$G,Analytics!X$5,WTG_BD!$F:$F,">="&Analytics!$B$3,WTG_BD!$F:$F,"<="&Analytics!$B$4,WTG_BD!$N:$N,'Basic Data'!$X$1) -> 0 | AA15: =AVERAGE(B15,D15,K15:P15,T15:U15) -> 0 | AB15: =AVERAGE(Q15:R15) -> 0 | AC15: =AVERAGE(S15) -> 0 | AD15: =AVERAGE(C15,E15:G15,J15,V15:X15) -> 0 | AE15: =AVERAGE(H15:I15) -> 0
A16: Externnal Grid Availability - EGA (%) | B16: =($C$4-(B20+B23))/$C$4 -> 1 | C16: =($C$4-(C20+C23))/$C$4 -> 1 | D16: =($C$4-(D20+D23))/$C$4 -> 1 | E16: =($C$4-(E20+E23))/$C$4 -> 1 | F16: =($C$4-(F20+F23))/$C$4 -> 1 | G16: =($C$4-(G20+G23))/$C$4 -> 1 | H16: =($C$4-(H20+H23))/$C$4 -> 1 | I16: =($C$4-(I20+I23))/$C$4 -> 1 | ... X16: =($C$4-(X20+X23))/$C$4 -> 1 | AA16: =AVERAGE(B16,D16,K16:P16,T16:U16) -> 1 | AB16: =AVERAGE(Q16:R16) -> 1 | AC16: =AVERAGE(S16) -> 1 | AD16: =AVERAGE(C16,E16:G16,J16,V16:X16) -> 1 | AE16: =AVERAGE(H16:I16) -> 1
A17: EGA including Curtailment order (%) | B17: =(B24-B21)/B24 -> 1 | C17: =(C24-C21)/C24 -> 1 | D17: =(D24-D21)/D24 -> 1 | E17: =(E24-E21)/E24 -> 1 | F17: =(F24-F21)/F24 -> 1 | G17: =(G24-G21)/G24 -> 1 | H17: =(H24-H21)/H24 -> 1 | I17: =(I24-I21)/I24 -> 1 | ... X17: =(X24-X21)/X24 -> 1 | AA17: =AVERAGE(B17,D17,K17:P17,T17:U17) -> 1 | AB17: =AVERAGE(Q17:R17) -> 1 | AC17: =AVERAGE(S17) -> 1 | AD17: =AVERAGE(C17,E17:G17,J17,V17:X17) -> 1 | AE17: =AVERAGE(H17:I17) -> 1
A18: EGA (Energy Availability) (%) | B18: =B17*B16 -> 1 | C18: =C17*C16 -> 1 | D18: =D17*D16 -> 1 | E18: =E17*E16 -> 1 | F18: =F17*F16 -> 1 | G18: =G17*G16 -> 1 | H18: =H17*H16 -> 1 | I18: =I17*I16 -> 1 | ... X18: =X17*X16 -> 1 | AA18: =AVERAGE(B18,D18,K18:P18,T18:U18) -> 1 | AB18: =AVERAGE(Q18:R18) -> 1 | AC18: =AVERAGE(S18) -> 1 | AD18: =AVERAGE(C18,E18:G18,J18,V18:X18) -> 1 | AE18: =AVERAGE(H18:I18) -> 1
A19: External Grid | B19: =SUM(B20:B23) -> 1 | C19: =$B$19 -> 1 | D19: =$B$19 -> 1 | E19: =$B$19 -> 1 | F19: =$B$19 -> 1 | G19: =$B$19 -> 1 | H19: =$B$19 -> 1 | I19: =$B$19 -> 1 | J19: =$B$19 -> 1 | ... X19: =$B$19 -> 1 | AA19: =AVERAGE(B19,D19,K19:P19,T19:U19) -> 1 | AB19: =AVERAGE(Q19:R19) -> 1 | AC19: =AVERAGE(S19) -> 1 | AD19: =AVERAGE(C19,E19:G19,J19,V19:X19) -> 1 | AE19: =AVERAGE(H19:I19) -> 1
A20: Breakdown | B20: =SUMIFS(Grid_BD!$R:$R,Grid_BD!$F:$F,">="&Analytics!$B$3,Grid_BD!$F:$F,"<="&Analytics!$B$4,Grid_BD!$L:$L,Analytics!$A20) -> 0 | C20: =SUMIFS(Grid_BD!$R:$R,Grid_BD!$F:$F,">="&Analytics!$B$3,Grid_BD!$F:$F,"<="&Analytics!$B$4,Grid_BD!$L:$L,Analytics!$A20) -> 0 | D20: =SUMIFS(Grid_BD!$R:$R,Grid_BD!$F:$F,">="&Analytics!$B$3,Grid_BD!$F:$F,"<="&Analytics!$B$4,Grid_BD!$L:$L,Analytics!$A20) -> 0 | E20: =SUMIFS(Grid_BD!$R:$R,Grid_BD!$F:$F,">="&Analytics!$B$3,Grid_BD!$F:$F,"<="&Analytics!$B$4,Grid_BD!$L:$L,Analytics!$A20) -> 0 | F20: =SUMIFS(Grid_BD!$R:$R,Grid_BD!$F:$F,">="&Analytics!$B$3,Grid_BD!$F:$F,"<="&Analytics!$B$4,Grid_BD!$L:$L,Analytics!$A20) -> 0 | G20: =SUMIFS(Grid_BD!$R:$R,Grid_BD!$F:$F,">="&Analytics!$B$3,Grid_BD!$F:$F,"<="&Analytics!$B$4,Grid_BD!$L:$L,Analytics!$A20) -> 0 | H20: =SUMIFS(Grid_BD!$R:$R,Grid_BD!$F:$F,">="&Analytics!$B$3,Grid_BD!$F:$F,"<="&Analytics!$B$4,Grid_BD!$L:$L,Analytics!$A20) -> 0 | I20: =SUMIFS(Grid_BD!$R:$R,Grid_BD!$F:$F,">="&Analytics!$B$3,Grid_BD!$F:$F,"<="&Analytics!$B$4,Grid_BD!$L:$L,Analytics!$A20) -> 0 | ... X20: =SUMIFS(Grid_BD!$R:$R,Grid_BD!$F:$F,">="&Analytics!$B$3,Grid_BD!$F:$F,"<="&Analytics!$B$4,Grid_BD!$L:$L,Analytics!$A20) -> 0 | AA20: =AVERAGE(B20,D20,K20:P20,T20:U20) -> 0 | AB20: =AVERAGE(Q20:R20) -> 0 | AC20: =AVERAGE(S20) -> 0 | AD20: =AVERAGE(C20,E20:G20,J20,V20:X20) -> 0 | AE20: =AVERAGE(H20:I20) -> 0
A21: Curtailment Order | B21: =SUMIFS(Grid_BD!$Y:$Y,Grid_BD!$F:$F,">="&Analytics!$B$3,Grid_BD!$F:$F,"<="&Analytics!$B$4,Grid_BD!$L:$L,Analytics!$A21) -> 0 | C21: =SUMIFS(Grid_BD!$Y:$Y,Grid_BD!$F:$F,">="&Analytics!$B$3,Grid_BD!$F:$F,"<="&Analytics!$B$4,Grid_BD!$L:$L,Analytics!$A21) -> 0 | D21: =SUMIFS(Grid_BD!$Y:$Y,Grid_BD!$F:$F,">="&Analytics!$B$3,Grid_BD!$F:$F,"<="&Analytics!$B$4,Grid_BD!$L:$L,Analytics!$A21) -> 0 | E21: =SUMIFS(Grid_BD!$Y:$Y,Grid_BD!$F:$F,">="&Analytics!$B$3,Grid_BD!$F:$F,"<="&Analytics!$B$4,Grid_BD!$L:$L,Analytics!$A21) -> 0 | F21: =SUMIFS(Grid_BD!$Y:$Y,Grid_BD!$F:$F,">="&Analytics!$B$3,Grid_BD!$F:$F,"<="&Analytics!$B$4,Grid_BD!$L:$L,Analytics!$A21) -> 0 | G21: =SUMIFS(Grid_BD!$Y:$Y,Grid_BD!$F:$F,">="&Analytics!$B$3,Grid_BD!$F:$F,"<="&Analytics!$B$4,Grid_BD!$L:$L,Analytics!$A21) -> 0 | H21: =SUMIFS(Grid_BD!$Y:$Y,Grid_BD!$F:$F,">="&Analytics!$B$3,Grid_BD!$F:$F,"<="&Analytics!$B$4,Grid_BD!$L:$L,Analytics!$A21) -> 0 | I21: =SUMIFS(Grid_BD!$Y:$Y,Grid_BD!$F:$F,">="&Analytics!$B$3,Grid_BD!$F:$F,"<="&Analytics!$B$4,Grid_BD!$L:$L,Analytics!$A21) -> 0 | ... X21: =SUMIFS(Grid_BD!$Y:$Y,Grid_BD!$F:$F,">="&Analytics!$B$3,Grid_BD!$F:$F,"<="&Analytics!$B$4,Grid_BD!$L:$L,Analytics!$A21) -> 0 | AA21: =AVERAGE(B21,D21,K21:P21,T21:U21) -> 0 | AB21: =AVERAGE(Q21:R21) -> 0 | AC21: =AVERAGE(S21) -> 0 | AD21: =AVERAGE(C21,E21:G21,J21,V21:X21) -> 0 | AE21: =AVERAGE(H21:I21) -> 0
A22: Curtailment Order GA | B22: =IFERROR(AVERAGEIFS(Grid_BD!$AA:$AA,Grid_BD!$F:$F,">="&Analytics!$B$3,Grid_BD!$F:$F,"<="&Analytics!$B$4,Grid_BD!$L:$L,'Basic Data'!$AB$2),1) -> 1 | C22: =IFERROR(AVERAGEIFS(Grid_BD!$AA:$AA,Grid_BD!$F:$F,">="&Analytics!$B$3,Grid_BD!$F:$F,"<="&Analytics!$B$4,Grid_BD!$L:$L,'Basic Data'!$AB$2),1) -> 1 | D22: =IFERROR(AVERAGEIFS(Grid_BD!$AA:$AA,Grid_BD!$F:$F,">="&Analytics!$B$3,Grid_BD!$F:$F,"<="&Analytics!$B$4,Grid_BD!$L:$L,'Basic Data'!$AB$2),1) -> 1 | E22: =IFERROR(AVERAGEIFS(Grid_BD!$AA:$AA,Grid_BD!$F:$F,">="&Analytics!$B$3,Grid_BD!$F:$F,"<="&Analytics!$B$4,Grid_BD!$L:$L,'Basic Data'!$AB$2),1) -> 1 | F22: =IFERROR(AVERAGEIFS(Grid_BD!$AA:$AA,Grid_BD!$F:$F,">="&Analytics!$B$3,Grid_BD!$F:$F,"<="&Analytics!$B$4,Grid_BD!$L:$L,'Basic Data'!$AB$2),1) -> 1 | G22: =IFERROR(AVERAGEIFS(Grid_BD!$AA:$AA,Grid_BD!$F:$F,">="&Analytics!$B$3,Grid_BD!$F:$F,"<="&Analytics!$B$4,Grid_BD!$L:$L,'Basic Data'!$AB$2),1) -> 1 | H22: =IFERROR(AVERAGEIFS(Grid_BD!$AA:$AA,Grid_BD!$F:$F,">="&Analytics!$B$3,Grid_BD!$F:$F,"<="&Analytics!$B$4,Grid_BD!$L:$L,'Basic Data'!$AB$2),1) -> 1 | I22: =IFERROR(AVERAGEIFS(Grid_BD!$AA:$AA,Grid_BD!$F:$F,">="&Analytics!$B$3,Grid_BD!$F:$F,"<="&Analytics!$B$4,Grid_BD!$L:$L,'Basic Data'!$AB$2),1) -> 1 | ... X22: =IFERROR(AVERAGEIFS(Grid_BD!$AA:$AA,Grid_BD!$F:$F,">="&Analytics!$B$3,Grid_BD!$F:$F,"<="&Analytics!$B$4,Grid_BD!$L:$L,'Basic Data'!$AB$2),1) -> 1 | AA22: =AVERAGE(B22,D22,K22:P22,T22:U22) -> 1 | AB22: =AVERAGE(Q22:R22) -> 1 | AC22: =AVERAGE(S22) -> 1 | AD22: =AVERAGE(C22,E22:G22,J22,V22:X22) -> 1 | AE22: =AVERAGE(H22:I22) -> 1
A23: Shutdown | B23: =SUMIFS(Grid_BD!$R:$R,Grid_BD!$F:$F,">="&Analytics!$B$3,Grid_BD!$F:$F,"<="&Analytics!$B$4,Grid_BD!$L:$L,Analytics!$A23) -> 0 | C23: =SUMIFS(Grid_BD!$R:$R,Grid_BD!$F:$F,">="&Analytics!$B$3,Grid_BD!$F:$F,"<="&Analytics!$B$4,Grid_BD!$L:$L,Analytics!$A23) -> 0 | D23: =SUMIFS(Grid_BD!$R:$R,Grid_BD!$F:$F,">="&Analytics!$B$3,Grid_BD!$F:$F,"<="&Analytics!$B$4,Grid_BD!$L:$L,Analytics!$A23) -> 0 | E23: =SUMIFS(Grid_BD!$R:$R,Grid_BD!$F:$F,">="&Analytics!$B$3,Grid_BD!$F:$F,"<="&Analytics!$B$4,Grid_BD!$L:$L,Analytics!$A23) -> 0 | F23: =SUMIFS(Grid_BD!$R:$R,Grid_BD!$F:$F,">="&Analytics!$B$3,Grid_BD!$F:$F,"<="&Analytics!$B$4,Grid_BD!$L:$L,Analytics!$A23) -> 0 | G23: =SUMIFS(Grid_BD!$R:$R,Grid_BD!$F:$F,">="&Analytics!$B$3,Grid_BD!$F:$F,"<="&Analytics!$B$4,Grid_BD!$L:$L,Analytics!$A23) -> 0 | H23: =SUMIFS(Grid_BD!$R:$R,Grid_BD!$F:$F,">="&Analytics!$B$3,Grid_BD!$F:$F,"<="&Analytics!$B$4,Grid_BD!$L:$L,Analytics!$A23) -> 0 | I23: =SUMIFS(Grid_BD!$R:$R,Grid_BD!$F:$F,">="&Analytics!$B$3,Grid_BD!$F:$F,"<="&Analytics!$B$4,Grid_BD!$L:$L,Analytics!$A23) -> 0 | ... X23: =SUMIFS(Grid_BD!$R:$R,Grid_BD!$F:$F,">="&Analytics!$B$3,Grid_BD!$F:$F,"<="&Analytics!$B$4,Grid_BD!$L:$L,Analytics!$A23) -> 0 | AA23: =AVERAGE(B23,D23,K23:P23,T23:U23) -> 0 | AB23: =AVERAGE(Q23:R23) -> 0 | AC23: =AVERAGE(S23) -> 0 | AD23: =AVERAGE(C23,E23:G23,J23,V23:X23) -> 0 | AE23: =AVERAGE(H23:I23) -> 0
A24: Generation (MWh) | B24: =SUMIFS(Input_Raw!H:H,Input_Raw!$E:$E,">="&Analytics!$B$3,Input_Raw!$E:$E,"<="&Analytics!$B$4)/1000 -> 25.785 | C24: =SUMIFS(Input_Raw!I:I,Input_Raw!$E:$E,">="&Analytics!$B$3,Input_Raw!$E:$E,"<="&Analytics!$B$4)/1000 -> 25.012 | D24: =SUMIFS(Input_Raw!J:J,Input_Raw!$E:$E,">="&Analytics!$B$3,Input_Raw!$E:$E,"<="&Analytics!$B$4)/1000 -> 20.727 | E24: =SUMIFS(Input_Raw!K:K,Input_Raw!$E:$E,">="&Analytics!$B$3,Input_Raw!$E:$E,"<="&Analytics!$B$4)/1000 -> 21.839 | F24: =SUMIFS(Input_Raw!L:L,Input_Raw!$E:$E,">="&Analytics!$B$3,Input_Raw!$E:$E,"<="&Analytics!$B$4)/1000 -> 20.474 | G24: =SUMIFS(Input_Raw!M:M,Input_Raw!$E:$E,">="&Analytics!$B$3,Input_Raw!$E:$E,"<="&Analytics!$B$4)/1000 -> 21.168 | H24: =SUMIFS(Input_Raw!N:N,Input_Raw!$E:$E,">="&Analytics!$B$3,Input_Raw!$E:$E,"<="&Analytics!$B$4)/1000 -> 20.4 | I24: =SUMIFS(Input_Raw!O:O,Input_Raw!$E:$E,">="&Analytics!$B$3,Input_Raw!$E:$E,"<="&Analytics!$B$4)/1000 -> 21.499 | J24: =SUMIFS(Input_Raw!P:P,Input_Raw!$E:$E,">="&Analytics!$B$3,Input_Raw!$E:$E,"<="&Analytics!$B$4)/1000 -> 20.279 | K24: =SUMIFS(Input_Raw!Q:Q,Input_Raw!$E:$E,">="&Analytics!$B$3,Input_Raw!$E:$E,"<="&Analytics!$B$4)/1000 -> 20.235 | L24: =SUMIFS(Input_Raw!R:R,Input_Raw!$E:$E,">="&Analytics!$B$3,Input_Raw!$E:$E,"<="&Analytics!$B$4)/1000 -> 20.857 | M24: =SUMIFS(Input_Raw!S:S,Input_Raw!$E:$E,">="&Analytics!$B$3,Input_Raw!$E:$E,"<="&Analytics!$B$4)/1000 -> 24.677 | N24: =SUMIFS(Input_Raw!T:T,Input_Raw!$E:$E,">="&Analytics!$B$3,Input_Raw!$E:$E,"<="&Analytics!$B$4)/1000 -> 20.481 | O24: =SUMIFS(Input_Raw!U:U,Input_Raw!$E:$E,">="&Analytics!$B$3,Input_Raw!$E:$E,"<="&Analytics!$B$4)/1000 -> 19.298 | P24: =SUMIFS(Input_Raw!V:V,Input_Raw!$E:$E,">="&Analytics!$B$3,Input_Raw!$E:$E,"<="&Analytics!$B$4)/1000 -> 24.364 | Q24: =SUMIFS(Input_Raw!W:W,Input_Raw!$E:$E,">="&Analytics!$B$3,Input_Raw!$E:$E,"<="&Analytics!$B$4)/1000 -> 24.713 | R24: =SUMIFS(Input_Raw!X:X,Input_Raw!$E:$E,">="&Analytics!$B$3,Input_Raw!$E:$E,"<="&Analytics!$B$4)/1000 -> 25.87 | S24: =SUMIFS(Input_Raw!Y:Y,Input_Raw!$E:$E,">="&Analytics!$B$3,Input_Raw!$E:$E,"<="&Analytics!$B$4)/1000 -> 20.397 | T24: =SUMIFS(Input_Raw!Z:Z,Input_Raw!$E:$E,">="&Analytics!$B$3,Input_Raw!$E:$E,"<="&Analytics!$B$4)/1000 -> 20.804 | U24: =SUMIFS(Input_Raw!AA:AA,Input_Raw!$E:$E,">="&Analytics!$B$3,Input_Raw!$E:$E,"<="&Analytics!$B$4)/1000 -> 21.926 | V24: =SUMIFS(Input_Raw!AB:AB,Input_Raw!$E:$E,">="&Analytics!$B$3,Input_Raw!$E:$E,"<="&Analytics!$B$4)/1000 -> 24.323 | W24: =SUMIFS(Input_Raw!AC:AC,Input_Raw!$E:$E,">="&Analytics!$B$3,Input_Raw!$E:$E,"<="&Analytics!$B$4)/1000 -> 19.273 | X24: =SUMIFS(Input_Raw!AD:AD,Input_Raw!$E:$E,">="&Analytics!$B$3,Input_Raw!$E:$E,"<="&Analytics!$B$4)/1000 -> 23.974 | AA24: =SUM(B24,D24,K24:P24,T24:U24) -> 219.154 | AB24: =SUM(Q24:R24) -> 50.583 | AC24: =SUM(S24) -> 20.397 | AD24: =SUM(C24,E24:G24,J24,V24:X24) -> 176.342 | AE24: =SUM(H24:I24) -> 41.899
A25: Plant Availability - PA (%) | B25: =(($C$4-SUM(B19:B20,B23,B7,B9:B15))/$C$4)*B22 -> 0.99985232 | C25: =(($C$4-SUM(C19:C20,C23,C7,C9:C15))/$C$4)*C22 -> 0.99989451 | D25: =(($C$4-SUM(D19:D20,D23,D7,D9:D15))/$C$4)*D22 -> 0.99989451 | E25: =(($C$4-SUM(E19:E20,E23,E7,E9:E15))/$C$4)*E22 -> 0.99989451 | F25: =(($C$4-SUM(F19:F20,F23,F7,F9:F15))/$C$4)*F22 -> 0.99985759 | G25: =(($C$4-SUM(G19:G20,G23,G7,G9:G15))/$C$4)*G22 -> 0.99989451 | H25: =(($C$4-SUM(H19:H20,H23,H7,H9:H15))/$C$4)*H22 -> 0.99985935 | I25: =(($C$4-SUM(I19:I20,I23,I7,I9:I15))/$C$4)*I22 -> 0.99985759 | ... X25: =(($C$4-SUM(X19:X20,X23,X7,X9:X15))/$C$4)*X22 -> 0.99984529 | AA25: =AVERAGE(B25,D25,K25:P25,T25:U25) -> 0.99984898 | AB25: =AVERAGE(Q25:R25) -> 0.99989451 | AC25: =AVERAGE(S25) -> 0.99985232 | AD25: =AVERAGE(C25,E25:G25,J25,V25:X25) -> 0.99973805 | AE25: =AVERAGE(H25:I25) -> 0.99985847
A26: Sum of BD | B26: =(SUMIFS(WTG_BD!$T:$T,WTG_BD!$G:$G,Analytics!B$5,WTG_BD!$F:$F,">="&Analytics!$B$3,WTG_BD!$F:$F,"<="&Analytics!$B$4,WTG_BD!$N:$N,"breakdown")) -> 0 | C26: =(SUMIFS(WTG_BD!$T:$T,WTG_BD!$G:$G,Analytics!C$5,WTG_BD!$F:$F,">="&Analytics!$B$3,WTG_BD!$F:$F,"<="&Analytics!$B$4,WTG_BD!$N:$N,"breakdown")) -> 0 | D26: =(SUMIFS(WTG_BD!$T:$T,WTG_BD!$G:$G,Analytics!D$5,WTG_BD!$F:$F,">="&Analytics!$B$3,WTG_BD!$F:$F,"<="&Analytics!$B$4,WTG_BD!$N:$N,"breakdown")) -> 0 | E26: =(SUMIFS(WTG_BD!$T:$T,WTG_BD!$G:$G,Analytics!E$5,WTG_BD!$F:$F,">="&Analytics!$B$3,WTG_BD!$F:$F,"<="&Analytics!$B$4,WTG_BD!$N:$N,"breakdown")) -> 0 | F26: =(SUMIFS(WTG_BD!$T:$T,WTG_BD!$G:$G,Analytics!F$5,WTG_BD!$F:$F,">="&Analytics!$B$3,WTG_BD!$F:$F,"<="&Analytics!$B$4,WTG_BD!$N:$N,"breakdown")) -> 0 | G26: =(SUMIFS(WTG_BD!$T:$T,WTG_BD!$G:$G,Analytics!G$5,WTG_BD!$F:$F,">="&Analytics!$B$3,WTG_BD!$F:$F,"<="&Analytics!$B$4,WTG_BD!$N:$N,"breakdown")) -> 0 | H26: =(SUMIFS(WTG_BD!$T:$T,WTG_BD!$G:$G,Analytics!H$5,WTG_BD!$F:$F,">="&Analytics!$B$3,WTG_BD!$F:$F,"<="&Analytics!$B$4,WTG_BD!$N:$N,"breakdown")) -> 0 | I26: =(SUMIFS(WTG_BD!$T:$T,WTG_BD!$G:$G,Analytics!I$5,WTG_BD!$F:$F,">="&Analytics!$B$3,WTG_BD!$F:$F,"<="&Analytics!$B$4,WTG_BD!$N:$N,"breakdown")) -> 0 | ... X26: =(SUMIFS(WTG_BD!$T:$T,WTG_BD!$G:$G,Analytics!X$5,WTG_BD!$F:$F,">="&Analytics!$B$3,WTG_BD!$F:$F,"<="&Analytics!$B$4,WTG_BD!$N:$N,"breakdown")) -> 0 | Y26: =SUM(B26:X26) -> 1.9833333 | AA26: =AVERAGE(B26,D26,K26:P26,T26:U26) -> 0 | AB26: =AVERAGE(Q26:R26) -> 0 | AC26: =AVERAGE(S26) -> 0 | AD26: =AVERAGE(C26,E26:G26,J26,V26:X26) -> 0.24791667 | AE26: =AVERAGE(H26:I26) -> 0
A27: Count of BD | B27: =COUNTIFS(WTG_BD!$G:$G,Analytics!B$5,WTG_BD!$F:$F,">="&Analytics!$B$3,WTG_BD!$F:$F,"<="&Analytics!$B$4,WTG_BD!$N:$N,"breakdown") -> 0 | C27: =COUNTIFS(WTG_BD!$G:$G,Analytics!C$5,WTG_BD!$F:$F,">="&Analytics!$B$3,WTG_BD!$F:$F,"<="&Analytics!$B$4,WTG_BD!$N:$N,"breakdown") -> 0 | D27: =COUNTIFS(WTG_BD!$G:$G,Analytics!D$5,WTG_BD!$F:$F,">="&Analytics!$B$3,WTG_BD!$F:$F,"<="&Analytics!$B$4,WTG_BD!$N:$N,"breakdown") -> 0 | E27: =COUNTIFS(WTG_BD!$G:$G,Analytics!E$5,WTG_BD!$F:$F,">="&Analytics!$B$3,WTG_BD!$F:$F,"<="&Analytics!$B$4,WTG_BD!$N:$N,"breakdown") -> 0 | F27: =COUNTIFS(WTG_BD!$G:$G,Analytics!F$5,WTG_BD!$F:$F,">="&Analytics!$B$3,WTG_BD!$F:$F,"<="&Analytics!$B$4,WTG_BD!$N:$N,"breakdown") -> 0 | G27: =COUNTIFS(WTG_BD!$G:$G,Analytics!G$5,WTG_BD!$F:$F,">="&Analytics!$B$3,WTG_BD!$F:$F,"<="&Analytics!$B$4,WTG_BD!$N:$N,"breakdown") -> 0 | H27: =COUNTIFS(WTG_BD!$G:$G,Analytics!H$5,WTG_BD!$F:$F,">="&Analytics!$B$3,WTG_BD!$F:$F,"<="&Analytics!$B$4,WTG_BD!$N:$N,"breakdown") -> 0 | I27: =COUNTIFS(WTG_BD!$G:$G,Analytics!I$5,WTG_BD!$F:$F,">="&Analytics!$B$3,WTG_BD!$F:$F,"<="&Analytics!$B$4,WTG_BD!$N:$N,"breakdown") -> 0 | ... X27: =COUNTIFS(WTG_BD!$G:$G,Analytics!X$5,WTG_BD!$F:$F,">="&Analytics!$B$3,WTG_BD!$F:$F,"<="&Analytics!$B$4,WTG_BD!$N:$N,"breakdown") -> 0 | Y27: =SUM(B27:X27) -> 1 | AA27: =AVERAGE(B27,D27,K27:P27,T27:U27) -> 0 | AB27: =AVERAGE(Q27:R27) -> 0 | AC27: =AVERAGE(S27) -> 0 | AD27: =AVERAGE(C27,E27:G27,J27,V27:X27) -> 0.125 | AE27: =AVERAGE(H27:I27) -> 0
A28: MTTR WTG (Hours) | B28: =IFERROR(B26/B27,0) -> 0 | C28: =IFERROR(C26/C27,0) -> 0 | D28: =IFERROR(D26/D27,0) -> 0 | E28: =IFERROR(E26/E27,0) -> 0 | F28: =IFERROR(F26/F27,0) -> 0 | G28: =IFERROR(G26/G27,0) -> 0 | H28: =IFERROR(H26/H27,0) -> 0 | I28: =IFERROR(I26/I27,0) -> 0 | ... Y28: =IFERROR(Y26/Y27,0) -> 1.9833333 | AA28: =SUM(B28,D28,K28:P28,T28:U28) -> 0 | AB28: =SUM(Q28:R28) -> 0 | AC28: =SUM(S28) -> 0 | AD28: =SUM(C28,E28:G28,J28,V28:X28) -> 1.9833333 | AE28: =SUM(H28:I28) -> 0
A29: MTBF WTG (Hours) | B29: =IFERROR(($C$4-B26)/B27,$C$4) -> 9480 | C29: =IFERROR(($C$4-C26)/C27,$C$4) -> 9480 | D29: =IFERROR(($C$4-D26)/D27,$C$4) -> 9480 | E29: =IFERROR(($C$4-E26)/E27,$C$4) -> 9480 | F29: =IFERROR(($C$4-F26)/F27,$C$4) -> 9480 | G29: =IFERROR(($C$4-G26)/G27,$C$4) -> 9480 | H29: =IFERROR(($C$4-H26)/H27,$C$4) -> 9480 | I29: =IFERROR(($C$4-I26)/I27,$C$4) -> 9480 | ... X29: =IFERROR(($C$4-X26)/X27,$C$4) -> 9480 | AA29: =SUM(B29,D29,K29:P29,T29:U29) -> 94800 | AB29: =SUM(Q29:R29) -> 18960 | AC29: =SUM(S29) -> 9480 | AD29: =SUM(C29,E29:G29,J29,V29:X29) -> 75838.017 | AE29: =SUM(H29:I29) -> 18960
A30: Wind Speed (m/s) | B30: =AVERAGEIFS(Input_Raw!AE:AE,Input_Raw!$E:$E,">="&Analytics!$B$3,Input_Raw!$E:$E,"<="&Analytics!$B$4) -> 4.7089793 | C30: =AVERAGEIFS(Input_Raw!AF:AF,Input_Raw!$E:$E,">="&Analytics!$B$3,Input_Raw!$E:$E,"<="&Analytics!$B$4) -> 4.6975793 | D30: =AVERAGEIFS(Input_Raw!AG:AG,Input_Raw!$E:$E,">="&Analytics!$B$3,Input_Raw!$E:$E,"<="&Analytics!$B$4) -> 4.6241448 | E30: =AVERAGEIFS(Input_Raw!AH:AH,Input_Raw!$E:$E,">="&Analytics!$B$3,Input_Raw!$E:$E,"<="&Analytics!$B$4) -> 4.375754 | F30: =AVERAGEIFS(Input_Raw!AI:AI,Input_Raw!$E:$E,">="&Analytics!$B$3,Input_Raw!$E:$E,"<="&Analytics!$B$4) -> 4.4242966 | G30: =AVERAGEIFS(Input_Raw!AJ:AJ,Input_Raw!$E:$E,">="&Analytics!$B$3,Input_Raw!$E:$E,"<="&Analytics!$B$4) -> 4.4857126 | H30: =AVERAGEIFS(Input_Raw!AK:AK,Input_Raw!$E:$E,">="&Analytics!$B$3,Input_Raw!$E:$E,"<="&Analytics!$B$4) -> 4.4802828 | I30: =AVERAGEIFS(Input_Raw!AL:AL,Input_Raw!$E:$E,">="&Analytics!$B$3,Input_Raw!$E:$E,"<="&Analytics!$B$4) -> 4.5475885 | J30: =AVERAGEIFS(Input_Raw!AM:AM,Input_Raw!$E:$E,">="&Analytics!$B$3,Input_Raw!$E:$E,"<="&Analytics!$B$4) -> 4.576492 | K30: =AVERAGEIFS(Input_Raw!AN:AN,Input_Raw!$E:$E,">="&Analytics!$B$3,Input_Raw!$E:$E,"<="&Analytics!$B$4) -> 4.4010299 | L30: =AVERAGEIFS(Input_Raw!AO:AO,Input_Raw!$E:$E,">="&Analytics!$B$3,Input_Raw!$E:$E,"<="&Analytics!$B$4) -> 4.5822092 | M30: =AVERAGEIFS(Input_Raw!AP:AP,Input_Raw!$E:$E,">="&Analytics!$B$3,Input_Raw!$E:$E,"<="&Analytics!$B$4) -> 4.594554 | N30: =AVERAGEIFS(Input_Raw!AQ:AQ,Input_Raw!$E:$E,">="&Analytics!$B$3,Input_Raw!$E:$E,"<="&Analytics!$B$4) -> 4.4120138 | O30: =AVERAGEIFS(Input_Raw!AR:AR,Input_Raw!$E:$E,">="&Analytics!$B$3,Input_Raw!$E:$E,"<="&Analytics!$B$4) -> 4.3286736 | P30: =AVERAGEIFS(Input_Raw!AS:AS,Input_Raw!$E:$E,">="&Analytics!$B$3,Input_Raw!$E:$E,"<="&Analytics!$B$4) -> 4.8205839 | Q30: =AVERAGEIFS(Input_Raw!AT:AT,Input_Raw!$E:$E,">="&Analytics!$B$3,Input_Raw!$E:$E,"<="&Analytics!$B$4) -> 4.714377 | R30: =AVERAGEIFS(Input_Raw!AU:AU,Input_Raw!$E:$E,">="&Analytics!$B$3,Input_Raw!$E:$E,"<="&Analytics!$B$4) -> 4.7879218 | S30: =AVERAGEIFS(Input_Raw!AV:AV,Input_Raw!$E:$E,">="&Analytics!$B$3,Input_Raw!$E:$E,"<="&Analytics!$B$4) -> 4.468554 | T30: =AVERAGEIFS(Input_Raw!AW:AW,Input_Raw!$E:$E,">="&Analytics!$B$3,Input_Raw!$E:$E,"<="&Analytics!$B$4) -> 4.4595218 | U30: =AVERAGEIFS(Input_Raw!AX:AX,Input_Raw!$E:$E,">="&Analytics!$B$3,Input_Raw!$E:$E,"<="&Analytics!$B$4) -> 4.527846 | V30: =AVERAGEIFS(Input_Raw!AY:AY,Input_Raw!$E:$E,">="&Analytics!$B$3,Input_Raw!$E:$E,"<="&Analytics!$B$4) -> 4.7895011 | W30: =AVERAGEIFS(Input_Raw!AZ:AZ,Input_Raw!$E:$E,">="&Analytics!$B$3,Input_Raw!$E:$E,"<="&Analytics!$B$4) -> 4.5881714 | X30: =AVERAGEIFS(Input_Raw!BA:BA,Input_Raw!$E:$E,">="&Analytics!$B$3,Input_Raw!$E:$E,"<="&Analytics!$B$4) -> 4.6878069 | AA30: =AVERAGE(B30,D30,K30:P30,T30:U30) -> 4.5459556 | AB30: =AVERAGE(Q30:R30) -> 4.7511494 | AC30: =AVERAGE(S30) -> 4.468554 | AD30: =AVERAGE(C30,E30:G30,J30,V30:X30) -> 4.5781642 | AE30: =AVERAGE(H30:I30) -> 4.5139356
A31: CUF (%) | B31: =B24/$C$4/2.2 -> 0.0012363349 | C31: =C24/$C$4/2.2 -> 0.0011992712 | D31: =D24/$C$4/2.2 -> 0.00099381473 | E31: =E24/$C$4/2.2 -> 0.0010471327 | F31: =F24/$C$4/2.2 -> 0.00098168393 | G31: =G24/$C$4/2.2 -> 0.0010149597 | H31: =H24/$C$4/2.2 -> 0.00097813579 | I31: =I24/$C$4/2.2 -> 0.0010308305 | ... X31: =X24/$C$4/2.2 -> 0.0011495013 | AA31: =AVERAGE(B31,D31,K31:P31,T31:U31) -> 0.0010507959 | AB31: =AVERAGE(Q31:R31) -> 0.0012126726 | AC31: =AVERAGE(S31) -> 0.00097799194 | AD31: =AVERAGE(C31,E31:G31,J31,V31:X31) -> 0.0010569021 | AE31: =AVERAGE(H31:I31) -> 0.0010044831
A32: Line loss (%)
A33: Corelation (%)
A34: Reactive Power
A37: Day | B37: =VLOOKUP(O2Summary!$B$4,Input_Raw!$E:$AD,Input_Raw!H1,0) -> 27311 | C37: =VLOOKUP(O2Summary!$B$4,Input_Raw!$E:$AD,Input_Raw!I1,0) -> 27759 | D37: =VLOOKUP(O2Summary!$B$4,Input_Raw!$E:$AD,Input_Raw!J1,0) -> 22546.4 | E37: =VLOOKUP(O2Summary!$B$4,Input_Raw!$E:$AD,Input_Raw!K1,0) -> 22807.9 | F37: =VLOOKUP(O2Summary!$B$4,Input_Raw!$E:$AD,Input_Raw!L1,0) -> 23961.7 | G37: =VLOOKUP(O2Summary!$B$4,Input_Raw!$E:$AD,Input_Raw!M1,0) -> 23660.1 | H37: =VLOOKUP(O2Summary!$B$4,Input_Raw!$E:$AD,Input_Raw!N1,0) -> 22378.8 | I37: =VLOOKUP(O2Summary!$B$4,Input_Raw!$E:$AD,Input_Raw!O1,0) -> 23178.5 | ... X37: =VLOOKUP(O2Summary!$B$4,Input_Raw!$E:$AD,Input_Raw!AD1,0) -> 28273.8
A38: MTD | B38: =SUMIFS(Input_Raw!H:H,Input_Raw!$E:$E,">="&MonthlyKPI!$A$4,Input_Raw!$E:$E,"<="&O2Summary!$B$4) -> 678140.4 | C38: =SUMIFS(Input_Raw!I:I,Input_Raw!$E:$E,">="&MonthlyKPI!$A$4,Input_Raw!$E:$E,"<="&O2Summary!$B$4) -> 697650.2 | D38: =SUMIFS(Input_Raw!J:J,Input_Raw!$E:$E,">="&MonthlyKPI!$A$4,Input_Raw!$E:$E,"<="&O2Summary!$B$4) -> 622348.6 | E38: =SUMIFS(Input_Raw!K:K,Input_Raw!$E:$E,">="&MonthlyKPI!$A$4,Input_Raw!$E:$E,"<="&O2Summary!$B$4) -> 622009.6 | F38: =SUMIFS(Input_Raw!L:L,Input_Raw!$E:$E,">="&MonthlyKPI!$A$4,Input_Raw!$E:$E,"<="&O2Summary!$B$4) -> 668878.3 | G38: =SUMIFS(Input_Raw!M:M,Input_Raw!$E:$E,">="&MonthlyKPI!$A$4,Input_Raw!$E:$E,"<="&O2Summary!$B$4) -> 635369.2 | H38: =SUMIFS(Input_Raw!N:N,Input_Raw!$E:$E,">="&MonthlyKPI!$A$4,Input_Raw!$E:$E,"<="&O2Summary!$B$4) -> 627087.8 | I38: =SUMIFS(Input_Raw!O:O,Input_Raw!$E:$E,">="&MonthlyKPI!$A$4,Input_Raw!$E:$E,"<="&O2Summary!$B$4) -> 663349.5 | J38: =SUMIFS(Input_Raw!P:P,Input_Raw!$E:$E,">="&MonthlyKPI!$A$4,Input_Raw!$E:$E,"<="&O2Summary!$B$4) -> 632072 | K38: =SUMIFS(Input_Raw!Q:Q,Input_Raw!$E:$E,">="&MonthlyKPI!$A$4,Input_Raw!$E:$E,"<="&O2Summary!$B$4) -> 648583 | L38: =SUMIFS(Input_Raw!R:R,Input_Raw!$E:$E,">="&MonthlyKPI!$A$4,Input_Raw!$E:$E,"<="&O2Summary!$B$4) -> 638556.1 | M38: =SUMIFS(Input_Raw!S:S,Input_Raw!$E:$E,">="&MonthlyKPI!$A$4,Input_Raw!$E:$E,"<="&O2Summary!$B$4) -> 651585.1 | N38: =SUMIFS(Input_Raw!T:T,Input_Raw!$E:$E,">="&MonthlyKPI!$A$4,Input_Raw!$E:$E,"<="&O2Summary!$B$4) -> 674176.2 | O38: =SUMIFS(Input_Raw!U:U,Input_Raw!$E:$E,">="&MonthlyKPI!$A$4,Input_Raw!$E:$E,"<="&O2Summary!$B$4) -> 645132.2 | P38: =SUMIFS(Input_Raw!V:V,Input_Raw!$E:$E,">="&MonthlyKPI!$A$4,Input_Raw!$E:$E,"<="&O2Summary!$B$4) -> 731759.5 | Q38: =SUMIFS(Input_Raw!W:W,Input_Raw!$E:$E,">="&MonthlyKPI!$A$4,Input_Raw!$E:$E,"<="&O2Summary!$B$4) -> 719996.4 | R38: =SUMIFS(Input_Raw!X:X,Input_Raw!$E:$E,">="&MonthlyKPI!$A$4,Input_Raw!$E:$E,"<="&O2Summary!$B$4) -> 722250.9 | S38: =SUMIFS(Input_Raw!Y:Y,Input_Raw!$E:$E,">="&MonthlyKPI!$A$4,Input_Raw!$E:$E,"<="&O2Summary!$B$4) -> 663108.9 | T38: =SUMIFS(Input_Raw!Z:Z,Input_Raw!$E:$E,">="&MonthlyKPI!$A$4,Input_Raw!$E:$E,"<="&O2Summary!$B$4) -> 682616.8 | U38: =SUMIFS(Input_Raw!AA:AA,Input_Raw!$E:$E,">="&MonthlyKPI!$A$4,Input_Raw!$E:$E,"<="&O2Summary!$B$4) -> 640894.7 | V38: =SUMIFS(Input_Raw!AB:AB,Input_Raw!$E:$E,">="&MonthlyKPI!$A$4,Input_Raw!$E:$E,"<="&O2Summary!$B$4) -> 659849 | W38: =SUMIFS(Input_Raw!AC:AC,Input_Raw!$E:$E,">="&MonthlyKPI!$A$4,Input_Raw!$E:$E,"<="&O2Summary!$B$4) -> 654251.6 | X38: =SUMIFS(Input_Raw!AD:AD,Input_Raw!$E:$E,">="&MonthlyKPI!$A$4,Input_Raw!$E:$E,"<="&O2Summary!$B$4) -> 707011.9
A39: YTD | B39: =SUMIFS(Input_Raw!H:H,Input_Raw!$E:$E,">="&O2Summary!$B$6,Input_Raw!$E:$E,"<="&O2Summary!$B$4) -> 2620666.7 | C39: =SUMIFS(Input_Raw!I:I,Input_Raw!$E:$E,">="&O2Summary!$B$6,Input_Raw!$E:$E,"<="&O2Summary!$B$4) -> 2578208.4 | D39: =SUMIFS(Input_Raw!J:J,Input_Raw!$E:$E,">="&O2Summary!$B$6,Input_Raw!$E:$E,"<="&O2Summary!$B$4) -> 2360481.6 | E39: =SUMIFS(Input_Raw!K:K,Input_Raw!$E:$E,">="&O2Summary!$B$6,Input_Raw!$E:$E,"<="&O2Summary!$B$4) -> 2253153.6 | F39: =SUMIFS(Input_Raw!L:L,Input_Raw!$E:$E,">="&O2Summary!$B$6,Input_Raw!$E:$E,"<="&O2Summary!$B$4) -> 2395786.8 | G39: =SUMIFS(Input_Raw!M:M,Input_Raw!$E:$E,">="&O2Summary!$B$6,Input_Raw!$E:$E,"<="&O2Summary!$B$4) -> 2359799.4 | H39: =SUMIFS(Input_Raw!N:N,Input_Raw!$E:$E,">="&O2Summary!$B$6,Input_Raw!$E:$E,"<="&O2Summary!$B$4) -> 2339954 | I39: =SUMIFS(Input_Raw!O:O,Input_Raw!$E:$E,">="&O2Summary!$B$6,Input_Raw!$E:$E,"<="&O2Summary!$B$4) -> 2490754.3 | J39: =SUMIFS(Input_Raw!P:P,Input_Raw!$E:$E,">="&O2Summary!$B$6,Input_Raw!$E:$E,"<="&O2Summary!$B$4) -> 2368795.4 | K39: =SUMIFS(Input_Raw!Q:Q,Input_Raw!$E:$E,">="&O2Summary!$B$6,Input_Raw!$E:$E,"<="&O2Summary!$B$4) -> 2391098.6 | L39: =SUMIFS(Input_Raw!R:R,Input_Raw!$E:$E,">="&O2Summary!$B$6,Input_Raw!$E:$E,"<="&O2Summary!$B$4) -> 2362650.9 | M39: =SUMIFS(Input_Raw!S:S,Input_Raw!$E:$E,">="&O2Summary!$B$6,Input_Raw!$E:$E,"<="&O2Summary!$B$4) -> 2454206.3 | N39: =SUMIFS(Input_Raw!T:T,Input_Raw!$E:$E,">="&O2Summary!$B$6,Input_Raw!$E:$E,"<="&O2Summary!$B$4) -> 2479185.6 | O39: =SUMIFS(Input_Raw!U:U,Input_Raw!$E:$E,">="&O2Summary!$B$6,Input_Raw!$E:$E,"<="&O2Summary!$B$4) -> 2367448.7 | P39: =SUMIFS(Input_Raw!V:V,Input_Raw!$E:$E,">="&O2Summary!$B$6,Input_Raw!$E:$E,"<="&O2Summary!$B$4) -> 2730663.2 | Q39: =SUMIFS(Input_Raw!W:W,Input_Raw!$E:$E,">="&O2Summary!$B$6,Input_Raw!$E:$E,"<="&O2Summary!$B$4) -> 2666231 | R39: =SUMIFS(Input_Raw!X:X,Input_Raw!$E:$E,">="&O2Summary!$B$6,Input_Raw!$E:$E,"<="&O2Summary!$B$4) -> 2643788 | S39: =SUMIFS(Input_Raw!Y:Y,Input_Raw!$E:$E,">="&O2Summary!$B$6,Input_Raw!$E:$E,"<="&O2Summary!$B$4) -> 2365252 | T39: =SUMIFS(Input_Raw!Z:Z,Input_Raw!$E:$E,">="&O2Summary!$B$6,Input_Raw!$E:$E,"<="&O2Summary!$B$4) -> 2472480 | U39: =SUMIFS(Input_Raw!AA:AA,Input_Raw!$E:$E,">="&O2Summary!$B$6,Input_Raw!$E:$E,"<="&O2Summary!$B$4) -> 2334607.7 | V39: =SUMIFS(Input_Raw!AB:AB,Input_Raw!$E:$E,">="&O2Summary!$B$6,Input_Raw!$E:$E,"<="&O2Summary!$B$4) -> 2426536 | W39: =SUMIFS(Input_Raw!AC:AC,Input_Raw!$E:$E,">="&O2Summary!$B$6,Input_Raw!$E:$E,"<="&O2Summary!$B$4) -> 2387790 | X39: =SUMIFS(Input_Raw!AD:AD,Input_Raw!$E:$E,">="&O2Summary!$B$6,Input_Raw!$E:$E,"<="&O2Summary!$B$4) -> 2542904.3
A40: Day Rank | B40: =RANK(B37,$B37:$X37) -> 6 | C40: =RANK(C37,$B37:$X37) -> 4 | D40: =RANK(D37,$B37:$X37) -> 20 | E40: =RANK(E37,$B37:$X37) -> 19 | F40: =RANK(F37,$B37:$X37) -> 12 | G40: =RANK(G37,$B37:$X37) -> 13 | H40: =RANK(H37,$B37:$X37) -> 21 | I40: =RANK(I37,$B37:$X37) -> 17 | ... X40: =RANK(X37,$B37:$X37) -> 2
A41: MTD Rank | B41: =RANK(B38,$B38:$X38) -> 7 | C41: =RANK(C38,$B38:$X38) -> 5 | D41: =RANK(D38,$B38:$X38) -> 22 | E41: =RANK(E38,$B38:$X38) -> 23 | F41: =RANK(F38,$B38:$X38) -> 9 | G41: =RANK(G38,$B38:$X38) -> 19 | H41: =RANK(H38,$B38:$X38) -> 21 | I41: =RANK(I38,$B38:$X38) -> 10 | ... X41: =RANK(X38,$B38:$X38) -> 4
A42: YTD Rank | B42: =RANK(B39,$B39:$X39) -> 4 | C42: =RANK(C39,$B39:$X39) -> 5 | D42: =RANK(D39,$B39:$X39) -> 19 | E42: =RANK(E39,$B39:$X39) -> 23 | F42: =RANK(F39,$B39:$X39) -> 12 | G42: =RANK(G39,$B39:$X39) -> 20 | H42: =RANK(H39,$B39:$X39) -> 21 | I42: =RANK(I39,$B39:$X39) -> 7 | ... X42: =RANK(X39,$B39:$X39) -> 6
B43: Enter Correct Hours | C43: Total Hours YTD
B44: =C44 -> 2616 | C44: =(O2Summary!B4-O2Summary!B6)*24 -> 2616
A47: Errors | B47: Sum of Breakdown Time | C47: Count of Error Text | D47: MTTR | E47: MTBF
A48: Pause pressed on keyboard | B48: 1364.9858 | C48: 354 | D48: =B48/C48 -> 3.8558922 | E48: =($B$44-B48)/C48 -> 3.5339383
A49: Arc light detected | B49: 1029.7419 | C49: 49 | D49: =B49/C49 -> 21.015142 | E49: =($B$44-B49)/C49 -> 32.372613
A50: Pause over RCS __0 | B50: 615.25833 | C50: 139 | D50: =B50/C50 -> 4.4263189 | E50: =($B$44-B50)/C50 -> 14.393825
A51: Manual Stop | B51: 315.71667 | C51: 101 | D51: =B51/C51 -> 3.1259076 | E51: =($B$44-B51)/C51 -> 22.775083
A52: ExEx low voltage L_: ___V | B52: 293.93194 | C52: 95 | D52: =B52/C52 -> 3.0940205 | E52: =($B$44-B52)/C52 -> 24.442822
A53: New SERVICE state: _, ____ | B53: 250.41194 | C53: 15 | D53: =B53/C53 -> 16.69413 | E53: =($B$44-B53)/C53 -> 157.70587
A54: YawUntwistCCW: Code__,_______° | B54: 226.07833 | C54: 615 | D54: =B54/C54 -> 0.36760705 | E54: =($B$44-B54)/C54 -> 3.8860515
A55: UPS Error | B55: 178.98083 | C55: 114 | D55: =B55/C55 -> 1.5700073 | E55: =($B$44-B55)/C55 -> 21.377361
A56: High temp. Gen bearing _:___°C | B56: 144.16444 | C56: 19 | D56: =B56/C56 -> 7.5876023 | E56: =($B$44-B56)/C56 -> 130.09661
A57: GeneratorBreakerFBResponse | B57: 61.165556 | C57: 29 | D57: =B57/C57 -> 2.1091571 | E57: =($B$44-B57)/C57 -> 88.097739
A58: Manually stop | B58: 59.394444 | C58: 20 | D58: =B58/C58 -> 2.9697222 | E58: =($B$44-B58)/C58 -> 127.83028
A59: YawUntwistCW: Code__,_______° | B59: 55.336667 | C59: 144 | D59: =B59/C59 -> 0.38428241 | E59: =($B$44-B59)/C59 -> 17.782384
... A169: MainShaftSigError._____,_____ | B169: 1.4333333 | C169: 1 | D169: =B169/C169 -> 1.4333333 | E169: =($B$44-B169)/C169 -> 2614.5667
A170: YawUntwistCCW: Code 6, 561Â° | B170: 1.3 | C170: 3
A171: GearOilInletPressLow 3.4 bar | B171: 1.2666667 | C171: 1
A172: Too many auto-restarts: 80 | B172: 1.1483333 | C172: 1
A173: HubSafty HydrPres Low BldC | B173: 1.1225 | C173: 3
A174: YawUntwistCCW: Code 5 | B174: 1.1166667 | C174: 3
A175: Too many auto-restarts: 5470 | B175: 1.1119444 | C175: 1
A176: SupplyError: Min 2V phase3 | B176: 1.1 | C176: 1
A177: PowerSupplyLowFreq: Min___ Hz | B177: 1.1 | C177: 5
A178: YawUntwistCW: Code 3 | B178: 1.1 | C178: 3
A179: WatchdogReboot | B179: 1.0666667 | C179: 3
A180: Low voltage L3: 3 V | B180: 1.0347222 | C180: 1
A181: Frequency error 3: 0.47 Hz | B181: 0.98333333 | C181: 1
... A238: Extreme yawerror 15.4m/s 45.0Â° | B238: 0.016666667 | C238: 1
A239: Turbine OK | C239: 1
A240: Yaw system stopped | B240: -5.3833333 | C240: 1
A241: Gen Stator CB Open | B241: #REF! | C241: 114
A242: Pitch valves test acitve | B242: #REF! | C242: 123
A243: Ext. High I sum Grd inv. | B243: #REF! | C243: 160
A244: Prop Valve A Status Fault | B244: #REF! | C244: 38
A245: GenSpd:__._RPM, Ref:____._ RPM | B245: #REF! | C245: 3
A246: Prop Valve C Status Fault | B246: #REF! | C246: 93
A247: Low oil-level, hydraulic | B247: #REF! | C247: 6
A248: Ext. High I sum Rotinv.ChanX | B248: #REF! | C248: 18
A249: HVCB Unknown Trip Reason | B249: #REF! | C249: 54
A250: HubSafetySystem Batt.Charg.Err | B250: #REF! | C250: 102
A251: Grand Total | B251: #REF! | C251: 3703

Sheet Daily KPI
A1: Date | B1: Financial Year | C1: Calendar Year | D1: Month Year | E1: Days | F1: Operating Hours | G1: GHI-UP (KWh/m2) | H1: GHI-Down(KWh/m2) | I1: POA-UP(KWh/m2) | J1: POA-Down(KWh/m2) | K1: Amb_Temp(°C) | L1: Mod_Temp(°C) | M1: WS_Avg(m/s) | N1: WS_Max(m/s) | O1: PA(%) | P1: MA (%) | Q1: IGA (%) | R1: EGA(%) | S1: EMA (%) | T1: TA (%) | U1: PR(%) | V1: WPR(%) | W1: CUF(%) | X1: Gen_Exp (kWh) | Y1: Mtr_Export (kWh) | Z1: Mtr_Import (kWh) | AA1: Mtr_Net_Exp (KWh) | AB1: Operational Capacity (MW) | AC1: Bugt_Resource | AD1: Bugt_Energy | AE1: Bugt PR | AF1: Bugt CUF | AG1: Bugt_PA | AH1: Bugt_EGA | AI1: Expected Energy | AJ1: Actual Energy WPR | AK1: RA (%) | AL1: Mod Clean Dry (Num) | AM1: Mod Clean Wet (Num) | AN1: Line Loss(%) | AO1: Reactive Power (%) | AP1: Bugt Line loss (%) (Wind) | AQ1: Bugt Reactive Power (%) (Wind) | AR1: Bugt Capacity | AS1: CC*Bugt
A2: 45745 | B2: =YEAR(Table13[[#This Row],[Date]])+IF(MONTH(Table13[[#This Row],[Date]])>=4,1,0) -> 2025 | C2: =YEAR(Table13[[#This Row],[Date]]) -> 2025 | D2: =Table13[[#This Row],[Date]]-DAY(Table13[[#This Row],[Date]])+1 -> 45717 | E2: =DAY(EOMONTH(A2,0)) -> 31 | F2: =IFERROR(_xlfn.XLOOKUP($A2,Input_Raw!$E:$E,Input_Raw!DC:DC),"") -> 11.483333 | M2: =IFERROR(_xlfn.XLOOKUP($A2,Input_Raw!$E:$E,Input_Raw!$BM:$BM),"") -> 4.6281532 | N2: =IFERROR(_xlfn.XLOOKUP($A2,Input_Raw!$E:$E,Input_Raw!$BN:$BN),"") -> 4.8999172 | O2: =IFERROR(P2*Q2,"") | P2: =IFERROR(1-SUMIF(WTG_BD!$F:$F,$A2,WTG_BD!$AA:$AA)/($AA2+SUMIF(WTG_BD!$F:$F,$A2,WTG_BD!$AA:$AA)),"") | Q2: =IFERROR(1-SUMIF(IGA_BD!$F:$F,$A2,IGA_BD!$W:$W)/($AA2+SUMIF(IGA_BD!$F:$F,$A2,IGA_BD!$W:$W)),"") | R2: =IFERROR(1-SUMIF(Grid_BD!$F:$F,$A2,Grid_BD!$Y:$Y)/($AA2+SUMIF(Grid_BD!$F:$F,$A2,Grid_BD!$Y:$Y)),"") | W2: =IFERROR(X2/(24*AR2*1000),"") | X2: =IFERROR(_xlfn.XLOOKUP($A2,Input_Raw!$E:$E,Input_Raw!BG:BG),"") -> 161352 | Y2: =IFERROR(_xlfn.XLOOKUP($A2,Input_Raw!$E:$E,Input_Raw!DF:DF),"") | Z2: =IFERROR(_xlfn.XLOOKUP(A2,Input_Raw!E:E,Input_Raw!CT:CT)/_xlfn.XLOOKUP(A2,Input_Raw!E:E,Input_Raw!CS:CS)*Table13[[#This Row],[Mtr_Export (kWh)]],"") | AA2: =IFERROR(Y2-Z2,"") | AB2: =IFERROR(_xlfn.XLOOKUP($A2,Input_Raw!$E:$E,Input_Raw!$CZ:$CZ),"") -> 50.6 | AC2: =IFERROR(_xlfn.XLOOKUP($D2,'Modelling New'!$D:$D,'Modelling New'!$J:$J),"") -> 5.9681801 | AD2: =IFERROR(_xlfn.XLOOKUP($D2,'Modelling New'!$D:$D,'Modelling New'!$T:$T)*1000,"") -> 280595.01 | AF2: =IFERROR(_xlfn.XLOOKUP($D2,'Modelling New'!$D:$D,'Modelling New'!$W:$W),"") -> 0.23105649 | AG2: =IFERROR(_xlfn.XLOOKUP($D2,'Modelling New'!$D:$D,'Modelling New'!$AE:$AE),"") -> 0.9554985 | AH2: =IFERROR(_xlfn.XLOOKUP($D2,'Modelling New'!$D:$D,'Modelling New'!$AF:$AF),"") -> 0.995 | AI2: =IFERROR(_xlfn.XLOOKUP($A2,Input_Raw!$E:$E,Input_Raw!$DG:$DG),"") -> 0 | AN2: =IFERROR(_xlfn.XLOOKUP($A2,Input_Raw!$E:$E,Input_Raw!$CY:$CY),"") | AO2: =IFERROR((_xlfn.XLOOKUP($A2,'WTG Reactive Power'!$A:$A,'WTG Reactive Power'!AB:AB))/X2,"") -> 0.0031099707 | AP2: =IFERROR(_xlfn.XLOOKUP($D2,'Modelling New'!$D:$D,'Modelling New'!AK:AK),"") -> 0.05 | AQ2: =IFERROR(_xlfn.XLOOKUP($D2,'Modelling New'!$D:$D,'Modelling New'!AL:AL),"") -> 0.05 | AR2: Pass@123
A3: =A2+1 -> 45746 | B3: =YEAR(Table13[[#This Row],[Date]])+IF(MONTH(Table13[[#This Row],[Date]])>=4,1,0) -> 2025 | C3: =YEAR(Table13[[#This Row],[Date]]) -> 2025 | D3: =Table13[[#This Row],[Date]]-DAY(Table13[[#This Row],[Date]])+1 -> 45717 | E3: =DAY(EOMONTH(A3,0)) -> 31 | F3: =IFERROR(_xlfn.XLOOKUP($A3,Input_Raw!$E:$E,Input_Raw!DC:DC),"") -> 11.45 | M3: =IFERROR(_xlfn.XLOOKUP($A3,Input_Raw!$E:$E,Input_Raw!$BM:$BM),"") -> 4.3939579 | N3: =IFERROR(_xlfn.XLOOKUP($A3,Input_Raw!$E:$E,Input_Raw!$BN:$BN),"") -> 4.6498207 | O3: =IFERROR(P3*Q3,"") -> 0.99999502 | P3: =IFERROR(1-SUMIF(WTG_BD!$F:$F,$A3,WTG_BD!$AA:$AA)/($AA3+SUMIF(WTG_BD!$F:$F,$A3,WTG_BD!$AA:$AA)),"") -> 0.99999502 | Q3: =IFERROR(1-SUMIF(IGA_BD!$F:$F,$A3,IGA_BD!$W:$W)/($AA3+SUMIF(IGA_BD!$F:$F,$A3,IGA_BD!$W:$W)),"") -> 1 | R3: =IFERROR(1-SUMIF(Grid_BD!$F:$F,$A3,Grid_BD!$Y:$Y)/($AA3+SUMIF(Grid_BD!$F:$F,$A3,Grid_BD!$Y:$Y)),"") -> 1 | W3: =IFERROR(X3/(24*AR3*1000),"") -> 0.12907856 | X3: =IFERROR(_xlfn.XLOOKUP($A3,Input_Raw!$E:$E,Input_Raw!BG:BG),"") -> 156753 | Y3: =IFERROR(_xlfn.XLOOKUP($A3,Input_Raw!$E:$E,Input_Raw!DF:DF),"") -> 154605 | Z3: =IFERROR(_xlfn.XLOOKUP(A3,Input_Raw!E:E,Input_Raw!CT:CT)/_xlfn.XLOOKUP(A3,Input_Raw!E:E,Input_Raw!CS:CS)*Table13[[#This Row],[Mtr_Export (kWh)]],"") -> 0 | AA3: =IFERROR(Y3-Z3,"") -> 154605 | AB3: =IFERROR(_xlfn.XLOOKUP($A3,Input_Raw!$E:$E,Input_Raw!$CZ:$CZ),"") -> 50.6 | AC3: =IFERROR(_xlfn.XLOOKUP($D3,'Modelling New'!$D:$D,'Modelling New'!$J:$J),"") -> 5.9681801 | AD3: =IFERROR(_xlfn.XLOOKUP($D3,'Modelling New'!$D:$D,'Modelling New'!$T:$T)*1000,"") -> 280595.01 | AF3: =IFERROR(_xlfn.XLOOKUP($D3,'Modelling New'!$D:$D,'Modelling New'!$W:$W),"") -> 0.23105649 | AG3: =IFERROR(_xlfn.XLOOKUP($D3,'Modelling New'!$D:$D,'Modelling New'!$AE:$AE),"") -> 0.9554985 | AH3: =IFERROR(_xlfn.XLOOKUP($D3,'Modelling New'!$D:$D,'Modelling New'!$AF:$AF),"") -> 0.995 | AI3: =IFERROR(_xlfn.XLOOKUP($A3,Input_Raw!$E:$E,Input_Raw!$DG:$DG),"") -> 0 | AN3: =IFERROR(_xlfn.XLOOKUP($A3,Input_Raw!$E:$E,Input_Raw!$CY:$CY),"") -> 0.0074626866 | AO3: =IFERROR((_xlfn.XLOOKUP($A3,'WTG Reactive Power'!$A:$A,'WTG Reactive Power'!AB:AB))/X3,"") -> 0.0073083131 | AP3: =IFERROR(_xlfn.XLOOKUP($D3,'Modelling New'!$D:$D,'Modelling New'!AK:AK),"") -> 0.05 | AQ3: =IFERROR(_xlfn.XLOOKUP($D3,'Modelling New'!$D:$D,'Modelling New'!AL:AL),"") -> 0.05 | AR3: =IFERROR(_xlfn.XLOOKUP($D3,'Modelling New'!$D:$D,'Modelling New'!$N:$N),"") -> 50.6
A4: =A3+1 -> 45747 | B4: =YEAR(Table13[[#This Row],[Date]])+IF(MONTH(Table13[[#This Row],[Date]])>=4,1,0) -> 2025 | C4: =YEAR(Table13[[#This Row],[Date]]) -> 2025 | D4: =Table13[[#This Row],[Date]]-DAY(Table13[[#This Row],[Date]])+1 -> 45717 | E4: =DAY(EOMONTH(A4,0)) -> 31 | F4: =IFERROR(_xlfn.XLOOKUP($A4,Input_Raw!$E:$E,Input_Raw!DC:DC),"") -> 11.533333 | M4: =IFERROR(_xlfn.XLOOKUP($A4,Input_Raw!$E:$E,Input_Raw!$BM:$BM),"") -> 4.6844447 | N4: =IFERROR(_xlfn.XLOOKUP($A4,Input_Raw!$E:$E,Input_Raw!$BN:$BN),"") -> 5.0213586 | O4: =IFERROR(P4*Q4,"") -> 0.99999852 | P4: =IFERROR(1-SUMIF(WTG_BD!$F:$F,$A4,WTG_BD!$AA:$AA)/($AA4+SUMIF(WTG_BD!$F:$F,$A4,WTG_BD!$AA:$AA)),"") -> 0.99999852 | Q4: =IFERROR(1-SUMIF(IGA_BD!$F:$F,$A4,IGA_BD!$W:$W)/($AA4+SUMIF(IGA_BD!$F:$F,$A4,IGA_BD!$W:$W)),"") -> 1 | R4: =IFERROR(1-SUMIF(Grid_BD!$F:$F,$A4,Grid_BD!$Y:$Y)/($AA4+SUMIF(Grid_BD!$F:$F,$A4,Grid_BD!$Y:$Y)),"") -> 1 | W4: =IFERROR(X4/(24*AR4*1000),"") -> 0.15667819 | X4: =IFERROR(_xlfn.XLOOKUP($A4,Input_Raw!$E:$E,Input_Raw!BG:BG),"") -> 190270 | Y4: =IFERROR(_xlfn.XLOOKUP($A4,Input_Raw!$E:$E,Input_Raw!DF:DF),"") -> 186780 | Z4: =IFERROR(_xlfn.XLOOKUP(A4,Input_Raw!E:E,Input_Raw!CT:CT)/_xlfn.XLOOKUP(A4,Input_Raw!E:E,Input_Raw!CS:CS)*Table13[[#This Row],[Mtr_Export (kWh)]],"") -> 0 | AA4: =IFERROR(Y4-Z4,"") -> 186780 | AB4: =IFERROR(_xlfn.XLOOKUP($A4,Input_Raw!$E:$E,Input_Raw!$CZ:$CZ),"") -> 50.6 | AC4: =IFERROR(_xlfn.XLOOKUP($D4,'Modelling New'!$D:$D,'Modelling New'!$J:$J),"") -> 5.9681801 | AD4: =IFERROR(_xlfn.XLOOKUP($D4,'Modelling New'!$D:$D,'Modelling New'!$T:$T)*1000,"") -> 280595.01 | AF4: =IFERROR(_xlfn.XLOOKUP($D4,'Modelling New'!$D:$D,'Modelling New'!$W:$W),"") -> 0.23105649 | AG4: =IFERROR(_xlfn.XLOOKUP($D4,'Modelling New'!$D:$D,'Modelling New'!$AE:$AE),"") -> 0.9554985 | AH4: =IFERROR(_xlfn.XLOOKUP($D4,'Modelling New'!$D:$D,'Modelling New'!$AF:$AF),"") -> 0.995 | AI4: =IFERROR(_xlfn.XLOOKUP($A4,Input_Raw!$E:$E,Input_Raw!$DG:$DG),"") -> 0 | AN4: =IFERROR(_xlfn.XLOOKUP($A4,Input_Raw!$E:$E,Input_Raw!$CY:$CY),"") -> 0.010135135 | AO4: =IFERROR((_xlfn.XLOOKUP($A4,'WTG Reactive Power'!$A:$A,'WTG Reactive Power'!AB:AB))/X4,"") -> 0.0047080465 | AP4: =IFERROR(_xlfn.XLOOKUP($D4,'Modelling New'!$D:$D,'Modelling New'!AK:AK),"") -> 0.05 | AQ4: =IFERROR(_xlfn.XLOOKUP($D4,'Modelling New'!$D:$D,'Modelling New'!AL:AL),"") -> 0.05 | AR4: =IFERROR(_xlfn.XLOOKUP($D4,'Modelling New'!$D:$D,'Modelling New'!$N:$N),"") -> 50.6
A5: =A4+1 -> 45748 | B5: =YEAR(Table13[[#This Row],[Date]])+IF(MONTH(Table13[[#This Row],[Date]])>=4,1,0) -> 2026 | C5: =YEAR(Table13[[#This Row],[Date]]) -> 2025 | D5: =Table13[[#This Row],[Date]]-DAY(Table13[[#This Row],[Date]])+1 -> 45748 | E5: =DAY(EOMONTH(A5,0)) -> 30 | F5: =IFERROR(_xlfn.XLOOKUP($A5,Input_Raw!$E:$E,Input_Raw!DC:DC),"") -> 11.6 | M5: =IFERROR(_xlfn.XLOOKUP($A5,Input_Raw!$E:$E,Input_Raw!$BM:$BM),"") -> 4.9657616 | N5: =IFERROR(_xlfn.XLOOKUP($A5,Input_Raw!$E:$E,Input_Raw!$BN:$BN),"") -> 5.2482828 | O5: =IFERROR(P5*Q5,"") -> 0.99999939 | P5: =IFERROR(1-SUMIF(WTG_BD!$F:$F,$A5,WTG_BD!$AA:$AA)/($AA5+SUMIF(WTG_BD!$F:$F,$A5,WTG_BD!$AA:$AA)),"") -> 0.99999939 | Q5: =IFERROR(1-SUMIF(IGA_BD!$F:$F,$A5,IGA_BD!$W:$W)/($AA5+SUMIF(IGA_BD!$F:$F,$A5,IGA_BD!$W:$W)),"") -> 1 | R5: =IFERROR(1-SUMIF(Grid_BD!$F:$F,$A5,Grid_BD!$Y:$Y)/($AA5+SUMIF(Grid_BD!$F:$F,$A5,Grid_BD!$Y:$Y)),"") -> 1 | W5: =IFERROR(X5/(24*AR5*1000),"") -> 0.24012928 | X5: =IFERROR(_xlfn.XLOOKUP($A5,Input_Raw!$E:$E,Input_Raw!BG:BG),"") -> 291613 | Y5: =IFERROR(_xlfn.XLOOKUP($A5,Input_Raw!$E:$E,Input_Raw!DF:DF),"") -> 287760 | Z5: =IFERROR(_xlfn.XLOOKUP(A5,Input_Raw!E:E,Input_Raw!CT:CT)/_xlfn.XLOOKUP(A5,Input_Raw!E:E,Input_Raw!CS:CS)*Table13[[#This Row],[Mtr_Export (kWh)]],"") -> 446.8323 | AA5: =IFERROR(Y5-Z5,"") -> 287313.17 | AB5: =IFERROR(_xlfn.XLOOKUP($A5,Input_Raw!$E:$E,Input_Raw!$CZ:$CZ),"") -> 50.6 | AC5: =IFERROR(_xlfn.XLOOKUP($D5,'Modelling New'!$D:$D,'Modelling New'!$J:$J),"") -> 5.6310997 | AD5: =IFERROR(_xlfn.XLOOKUP($D5,'Modelling New'!$D:$D,'Modelling New'!$T:$T)*1000,"") -> 273284.33 | AF5: =IFERROR(_xlfn.XLOOKUP($D5,'Modelling New'!$D:$D,'Modelling New'!$W:$W),"") -> 0.22503651 | AG5: =IFERROR(_xlfn.XLOOKUP($D5,'Modelling New'!$D:$D,'Modelling New'!$AE:$AE),"") -> 0.9554985 | AH5: =IFERROR(_xlfn.XLOOKUP($D5,'Modelling New'!$D:$D,'Modelling New'!$AF:$AF),"") -> 0.995 | AI5: =IFERROR(_xlfn.XLOOKUP($A5,Input_Raw!$E:$E,Input_Raw!$DG:$DG),"") -> 292.87 | AN5: =IFERROR(_xlfn.XLOOKUP($A5,Input_Raw!$E:$E,Input_Raw!$CY:$CY),"") -> 0.0093167702 | AO5: =IFERROR((_xlfn.XLOOKUP($A5,'WTG Reactive Power'!$A:$A,'WTG Reactive Power'!AB:AB))/X5,"") -> 0.005258339 | AP5: =IFERROR(_xlfn.XLOOKUP($D5,'Modelling New'!$D:$D,'Modelling New'!AK:AK),"") -> 0.05 | AQ5: =IFERROR(_xlfn.XLOOKUP($D5,'Modelling New'!$D:$D,'Modelling New'!AL:AL),"") -> 0.05 | AR5: =IFERROR(_xlfn.XLOOKUP($D5,'Modelling New'!$D:$D,'Modelling New'!$N:$N),"") -> 50.6
A6: =A5+1 -> 45749 | B6: =YEAR(Table13[[#This Row],[Date]])+IF(MONTH(Table13[[#This Row],[Date]])>=4,1,0) -> 2026 | C6: =YEAR(Table13[[#This Row],[Date]]) -> 2025 | D6: =Table13[[#This Row],[Date]]-DAY(Table13[[#This Row],[Date]])+1 -> 45748 | E6: =DAY(EOMONTH(A6,0)) -> 30 | F6: =IFERROR(_xlfn.XLOOKUP($A6,Input_Raw!$E:$E,Input_Raw!DC:DC),"") -> 10.983333 | M6: =IFERROR(_xlfn.XLOOKUP($A6,Input_Raw!$E:$E,Input_Raw!$BM:$BM),"") -> 4.7846448 | N6: =IFERROR(_xlfn.XLOOKUP($A6,Input_Raw!$E:$E,Input_Raw!$BN:$BN),"") -> 5.1333448 | O6: =IFERROR(P6*Q6,"") -> 1 | P6: =IFERROR(1-SUMIF(WTG_BD!$F:$F,$A6,WTG_BD!$AA:$AA)/($AA6+SUMIF(WTG_BD!$F:$F,$A6,WTG_BD!$AA:$AA)),"") -> 1 | Q6: =IFERROR(1-SUMIF(IGA_BD!$F:$F,$A6,IGA_BD!$W:$W)/($AA6+SUMIF(IGA_BD!$F:$F,$A6,IGA_BD!$W:$W)),"") -> 1 | R6: =IFERROR(1-SUMIF(Grid_BD!$F:$F,$A6,Grid_BD!$Y:$Y)/($AA6+SUMIF(Grid_BD!$F:$F,$A6,Grid_BD!$Y:$Y)),"") -> 1 | W6: =IFERROR(X6/(24*AR6*1000),"") -> 0.17301219 | X6: =IFERROR(_xlfn.XLOOKUP($A6,Input_Raw!$E:$E,Input_Raw!BG:BG),"") -> 210106 | Y6: =IFERROR(_xlfn.XLOOKUP($A6,Input_Raw!$E:$E,Input_Raw!DF:DF),"") -> 204765 | Z6: =IFERROR(_xlfn.XLOOKUP(A6,Input_Raw!E:E,Input_Raw!CT:CT)/_xlfn.XLOOKUP(A6,Input_Raw!E:E,Input_Raw!CS:CS)*Table13[[#This Row],[Mtr_Export (kWh)]],"") -> 0 | AA6: =IFERROR(Y6-Z6,"") -> 204765 | AB6: =IFERROR(_xlfn.XLOOKUP($A6,Input_Raw!$E:$E,Input_Raw!$CZ:$CZ),"") -> 50.6 | AC6: =IFERROR(_xlfn.XLOOKUP($D6,'Modelling New'!$D:$D,'Modelling New'!$J:$J),"") -> 5.6310997 | AD6: =IFERROR(_xlfn.XLOOKUP($D6,'Modelling New'!$D:$D,'Modelling New'!$T:$T)*1000,"") -> 273284.33 | AF6: =IFERROR(_xlfn.XLOOKUP($D6,'Modelling New'!$D:$D,'Modelling New'!$W:$W),"") -> 0.22503651 | AG6: =IFERROR(_xlfn.XLOOKUP($D6,'Modelling New'!$D:$D,'Modelling New'!$AE:$AE),"") -> 0.9554985 | AH6: =IFERROR(_xlfn.XLOOKUP($D6,'Modelling New'!$D:$D,'Modelling New'!$AF:$AF),"") -> 0.995 | AI6: =IFERROR(_xlfn.XLOOKUP($A6,Input_Raw!$E:$E,Input_Raw!$DG:$DG),"") -> 210.58 | AN6: =IFERROR(_xlfn.XLOOKUP($A6,Input_Raw!$E:$E,Input_Raw!$CY:$CY),"") -> 0.0075622776 | AO6: =IFERROR((_xlfn.XLOOKUP($A6,'WTG Reactive Power'!$A:$A,'WTG Reactive Power'!AB:AB))/X6,"") -> 0.0043654156 | AP6: =IFERROR(_xlfn.XLOOKUP($D6,'Modelling New'!$D:$D,'Modelling New'!AK:AK),"") -> 0.05 | AQ6: =IFERROR(_xlfn.XLOOKUP($D6,'Modelling New'!$D:$D,'Modelling New'!AL:AL),"") -> 0.05 | AR6: =IFERROR(_xlfn.XLOOKUP($D6,'Modelling New'!$D:$D,'Modelling New'!$N:$N),"") -> 50.6
A7: =A6+1 -> 45750 | B7: =YEAR(Table13[[#This Row],[Date]])+IF(MONTH(Table13[[#This Row],[Date]])>=4,1,0) -> 2026 | C7: =YEAR(Table13[[#This Row],[Date]]) -> 2025 | D7: =Table13[[#This Row],[Date]]-DAY(Table13[[#This Row],[Date]])+1 -> 45748 | E7: =DAY(EOMONTH(A7,0)) -> 30 | F7: =IFERROR(_xlfn.XLOOKUP($A7,Input_Raw!$E:$E,Input_Raw!DC:DC),"") -> 11.6 | M7: =IFERROR(_xlfn.XLOOKUP($A7,Input_Raw!$E:$E,Input_Raw!$BM:$BM),"") -> 4.1396538 | N7: =IFERROR(_xlfn.XLOOKUP($A7,Input_Raw!$E:$E,Input_Raw!$BN:$BN),"") -> 4.4785391 | O7: =IFERROR(P7*Q7,"") -> 0.92657403 | P7: =IFERROR(1-SUMIF(WTG_BD!$F:$F,$A7,WTG_BD!$AA:$AA)/($AA7+SUMIF(WTG_BD!$F:$F,$A7,WTG_BD!$AA:$AA)),"") -> 1 | Q7: =IFERROR(1-SUMIF(IGA_BD!$F:$F,$A7,IGA_BD!$W:$W)/($AA7+SUMIF(IGA_BD!$F:$F,$A7,IGA_BD!$W:$W)),"") -> 0.92657403 | R7: =IFERROR(1-SUMIF(Grid_BD!$F:$F,$A7,Grid_BD!$Y:$Y)/($AA7+SUMIF(Grid_BD!$F:$F,$A7,Grid_BD!$Y:$Y)),"") -> 1 | W7: =IFERROR(X7/(24*AR7*1000),"") -> 0.10613883 | X7: =IFERROR(_xlfn.XLOOKUP($A7,Input_Raw!$E:$E,Input_Raw!BG:BG),"") -> 128895 | Y7: =IFERROR(_xlfn.XLOOKUP($A7,Input_Raw!$E:$E,Input_Raw!DF:DF),"") -> 128535 | Z7: =IFERROR(_xlfn.XLOOKUP(A7,Input_Raw!E:E,Input_Raw!CT:CT)/_xlfn.XLOOKUP(A7,Input_Raw!E:E,Input_Raw!CS:CS)*Table13[[#This Row],[Mtr_Export (kWh)]],"") -> 248.61702 | AA7: =IFERROR(Y7-Z7,"") -> 128286.38 | AB7: =IFERROR(_xlfn.XLOOKUP($A7,Input_Raw!$E:$E,Input_Raw!$CZ:$CZ),"") -> 50.6 | AC7: =IFERROR(_xlfn.XLOOKUP($D7,'Modelling New'!$D:$D,'Modelling New'!$J:$J),"") -> 5.6310997 | AD7: =IFERROR(_xlfn.XLOOKUP($D7,'Modelling New'!$D:$D,'Modelling New'!$T:$T)*1000,"") -> 273284.33 | AF7: =IFERROR(_xlfn.XLOOKUP($D7,'Modelling New'!$D:$D,'Modelling New'!$W:$W),"") -> 0.22503651 | AG7: =IFERROR(_xlfn.XLOOKUP($D7,'Modelling New'!$D:$D,'Modelling New'!$AE:$AE),"") -> 0.9554985 | AH7: =IFERROR(_xlfn.XLOOKUP($D7,'Modelling New'!$D:$D,'Modelling New'!$AF:$AF),"") -> 0.995 | AI7: =IFERROR(_xlfn.XLOOKUP($A7,Input_Raw!$E:$E,Input_Raw!$DG:$DG),"") -> 133.1 | AN7: =IFERROR(_xlfn.XLOOKUP($A7,Input_Raw!$E:$E,Input_Raw!$CY:$CY),"") -> 0.0082205029 | AO7: =IFERROR((_xlfn.XLOOKUP($A7,'WTG Reactive Power'!$A:$A,'WTG Reactive Power'!AB:AB))/X7,"") -> 0.010785523 | AP7: =IFERROR(_xlfn.XLOOKUP($D7,'Modelling New'!$D:$D,'Modelling New'!AK:AK),"") -> 0.05 | AQ7: =IFERROR(_xlfn.XLOOKUP($D7,'Modelling New'!$D:$D,'Modelling New'!AL:AL),"") -> 0.05 | AR7: =IFERROR(_xlfn.XLOOKUP($D7,'Modelling New'!$D:$D,'Modelling New'!$N:$N),"") -> 50.6
A8: =A7+1 -> 45751 | B8: =YEAR(Table13[[#This Row],[Date]])+IF(MONTH(Table13[[#This Row],[Date]])>=4,1,0) -> 2026 | C8: =YEAR(Table13[[#This Row],[Date]]) -> 2025 | D8: =Table13[[#This Row],[Date]]-DAY(Table13[[#This Row],[Date]])+1 -> 45748 | E8: =DAY(EOMONTH(A8,0)) -> 30 | F8: =IFERROR(_xlfn.XLOOKUP($A8,Input_Raw!$E:$E,Input_Raw!DC:DC),"") -> 11.466667 | M8: =IFERROR(_xlfn.XLOOKUP($A8,Input_Raw!$E:$E,Input_Raw!$BM:$BM),"") -> 4.3539046 | N8: =IFERROR(_xlfn.XLOOKUP($A8,Input_Raw!$E:$E,Input_Raw!$BN:$BN),"") -> 4.7728661 | O8: =IFERROR(P8*Q8,"") -> 0.92964057 | P8: =IFERROR(1-SUMIF(WTG_BD!$F:$F,$A8,WTG_BD!$AA:$AA)/($AA8+SUMIF(WTG_BD!$F:$F,$A8,WTG_BD!$AA:$AA)),"") -> 1 | Q8: =IFERROR(1-SUMIF(IGA_BD!$F:$F,$A8,IGA_BD!$W:$W)/($AA8+SUMIF(IGA_BD!$F:$F,$A8,IGA_BD!$W:$W)),"") -> 0.92964057 | R8: =IFERROR(1-SUMIF(Grid_BD!$F:$F,$A8,Grid_BD!$Y:$Y)/($AA8+SUMIF(Grid_BD!$F:$F,$A8,Grid_BD!$Y:$Y)),"") -> 1 | W8: =IFERROR(X8/(24*AR8*1000),"") -> 0.13714015 | X8: =IFERROR(_xlfn.XLOOKUP($A8,Input_Raw!$E:$E,Input_Raw!BG:BG),"") -> 166543 | Y8: =IFERROR(_xlfn.XLOOKUP($A8,Input_Raw!$E:$E,Input_Raw!DF:DF),"") -> 164340 | Z8: =IFERROR(_xlfn.XLOOKUP(A8,Input_Raw!E:E,Input_Raw!CT:CT)/_xlfn.XLOOKUP(A8,Input_Raw!E:E,Input_Raw!CS:CS)*Table13[[#This Row],[Mtr_Export (kWh)]],"") -> 0 | AA8: =IFERROR(Y8-Z8,"") -> 164340 | AB8: =IFERROR(_xlfn.XLOOKUP($A8,Input_Raw!$E:$E,Input_Raw!$CZ:$CZ),"") -> 50.6 | AC8: =IFERROR(_xlfn.XLOOKUP($D8,'Modelling New'!$D:$D,'Modelling New'!$J:$J),"") -> 5.6310997 | AD8: =IFERROR(_xlfn.XLOOKUP($D8,'Modelling New'!$D:$D,'Modelling New'!$T:$T)*1000,"") -> 273284.33 | AF8: =IFERROR(_xlfn.XLOOKUP($D8,'Modelling New'!$D:$D,'Modelling New'!$W:$W),"") -> 0.22503651 | AG8: =IFERROR(_xlfn.XLOOKUP($D8,'Modelling New'!$D:$D,'Modelling New'!$AE:$AE),"") -> 0.9554985 | AH8: =IFERROR(_xlfn.XLOOKUP($D8,'Modelling New'!$D:$D,'Modelling New'!$AF:$AF),"") -> 0.995 | AI8: =IFERROR(_xlfn.XLOOKUP($A8,Input_Raw!$E:$E,Input_Raw!$DG:$DG),"") -> 168.01 | AN8: =IFERROR(_xlfn.XLOOKUP($A8,Input_Raw!$E:$E,Input_Raw!$CY:$CY),"") -> 0.0076121795 | AO8: =IFERROR((_xlfn.XLOOKUP($A8,'WTG Reactive Power'!$A:$A,'WTG Reactive Power'!AB:AB))/X8,"") -> 0.010537219 | AP8: =IFERROR(_xlfn.XLOOKUP($D8,'Modelling New'!$D:$D,'Modelling New'!AK:AK),"") -> 0.05 | AQ8: =IFERROR(_xlfn.XLOOKUP($D8,'Modelling New'!$D:$D,'Modelling New'!AL:AL),"") -> 0.05 | AR8: =IFERROR(_xlfn.XLOOKUP($D8,'Modelling New'!$D:$D,'Modelling New'!$N:$N),"") -> 50.6
A9: =A8+1 -> 45752 | B9: =YEAR(Table13[[#This Row],[Date]])+IF(MONTH(Table13[[#This Row],[Date]])>=4,1,0) -> 2026 | C9: =YEAR(Table13[[#This Row],[Date]]) -> 2025 | D9: =Table13[[#This Row],[Date]]-DAY(Table13[[#This Row],[Date]])+1 -> 45748 | E9: =DAY(EOMONTH(A9,0)) -> 30 | F9: =IFERROR(_xlfn.XLOOKUP($A9,Input_Raw!$E:$E,Input_Raw!DC:DC),"") -> 11.683333 | M9: =IFERROR(_xlfn.XLOOKUP($A9,Input_Raw!$E:$E,Input_Raw!$BM:$BM),"") -> 4.7084944 | N9: =IFERROR(_xlfn.XLOOKUP($A9,Input_Raw!$E:$E,Input_Raw!$BN:$BN),"") -> 4.9533517 | O9: =IFERROR(P9*Q9,"") -> 1 | P9: =IFERROR(1-SUMIF(WTG_BD!$F:$F,$A9,WTG_BD!$AA:$AA)/($AA9+SUMIF(WTG_BD!$F:$F,$A9,WTG_BD!$AA:$AA)),"") -> 1 | Q9: =IFERROR(1-SUMIF(IGA_BD!$F:$F,$A9,IGA_BD!$W:$W)/($AA9+SUMIF(IGA_BD!$F:$F,$A9,IGA_BD!$W:$W)),"") -> 1 | R9: =IFERROR(1-SUMIF(Grid_BD!$F:$F,$A9,Grid_BD!$Y:$Y)/($AA9+SUMIF(Grid_BD!$F:$F,$A9,Grid_BD!$Y:$Y)),"") -> 1 | W9: =IFERROR(X9/(24*AR9*1000),"") -> 0.14986742 | X9: =IFERROR(_xlfn.XLOOKUP($A9,Input_Raw!$E:$E,Input_Raw!BG:BG),"") -> 181999 | Y9: =IFERROR(_xlfn.XLOOKUP($A9,Input_Raw!$E:$E,Input_Raw!DF:DF),"") -> 176880 | Z9: =IFERROR(_xlfn.XLOOKUP(A9,Input_Raw!E:E,Input_Raw!CT:CT)/_xlfn.XLOOKUP(A9,Input_Raw!E:E,Input_Raw!CS:CS)*Table13[[#This Row],[Mtr_Export (kWh)]],"") -> 0 | AA9: =IFERROR(Y9-Z9,"") -> 176880 | AB9: =IFERROR(_xlfn.XLOOKUP($A9,Input_Raw!$E:$E,Input_Raw!$CZ:$CZ),"") -> 50.6 | AC9: =IFERROR(_xlfn.XLOOKUP($D9,'Modelling New'!$D:$D,'Modelling New'!$J:$J),"") -> 5.6310997 | AD9: =IFERROR(_xlfn.XLOOKUP($D9,'Modelling New'!$D:$D,'Modelling New'!$T:$T)*1000,"") -> 273284.33 | AF9: =IFERROR(_xlfn.XLOOKUP($D9,'Modelling New'!$D:$D,'Modelling New'!$W:$W),"") -> 0.22503651 | AG9: =IFERROR(_xlfn.XLOOKUP($D9,'Modelling New'!$D:$D,'Modelling New'!$AE:$AE),"") -> 0.9554985 | AH9: =IFERROR(_xlfn.XLOOKUP($D9,'Modelling New'!$D:$D,'Modelling New'!$AF:$AF),"") -> 0.995 | AI9: =IFERROR(_xlfn.XLOOKUP($A9,Input_Raw!$E:$E,Input_Raw!$DG:$DG),"") -> 182.18 | AN9: =IFERROR(_xlfn.XLOOKUP($A9,Input_Raw!$E:$E,Input_Raw!$CY:$CY),"") -> 0.0090361446 | AO9: =IFERROR((_xlfn.XLOOKUP($A9,'WTG Reactive Power'!$A:$A,'WTG Reactive Power'!AB:AB))/X9,"") -> 0.0042258474 | AP9: =IFERROR(_xlfn.XLOOKUP($D9,'Modelling New'!$D:$D,'Modelling New'!AK:AK),"") -> 0.05 | AQ9: =IFERROR(_xlfn.XLOOKUP($D9,'Modelling New'!$D:$D,'Modelling New'!AL:AL),"") -> 0.05 | AR9: =IFERROR(_xlfn.XLOOKUP($D9,'Modelling New'!$D:$D,'Modelling New'!$N:$N),"") -> 50.6
A10: =A9+1 -> 45753 | B10: =YEAR(Table13[[#This Row],[Date]])+IF(MONTH(Table13[[#This Row],[Date]])>=4,1,0) -> 2026 | C10: =YEAR(Table13[[#This Row],[Date]]) -> 2025 | D10: =Table13[[#This Row],[Date]]-DAY(Table13[[#This Row],[Date]])+1 -> 45748 | E10: =DAY(EOMONTH(A10,0)) -> 30 | F10: =IFERROR(_xlfn.XLOOKUP($A10,Input_Raw!$E:$E,Input_Raw!DC:DC),"") -> 11.516667 | M10: =IFERROR(_xlfn.XLOOKUP($A10,Input_Raw!$E:$E,Input_Raw!$BM:$BM),"") -> 4.4630747 | N10: =IFERROR(_xlfn.XLOOKUP($A10,Input_Raw!$E:$E,Input_Raw!$BN:$BN),"") -> 4.7008966 | O10: =IFERROR(P10*Q10,"") -> 0.99998934 | P10: =IFERROR(1-SUMIF(WTG_BD!$F:$F,$A10,WTG_BD!$AA:$AA)/($AA10+SUMIF(WTG_BD!$F:$F,$A10,WTG_BD!$AA:$AA)),"") -> 0.99998934 | Q10: =IFERROR(1-SUMIF(IGA_BD!$F:$F,$A10,IGA_BD!$W:$W)/($AA10+SUMIF(IGA_BD!$F:$F,$A10,IGA_BD!$W:$W)),"") -> 1 | R10: =IFERROR(1-SUMIF(Grid_BD!$F:$F,$A10,Grid_BD!$Y:$Y)/($AA10+SUMIF(Grid_BD!$F:$F,$A10,Grid_BD!$Y:$Y)),"") -> 1 | W10: =IFERROR(X10/(24*AR10*1000),"") -> 0.13035408 | X10: =IFERROR(_xlfn.XLOOKUP($A10,Input_Raw!$E:$E,Input_Raw!BG:BG),"") -> 158302 | Y10: =IFERROR(_xlfn.XLOOKUP($A10,Input_Raw!$E:$E,Input_Raw!DF:DF),"") -> 157245 | Z10: =IFERROR(_xlfn.XLOOKUP(A10,Input_Raw!E:E,Input_Raw!CT:CT)/_xlfn.XLOOKUP(A10,Input_Raw!E:E,Input_Raw!CS:CS)*Table13[[#This Row],[Mtr_Export (kWh)]],"") -> 0 | AA10: =IFERROR(Y10-Z10,"") -> 157245 | AB10: =IFERROR(_xlfn.XLOOKUP($A10,Input_Raw!$E:$E,Input_Raw!$CZ:$CZ),"") -> 50.6 | AC10: =IFERROR(_xlfn.XLOOKUP($D10,'Modelling New'!$D:$D,'Modelling New'!$J:$J),"") -> 5.6310997 | AD10: =IFERROR(_xlfn.XLOOKUP($D10,'Modelling New'!$D:$D,'Modelling New'!$T:$T)*1000,"") -> 273284.33 | AF10: =IFERROR(_xlfn.XLOOKUP($D10,'Modelling New'!$D:$D,'Modelling New'!$W:$W),"") -> 0.22503651 | AG10: =IFERROR(_xlfn.XLOOKUP($D10,'Modelling New'!$D:$D,'Modelling New'!$AE:$AE),"") -> 0.9554985 | AH10: =IFERROR(_xlfn.XLOOKUP($D10,'Modelling New'!$D:$D,'Modelling New'!$AF:$AF),"") -> 0.995 | AI10: =IFERROR(_xlfn.XLOOKUP($A10,Input_Raw!$E:$E,Input_Raw!$DG:$DG),"") -> 159.01 | AN10: =IFERROR(_xlfn.XLOOKUP($A10,Input_Raw!$E:$E,Input_Raw!$CY:$CY),"") -> 0.010025597 | AO10: =IFERROR((_xlfn.XLOOKUP($A10,'WTG Reactive Power'!$A:$A,'WTG Reactive Power'!AB:AB))/X10,"") -> 0.0068097687 | AP10: =IFERROR(_xlfn.XLOOKUP($D10,'Modelling New'!$D:$D,'Modelling New'!AK:AK),"") -> 0.05 | AQ10: =IFERROR(_xlfn.XLOOKUP($D10,'Modelling New'!$D:$D,'Modelling New'!AL:AL),"") -> 0.05 | AR10: =IFERROR(_xlfn.XLOOKUP($D10,'Modelling New'!$D:$D,'Modelling New'!$N:$N),"") -> 50.6
A11: =A10+1 -> 45754 | B11: =YEAR(Table13[[#This Row],[Date]])+IF(MONTH(Table13[[#This Row],[Date]])>=4,1,0) -> 2026 | C11: =YEAR(Table13[[#This Row],[Date]]) -> 2025 | D11: =Table13[[#This Row],[Date]]-DAY(Table13[[#This Row],[Date]])+1 -> 45748 | E11: =DAY(EOMONTH(A11,0)) -> 30 | F11: =IFERROR(_xlfn.XLOOKUP($A11,Input_Raw!$E:$E,Input_Raw!DC:DC),"") -> 11.233333 | M11: =IFERROR(_xlfn.XLOOKUP($A11,Input_Raw!$E:$E,Input_Raw!$BM:$BM),"") -> 3.92 | N11: =IFERROR(_xlfn.XLOOKUP($A11,Input_Raw!$E:$E,Input_Raw!$BN:$BN),"") -> 4.512 | O11: =IFERROR(P11*Q11,"") -> 0.99999099 | P11: =IFERROR(1-SUMIF(WTG_BD!$F:$F,$A11,WTG_BD!$AA:$AA)/($AA11+SUMIF(WTG_BD!$F:$F,$A11,WTG_BD!$AA:$AA)),"") -> 0.99999099 | Q11: =IFERROR(1-SUMIF(IGA_BD!$F:$F,$A11,IGA_BD!$W:$W)/($AA11+SUMIF(IGA_BD!$F:$F,$A11,IGA_BD!$W:$W)),"") -> 1 | R11: =IFERROR(1-SUMIF(Grid_BD!$F:$F,$A11,Grid_BD!$Y:$Y)/($AA11+SUMIF(Grid_BD!$F:$F,$A11,Grid_BD!$Y:$Y)),"") -> 1 | W11: =IFERROR(X11/(24*AR11*1000),"") -> 0.10885128 | X11: =IFERROR(_xlfn.XLOOKUP($A11,Input_Raw!$E:$E,Input_Raw!BG:BG),"") -> 132189 | Y11: =IFERROR(_xlfn.XLOOKUP($A11,Input_Raw!$E:$E,Input_Raw!DF:DF),"") -> 133815 | Z11: =IFERROR(_xlfn.XLOOKUP(A11,Input_Raw!E:E,Input_Raw!CT:CT)/_xlfn.XLOOKUP(A11,Input_Raw!E:E,Input_Raw!CS:CS)*Table13[[#This Row],[Mtr_Export (kWh)]],"") -> 242.41848 | AA11: =IFERROR(Y11-Z11,"") -> 133572.58 | AB11: =IFERROR(_xlfn.XLOOKUP($A11,Input_Raw!$E:$E,Input_Raw!$CZ:$CZ),"") -> 50.6 | AC11: =IFERROR(_xlfn.XLOOKUP($D11,'Modelling New'!$D:$D,'Modelling New'!$J:$J),"") -> 5.6310997 | AD11: =IFERROR(_xlfn.XLOOKUP($D11,'Modelling New'!$D:$D,'Modelling New'!$T:$T)*1000,"") -> 273284.33 | AF11: =IFERROR(_xlfn.XLOOKUP($D11,'Modelling New'!$D:$D,'Modelling New'!$W:$W),"") -> 0.22503651 | AG11: =IFERROR(_xlfn.XLOOKUP($D11,'Modelling New'!$D:$D,'Modelling New'!$AE:$AE),"") -> 0.9554985 | AH11: =IFERROR(_xlfn.XLOOKUP($D11,'Modelling New'!$D:$D,'Modelling New'!$AF:$AF),"") -> 0.995 | AI11: =IFERROR(_xlfn.XLOOKUP($A11,Input_Raw!$E:$E,Input_Raw!$DG:$DG),"") -> 133.9 | AN11: =IFERROR(_xlfn.XLOOKUP($A11,Input_Raw!$E:$E,Input_Raw!$CY:$CY),"") -> 0.006567029 | AO11: =IFERROR((_xlfn.XLOOKUP($A11,'WTG Reactive Power'!$A:$A,'WTG Reactive Power'!AB:AB))/X11,"") -> 0.011600057 | AP11: =IFERROR(_xlfn.XLOOKUP($D11,'Modelling New'!$D:$D,'Modelling New'!AK:AK),"") -> 0.05 | AQ11: =IFERROR(_xlfn.XLOOKUP($D11,'Modelling New'!$D:$D,'Modelling New'!AL:AL),"") -> 0.05 | AR11: =IFERROR(_xlfn.XLOOKUP($D11,'Modelling New'!$D:$D,'Modelling New'!$N:$N),"") -> 50.6
A12: =A11+1 -> 45755 | B12: =YEAR(Table13[[#This Row],[Date]])+IF(MONTH(Table13[[#This Row],[Date]])>=4,1,0) -> 2026 | C12: =YEAR(Table13[[#This Row],[Date]]) -> 2025 | D12: =Table13[[#This Row],[Date]]-DAY(Table13[[#This Row],[Date]])+1 -> 45748 | E12: =DAY(EOMONTH(A12,0)) -> 30 | F12: =IFERROR(_xlfn.XLOOKUP($A12,Input_Raw!$E:$E,Input_Raw!DC:DC),"") -> 11.6 | M12: =IFERROR(_xlfn.XLOOKUP($A12,Input_Raw!$E:$E,Input_Raw!$BM:$BM),"") -> 4.5 | N12: =IFERROR(_xlfn.XLOOKUP($A12,Input_Raw!$E:$E,Input_Raw!$BN:$BN),"") -> 4.9 | O12: =IFERROR(P12*Q12,"") -> 0.99999976 | P12: =IFERROR(1-SUMIF(WTG_BD!$F:$F,$A12,WTG_BD!$AA:$AA)/($AA12+SUMIF(WTG_BD!$F:$F,$A12,WTG_BD!$AA:$AA)),"") -> 0.99999976 | Q12: =IFERROR(1-SUMIF(IGA_BD!$F:$F,$A12,IGA_BD!$W:$W)/($AA12+SUMIF(IGA_BD!$F:$F,$A12,IGA_BD!$W:$W)),"") -> 1 | R12: =IFERROR(1-SUMIF(Grid_BD!$F:$F,$A12,Grid_BD!$Y:$Y)/($AA12+SUMIF(Grid_BD!$F:$F,$A12,Grid_BD!$Y:$Y)),"") -> 1 | W12: =IFERROR(X12/(24*AR12*1000),"") -> 0.18145175 | X12: =IFERROR(_xlfn.XLOOKUP($A12,Input_Raw!$E:$E,Input_Raw!BG:BG),"") -> 220355 | Y12: =IFERROR(_xlfn.XLOOKUP($A12,Input_Raw!$E:$E,Input_Raw!DF:DF),"") -> 215655 | Z12: =IFERROR(_xlfn.XLOOKUP(A12,Input_Raw!E:E,Input_Raw!CT:CT)/_xlfn.XLOOKUP(A12,Input_Raw!E:E,Input_Raw!CS:CS)*Table13[[#This Row],[Mtr_Export (kWh)]],"") -> 0 | AA12: =IFERROR(Y12-Z12,"") -> 215655 | AB12: =IFERROR(_xlfn.XLOOKUP($A12,Input_Raw!$E:$E,Input_Raw!$CZ:$CZ),"") -> 50.6 | AC12: =IFERROR(_xlfn.XLOOKUP($D12,'Modelling New'!$D:$D,'Modelling New'!$J:$J),"") -> 5.6310997 | AD12: =IFERROR(_xlfn.XLOOKUP($D12,'Modelling New'!$D:$D,'Modelling New'!$T:$T)*1000,"") -> 273284.33 | AF12: =IFERROR(_xlfn.XLOOKUP($D12,'Modelling New'!$D:$D,'Modelling New'!$W:$W),"") -> 0.22503651 | AG12: =IFERROR(_xlfn.XLOOKUP($D12,'Modelling New'!$D:$D,'Modelling New'!$AE:$AE),"") -> 0.9554985 | AH12: =IFERROR(_xlfn.XLOOKUP($D12,'Modelling New'!$D:$D,'Modelling New'!$AF:$AF),"") -> 0.995 | AI12: =IFERROR(_xlfn.XLOOKUP($A12,Input_Raw!$E:$E,Input_Raw!$DG:$DG),"") -> 228.59 | AN12: =IFERROR(_xlfn.XLOOKUP($A12,Input_Raw!$E:$E,Input_Raw!$CY:$CY),"") -> 0.010174419 | AO12: =IFERROR((_xlfn.XLOOKUP($A12,'WTG Reactive Power'!$A:$A,'WTG Reactive Power'!AB:AB))/X12,"") -> 0.0091956162 | AP12: =IFERROR(_xlfn.XLOOKUP($D12,'Modelling New'!$D:$D,'Modelling New'!AK:AK),"") -> 0.05 | AQ12: =IFERROR(_xlfn.XLOOKUP($D12,'Modelling New'!$D:$D,'Modelling New'!AL:AL),"") -> 0.05 | AR12: =IFERROR(_xlfn.XLOOKUP($D12,'Modelling New'!$D:$D,'Modelling New'!$N:$N),"") -> 50.6
A13: =A12+1 -> 45756 | B13: =YEAR(Table13[[#This Row],[Date]])+IF(MONTH(Table13[[#This Row],[Date]])>=4,1,0) -> 2026 | C13: =YEAR(Table13[[#This Row],[Date]]) -> 2025 | D13: =Table13[[#This Row],[Date]]-DAY(Table13[[#This Row],[Date]])+1 -> 45748 | E13: =DAY(EOMONTH(A13,0)) -> 30 | F13: =IFERROR(_xlfn.XLOOKUP($A13,Input_Raw!$E:$E,Input_Raw!DC:DC),"") -> 11.583333 | M13: =IFERROR(_xlfn.XLOOKUP($A13,Input_Raw!$E:$E,Input_Raw!$BM:$BM),"") -> 3.6519565 | N13: =IFERROR(_xlfn.XLOOKUP($A13,Input_Raw!$E:$E,Input_Raw!$BN:$BN),"") -> 3.922 | O13: =IFERROR(P13*Q13,"") -> 0.99999886 | P13: =IFERROR(1-SUMIF(WTG_BD!$F:$F,$A13,WTG_BD!$AA:$AA)/($AA13+SUMIF(WTG_BD!$F:$F,$A13,WTG_BD!$AA:$AA)),"") -> 0.99999886 | Q13: =IFERROR(1-SUMIF(IGA_BD!$F:$F,$A13,IGA_BD!$W:$W)/($AA13+SUMIF(IGA_BD!$F:$F,$A13,IGA_BD!$W:$W)),"") -> 1 | R13: =IFERROR(1-SUMIF(Grid_BD!$F:$F,$A13,Grid_BD!$Y:$Y)/($AA13+SUMIF(Grid_BD!$F:$F,$A13,Grid_BD!$Y:$Y)),"") -> 1 | W13: =IFERROR(X13/(24*AR13*1000),"") -> 0.11694582 | X13: =IFERROR(_xlfn.XLOOKUP($A13,Input_Raw!$E:$E,Input_Raw!BG:BG),"") -> 142019 | Y13: =IFERROR(_xlfn.XLOOKUP($A13,Input_Raw!$E:$E,Input_Raw!DF:DF),"") -> 141240 | Z13: =IFERROR(_xlfn.XLOOKUP(A13,Input_Raw!E:E,Input_Raw!CT:CT)/_xlfn.XLOOKUP(A13,Input_Raw!E:E,Input_Raw!CS:CS)*Table13[[#This Row],[Mtr_Export (kWh)]],"") -> 240.61329 | AA13: =IFERROR(Y13-Z13,"") -> 140999.39 | AB13: =IFERROR(_xlfn.XLOOKUP($A13,Input_Raw!$E:$E,Input_Raw!$CZ:$CZ),"") -> 50.6 | AC13: =IFERROR(_xlfn.XLOOKUP($D13,'Modelling New'!$D:$D,'Modelling New'!$J:$J),"") -> 5.6310997 | AD13: =IFERROR(_xlfn.XLOOKUP($D13,'Modelling New'!$D:$D,'Modelling New'!$T:$T)*1000,"") -> 273284.33 | AF13: =IFERROR(_xlfn.XLOOKUP($D13,'Modelling New'!$D:$D,'Modelling New'!$W:$W),"") -> 0.22503651 | AG13: =IFERROR(_xlfn.XLOOKUP($D13,'Modelling New'!$D:$D,'Modelling New'!$AE:$AE),"") -> 0.9554985 | AH13: =IFERROR(_xlfn.XLOOKUP($D13,'Modelling New'!$D:$D,'Modelling New'!$AF:$AF),"") -> 0.995 | AI13: =IFERROR(_xlfn.XLOOKUP($A13,Input_Raw!$E:$E,Input_Raw!$DG:$DG),"") -> 144.28 | AN13: =IFERROR(_xlfn.XLOOKUP($A13,Input_Raw!$E:$E,Input_Raw!$CY:$CY),"") -> 0.010025597 | AO13: =IFERROR((_xlfn.XLOOKUP($A13,'WTG Reactive Power'!$A:$A,'WTG Reactive Power'!AB:AB))/X13,"") -> 0.040809328 | AP13: =IFERROR(_xlfn.XLOOKUP($D13,'Modelling New'!$D:$D,'Modelling New'!AK:AK),"") -> 0.05 | AQ13: =IFERROR(_xlfn.XLOOKUP($D13,'Modelling New'!$D:$D,'Modelling New'!AL:AL),"") -> 0.05 | AR13: =IFERROR(_xlfn.XLOOKUP($D13,'Modelling New'!$D:$D,'Modelling New'!$N:$N),"") -> 50.6
A14: =A13+1 -> 45757 | B14: =YEAR(Table13[[#This Row],[Date]])+IF(MONTH(Table13[[#This Row],[Date]])>=4,1,0) -> 2026 | C14: =YEAR(Table13[[#This Row],[Date]]) -> 2025 | D14: =Table13[[#This Row],[Date]]-DAY(Table13[[#This Row],[Date]])+1 -> 45748 | E14: =DAY(EOMONTH(A14,0)) -> 30 | F14: =IFERROR(_xlfn.XLOOKUP($A14,Input_Raw!$E:$E,Input_Raw!DC:DC),"") -> 11.816667 | M14: =IFERROR(_xlfn.XLOOKUP($A14,Input_Raw!$E:$E,Input_Raw!$BM:$BM),"") -> 6.2826087 | N14: =IFERROR(_xlfn.XLOOKUP($A14,Input_Raw!$E:$E,Input_Raw!$BN:$BN),"") -> 7 | O14: =IFERROR(P14*Q14,"") -> 0.98213177 | P14: =IFERROR(1-SUMIF(WTG_BD!$F:$F,$A14,WTG_BD!$AA:$AA)/($AA14+SUMIF(WTG_BD!$F:$F,$A14,WTG_BD!$AA:$AA)),"") -> 1 | Q14: =IFERROR(1-SUMIF(IGA_BD!$F:$F,$A14,IGA_BD!$W:$W)/($AA14+SUMIF(IGA_BD!$F:$F,$A14,IGA_BD!$W:$W)),"") -> 0.98213177 | R14: =IFERROR(1-SUMIF(Grid_BD!$F:$F,$A14,Grid_BD!$Y:$Y)/($AA14+SUMIF(Grid_BD!$F:$F,$A14,Grid_BD!$Y:$Y)),"") -> 1 | W14: =IFERROR(X14/(24*AR14*1000),"") -> 0.2928302 | X14: =IFERROR(_xlfn.XLOOKUP($A14,Input_Raw!$E:$E,Input_Raw!BG:BG),"") -> 355613 | Y14: =IFERROR(_xlfn.XLOOKUP($A14,Input_Raw!$E:$E,Input_Raw!DF:DF),"") -> 348150 | Z14: =IFERROR(_xlfn.XLOOKUP(A14,Input_Raw!E:E,Input_Raw!CT:CT)/_xlfn.XLOOKUP(A14,Input_Raw!E:E,Input_Raw!CS:CS)*Table13[[#This Row],[Mtr_Export (kWh)]],"") -> 0 | AA14: =IFERROR(Y14-Z14,"") -> 348150 | AB14: =IFERROR(_xlfn.XLOOKUP($A14,Input_Raw!$E:$E,Input_Raw!$CZ:$CZ),"") -> 50.6 | AC14: =IFERROR(_xlfn.XLOOKUP($D14,'Modelling New'!$D:$D,'Modelling New'!$J:$J),"") -> 5.6310997 | AD14: =IFERROR(_xlfn.XLOOKUP($D14,'Modelling New'!$D:$D,'Modelling New'!$T:$T)*1000,"") -> 273284.33 | AF14: =IFERROR(_xlfn.XLOOKUP($D14,'Modelling New'!$D:$D,'Modelling New'!$W:$W),"") -> 0.22503651 | AG14: =IFERROR(_xlfn.XLOOKUP($D14,'Modelling New'!$D:$D,'Modelling New'!$AE:$AE),"") -> 0.9554985 | AH14: =IFERROR(_xlfn.XLOOKUP($D14,'Modelling New'!$D:$D,'Modelling New'!$AF:$AF),"") -> 0.995 | AI14: =IFERROR(_xlfn.XLOOKUP($A14,Input_Raw!$E:$E,Input_Raw!$DG:$DG),"") -> 380.75 | AN14: =IFERROR(_xlfn.XLOOKUP($A14,Input_Raw!$E:$E,Input_Raw!$CY:$CY),"") -> 0.0071480938 | AO14: =IFERROR((_xlfn.XLOOKUP($A14,'WTG Reactive Power'!$A:$A,'WTG Reactive Power'!AB:AB))/X14,"") -> 0.013413177 | AP14: =IFERROR(_xlfn.XLOOKUP($D14,'Modelling New'!$D:$D,'Modelling New'!AK:AK),"") -> 0.05 | AQ14: =IFERROR(_xlfn.XLOOKUP($D14,'Modelling New'!$D:$D,'Modelling New'!AL:AL),"") -> 0.05 | AR14: =IFERROR(_xlfn.XLOOKUP($D14,'Modelling New'!$D:$D,'Modelling New'!$N:$N),"") -> 50.6
... A609: =A608+1 -> 46352 | B609: =YEAR(Table13[[#This Row],[Date]])+IF(MONTH(Table13[[#This Row],[Date]])>=4,1,0) -> 2027 | C609: =YEAR(Table13[[#This Row],[Date]]) -> 2026 | D609: =Table13[[#This Row],[Date]]-DAY(Table13[[#This Row],[Date]])+1 -> 46327 | E609: =DAY(EOMONTH(A609,0)) -> 30 | F609: =IFERROR(_xlfn.XLOOKUP($A609,Input_Raw!$E:$E,Input_Raw!DC:DC),"") | M609: =IFERROR(_xlfn.XLOOKUP($A609,Input_Raw!$E:$E,Input_Raw!$BM:$BM),"") | N609: =IFERROR(_xlfn.XLOOKUP($A609,Input_Raw!$E:$E,Input_Raw!$BN:$BN),"") | O609: =IFERROR(P609*Q609,"") | P609: =IFERROR(1-SUMIF(WTG_BD!$F:$F,$A609,WTG_BD!$AA:$AA)/($AA609+SUMIF(WTG_BD!$F:$F,$A609,WTG_BD!$AA:$AA)),"") | Q609: =IFERROR(1-SUMIF(IGA_BD!$F:$F,$A609,IGA_BD!$W:$W)/($AA609+SUMIF(IGA_BD!$F:$F,$A609,IGA_BD!$W:$W)),"") | R609: =IFERROR(1-SUMIF(Grid_BD!$F:$F,$A609,Grid_BD!$Y:$Y)/($AA609+SUMIF(Grid_BD!$F:$F,$A609,Grid_BD!$Y:$Y)),"") | W609: =IFERROR(X609/(24*AR609*1000),"") | X609: =IFERROR(_xlfn.XLOOKUP($A609,Input_Raw!$E:$E,Input_Raw!BG:BG),"") | Y609: =IFERROR(_xlfn.XLOOKUP($A609,Input_Raw!$E:$E,Input_Raw!DF:DF),"") | Z609: =IFERROR(_xlfn.XLOOKUP(A609,Input_Raw!E:E,Input_Raw!CT:CT)/_xlfn.XLOOKUP(A609,Input_Raw!E:E,Input_Raw!CS:CS)*Table13[[#This Row],[Mtr_Export (kWh)]],"") | AA609: =IFERROR(Y609-Z609,"") | AB609: =IFERROR(_xlfn.XLOOKUP($A609,Input_Raw!$E:$E,Input_Raw!$CZ:$CZ),"") | AC609: =IFERROR(_xlfn.XLOOKUP($D609,'Modelling New'!$D:$D,'Modelling New'!$J:$J),"") | AD609: =IFERROR(_xlfn.XLOOKUP($D609,'Modelling New'!$D:$D,'Modelling New'!$T:$T)*1000,"") | AF609: =IFERROR(_xlfn.XLOOKUP($D609,'Modelling New'!$D:$D,'Modelling New'!$W:$W),"") | AG609: =IFERROR(_xlfn.XLOOKUP($D609,'Modelling New'!$D:$D,'Modelling New'!$AE:$AE),"") | AH609: =IFERROR(_xlfn.XLOOKUP($D609,'Modelling New'!$D:$D,'Modelling New'!$AF:$AF),"") | AI609: =IFERROR(_xlfn.XLOOKUP($A609,Input_Raw!$E:$E,Input_Raw!$DG:$DG),"") | AN609: =IFERROR(_xlfn.XLOOKUP($A609,Input_Raw!$E:$E,Input_Raw!$CY:$CY),"") | AO609: =IFERROR((_xlfn.XLOOKUP($A609,'WTG Reactive Power'!$A:$A,'WTG Reactive Power'!AB:AB))/X609,"") | AP609: =IFERROR(_xlfn.XLOOKUP($D609,'Modelling New'!$D:$D,'Modelling New'!AK:AK),"") | AQ609: =IFERROR(_xlfn.XLOOKUP($D609,'Modelling New'!$D:$D,'Modelling New'!AL:AL),"") | AR609: =IFERROR(_xlfn.XLOOKUP($D609,'Modelling New'!$D:$D,'Modelling New'!$N:$N),"")

Sheet Input_Raw
E1: 1 | F1: =E1+1 -> 2 | G1: =F1+1 -> 3 | H1: =G1+1 -> 4 | I1: =H1+1 -> 5 | J1: =I1+1 -> 6 | K1: =J1+1 -> 7 | L1: =K1+1 -> 8 | M1: =L1+1 -> 9 | ... BE1: =BD1+1 -> 53 | BG1: =BE1+1 -> 54 | BH1: =BG1+1 -> 55 | BI1: =BH1+1 -> 56 | BJ1: =BI1+1 -> 57 | BK1: =BJ1+1 -> 58 | BM1: =BK1+1 -> 59 | BN1: =BM1+1 -> 60 | BO1: =BN1+1 -> 61 | BP1: =BO1+1 -> 62 | BQ1: =BP1+1 -> 63 | BR1: =BQ1+1 -> 64 | BS1: =BR1+1 -> 65 | BT1: =BS1+1 -> 66 | BU1: =BT1+1 -> 67 | ... DI1: =DH1+1 -> 107
H2: O2R1 | I2: O2R3 | J2: O2R1 | K2: O2R3 | L2: O2R3 | M2: O2R3 | N2: O2R3 | O2: O2R3 | P2: O2R3 | Q2: O2R1 | R2: O2R1 | S2: O2R1 | T2: O2R1 | U2: O2R1 | V2: O2R1 | W2: O2R2 | X2: O2R2 | Y2: O2R4 | Z2: O2R1 | AA2: O2R1 | AB2: O2R3 | AC2: O2R3 | AD2: O2R3 | AE2: O2R1 | AF2: O2R3 | AG2: O2R1 | AH2: O2R3 | AI2: O2R3 | AJ2: O2R3 | AK2: O2R3 | AL2: O2R3 | AM2: O2R3 | AN2: O2R1 | AO2: O2R1 | AP2: O2R1 | AQ2: O2R1 | AR2: O2R1 | AS2: O2R1 | AT2: O2R2 | AU2: O2R2 | AV2: O2R4 | AW2: O2R1 | AX2: O2R1 | AY2: O2R3 | AZ2: O2R3 | BA2: O2R3 | BO2: 0.243 | BW2: 0 | BX2: 92.547 | BY2: 0.062 | BZ2: 0.088 | CA2: 0.178 | CB2: 0.35 | CD2: 0 | CE2: 0.1
H3: Energy Generated by individual Turbine | BO3: Meter Readings | CF3: Calculated Energy Numbers
A4: Finacial Year | B4: Calendar Year | C4: Month Year | D4: Days | E4: Date | F4: Sunrise Time (POA>20 W/m2) | G4: Sunset Time (POA<20 W/m2) | H4: KUD01 | I4: KUD02 | J4: KUD03 | K4: KUD04 | L4: KUD05 | M4: KUD06 | N4: KUD07 | O4: KUD08 | P4: KUD09 | Q4: KUD10 | R4: KUD11 | S4: KUD12 | T4: KUD13 | U4: KUD14 | V4: KUD15 | W4: KUD16 | X4: KUD17 | Y4: KUD18 | Z4: KUD19 | AA4: KUD20 | AB4: KUD21 | AC4: KUD22 | AD4: KUD23 | AE4: WS_KUD01 | AF4: WS_KUD02 | AG4: WS_KUD03 | AH4: WS_KUD04 | AI4: WS_KUD05 | AJ4: WS_KUD06 | AK4: WS_KUD07 | AL4: WS_KUD08 | AM4: WS_KUD09 | AN4: WS_KUD10 | AO4: WS_KUD11 | AP4: WS_KUD12 | AQ4: WS_KUD13 | AR4: WS_KUD14 | AS4: WS_KUD15 | AT4: WS_KUD16 | AU4: WS_KUD17 | AV4: WS_KUD18 | AW4: WS_KUD19 | AX4: WS_KUD20 | AY4: WS_KUD21 | AZ4: WS_KUD22 | BA4: WS_KUD23 | BB4: WTG Total Gneration (MWh) O2R1 | BC4: WTG Total Gneration (MWh) O2R2 | BD4: WTG Total Gneration (MWh) O2R5 | BE4: WTG Total Gneration (MWh) O2R4 | BF4: WTG Total Gneration (MWh) O2R16 | BG4: WTG Total Gneration (MWh) | BH4: Wind Speed Average (m/S)-O2R1 | BI4: Wind Speed Average (m/S)-O2R2 | BJ4: Wind Speed Average (m/S)-O2R5 | BK4: Wind Speed Average (m/S)-O2R4 | BL4: Wind Speed Average (m/S)-O2R16 | BM4: Wind Speed Average cumulative (m/S)2 | BN4: Wind Speed Max (m/S) | BO4: 33 kV_Wind_F1_Export reading | BP4: 33 kV_Wind_F2_Export_reading | BQ4: 33 kV_Wind_F3_Export_Reading | BR4: 33 kV_Wind_F4_Export Reading | BS4: 33 kV_Solar_F1_Export Reading | BT4: 33kV_Solar_F2_Export Reading | BU4: 33 kV_Solar_F3_Export reading | BV4: 32kV_Solar_F4_Export reading | BW4: 33kV_OG1_Export reading | BX4: 33kV_OG2_Export reading | BY4: 220kV_TX1_Export reading | BZ4: 220kV_Tx2_Export reading | CA4: 220kV_TL_TVM Export Reading | CB4: 220kV_C&R_PQM reading | CC4: 220KV_C&R_PQM Import Reading | CD4: 33kV_Aux1 Import Reading | CE4: 33kV_Aux2_Import reading | CF4: 33 kV_Wind_F1_Energy (MWh) | CG4: 33 kV_Wind_F2_Export_reading2 | CH4: 33 kV_Wind_F3_Export_Reading3 | CI4: 33 kV_Wind_F4_Energy (MWh) | CJ4: 33 kV_Solar_F1_Energy (kWh) | CK4: 32kV_Solar_F2_Energy (MWh) | CL4: 33 kV_Solar_F3_Energy (MWh) | CM4: 32kV_Solar_F4_Energy (MWh) | CN4: 33kV_OG1_Energy (MWh) | CO4: 33kV_OG2_Energy (MWh) | CP4: 220kV_TX1_Energy (MWh) | CQ4: 220kV_Tx2_Energy (MWh) | CR4: 220kV_TL_TVM Energy (MWh) | CS4: 220kV_C&R_PQM xport (MWh) | CT4: 220KV_C&R_PQM Import (MWh) | CU4: 33kV_Aux1 Import (MWh) | CV4: 33kV_Aux2_Import (MWh) | CW4: 33 kV Total Export (MWH) | CX4: 220 KV Net Export (MWh) | CY4: 33 kV Line Loss (%) | CZ4: Connected Wind AC Capcity(MW) | DA4: Forecasting Data count received on Forecasting Portal | DB4: Forecasting Penalties (INR) | DC4: Solar Operating Hours | DD4: Solar Export (33 KV) | DE4: Connected DC Capcity (MWp) | DF4: Wind Export (33 KV) | DG4: Expected Energy as per power curve. (MWh) | DH4: Reactive Energy (MVArH) | DI4: Remarks
A5: =YEAR(RD[[#This Row],[Date]])+IF(MONTH(RD[[#This Row],[Date]])>=4,1,0) -> 2025 | B5: =YEAR(RD[[#This Row],[Date]]) -> 2025 | C5: =E5-DAY(E5)+1 -> 45717 | D5: =DAY(EOMONTH(RD[[#This Row],[Date]],0)) -> 31 | E5: 45745 | F5: 0.27777778 | G5: 0.75625 | H5: 8163 | I5: 7999 | J5: 6816 | K5: 6903 | L5: 6419 | M5: 6338 | N5: 6456 | O5: 7033 | P5: 6573 | Q5: 6531 | R5: 6647 | S5: 7902 | T5: 6466 | U5: 5847 | V5: 8221 | W5: 8004 | X5: 8148 | Y5: 6966 | Z5: 6111 | AA5: 6391 | AB5: 7471 | AC5: 7082 | AD5: 6865 | AE5: 4.7096552 | AF5: 4.7281655 | AG5: 4.7628345 | AH5: 4.4263586 | AI5: 4.4909793 | AJ5: 4.5441793 | AK5: 4.5990276 | AL5: 4.6445655 | AM5: 4.6691724 | AN5: 4.5270138 | AO5: 4.7395379 | AP5: 4.7118138 | AQ5: 4.4853379 | AR5: 4.3709241 | AS5: 4.8999172 | AT5: 4.7251448 | AU5: 4.8149034 | AV5: 4.535669 | AW5: 4.3866897 | AX5: 4.5678138 | AY5: 4.8013172 | AZ5: 4.6910483 | BA5: 4.6154552 | BB5: =SUM($H5,$J5,$Q5:$V5,$Z5:$AA5) -> 69095 | BC5: =SUM($W5:$X5) -> 16152 | BD5: =SUM(I5,K5,L5,M5,P5,AB5,AC5,AD5) -> 55650 | BE5: =Y5 -> 6966 | BF5: =SUM($N5:$O5) -> 13489 | BG5: =SUM(RD[[#This Row],[KUD01]:[KUD23]]) -> 161352 | BH5: =IFERROR(AVERAGE(AE5,AG5,AN5:AS5,AW5:AX5),"") -> 4.6161538 | BI5: =IFERROR(AVERAGE(AT5,AU5),"") -> 4.7700241 | BJ5: =IFERROR(AVERAGE(AF5,AH5:AM5,AY5:BA5),"") -> 4.6210269 | BK5: =AV5 -> 4.535669 | BL5: =IFERROR(AVERAGEIF(RD[[#This Row],[WS_KUD07]:[WS_KUD08]],"<>0",RD[[#This Row],[WS_KUD07]:[WS_KUD08]]),"") -> 4.6217966 | BM5: =IFERROR(AVERAGE(RD[[#This Row],[WS_KUD01]:[WS_KUD23]]),"") -> 4.6281532 | BN5: =IFERROR(MAX(RD[[#This Row],[WS_KUD01]:[WS_KUD23]]),"") -> 4.8999172 | BO5: 640.305 | BP5: 871.588 | BQ5: 30.191 | BR5: 204.912 | BS5: 151.257 | BT5: 261.385 | BV5: 52.309 | BW5: 172960 | BX5: 237651 | BY5: 101.821 | BZ5: 56.494 | CA5: 254.618 | CB5: 79.673 | CC5: 0.102 | CD5: 280.229 | CE5: 0 | CF5: =IF((RD[[#This Row],[33 kV_Wind_F1_Export reading]]-#REF!)*165000<=0,"",(RD[[#This Row],[33 kV_Wind_F1_Export reading]]-#REF!)*165000) -> #REF! | CG5: =IF((RD[[#This Row],[33 kV_Wind_F2_Export_reading]]-#REF!)*165000<=0,"",(RD[[#This Row],[33 kV_Wind_F2_Export_reading]]-#REF!)*165000) -> #REF! | CH5: =IF((RD[[#This Row],[33 kV_Wind_F3_Export_Reading]]-#REF!)*225000<=0,"",(RD[[#This Row],[33 kV_Wind_F3_Export_Reading]]-#REF!)*225000) -> #REF! | CI5: =IF((RD[[#This Row],[33 kV_Wind_F4_Export Reading]]-#REF!)*165000<=0,"",(RD[[#This Row],[33 kV_Wind_F4_Export Reading]]-#REF!)*165000) -> #REF! | CJ5: =IF((RD[[#This Row],[33 kV_Solar_F1_Export Reading]]-#REF!)*225000<=0,"",(RD[[#This Row],[33 kV_Solar_F1_Export Reading]]-#REF!)*225000) -> #REF! | CK5: =IF((RD[[#This Row],[33kV_Solar_F2_Export Reading]]-#REF!)*225000<=0,"",(RD[[#This Row],[33kV_Solar_F2_Export Reading]]-#REF!)*225000) -> #REF! | CL5: =IF((RD[[#This Row],[33 kV_Solar_F3_Export reading]]-#REF!)*225000<=0,"",(RD[[#This Row],[33 kV_Solar_F3_Export reading]]-#REF!)*225000) -> #REF! | CM5: =IF((RD[[#This Row],[32kV_Solar_F4_Export reading]]-#REF!)*225000<=0,"",(RD[[#This Row],[32kV_Solar_F4_Export reading]]-#REF!)*225000) -> #REF! | CN5: =IF((RD[[#This Row],[33kV_OG1_Export reading]]-#REF!)*1000<=0,0,(RD[[#This Row],[33kV_OG1_Export reading]]-#REF!)*1000) -> #REF! | CO5: =IFERROR(IF((RD[[#This Row],[33kV_OG2_Export reading]]-#REF!)*1000<=0,0,(RD[[#This Row],[33kV_OG2_Export reading]]-#REF!)*1000),0) -> 0 | CP5: =IF((RD[[#This Row],[220kV_TX1_Export reading]]-#REF!)*800000<=0,0,(RD[[#This Row],[220kV_TX1_Export reading]]-#REF!)*800000) -> #REF! | CQ5: =IF((RD[[#This Row],[220kV_Tx2_Export reading]]-#REF!)*800000<=0,0,(RD[[#This Row],[220kV_Tx2_Export reading]]-#REF!)*800000) -> #REF! | CR5: =IF((RD[[#This Row],[220kV_TL_TVM Export Reading]]-#REF!)*1600000<=0,0,(RD[[#This Row],[220kV_TL_TVM Export Reading]]-#REF!)*1600000) -> #REF! | CS5: =IF((RD[[#This Row],[220kV_C&R_PQM reading]]-#REF!)*1600000<=0,"",(RD[[#This Row],[220kV_C&R_PQM reading]]-#REF!)*1600000) -> #REF! | CT5: =IFERROR(IF((RD[[#This Row],[220KV_C&R_PQM Import Reading]]-#REF!)*1600000<=0,0,(RD[[#This Row],[220KV_C&R_PQM Import Reading]]-#REF!)*1600000),"") | CU5: =IF((RD[[#This Row],[33kV_Aux1 Import Reading]]-#REF!)*1000<=0,"",(RD[[#This Row],[33kV_Aux1 Import Reading]]-#REF!)*1000) -> #REF! | CV5: =IF((RD[[#This Row],[33kV_Aux2_Import reading]]-#REF!)*1000<=0,"",(RD[[#This Row],[33kV_Aux2_Import reading]]-#REF!)*1000) -> #REF! | CW5: =IFERROR(RD[[#This Row],[33kV_OG1_Energy (MWh)]]+RD[[#This Row],[33kV_OG2_Energy (MWh)]],"") | CX5: =IFERROR(RD[[#This Row],[220kV_TL_TVM Energy (MWh)]]-RD[[#This Row],[220KV_C&R_PQM Import (MWh)]],"") | CY5: =IFERROR(RD[[#This Row],[33 kV Total Export (MWH)]]/RD[[#This Row],[220 KV Net Export (MWh)]]-1,"") | CZ5: =23*2.2 -> 50.6 | DA5: 97 | DC5: =IFERROR((RD[[#This Row],[Sunset Time (POA<20 W/m2)]]-RD[[#This Row],[Sunrise Time (POA>20 W/m2)]])*24,0) -> 11.483333 | DD5: =SUM(RD[[#This Row],[33 kV_Wind_F3_Export_Reading3]],CJ5,CK5,CL5,CM5) -> #REF! | DE5: 140 | DF5: =SUM(CG5,CI5) -> #REF! | DH5: ='WTG Reactive Power'!AB3 -> 501.8
A6: =YEAR(RD[[#This Row],[Date]])+IF(MONTH(RD[[#This Row],[Date]])>=4,1,0) -> 2025 | B6: =YEAR(RD[[#This Row],[Date]]) -> 2025 | C6: =E6-DAY(E6)+1 -> 45717 | D6: =DAY(EOMONTH(RD[[#This Row],[Date]],0)) -> 31 | E6: =E5+1 -> 45746 | F6: 0.27847222 | G6: 0.75555556 | H6: 7709 | I6: 7920 | J6: 6107 | K6: 7493 | L6: 6504 | M6: 6204 | N6: 5644 | O6: 7074 | P6: 6508 | Q6: 6334 | R6: 6041 | S6: 7562 | T6: 5895 | U6: 5797 | V6: 7468 | W6: 7746 | X6: 8179 | Y6: 6312 | Z6: 7375 | AA6: 6964 | AB6: 7910 | AC6: 4719 | AD6: 7288 | AE6: 4.5044828 | AF6: 4.5393241 | AG6: 4.424669 | AH6: 4.3053517 | AI6: 4.2959655 | AJ6: 4.3105241 | AK6: 4.2500414 | AL6: 4.4346897 | AM6: 4.4602345 | AN6: 4.2418897 | AO6: 4.3499103 | AP6: 4.3278759 | AQ6: 4.1786828 | AR6: 4.1567241 | AS6: 4.6498207 | AT6: 4.5690828 | AU6: 4.6202207 | AV6: 4.2921862 | AW6: 4.4718 | AX6: 4.3342138 | AY6: 4.6070069 | AZ6: 4.3097279 | BA6: 4.4266069 | BB6: =SUM($H6,$J6,$Q6:$V6,$Z6:$AA6) -> 67252 | BC6: =SUM($W6:$X6) -> 15925 | BD6: =SUM(I6,K6,L6,M6,P6,AB6,AC6,AD6) -> 54546 | BE6: =Y6 -> 6312 | BF6: =SUM($N6:$O6) -> 12718 | BG6: =SUM(RD[[#This Row],[KUD01]:[KUD23]]) -> 156753 | BH6: =IFERROR(AVERAGE(AE6,AG6,AN6:AS6,AW6:AX6),"") -> 4.3640069 | BI6: =IFERROR(AVERAGE(AT6,AU6),"") -> 4.5946517 | BJ6: =IFERROR(AVERAGE(AF6,AH6:AM6,AY6:BA6),"") -> 4.3939473 | BK6: =AV6 -> 4.2921862 | BL6: =IFERROR(AVERAGEIF(RD[[#This Row],[WS_KUD07]:[WS_KUD08]],"<>0",RD[[#This Row],[WS_KUD07]:[WS_KUD08]]),"") -> 4.3423655 | BM6: =IFERROR(AVERAGE(RD[[#This Row],[WS_KUD01]:[WS_KUD23]]),"") -> 4.3939579 | BN6: =IFERROR(MAX(RD[[#This Row],[WS_KUD01]:[WS_KUD23]]),"") -> 4.6498207 | BO6: 640.305 | BP6: 872.079 | BQ6: 31.147 | BR6: 205.358 | BS6: 151.991 | BT6: 262.144 | BV6: 53.017 | BW6: 173456 | BX6: 238019 | BY6: 102.43 | BZ6: 56.95 | CA6: 255.154 | CB6: 80.209 | CC6: 0.102 | CD6: 280.639 | CE6: 0 | CF6: =IF((RD[[#This Row],[33 kV_Wind_F1_Export reading]]-BO5)*165000<=0,"",(RD[[#This Row],[33 kV_Wind_F1_Export reading]]-BO5)*165000) | CG6: =IF((RD[[#This Row],[33 kV_Wind_F2_Export_reading]]-BP5)*165000<=0,"",(RD[[#This Row],[33 kV_Wind_F2_Export_reading]]-BP5)*165000) -> 81015 | CH6: =IF((RD[[#This Row],[33 kV_Wind_F3_Export_Reading]]-BQ5)*225000<=0,"",(RD[[#This Row],[33 kV_Wind_F3_Export_Reading]]-BQ5)*225000) -> 215100 | CI6: =IF((RD[[#This Row],[33 kV_Wind_F4_Export Reading]]-BR5)*165000<=0,"",(RD[[#This Row],[33 kV_Wind_F4_Export Reading]]-BR5)*165000) -> 73590 | CJ6: =IF((RD[[#This Row],[33 kV_Solar_F1_Export Reading]]-BS5)*225000<=0,"",(RD[[#This Row],[33 kV_Solar_F1_Export Reading]]-BS5)*225000) -> 165150 | CK6: =IF((RD[[#This Row],[33kV_Solar_F2_Export Reading]]-BT5)*225000<=0,"",(RD[[#This Row],[33kV_Solar_F2_Export Reading]]-BT5)*225000) -> 170775 | CL6: =IF((RD[[#This Row],[33 kV_Solar_F3_Export reading]]-BU5)*225000<=0,"",(RD[[#This Row],[33 kV_Solar_F3_Export reading]]-BU5)*225000) | CM6: =IF((RD[[#This Row],[32kV_Solar_F4_Export reading]]-BV5)*225000<=0,"",(RD[[#This Row],[32kV_Solar_F4_Export reading]]-BV5)*225000) -> 159300 | CN6: =IF((RD[[#This Row],[33kV_OG1_Export reading]]-BW5)*1000<=0,0,(RD[[#This Row],[33kV_OG1_Export reading]]-BW5)*1000) -> 496000 | CO6: =IFERROR(IF((RD[[#This Row],[33kV_OG2_Export reading]]-BX5)*1000<=0,0,(RD[[#This Row],[33kV_OG2_Export reading]]-BX5)*1000),0) -> 368000 | CP6: =IF((RD[[#This Row],[220kV_TX1_Export reading]]-BY5)*800000<=0,0,(RD[[#This Row],[220kV_TX1_Export reading]]-BY5)*800000) -> 487200 | CQ6: =IF((RD[[#This Row],[220kV_Tx2_Export reading]]-BZ5)*800000<=0,0,(RD[[#This Row],[220kV_Tx2_Export reading]]-BZ5)*800000) -> 364800 | CR6: =IF((RD[[#This Row],[220kV_TL_TVM Export Reading]]-CA5)*1600000<=0,0,(RD[[#This Row],[220kV_TL_TVM Export Reading]]-CA5)*1600000) -> 857600 | CS6: =IF((RD[[#This Row],[220kV_C&R_PQM reading]]-CB5)*1600000<=0,"",(RD[[#This Row],[220kV_C&R_PQM reading]]-CB5)*1600000) -> 857600 | CT6: =IFERROR(IF((RD[[#This Row],[220KV_C&R_PQM Import Reading]]-CC5)*1600000<=0,0,(RD[[#This Row],[220KV_C&R_PQM Import Reading]]-CC5)*1600000),"") -> 0 | CU6: =IF((RD[[#This Row],[33kV_Aux1 Import Reading]]-CD5)*1000<=0,"",(RD[[#This Row],[33kV_Aux1 Import Reading]]-CD5)*1000) -> 410 | CV6: =IF((RD[[#This Row],[33kV_Aux2_Import reading]]-CE5)*1000<=0,"",(RD[[#This Row],[33kV_Aux2_Import reading]]-CE5)*1000) | CW6: =IFERROR(RD[[#This Row],[33kV_OG1_Energy (MWh)]]+RD[[#This Row],[33kV_OG2_Energy (MWh)]],"") -> 864000 | CX6: =IFERROR(RD[[#This Row],[220kV_TL_TVM Energy (MWh)]]-RD[[#This Row],[220KV_C&R_PQM Import (MWh)]],"") -> 857600 | CY6: =IFERROR(RD[[#This Row],[33 kV Total Export (MWH)]]/RD[[#This Row],[220 KV Net Export (MWh)]]-1,"") -> 0.0074626866 | CZ6: =23*2.2 -> 50.6 | DA6: 97 | DC6: =IFERROR((RD[[#This Row],[Sunset Time (POA<20 W/m2)]]-RD[[#This Row],[Sunrise Time (POA>20 W/m2)]])*24,0) -> 11.45 | DD6: =SUM(RD[[#This Row],[33 kV_Wind_F3_Export_Reading3]],CJ6,CK6,CL6,CM6) -> 710325 | DE6: 140 | DF6: =SUM(CG6,CI6) -> 154605 | DH6: ='WTG Reactive Power'!AB4 -> 1145.6
A7: =YEAR(RD[[#This Row],[Date]])+IF(MONTH(RD[[#This Row],[Date]])>=4,1,0) -> 2025 | B7: =YEAR(RD[[#This Row],[Date]]) -> 2025 | C7: =E7-DAY(E7)+1 -> 45717 | D7: =DAY(EOMONTH(RD[[#This Row],[Date]],0)) -> 31 | E7: =E6+1 -> 45747 | F7: 0.27986111 | G7: 0.76041667 | H7: 9913 | I7: 9093 | J7: 7804 | K7: 7443 | L7: 7551 | M7: 8626 | N7: 8300 | O7: 7392 | P7: 7198 | Q7: 7370 | R7: 8169 | S7: 9213 | T7: 8120 | U7: 7654 | V7: 8675 | W7: 8963 | X7: 9543 | Y7: 7119 | Z7: 7318 | AA7: 8571 | AB7: 8942 | AC7: 7472 | AD7: 9821 | AE7: 4.9128 | AF7: 4.8252483 | AG7: 4.684931 | AH7: 4.3955517 | AI7: 4.4859448 | AJ7: 4.6024345 | AK7: 4.5917793 | AL7: 4.5635103 | AM7: 4.600069 | AN7: 4.4341862 | AO7: 4.6571793 | AP7: 4.7439724 | AQ7: 4.5720207 | AR7: 4.4583724 | AS7: 4.9120138 | AT7: 4.8489034 | AU7: 4.9286414 | AV7: 4.5778069 | AW7: 4.5200759 | AX7: 4.6815103 | AY7: 4.9601793 | AZ7: 4.7637379 | BA7: 5.0213586 | BB7: =SUM($H7,$J7,$Q7:$V7,$Z7:$AA7) -> 82807 | BC7: =SUM($W7:$X7) -> 18506 | BD7: =SUM(I7,K7,L7,M7,P7,AB7,AC7,AD7) -> 66146 | BE7: =Y7 -> 7119 | BF7: =SUM($N7:$O7) -> 15692 | BG7: =SUM(RD[[#This Row],[KUD01]:[KUD23]]) -> 190270 | BH7: =IFERROR(AVERAGE(AE7,AG7,AN7:AS7,AW7:AX7),"") -> 4.6577062 | BI7: =IFERROR(AVERAGE(AT7,AU7),"") -> 4.8887724 | BJ7: =IFERROR(AVERAGE(AF7,AH7:AM7,AY7:BA7),"") -> 4.6809814 | BK7: =AV7 -> 4.5778069 | BL7: =IFERROR(AVERAGEIF(RD[[#This Row],[WS_KUD07]:[WS_KUD08]],"<>0",RD[[#This Row],[WS_KUD07]:[WS_KUD08]]),"") -> 4.5776448 | BM7: =IFERROR(AVERAGE(RD[[#This Row],[WS_KUD01]:[WS_KUD23]]),"") -> 4.6844447 | BN7: =IFERROR(MAX(RD[[#This Row],[WS_KUD01]:[WS_KUD23]]),"") -> 5.0213586 | BO7: 640.305 | BP7: 872.673 | BQ7: 32.101 | BR7: 205.896 | BS7: 152.726 | BT7: 262.905 | BV7: 53.721 | BW7: 173951 | BX7: 238421 | BY7: 103.051 | BZ7: 57.445 | CA7: 255.709 | CB7: 80.765 | CC7: 0.102 | CD7: 281.059 | CE7: 0 | CF7: =IF((RD[[#This Row],[33 kV_Wind_F1_Export reading]]-BO6)*165000<=0,"",(RD[[#This Row],[33 kV_Wind_F1_Export reading]]-BO6)*165000) | CG7: =IF((RD[[#This Row],[33 kV_Wind_F2_Export_reading]]-BP6)*165000<=0,"",(RD[[#This Row],[33 kV_Wind_F2_Export_reading]]-BP6)*165000) -> 98010 | CH7: =IF((RD[[#This Row],[33 kV_Wind_F3_Export_Reading]]-BQ6)*225000<=0,"",(RD[[#This Row],[33 kV_Wind_F3_Export_Reading]]-BQ6)*225000) -> 214650 | CI7: =IF((RD[[#This Row],[33 kV_Wind_F4_Export Reading]]-BR6)*165000<=0,"",(RD[[#This Row],[33 kV_Wind_F4_Export Reading]]-BR6)*165000) -> 88770 | CJ7: =IF((RD[[#This Row],[33 kV_Solar_F1_Export Reading]]-BS6)*225000<=0,"",(RD[[#This Row],[33 kV_Solar_F1_Export Reading]]-BS6)*225000) -> 165375 | CK7: =IF((RD[[#This Row],[33kV_Solar_F2_Export Reading]]-BT6)*225000<=0,"",(RD[[#This Row],[33kV_Solar_F2_Export Reading]]-BT6)*225000) -> 171225 | CL7: =IF((RD[[#This Row],[33 kV_Solar_F3_Export reading]]-BU6)*225000<=0,"",(RD[[#This Row],[33 kV_Solar_F3_Export reading]]-BU6)*225000) | CM7: =IF((RD[[#This Row],[32kV_Solar_F4_Export reading]]-BV6)*225000<=0,"",(RD[[#This Row],[32kV_Solar_F4_Export reading]]-BV6)*225000) -> 158400 | CN7: =IF((RD[[#This Row],[33kV_OG1_Export reading]]-BW6)*1000<=0,0,(RD[[#This Row],[33kV_OG1_Export reading]]-BW6)*1000) -> 495000 | CO7: =IFERROR(IF((RD[[#This Row],[33kV_OG2_Export reading]]-BX6)*1000<=0,0,(RD[[#This Row],[33kV_OG2_Export reading]]-BX6)*1000),0) -> 402000 | CP7: =IF((RD[[#This Row],[220kV_TX1_Export reading]]-BY6)*800000<=0,0,(RD[[#This Row],[220kV_TX1_Export reading]]-BY6)*800000) -> 496800 | CQ7: =IF((RD[[#This Row],[220kV_Tx2_Export reading]]-BZ6)*800000<=0,0,(RD[[#This Row],[220kV_Tx2_Export reading]]-BZ6)*800000) -> 396000 | CR7: =IF((RD[[#This Row],[220kV_TL_TVM Export Reading]]-CA6)*1600000<=0,0,(RD[[#This Row],[220kV_TL_TVM Export Reading]]-CA6)*1600000) -> 888000 | CS7: =IF((RD[[#This Row],[220kV_C&R_PQM reading]]-CB6)*1600000<=0,"",(RD[[#This Row],[220kV_C&R_PQM reading]]-CB6)*1600000) -> 889600 | CT7: =IFERROR(IF((RD[[#This Row],[220KV_C&R_PQM Import Reading]]-CC6)*1600000<=0,0,(RD[[#This Row],[220KV_C&R_PQM Import Reading]]-CC6)*1600000),"") -> 0 | CU7: =IF((RD[[#This Row],[33kV_Aux1 Import Reading]]-CD6)*1000<=0,"",(RD[[#This Row],[33kV_Aux1 Import Reading]]-CD6)*1000) -> 420 | CV7: =IF((RD[[#This Row],[33kV_Aux2_Import reading]]-CE6)*1000<=0,"",(RD[[#This Row],[33kV_Aux2_Import reading]]-CE6)*1000) | CW7: =IFERROR(RD[[#This Row],[33kV_OG1_Energy (MWh)]]+RD[[#This Row],[33kV_OG2_Energy (MWh)]],"") -> 897000 | CX7: =IFERROR(RD[[#This Row],[220kV_TL_TVM Energy (MWh)]]-RD[[#This Row],[220KV_C&R_PQM Import (MWh)]],"") -> 888000 | CY7: =IFERROR(RD[[#This Row],[33 kV Total Export (MWH)]]/RD[[#This Row],[220 KV Net Export (MWh)]]-1,"") -> 0.010135135 | CZ7: =23*2.2 -> 50.6 | DA7: 97 | DC7: =IFERROR((RD[[#This Row],[Sunset Time (POA<20 W/m2)]]-RD[[#This Row],[Sunrise Time (POA>20 W/m2)]])*24,0) -> 11.533333 | DD7: =SUM(RD[[#This Row],[33 kV_Wind_F3_Export_Reading3]],CJ7,CK7,CL7,CM7) -> 709650 | DE7: 140 | DF7: =SUM(CG7,CI7) -> 186780 | DH7: ='WTG Reactive Power'!AB5 -> 895.8
A8: =YEAR(RD[[#This Row],[Date]])+IF(MONTH(RD[[#This Row],[Date]])>=4,1,0) -> 2026 | B8: =YEAR(RD[[#This Row],[Date]]) -> 2025 | C8: =E8-DAY(E8)+1 -> 45748 | D8: =DAY(EOMONTH(RD[[#This Row],[Date]],0)) -> 30 | E8: =E7+1 -> 45748 | F8: 0.27638889 | G8: 0.75972222 | H8: 14549 | I8: 13503 | J8: 12079 | K8: 13030 | L8: 11535 | M8: 13133 | N8: 12647 | O8: 14115 | P8: 10479 | Q8: 12412 | R8: 12150 | S8: 14076 | T8: 12019 | U8: 11832 | V8: 13331 | W8: 12767 | X8: 13339 | Y8: 12206 | Z8: 11181 | AA8: 12012 | AB8: 13254 | AC8: 12545 | AD8: 13419 | AE8: 5.2326414 | AF8: 5.0782552 | AG8: 4.9551448 | AH8: 4.8301517 | AI8: 4.7406276 | AJ8: 4.8841103 | AK8: 4.877931 | AL8: 5.2245862 | AM8: 4.8300966 | AN8: 4.8519862 | AO8: 4.943331 | AP8: 4.9768 | AQ8: 4.8118 | AR8: 4.6980414 | AS8: 5.2482828 | AT8: 5.0486828 | AU8: 5.1337586 | AV8: 4.8600897 | AW8: 4.7953034 | AX8: 4.7980483 | AY8: 5.1906759 | AZ8: 5.0868828 | BA8: 5.1152897 | BB8: =SUM($H8,$J8,$Q8:$V8,$Z8:$AA8) -> 125641 | BC8: =SUM($W8:$X8) -> 26106 | BD8: =SUM(I8,K8,L8,M8,P8,AB8,AC8,AD8) -> 100898 | BE8: =Y8 -> 12206 | BF8: =SUM($N8:$O8) -> 26762 | BG8: =SUM(RD[[#This Row],[KUD01]:[KUD23]]) -> 291613 | BH8: =IFERROR(AVERAGE(AE8,AG8,AN8:AS8,AW8:AX8),"") -> 4.9311379 | BI8: =IFERROR(AVERAGE(AT8,AU8),"") -> 5.0912207 | BJ8: =IFERROR(AVERAGE(AF8,AH8:AM8,AY8:BA8),"") -> 4.9858607 | BK8: =AV8 -> 4.8600897 | BL8: =IFERROR(AVERAGEIF(RD[[#This Row],[WS_KUD07]:[WS_KUD08]],"<>0",RD[[#This Row],[WS_KUD07]:[WS_KUD08]]),"") -> 5.0512586 | BM8: =IFERROR(AVERAGE(RD[[#This Row],[WS_KUD01]:[WS_KUD23]]),"") -> 4.9657616 | BN8: =IFERROR(MAX(RD[[#This Row],[WS_KUD01]:[WS_KUD23]]),"") -> 5.2482828 | BO8: 640.305 | BP8: 873.578 | BQ8: 33.113 | BR8: 206.735 | BS8: 153.501 | BT8: 263.719 | BV8: 54.467 | BW8: 174476 | BX8: 238936 | BY8: 103.701 | BZ8: 58.079 | CA8: 256.354 | CB8: 81.409 | CC8: 0.103 | CD8: 281.509 | CE8: 0 | CF8: =IF((RD[[#This Row],[33 kV_Wind_F1_Export reading]]-BO7)*165000<=0,"",(RD[[#This Row],[33 kV_Wind_F1_Export reading]]-BO7)*165000) | CG8: =IF((RD[[#This Row],[33 kV_Wind_F2_Export_reading]]-BP7)*165000<=0,"",(RD[[#This Row],[33 kV_Wind_F2_Export_reading]]-BP7)*165000) -> 149325 | CH8: =IF((RD[[#This Row],[33 kV_Wind_F3_Export_Reading]]-BQ7)*225000<=0,"",(RD[[#This Row],[33 kV_Wind_F3_Export_Reading]]-BQ7)*225000) -> 227700 | CI8: =IF((RD[[#This Row],[33 kV_Wind_F4_Export Reading]]-BR7)*165000<=0,"",(RD[[#This Row],[33 kV_Wind_F4_Export Reading]]-BR7)*165000) -> 138435 | CJ8: =IF((RD[[#This Row],[33 kV_Solar_F1_Export Reading]]-BS7)*225000<=0,"",(RD[[#This Row],[33 kV_Solar_F1_Export Reading]]-BS7)*225000) -> 174375 | CK8: =IF((RD[[#This Row],[33kV_Solar_F2_Export Reading]]-BT7)*225000<=0,"",(RD[[#This Row],[33kV_Solar_F2_Export Reading]]-BT7)*225000) -> 183150 | CL8: =IF((RD[[#This Row],[33 kV_Solar_F3_Export reading]]-BU7)*225000<=0,"",(RD[[#This Row],[33 kV_Solar_F3_Export reading]]-BU7)*225000) | CM8: =IF((RD[[#This Row],[32kV_Solar_F4_Export reading]]-BV7)*225000<=0,"",(RD[[#This Row],[32kV_Solar_F4_Export reading]]-BV7)*225000) -> 167850 | CN8: =IF((RD[[#This Row],[33kV_OG1_Export reading]]-BW7)*1000<=0,0,(RD[[#This Row],[33kV_OG1_Export reading]]-BW7)*1000) -> 525000 | CO8: =IFERROR(IF((RD[[#This Row],[33kV_OG2_Export reading]]-BX7)*1000<=0,0,(RD[[#This Row],[33kV_OG2_Export reading]]-BX7)*1000),0) -> 515000 | CP8: =IF((RD[[#This Row],[220kV_TX1_Export reading]]-BY7)*800000<=0,0,(RD[[#This Row],[220kV_TX1_Export reading]]-BY7)*800000) -> 520000 | CQ8: =IF((RD[[#This Row],[220kV_Tx2_Export reading]]-BZ7)*800000<=0,0,(RD[[#This Row],[220kV_Tx2_Export reading]]-BZ7)*800000) -> 507200 | CR8: =IF((RD[[#This Row],[220kV_TL_TVM Export Reading]]-CA7)*1600000<=0,0,(RD[[#This Row],[220kV_TL_TVM Export Reading]]-CA7)*1600000) -> 1032000 | CS8: =IF((RD[[#This Row],[220kV_C&R_PQM reading]]-CB7)*1600000<=0,"",(RD[[#This Row],[220kV_C&R_PQM reading]]-CB7)*1600000) -> 1030400 | CT8: =IFERROR(IF((RD[[#This Row],[220KV_C&R_PQM Import Reading]]-CC7)*1600000<=0,0,(RD[[#This Row],[220KV_C&R_PQM Import Reading]]-CC7)*1600000),"") -> 1600 | CU8: =IF((RD[[#This Row],[33kV_Aux1 Import Reading]]-CD7)*1000<=0,"",(RD[[#This Row],[33kV_Aux1 Import Reading]]-CD7)*1000) -> 450 | CV8: =IF((RD[[#This Row],[33kV_Aux2_Import reading]]-CE7)*1000<=0,"",(RD[[#This Row],[33kV_Aux2_Import reading]]-CE7)*1000) | CW8: =IFERROR(RD[[#This Row],[33kV_OG1_Energy (MWh)]]+RD[[#This Row],[33kV_OG2_Energy (MWh)]],"") -> 1040000 | CX8: =IFERROR(RD[[#This Row],[220kV_TL_TVM Energy (MWh)]]-RD[[#This Row],[220KV_C&R_PQM Import (MWh)]],"") -> 1030400 | CY8: =IFERROR(RD[[#This Row],[33 kV Total Export (MWH)]]/RD[[#This Row],[220 KV Net Export (MWh)]]-1,"") -> 0.0093167702 | CZ8: =23*2.2 -> 50.6 | DA8: 97 | DC8: =IFERROR((RD[[#This Row],[Sunset Time (POA<20 W/m2)]]-RD[[#This Row],[Sunrise Time (POA>20 W/m2)]])*24,0) -> 11.6 | DD8: =SUM(RD[[#This Row],[33 kV_Wind_F3_Export_Reading3]],CJ8,CK8,CL8,CM8) -> 753075 | DE8: 140 | DF8: =SUM(CG8,CI8) -> 287760 | DG8: 292.87 | DH8: ='WTG Reactive Power'!AB6 -> 1533.4
A9: =YEAR(RD[[#This Row],[Date]])+IF(MONTH(RD[[#This Row],[Date]])>=4,1,0) -> 2026 | B9: =YEAR(RD[[#This Row],[Date]]) -> 2025 | C9: =E9-DAY(E9)+1 -> 45748 | D9: =DAY(EOMONTH(RD[[#This Row],[Date]],0)) -> 30 | E9: =E8+1 -> 45749 | F9: 0.28541667 | G9: 0.74305556 | H9: 10125 | I9: 8778 | J9: 7653 | K9: 9597 | L9: 8538 | M9: 9097 | N9: 7322 | O9: 11409 | P9: 8056 | Q9: 8250 | R9: 8145 | S9: 10146 | T9: 8814 | U9: 8041 | V9: 9575 | W9: 9553 | X9: 9367 | Y9: 7010 | Z9: 9702 | AA9: 11340 | AB9: 10084 | AC9: 8456 | AD9: 11048 | AE9: 4.8711931 | AF9: 4.6716897 | AG9: 4.6543586 | AH9: 4.7965139 | AI9: 4.670731 | AJ9: 4.7410207 | AK9: 4.6323862 | AL9: 5.0728621 | AM9: 4.6748966 | AN9: 4.6319034 | AO9: 4.7537931 | AP9: 4.7308966 | AQ9: 4.6183103 | AR9: 4.5076828 | AS9: 4.9560276 | AT9: 4.7868069 | AU9: 4.8632746 | AV9: 4.5062759 | AW9: 4.8806 | AX9: 5.0239724 | AY9: 5.0293034 | AZ9: 4.8389862 | BA9: 5.1333448 | BB9: =SUM($H9,$J9,$Q9:$V9,$Z9:$AA9) -> 91791 | BC9: =SUM($W9:$X9) -> 18920 | BD9: =SUM(I9,K9,L9,M9,P9,AB9,AC9,AD9) -> 73654 | BE9: =Y9 -> 7010 | BF9: =SUM($N9:$O9) -> 18731 | BG9: =SUM(RD[[#This Row],[KUD01]:[KUD23]]) -> 210106 | BH9: =IFERROR(AVERAGE(AE9,AG9,AN9:AS9,AW9:AX9),"") -> 4.7628738 | BI9: =IFERROR(AVERAGE(AT9,AU9),"") -> 4.8250408 | BJ9: =IFERROR(AVERAGE(AF9,AH9:AM9,AY9:BA9),"") -> 4.8261735 | BK9: =AV9 -> 4.5062759 | BL9: =IFERROR(AVERAGEIF(RD[[#This Row],[WS_KUD07]:[WS_KUD08]],"<>0",RD[[#This Row],[WS_KUD07]:[WS_KUD08]]),"") -> 4.8526241 | BM9: =IFERROR(AVERAGE(RD[[#This Row],[WS_KUD01]:[WS_KUD23]]),"") -> 4.7846448 | BN9: =IFERROR(MAX(RD[[#This Row],[WS_KUD01]:[WS_KUD23]]),"") -> 5.1333448 | BO9: 640.305 | BP9: 874.209 | BQ9: 34.07 | BR9: 207.345 | BS9: 154.238 | BT9: 264.451 | BV9: 55.17 | BW9: 174965 | BX9: 239353 | BY9: 104.305 | BZ9: 58.599 | CA9: 256.916 | CB9: 81.974 | CC9: 0.103 | CD9: 281.929 | CE9: 0 | CF9: =IF((RD[[#This Row],[33 kV_Wind_F1_Export reading]]-BO8)*165000<=0,"",(RD[[#This Row],[33 kV_Wind_F1_Export reading]]-BO8)*165000) | CG9: =IF((RD[[#This Row],[33 kV_Wind_F2_Export_reading]]-BP8)*165000<=0,"",(RD[[#This Row],[33 kV_Wind_F2_Export_reading]]-BP8)*165000) -> 104115 | CH9: =IF((RD[[#This Row],[33 kV_Wind_F3_Export_Reading]]-BQ8)*225000<=0,"",(RD[[#This Row],[33 kV_Wind_F3_Export_Reading]]-BQ8)*225000) -> 215325 | CI9: =IF((RD[[#This Row],[33 kV_Wind_F4_Export Reading]]-BR8)*165000<=0,"",(RD[[#This Row],[33 kV_Wind_F4_Export Reading]]-BR8)*165000) -> 100650 | CJ9: =IF((RD[[#This Row],[33 kV_Solar_F1_Export Reading]]-BS8)*225000<=0,"",(RD[[#This Row],[33 kV_Solar_F1_Export Reading]]-BS8)*225000) -> 165825 | CK9: =IF((RD[[#This Row],[33kV_Solar_F2_Export Reading]]-BT8)*225000<=0,"",(RD[[#This Row],[33kV_Solar_F2_Export Reading]]-BT8)*225000) -> 164700 | CL9: =IF((RD[[#This Row],[33 kV_Solar_F3_Export reading]]-BU8)*225000<=0,"",(RD[[#This Row],[33 kV_Solar_F3_Export reading]]-BU8)*225000) | CM9: =IF((RD[[#This Row],[32kV_Solar_F4_Export reading]]-BV8)*225000<=0,"",(RD[[#This Row],[32kV_Solar_F4_Export reading]]-BV8)*225000) -> 158175 | CN9: =IF((RD[[#This Row],[33kV_OG1_Export reading]]-BW8)*1000<=0,0,(RD[[#This Row],[33kV_OG1_Export reading]]-BW8)*1000) -> 489000 | CO9: =IFERROR(IF((RD[[#This Row],[33kV_OG2_Export reading]]-BX8)*1000<=0,0,(RD[[#This Row],[33kV_OG2_Export reading]]-BX8)*1000),0) -> 417000 | CP9: =IF((RD[[#This Row],[220kV_TX1_Export reading]]-BY8)*800000<=0,0,(RD[[#This Row],[220kV_TX1_Export reading]]-BY8)*800000) -> 483200 | CQ9: =IF((RD[[#This Row],[220kV_Tx2_Export reading]]-BZ8)*800000<=0,0,(RD[[#This Row],[220kV_Tx2_Export reading]]-BZ8)*800000) -> 416000 | CR9: =IF((RD[[#This Row],[220kV_TL_TVM Export Reading]]-CA8)*1600000<=0,0,(RD[[#This Row],[220kV_TL_TVM Export Reading]]-CA8)*1600000) -> 899200 | CS9: =IF((RD[[#This Row],[220kV_C&R_PQM reading]]-CB8)*1600000<=0,"",(RD[[#This Row],[220kV_C&R_PQM reading]]-CB8)*1600000) -> 904000 | CT9: =IFERROR(IF((RD[[#This Row],[220KV_C&R_PQM Import Reading]]-CC8)*1600000<=0,0,(RD[[#This Row],[220KV_C&R_PQM Import Reading]]-CC8)*1600000),"") -> 0 | CU9: =IF((RD[[#This Row],[33kV_Aux1 Import Reading]]-CD8)*1000<=0,"",(RD[[#This Row],[33kV_Aux1 Import Reading]]-CD8)*1000) -> 420 | CV9: =IF((RD[[#This Row],[33kV_Aux2_Import reading]]-CE8)*1000<=0,"",(RD[[#This Row],[33kV_Aux2_Import reading]]-CE8)*1000) | CW9: =IFERROR(RD[[#This Row],[33kV_OG1_Energy (MWh)]]+RD[[#This Row],[33kV_OG2_Energy (MWh)]],"") -> 906000 | CX9: =IFERROR(RD[[#This Row],[220kV_TL_TVM Energy (MWh)]]-RD[[#This Row],[220KV_C&R_PQM Import (MWh)]],"") -> 899200 | CY9: =IFERROR(RD[[#This Row],[33 kV Total Export (MWH)]]/RD[[#This Row],[220 KV Net Export (MWh)]]-1,"") -> 0.0075622776 | CZ9: =23*2.2 -> 50.6 | DA9: 97 | DC9: =IFERROR((RD[[#This Row],[Sunset Time (POA<20 W/m2)]]-RD[[#This Row],[Sunrise Time (POA>20 W/m2)]])*24,0) -> 10.983333 | DD9: =SUM(RD[[#This Row],[33 kV_Wind_F3_Export_Reading3]],CJ9,CK9,CL9,CM9) -> 704025 | DE9: 140 | DF9: =SUM(CG9,CI9) -> 204765 | DG9: 210.58 | DH9: ='WTG Reactive Power'!AB7 -> 917.2
A10: =YEAR(RD[[#This Row],[Date]])+IF(MONTH(RD[[#This Row],[Date]])>=4,1,0) -> 2026 | B10: =YEAR(RD[[#This Row],[Date]]) -> 2025 | C10: =E10-DAY(E10)+1 -> 45748 | D10: =DAY(EOMONTH(RD[[#This Row],[Date]],0)) -> 30 | E10: =E9+1 -> 45750 | F10: 0.28611111 | G10: 0.76944444 | H10: 5301 | I10: 5530 | J10: 6629 | K10: 5753 | L10: 5349 | M10: 6619 | N10: 5174 | O10: 6537 | P10: 5719 | Q10: 5543 | R10: 5937 | S10: 5780 | T10: 5056 | U10: 5014 | V10: 4958 | W10: 5633 | X10: 5729 | Y10: 5658 | Z10: 4437 | AA10: 5649 | AB10: 5189 | AC10: 5942 | AD10: 5759 | AE10: 4.1416261 | AF10: 3.9879034 | AG10: 4.4785391 | AH10: 4.005931 | AI10: 3.9573379 | AJ10: 4.0586276 | AK10: 4.0096418 | AL10: 4.3733478 | AM10: 4.1059448 | AN10: 4.0983333 | AO10: 4.4262174 | AP10: 4.314113 | AQ10: 4.2999909 | AR10: 4.1285652 | AS10: 4.169887 | AT10: 3.9403103 | AU10: 4.0039931 | AV10: 4.0062 | AW10: 4.2421071 | AX10: 4.4014609 | AY10: 3.957531 | AZ10: 4.1110069 | BA10: 3.9934207 | BB10: =SUM($H10,$J10,$Q10:$V10,$Z10:$AA10) -> 54304 | BC10: =SUM($W10:$X10) -> 11362 | BD10: =SUM(I10,K10,L10,M10,P10,AB10,AC10,AD10) -> 45860 | BE10: =Y10 -> 5658 | BF10: =SUM($N10:$O10) -> 11711 | BG10: =SUM(RD[[#This Row],[KUD01]:[KUD23]]) -> 128895 | BH10: =IFERROR(AVERAGE(AE10,AG10,AN10:AS10,AW10:AX10),"") -> 4.270084 | BI10: =IFERROR(AVERAGE(AT10,AU10),"") -> 3.9721517 | BJ10: =IFERROR(AVERAGE(AF10,AH10:AM10,AY10:BA10),"") -> 4.0560693 | BK10: =AV10 -> 4.0062 | BL10: =IFERROR(AVERAGEIF(RD[[#This Row],[WS_KUD07]:[WS_KUD08]],"<>0",RD[[#This Row],[WS_KUD07]:[WS_KUD08]]),"") -> 4.1914948 | BM10: =IFERROR(AVERAGE(RD[[#This Row],[WS_KUD01]:[WS_KUD23]]),"") -> 4.1396538 | BN10: =IFERROR(MAX(RD[[#This Row],[WS_KUD01]:[WS_KUD23]]),"") -> 4.4785391 | BO10: 640.305 | BP10: 874.619 | BQ10: 35.039 | BR10: 207.714 | BS10: 154.956 | BT10: 265.214 | BV10: 55.86 | BW10: 175454 | BX10: 239698 | BY10: 104.91 | BZ10: 59.024 | CA10: 257.434 | CB10: 82.491 | CC10: 0.104 | CD10: 282.329 | CE10: 0 | CF10: =IF((RD[[#This Row],[33 kV_Wind_F1_Export reading]]-BO9)*165000<=0,"",(RD[[#This Row],[33 kV_Wind_F1_Export reading]]-BO9)*165000) | CG10: =IF((RD[[#This Row],[33 kV_Wind_F2_Export_reading]]-BP9)*165000<=0,"",(RD[[#This Row],[33 kV_Wind_F2_Export_reading]]-BP9)*165000) -> 67650 | CH10: =IF((RD[[#This Row],[33 kV_Wind_F3_Export_Reading]]-BQ9)*225000<=0,"",(RD[[#This Row],[33 kV_Wind_F3_Export_Reading]]-BQ9)*225000) -> 218025 | CI10: =IF((RD[[#This Row],[33 kV_Wind_F4_Export Reading]]-BR9)*165000<=0,"",(RD[[#This Row],[33 kV_Wind_F4_Export Reading]]-BR9)*165000) -> 60885 | CJ10: =IF((RD[[#This Row],[33 kV_Solar_F1_Export Reading]]-BS9)*225000<=0,"",(RD[[#This Row],[33 kV_Solar_F1_Export Reading]]-BS9)*225000) -> 161550 | CK10: =IF((RD[[#This Row],[33kV_Solar_F2_Export Reading]]-BT9)*225000<=0,"",(RD[[#This Row],[33kV_Solar_F2_Export Reading]]-BT9)*225000) -> 171675 | CL10: =IF((RD[[#This Row],[33 kV_Solar_F3_Export reading]]-BU9)*225000<=0,"",(RD[[#This Row],[33 kV_Solar_F3_Export reading]]-BU9)*225000) | CM10: =IF((RD[[#This Row],[32kV_Solar_F4_Export reading]]-BV9)*225000<=0,"",(RD[[#This Row],[32kV_Solar_F4_Export reading]]-BV9)*225000) -> 155250 | CN10: =IF((RD[[#This Row],[33kV_OG1_Export reading]]-BW9)*1000<=0,0,(RD[[#This Row],[33kV_OG1_Export reading]]-BW9)*1000) -> 489000 | CO10: =IFERROR(IF((RD[[#This Row],[33kV_OG2_Export reading]]-BX9)*1000<=0,0,(RD[[#This Row],[33kV_OG2_Export reading]]-BX9)*1000),0) -> 345000 | CP10: =IF((RD[[#This Row],[220kV_TX1_Export reading]]-BY9)*800000<=0,0,(RD[[#This Row],[220kV_TX1_Export reading]]-BY9)*800000) -> 484000 | CQ10: =IF((RD[[#This Row],[220kV_Tx2_Export reading]]-BZ9)*800000<=0,0,(RD[[#This Row],[220kV_Tx2_Export reading]]-BZ9)*800000) -> 340000 | CR10: =IF((RD[[#This Row],[220kV_TL_TVM Export Reading]]-CA9)*1600000<=0,0,(RD[[#This Row],[220kV_TL_TVM Export Reading]]-CA9)*1600000) -> 828800 | CS10: =IF((RD[[#This Row],[220kV_C&R_PQM reading]]-CB9)*1600000<=0,"",(RD[[#This Row],[220kV_C&R_PQM reading]]-CB9)*1600000) -> 827200 | CT10: =IFERROR(IF((RD[[#This Row],[220KV_C&R_PQM Import Reading]]-CC9)*1600000<=0,0,(RD[[#This Row],[220KV_C&R_PQM Import Reading]]-CC9)*1600000),"") -> 1600 | CU10: =IF((RD[[#This Row],[33kV_Aux1 Import Reading]]-CD9)*1000<=0,"",(RD[[#This Row],[33kV_Aux1 Import Reading]]-CD9)*1000) -> 400 | CV10: =IF((RD[[#This Row],[33kV_Aux2_Import reading]]-CE9)*1000<=0,"",(RD[[#This Row],[33kV_Aux2_Import reading]]-CE9)*1000) | CW10: =IFERROR(RD[[#This Row],[33kV_OG1_Energy (MWh)]]+RD[[#This Row],[33kV_OG2_Energy (MWh)]],"") -> 834000 | CX10: =IFERROR(RD[[#This Row],[220kV_TL_TVM Energy (MWh)]]-RD[[#This Row],[220KV_C&R_PQM Import (MWh)]],"") -> 827200 | CY10: =IFERROR(RD[[#This Row],[33 kV Total Export (MWH)]]/RD[[#This Row],[220 KV Net Export (MWh)]]-1,"") -> 0.0082205029 | CZ10: =23*2.2 -> 50.6 | DA10: 97 | DC10: =IFERROR((RD[[#This Row],[Sunset Time (POA<20 W/m2)]]-RD[[#This Row],[Sunrise Time (POA>20 W/m2)]])*24,0) -> 11.6 | DD10: =SUM(RD[[#This Row],[33 kV_Wind_F3_Export_Reading3]],CJ10,CK10,CL10,CM10) -> 706500 | DE10: 140 | DF10: =SUM(CG10,CI10) -> 128535 | DG10: 133.1 | DH10: ='WTG Reactive Power'!AB8 -> 1390.2
A11: =YEAR(RD[[#This Row],[Date]])+IF(MONTH(RD[[#This Row],[Date]])>=4,1,0) -> 2026 | B11: =YEAR(RD[[#This Row],[Date]]) -> 2025 | C11: =E11-DAY(E11)+1 -> 45748 | D11: =DAY(EOMONTH(RD[[#This Row],[Date]],0)) -> 30 | E11: =E10+1 -> 45751 | F11: 0.27847222 | G11: 0.75625 | H11: 7310 | I11: 7976 | J11: 7021 | K11: 8436 | L11: 6977 | M11: 6854 | N11: 7467 | O11: 9348 | P11: 6718 | Q11: 7320 | R11: 6489 | S11: 6969 | T11: 4631 | U11: 6580 | V11: 8061 | W11: 8884 | X11: 6855 | Y11: 5890 | Z11: 6726 | AA11: 7939 | AB11: 7445 | AC11: 6305 | AD11: 8342 | AE11: 4.1967986 | AF11: 4.6114922 | AG11: 4.0648129 | AH11: 4.5203672 | AI11: 4.3289375 | AJ11: 4.2198828 | AK11: 4.4263465 | AL11: 4.4158417 | AM11: 4.3345781 | AN11: 4.1682353 | AO11: 4.1355755 | AP11: 4.2189209 | AQ11: 4.0887313 | AR11: 4.0068129 | AS11: 4.4758993 | AT11: 4.7460703 | AU11: 4.5338189 | AV11: 4.1918828 | AW11: 4.1876985 | AX11: 4.3049281 | AY11: 4.7304098 | AZ11: 4.4588984 | BA11: 4.7728661 | BB11: =SUM($H11,$J11,$Q11:$V11,$Z11:$AA11) -> 69046 | BC11: =SUM($W11:$X11) -> 15739 | BD11: =SUM(I11,K11,L11,M11,P11,AB11,AC11,AD11) -> 59053 | BE11: =Y11 -> 5890 | BF11: =SUM($N11:$O11) -> 16815 | BG11: =SUM(RD[[#This Row],[KUD01]:[KUD23]]) -> 166543 | BH11: =IFERROR(AVERAGE(AE11,AG11,AN11:AS11,AW11:AX11),"") -> 4.1848413 | BI11: =IFERROR(AVERAGE(AT11,AU11),"") -> 4.6399446 | BJ11: =IFERROR(AVERAGE(AF11,AH11:AM11,AY11:BA11),"") -> 4.481962 | BK11: =AV11 -> 4.1918828 | BL11: =IFERROR(AVERAGEIF(RD[[#This Row],[WS_KUD07]:[WS_KUD08]],"<>0",RD[[#This Row],[WS_KUD07]:[WS_KUD08]]),"") -> 4.4210941 | BM11: =IFERROR(AVERAGE(RD[[#This Row],[WS_KUD01]:[WS_KUD23]]),"") -> 4.3539046 | BN11: =IFERROR(MAX(RD[[#This Row],[WS_KUD01]:[WS_KUD23]]),"") -> 4.7728661 | BO11: 640.305 | BP11: 875.145 | BQ11: 36.153 | BR11: 208.184 | BS11: 155.853 | BT11: 266.109 | BV11: 56.697 | BW11: 176045 | BX11: 240113 | BY11: 105.642 | BZ11: 59.534 | CA11: 258.058 | CB11: 83.115 | CC11: 0.104 | CD11: 282.719 | CE11: 0 | CF11: =IF((RD[[#This Row],[33 kV_Wind_F1_Export reading]]-BO10)*165000<=0,"",(RD[[#This Row],[33 kV_Wind_F1_Export reading]]-BO10)*165000) | CG11: =IF((RD[[#This Row],[33 kV_Wind_F2_Export_reading]]-BP10)*165000<=0,"",(RD[[#This Row],[33 kV_Wind_F2_Export_reading]]-BP10)*165000) -> 86790 | CH11: =IF((RD[[#This Row],[33 kV_Wind_F3_Export_Reading]]-BQ10)*225000<=0,"",(RD[[#This Row],[33 kV_Wind_F3_Export_Reading]]-BQ10)*225000) -> 250650 | CI11: =IF((RD[[#This Row],[33 kV_Wind_F4_Export Reading]]-BR10)*165000<=0,"",(RD[[#This Row],[33 kV_Wind_F4_Export Reading]]-BR10)*165000) -> 77550 | CJ11: =IF((RD[[#This Row],[33 kV_Solar_F1_Export Reading]]-BS10)*225000<=0,"",(RD[[#This Row],[33 kV_Solar_F1_Export Reading]]-BS10)*225000) -> 201825 | CK11: =IF((RD[[#This Row],[33kV_Solar_F2_Export Reading]]-BT10)*225000<=0,"",(RD[[#This Row],[33kV_Solar_F2_Export Reading]]-BT10)*225000) -> 201375 | CL11: =IF((RD[[#This Row],[33 kV_Solar_F3_Export reading]]-BU10)*225000<=0,"",(RD[[#This Row],[33 kV_Solar_F3_Export reading]]-BU10)*225000) | CM11: =IF((RD[[#This Row],[32kV_Solar_F4_Export reading]]-BV10)*225000<=0,"",(RD[[#This Row],[32kV_Solar_F4_Export reading]]-BV10)*225000) -> 188325 | CN11: =IF((RD[[#This Row],[33kV_OG1_Export reading]]-BW10)*1000<=0,0,(RD[[#This Row],[33kV_OG1_Export reading]]-BW10)*1000) -> 591000 | CO11: =IFERROR(IF((RD[[#This Row],[33kV_OG2_Export reading]]-BX10)*1000<=0,0,(RD[[#This Row],[33kV_OG2_Export reading]]-BX10)*1000),0) -> 415000 | CP11: =IF((RD[[#This Row],[220kV_TX1_Export reading]]-BY10)*800000<=0,0,(RD[[#This Row],[220kV_TX1_Export reading]]-BY10)*800000) -> 585600 | CQ11: =IF((RD[[#This Row],[220kV_Tx2_Export reading]]-BZ10)*800000<=0,0,(RD[[#This Row],[220kV_Tx2_Export reading]]-BZ10)*800000) -> 408000 | CR11: =IF((RD[[#This Row],[220kV_TL_TVM Export Reading]]-CA10)*1600000<=0,0,(RD[[#This Row],[220kV_TL_TVM Export Reading]]-CA10)*1600000) -> 998400 | CS11: =IF((RD[[#This Row],[220kV_C&R_PQM reading]]-CB10)*1600000<=0,"",(RD[[#This Row],[220kV_C&R_PQM reading]]-CB10)*1600000) -> 998400 | CT11: =IFERROR(IF((RD[[#This Row],[220KV_C&R_PQM Import Reading]]-CC10)*1600000<=0,0,(RD[[#This Row],[220KV_C&R_PQM Import Reading]]-CC10)*1600000),"") -> 0 | CU11: =IF((RD[[#This Row],[33kV_Aux1 Import Reading]]-CD10)*1000<=0,"",(RD[[#This Row],[33kV_Aux1 Import Reading]]-CD10)*1000) -> 390 | CV11: =IF((RD[[#This Row],[33kV_Aux2_Import reading]]-CE10)*1000<=0,"",(RD[[#This Row],[33kV_Aux2_Import reading]]-CE10)*1000) | CW11: =IFERROR(RD[[#This Row],[33kV_OG1_Energy (MWh)]]+RD[[#This Row],[33kV_OG2_Energy (MWh)]],"") -> 1006000 | CX11: =IFERROR(RD[[#This Row],[220kV_TL_TVM Energy (MWh)]]-RD[[#This Row],[220KV_C&R_PQM Import (MWh)]],"") -> 998400 | CY11: =IFERROR(RD[[#This Row],[33 kV Total Export (MWH)]]/RD[[#This Row],[220 KV Net Export (MWh)]]-1,"") -> 0.0076121795 | CZ11: =23*2.2 -> 50.6 | DA11: 97 | DC11: =IFERROR((RD[[#This Row],[Sunset Time (POA<20 W/m2)]]-RD[[#This Row],[Sunrise Time (POA>20 W/m2)]])*24,0) -> 11.466667 | DD11: =SUM(RD[[#This Row],[33 kV_Wind_F3_Export_Reading3]],CJ11,CK11,CL11,CM11) -> 842175 | DE11: 140 | DF11: =SUM(CG11,CI11) -> 164340 | DG11: 168.01 | DH11: ='WTG Reactive Power'!AB9 -> 1754.9
A12: =YEAR(RD[[#This Row],[Date]])+IF(MONTH(RD[[#This Row],[Date]])>=4,1,0) -> 2026 | B12: =YEAR(RD[[#This Row],[Date]]) -> 2025 | C12: =E12-DAY(E12)+1 -> 45748 | D12: =DAY(EOMONTH(RD[[#This Row],[Date]],0)) -> 30 | E12: =E11+1 -> 45752 | F12: 0.27083333 | G12: 0.75763889 | H12: 8229 | I12: 7721 | J12: 7773 | K12: 7234 | L12: 7801 | M12: 7678 | N12: 7472 | O12: 8755 | P12: 8556 | Q12: 7947 | R12: 7535 | S12: 7731 | T12: 5913 | U12: 7268 | V12: 7655 | W12: 7586 | X12: 8798 | Y12: 7531 | Z12: 8206 | AA12: 8412 | AB12: 9174 | AC12: 7589 | AD12: 9435 | AE12: 4.7235034 | AF12: 4.5983379 | AG12: 4.7209931 | AH12: 4.5653172 | AI12: 4.6547172 | AJ12: 4.59 | AK12: 4.5000138 | AL12: 4.7825862 | AM12: 4.9533517 | AN12: 4.5815586 | AO12: 4.7044138 | AP12: 4.6126621 | AQ12: 4.7153456 | AR12: 4.525931 | AS12: 4.6589931 | AT12: 4.6425764 | AU12: 4.8123241 | AV12: 4.5877655 | AW12: 4.7664138 | AX12: 4.8587931 | AY12: 4.9453448 | AZ12: 4.8835724 | BA12: 4.9108552 | BB12: =SUM($H12,$J12,$Q12:$V12,$Z12:$AA12) -> 76669 | BC12: =SUM($W12:$X12) -> 16384 | BD12: =SUM(I12,K12,L12,M12,P12,AB12,AC12,AD12) -> 65188 | BE12: =Y12 -> 7531 | BF12: =SUM($N12:$O12) -> 16227 | BG12: =SUM(RD[[#This Row],[KUD01]:[KUD23]]) -> 181999 | BH12: =IFERROR(AVERAGE(AE12,AG12,AN12:AS12,AW12:AX12),"") -> 4.6868608 | BI12: =IFERROR(AVERAGE(AT12,AU12),"") -> 4.7274503 | BJ12: =IFERROR(AVERAGE(AF12,AH12:AM12,AY12:BA12),"") -> 4.7384097 | BK12: =AV12 -> 4.5877655 | BL12: =IFERROR(AVERAGEIF(RD[[#This Row],[WS_KUD07]:[WS_KUD08]],"<>0",RD[[#This Row],[WS_KUD07]:[WS_KUD08]]),"") -> 4.6413 | BM12: =IFERROR(AVERAGE(RD[[#This Row],[WS_KUD01]:[WS_KUD23]]),"") -> 4.7084944 | BN12: =IFERROR(MAX(RD[[#This Row],[WS_KUD01]:[WS_KUD23]]),"") -> 4.9533517 | BO12: 640.305 | BP12: 875.712 | BQ12: 37.164 | BR12: 208.689 | BS12: 156.661 | BT12: 266.912 | BV12: 57.462 | BW12: 176580 | BX12: 240516 | BY12: 106.304 | BZ12: 60.03 | CA12: 258.639 | CB12: 83.699 | CC12: 0.104 | CD12: 283.109 | CE12: 0 | CF12: =IF((RD[[#This Row],[33 kV_Wind_F1_Export reading]]-BO11)*165000<=0,"",(RD[[#This Row],[33 kV_Wind_F1_Export reading]]-BO11)*165000) | CG12: =IF((RD[[#This Row],[33 kV_Wind_F2_Export_reading]]-BP11)*165000<=0,"",(RD[[#This Row],[33 kV_Wind_F2_Export_reading]]-BP11)*165000) -> 93555 | CH12: =IF((RD[[#This Row],[33 kV_Wind_F3_Export_Reading]]-BQ11)*225000<=0,"",(RD[[#This Row],[33 kV_Wind_F3_Export_Reading]]-BQ11)*225000) -> 227475 | CI12: =IF((RD[[#This Row],[33 kV_Wind_F4_Export Reading]]-BR11)*165000<=0,"",(RD[[#This Row],[33 kV_Wind_F4_Export Reading]]-BR11)*165000) -> 83325 | CJ12: =IF((RD[[#This Row],[33 kV_Solar_F1_Export Reading]]-BS11)*225000<=0,"",(RD[[#This Row],[33 kV_Solar_F1_Export Reading]]-BS11)*225000) -> 181800 | CK12: =IF((RD[[#This Row],[33kV_Solar_F2_Export Reading]]-BT11)*225000<=0,"",(RD[[#This Row],[33kV_Solar_F2_Export Reading]]-BT11)*225000) -> 180675 | CL12: =IF((RD[[#This Row],[33 kV_Solar_F3_Export reading]]-BU11)*225000<=0,"",(RD[[#This Row],[33 kV_Solar_F3_Export reading]]-BU11)*225000) | CM12: =IF((RD[[#This Row],[32kV_Solar_F4_Export reading]]-BV11)*225000<=0,"",(RD[[#This Row],[32kV_Solar_F4_Export reading]]-BV11)*225000) -> 172125 | CN12: =IF((RD[[#This Row],[33kV_OG1_Export reading]]-BW11)*1000<=0,0,(RD[[#This Row],[33kV_OG1_Export reading]]-BW11)*1000) -> 535000 | CO12: =IFERROR(IF((RD[[#This Row],[33kV_OG2_Export reading]]-BX11)*1000<=0,0,(RD[[#This Row],[33kV_OG2_Export reading]]-BX11)*1000),0) -> 403000 | CP12: =IF((RD[[#This Row],[220kV_TX1_Export reading]]-BY11)*800000<=0,0,(RD[[#This Row],[220kV_TX1_Export reading]]-BY11)*800000) -> 529600 | CQ12: =IF((RD[[#This Row],[220kV_Tx2_Export reading]]-BZ11)*800000<=0,0,(RD[[#This Row],[220kV_Tx2_Export reading]]-BZ11)*800000) -> 396800 | CR12: =IF((RD[[#This Row],[220kV_TL_TVM Export Reading]]-CA11)*1600000<=0,0,(RD[[#This Row],[220kV_TL_TVM Export Reading]]-CA11)*1600000) -> 929600 | CS12: =IF((RD[[#This Row],[220kV_C&R_PQM reading]]-CB11)*1600000<=0,"",(RD[[#This Row],[220kV_C&R_PQM reading]]-CB11)*1600000) -> 934400 | CT12: =IFERROR(IF((RD[[#This Row],[220KV_C&R_PQM Import Reading]]-CC11)*1600000<=0,0,(RD[[#This Row],[220KV_C&R_PQM Import Reading]]-CC11)*1600000),"") -> 0 | CU12: =IF((RD[[#This Row],[33kV_Aux1 Import Reading]]-CD11)*1000<=0,"",(RD[[#This Row],[33kV_Aux1 Import Reading]]-CD11)*1000) -> 390 | CV12: =IF((RD[[#This Row],[33kV_Aux2_Import reading]]-CE11)*1000<=0,"",(RD[[#This Row],[33kV_Aux2_Import reading]]-CE11)*1000) | CW12: =IFERROR(RD[[#This Row],[33kV_OG1_Energy (MWh)]]+RD[[#This Row],[33kV_OG2_Energy (MWh)]],"") -> 938000 | CX12: =IFERROR(RD[[#This Row],[220kV_TL_TVM Energy (MWh)]]-RD[[#This Row],[220KV_C&R_PQM Import (MWh)]],"") -> 929600 | CY12: =IFERROR(RD[[#This Row],[33 kV Total Export (MWH)]]/RD[[#This Row],[220 KV Net Export (MWh)]]-1,"") -> 0.0090361446 | CZ12: =23*2.2 -> 50.6 | DA12: 97 | DC12: =IFERROR((RD[[#This Row],[Sunset Time (POA<20 W/m2)]]-RD[[#This Row],[Sunrise Time (POA>20 W/m2)]])*24,0) -> 11.683333 | DD12: =SUM(RD[[#This Row],[33 kV_Wind_F3_Export_Reading3]],CJ12,CK12,CL12,CM12) -> 762075 | DE12: 140 | DF12: =SUM(CG12,CI12) -> 176880 | DG12: 182.18 | DH12: ='WTG Reactive Power'!AB10 -> 769.1
A13: =YEAR(RD[[#This Row],[Date]])+IF(MONTH(RD[[#This Row],[Date]])>=4,1,0) -> 2026 | B13: =YEAR(RD[[#This Row],[Date]]) -> 2025 | C13: =E13-DAY(E13)+1 -> 45748 | D13: =DAY(EOMONTH(RD[[#This Row],[Date]],0)) -> 30 | E13: =E12+1 -> 45753 | F13: 0.27361111 | G13: 0.75347222 | H13: 7137 | I13: 6339 | J13: 7704 | K13: 6263 | L13: 6183 | M13: 8074 | N13: 7553 | O13: 8193 | P13: 7074 | Q13: 6034 | R13: 6955 | S13: 7384 | T13: 7143 | U13: 6403 | V13: 7757 | W13: 6640 | X13: 7292 | Y13: 5855 | Z13: 6050 | AA13: 7001 | AB13: 6346 | AC13: 6247 | AD13: 6675 | AE13: 4.4692897 | AF13: 4.3561586 | AG13: 4.5748345 | AH13: 4.3978345 | AI13: 4.2635793 | AJ13: 4.5835655 | AK13: 4.521731 | AL13: 4.6128414 | AM13: 4.5669862 | AN13: 4.1850966 | AO13: 4.540131 | AP13: 4.5883034 | AQ13: 4.4748138 | AR13: 4.3056483 | AS13: 4.7008966 | AT13: 4.4056552 | AU13: 4.5830759 | AV13: 4.2106897 | AW13: 4.3156621 | AX13: 4.5698552 | AY13: 4.5383862 | AZ13: 4.4427379 | BA13: 4.4429448 | BB13: =SUM($H13,$J13,$Q13:$V13,$Z13:$AA13) -> 69568 | BC13: =SUM($W13:$X13) -> 13932 | BD13: =SUM(I13,K13,L13,M13,P13,AB13,AC13,AD13) -> 53201 | BE13: =Y13 -> 5855 | BF13: =SUM($N13:$O13) -> 15746 | BG13: =SUM(RD[[#This Row],[KUD01]:[KUD23]]) -> 158302 | BH13: =IFERROR(AVERAGE(AE13,AG13,AN13:AS13,AW13:AX13),"") -> 4.4724531 | BI13: =IFERROR(AVERAGE(AT13,AU13),"") -> 4.4943655 | BJ13: =IFERROR(AVERAGE(AF13,AH13:AM13,AY13:BA13),"") -> 4.4726766 | BK13: =AV13 -> 4.2106897 | BL13: =IFERROR(AVERAGEIF(RD[[#This Row],[WS_KUD07]:[WS_KUD08]],"<>0",RD[[#This Row],[WS_KUD07]:[WS_KUD08]]),"") -> 4.5672862 | BM13: =IFERROR(AVERAGE(RD[[#This Row],[WS_KUD01]:[WS_KUD23]]),"") -> 4.4630747 | BN13: =IFERROR(MAX(RD[[#This Row],[WS_KUD01]:[WS_KUD23]]),"") -> 4.7008966 | BO13: 640.305 | BP13: 876.197 | BQ13: 38.199 | BR13: 209.157 | BS13: 157.498 | BT13: 267.758 | BV13: 58.25 | BW13: 177136 | BX13: 240907 | BY13: 106.992 | BZ13: 60.509 | CA13: 259.225 | CB13: 84.285 | CC13: 0.104 | CD13: 283.509 | CE13: 0 | CF13: =IF((RD[[#This Row],[33 kV_Wind_F1_Export reading]]-BO12)*165000<=0,"",(RD[[#This Row],[33 kV_Wind_F1_Export reading]]-BO12)*165000) | CG13: =IF((RD[[#This Row],[33 kV_Wind_F2_Export_reading]]-BP12)*165000<=0,"",(RD[[#This Row],[33 kV_Wind_F2_Export_reading]]-BP12)*165000) -> 80025 | CH13: =IF((RD[[#This Row],[33 kV_Wind_F3_Export_Reading]]-BQ12)*225000<=0,"",(RD[[#This Row],[33 kV_Wind_F3_Export_Reading]]-BQ12)*225000) -> 232875 | CI13: =IF((RD[[#This Row],[33 kV_Wind_F4_Export Reading]]-BR12)*165000<=0,"",(RD[[#This Row],[33 kV_Wind_F4_Export Reading]]-BR12)*165000) -> 77220 | CJ13: =IF((RD[[#This Row],[33 kV_Solar_F1_Export Reading]]-BS12)*225000<=0,"",(RD[[#This Row],[33 kV_Solar_F1_Export Reading]]-BS12)*225000) -> 188325 | CK13: =IF((RD[[#This Row],[33kV_Solar_F2_Export Reading]]-BT12)*225000<=0,"",(RD[[#This Row],[33kV_Solar_F2_Export Reading]]-BT12)*225000) -> 190350 | CL13: =IF((RD[[#This Row],[33 kV_Solar_F3_Export reading]]-BU12)*225000<=0,"",(RD[[#This Row],[33 kV_Solar_F3_Export reading]]-BU12)*225000) | CM13: =IF((RD[[#This Row],[32kV_Solar_F4_Export reading]]-BV12)*225000<=0,"",(RD[[#This Row],[32kV_Solar_F4_Export reading]]-BV12)*225000) -> 177300 | CN13: =IF((RD[[#This Row],[33kV_OG1_Export reading]]-BW12)*1000<=0,0,(RD[[#This Row],[33kV_OG1_Export reading]]-BW12)*1000) -> 556000 | CO13: =IFERROR(IF((RD[[#This Row],[33kV_OG2_Export reading]]-BX12)*1000<=0,0,(RD[[#This Row],[33kV_OG2_Export reading]]-BX12)*1000),0) -> 391000 | CP13: =IF((RD[[#This Row],[220kV_TX1_Export reading]]-BY12)*800000<=0,0,(RD[[#This Row],[220kV_TX1_Export reading]]-BY12)*800000) -> 550400 | CQ13: =IF((RD[[#This Row],[220kV_Tx2_Export reading]]-BZ12)*800000<=0,0,(RD[[#This Row],[220kV_Tx2_Export reading]]-BZ12)*800000) -> 383200 | CR13: =IF((RD[[#This Row],[220kV_TL_TVM Export Reading]]-CA12)*1600000<=0,0,(RD[[#This Row],[220kV_TL_TVM Export Reading]]-CA12)*1600000) -> 937600 | CS13: =IF((RD[[#This Row],[220kV_C&R_PQM reading]]-CB12)*1600000<=0,"",(RD[[#This Row],[220kV_C&R_PQM reading]]-CB12)*1600000) -> 937600 | CT13: =IFERROR(IF((RD[[#This Row],[220KV_C&R_PQM Import Reading]]-CC12)*1600000<=0,0,(RD[[#This Row],[220KV_C&R_PQM Import Reading]]-CC12)*1600000),"") -> 0 | CU13: =IF((RD[[#This Row],[33kV_Aux1 Import Reading]]-CD12)*1000<=0,"",(RD[[#This Row],[33kV_Aux1 Import Reading]]-CD12)*1000) -> 400 | CV13: =IF((RD[[#This Row],[33kV_Aux2_Import reading]]-CE12)*1000<=0,"",(RD[[#This Row],[33kV_Aux2_Import reading]]-CE12)*1000) | CW13: =IFERROR(RD[[#This Row],[33kV_OG1_Energy (MWh)]]+RD[[#This Row],[33kV_OG2_Energy (MWh)]],"") -> 947000 | CX13: =IFERROR(RD[[#This Row],[220kV_TL_TVM Energy (MWh)]]-RD[[#This Row],[220KV_C&R_PQM Import (MWh)]],"") -> 937600 | CY13: =IFERROR(RD[[#This Row],[33 kV Total Export (MWH)]]/RD[[#This Row],[220 KV Net Export (MWh)]]-1,"") -> 0.010025597 | CZ13: =23*2.2 -> 50.6 | DA13: 97 | DC13: =IFERROR((RD[[#This Row],[Sunset Time (POA<20 W/m2)]]-RD[[#This Row],[Sunrise Time (POA>20 W/m2)]])*24,0) -> 11.516667 | DD13: =SUM(RD[[#This Row],[33 kV_Wind_F3_Export_Reading3]],CJ13,CK13,CL13,CM13) -> 788850 | DE13: 140 | DF13: =SUM(CG13,CI13) -> 157245 | DG13: 159.01 | DH13: ='WTG Reactive Power'!AB11 -> 1078
A14: =YEAR(RD[[#This Row],[Date]])+IF(MONTH(RD[[#This Row],[Date]])>=4,1,0) -> 2026 | B14: =YEAR(RD[[#This Row],[Date]]) -> 2025 | C14: =E14-DAY(E14)+1 -> 45748 | D14: =DAY(EOMONTH(RD[[#This Row],[Date]],0)) -> 30 | E14: =E13+1 -> 45754 | F14: 0.27291667 | G14: 0.74097222 | H14: 6994 | I14: 6994 | J14: 4730 | K14: 3557 | L14: 4459 | M14: 4904 | N14: 5075 | O14: 5763 | P14: 4743 | Q14: 5616 | R14: 4858 | S14: 4855 | T14: 5622 | U14: 3967 | V14: 6654 | W14: 6909 | X14: 7527 | Y14: 5801 | Z14: 6680 | AA14: 5231 | AB14: 7588 | AC14: 5983 | AD14: 7679 | AE14: 4.129 | AF14: 4.187 | AG14: 3.498 | AH14: 3.411 | AI14: 3.693 | AJ14: 3.551 | AK14: 3.6 | AL14: 3.835 | AM14: 3.878 | AN14: 3.78 | AO14: 3.713 | AP14: 3.705 | AQ14: 3.824 | AR14: 3.456 | AS14: 4.229 | AT14: 4.252 | AU14: 4.332 | AV14: 3.91 | AW14: 4.181 | AX14: 3.815 | AY14: 4.512 | AZ14: 4.222 | BA14: 4.447 | BB14: =SUM($H14,$J14,$Q14:$V14,$Z14:$AA14) -> 55207 | BC14: =SUM($W14:$X14) -> 14436 | BD14: =SUM(I14,K14,L14,M14,P14,AB14,AC14,AD14) -> 45907 | BE14: =Y14 -> 5801 | BF14: =SUM($N14:$O14) -> 10838 | BG14: =SUM(RD[[#This Row],[KUD01]:[KUD23]]) -> 132189 | BH14: =IFERROR(AVERAGE(AE14,AG14,AN14:AS14,AW14:AX14),"") -> 3.833 | BI14: =IFERROR(AVERAGE(AT14,AU14),"") -> 4.292 | BJ14: =IFERROR(AVERAGE(AF14,AH14:AM14,AY14:BA14),"") -> 3.9336 | BK14: =AV14 -> 3.91 | BL14: =IFERROR(AVERAGEIF(RD[[#This Row],[WS_KUD07]:[WS_KUD08]],"<>0",RD[[#This Row],[WS_KUD07]:[WS_KUD08]]),"") -> 3.7175 | BM14: =IFERROR(AVERAGE(RD[[#This Row],[WS_KUD01]:[WS_KUD23]]),"") -> 3.92 | BN14: =IFERROR(MAX(RD[[#This Row],[WS_KUD01]:[WS_KUD23]]),"") -> 4.512 | BO14: 640.305 | BP14: 876.632 | BQ14: 39.211 | BR14: 209.533 | BS14: 158.299 | BT14: 268.546 | BV14: 59.026 | BW14: 177669 | BX14: 241263 | BY14: 107.65 | BZ14: 60.95 | CA14: 259.778 | CB14: 84.837 | CC14: 0.105 | CD14: 283.929 | CE14: 0 | CF14: =IF((RD[[#This Row],[33 kV_Wind_F1_Export reading]]-BO13)*165000<=0,"",(RD[[#This Row],[33 kV_Wind_F1_Export reading]]-BO13)*165000) | CG14: =IF((RD[[#This Row],[33 kV_Wind_F2_Export_reading]]-BP13)*165000<=0,"",(RD[[#This Row],[33 kV_Wind_F2_Export_reading]]-BP13)*165000) -> 71775 | CH14: =IF((RD[[#This Row],[33 kV_Wind_F3_Export_Reading]]-BQ13)*225000<=0,"",(RD[[#This Row],[33 kV_Wind_F3_Export_Reading]]-BQ13)*225000) -> 227700 | CI14: =IF((RD[[#This Row],[33 kV_Wind_F4_Export Reading]]-BR13)*165000<=0,"",(RD[[#This Row],[33 kV_Wind_F4_Export Reading]]-BR13)*165000) -> 62040 | CJ14: =IF((RD[[#This Row],[33 kV_Solar_F1_Export Reading]]-BS13)*225000<=0,"",(RD[[#This Row],[33 kV_Solar_F1_Export Reading]]-BS13)*225000) -> 180225 | CK14: =IF((RD[[#This Row],[33kV_Solar_F2_Export Reading]]-BT13)*225000<=0,"",(RD[[#This Row],[33kV_Solar_F2_Export Reading]]-BT13)*225000) -> 177300 | CL14: =IF((RD[[#This Row],[33 kV_Solar_F3_Export reading]]-BU13)*225000<=0,"",(RD[[#This Row],[33 kV_Solar_F3_Export reading]]-BU13)*225000) | CM14: =IF((RD[[#This Row],[32kV_Solar_F4_Export reading]]-BV13)*225000<=0,"",(RD[[#This Row],[32kV_Solar_F4_Export reading]]-BV13)*225000) -> 174600 | CN14: =IF((RD[[#This Row],[33kV_OG1_Export reading]]-BW13)*1000<=0,0,(RD[[#This Row],[33kV_OG1_Export reading]]-BW13)*1000) -> 533000 | CO14: =IFERROR(IF((RD[[#This Row],[33kV_OG2_Export reading]]-BX13)*1000<=0,0,(RD[[#This Row],[33kV_OG2_Export reading]]-BX13)*1000),0) -> 356000 | CP14: =IF((RD[[#This Row],[220kV_TX1_Export reading]]-BY13)*800000<=0,0,(RD[[#This Row],[220kV_TX1_Export reading]]-BY13)*800000) -> 526400 | CQ14: =IF((RD[[#This Row],[220kV_Tx2_Export reading]]-BZ13)*800000<=0,0,(RD[[#This Row],[220kV_Tx2_Export reading]]-BZ13)*800000) -> 352800 | CR14: =IF((RD[[#This Row],[220kV_TL_TVM Export Reading]]-CA13)*1600000<=0,0,(RD[[#This Row],[220kV_TL_TVM Export Reading]]-CA13)*1600000) -> 884800 | CS14: =IF((RD[[#This Row],[220kV_C&R_PQM reading]]-CB13)*1600000<=0,"",(RD[[#This Row],[220kV_C&R_PQM reading]]-CB13)*1600000) -> 883200 | CT14: =IFERROR(IF((RD[[#This Row],[220KV_C&R_PQM Import Reading]]-CC13)*1600000<=0,0,(RD[[#This Row],[220KV_C&R_PQM Import Reading]]-CC13)*1600000),"") -> 1600 | CU14: =IF((RD[[#This Row],[33kV_Aux1 Import Reading]]-CD13)*1000<=0,"",(RD[[#This Row],[33kV_Aux1 Import Reading]]-CD13)*1000) -> 420 | CV14: =IF((RD[[#This Row],[33kV_Aux2_Import reading]]-CE13)*1000<=0,"",(RD[[#This Row],[33kV_Aux2_Import reading]]-CE13)*1000) | CW14: =IFERROR(RD[[#This Row],[33kV_OG1_Energy (MWh)]]+RD[[#This Row],[33kV_OG2_Energy (MWh)]],"") -> 889000 | CX14: =IFERROR(RD[[#This Row],[220kV_TL_TVM Energy (MWh)]]-RD[[#This Row],[220KV_C&R_PQM Import (MWh)]],"") -> 883200 | CY14: =IFERROR(RD[[#This Row],[33 kV Total Export (MWH)]]/RD[[#This Row],[220 KV Net Export (MWh)]]-1,"") -> 0.006567029 | CZ14: =23*2.2 -> 50.6 | DA14: 97 | DC14: =IFERROR((RD[[#This Row],[Sunset Time (POA<20 W/m2)]]-RD[[#This Row],[Sunrise Time (POA>20 W/m2)]])*24,0) -> 11.233333 | DD14: =SUM(RD[[#This Row],[33 kV_Wind_F3_Export_Reading3]],CJ14,CK14,CL14,CM14) -> 759825 | DE14: 140 | DF14: =SUM(CG14,CI14) -> 133815 | DG14: 133.9 | DH14: ='WTG Reactive Power'!AB12 -> 1533.4
A15: =YEAR(RD[[#This Row],[Date]])+IF(MONTH(RD[[#This Row],[Date]])>=4,1,0) -> 2026 | B15: =YEAR(RD[[#This Row],[Date]]) -> 2025 | C15: =E15-DAY(E15)+1 -> 45748 | D15: =DAY(EOMONTH(RD[[#This Row],[Date]],0)) -> 30 | E15: =E14+1 -> 45755 | F15: 0.27152778 | G15: 0.75486111 | H15: 10399 | I15: 10405 | J15: 9707 | K15: 9033 | L15: 11145 | M15: 9282 | N15: 9636 | O15: 10607 | P15: 8866 | Q15: 8819 | R15: 9059 | S15: 11610 | T15: 8957 | U15: 8357 | V15: 8364 | W15: 8951 | X15: 9958 | Y15: 8543 | Z15: 8907 | AA15: 10225 | AB15: 10273 | AC15: 8376 | AD15: 10876 | AE15: 4.6 | AF15: 4.5 | AG15: 4.3 | AH15: 4.5 | AI15: 4.4 | AJ15: 4.2 | AK15: 4.3 | AL15: 4.6 | AM15: 4.5 | AN15: 4.2 | AO15: 4.4 | AP15: 4.6 | AQ15: 4.4 | AR15: 4.2 | AS15: 4.5 | AT15: 4.6 | AU15: 4.7 | AV15: 4.3 | AW15: 4.7 | AX15: 4.6 | AY15: 4.9 | AZ15: 4.6 | BA15: 4.9 | BB15: =SUM($H15,$J15,$Q15:$V15,$Z15:$AA15) -> 94404 | BC15: =SUM($W15:$X15) -> 18909 | BD15: =SUM(I15,K15,L15,M15,P15,AB15,AC15,AD15) -> 78256 | BE15: =Y15 -> 8543 | BF15: =SUM($N15:$O15) -> 20243 | BG15: =SUM(RD[[#This Row],[KUD01]:[KUD23]]) -> 220355 | BH15: =IFERROR(AVERAGE(AE15,AG15,AN15:AS15,AW15:AX15),"") -> 4.45 | BI15: =IFERROR(AVERAGE(AT15,AU15),"") -> 4.65 | BJ15: =IFERROR(AVERAGE(AF15,AH15:AM15,AY15:BA15),"") -> 4.54 | BK15: =AV15 -> 4.3 | BL15: =IFERROR(AVERAGEIF(RD[[#This Row],[WS_KUD07]:[WS_KUD08]],"<>0",RD[[#This Row],[WS_KUD07]:[WS_KUD08]]),"") -> 4.45 | BM15: =IFERROR(AVERAGE(RD[[#This Row],[WS_KUD01]:[WS_KUD23]]),"") -> 4.5 | BN15: =IFERROR(MAX(RD[[#This Row],[WS_KUD01]:[WS_KUD23]]),"") -> 4.9 | BO15: 640.305 | BP15: 877.307 | BQ15: 40.199 | BR15: 210.165 | BS15: 159.111 | BT15: 269.334 | BV15: 59.804 | BW15: 178204 | BX15: 241701 | BY15: 108.312 | BZ15: 61.494 | CA15: 260.38 | CB15: 85.442 | CC15: 0.105 | CD15: 284.349 | CE15: 0 | CF15: =IF((RD[[#This Row],[33 kV_Wind_F1_Export reading]]-BO14)*165000<=0,"",(RD[[#This Row],[33 kV_Wind_F1_Export reading]]-BO14)*165000) | CG15: =IF((RD[[#This Row],[33 kV_Wind_F2_Export_reading]]-BP14)*165000<=0,"",(RD[[#This Row],[33 kV_Wind_F2_Export_reading]]-BP14)*165000) -> 111375 | CH15: =IF((RD[[#This Row],[33 kV_Wind_F3_Export_Reading]]-BQ14)*225000<=0,"",(RD[[#This Row],[33 kV_Wind_F3_Export_Reading]]-BQ14)*225000) -> 222300 | CI15: =IF((RD[[#This Row],[33 kV_Wind_F4_Export Reading]]-BR14)*165000<=0,"",(RD[[#This Row],[33 kV_Wind_F4_Export Reading]]-BR14)*165000) -> 104280 | CJ15: =IF((RD[[#This Row],[33 kV_Solar_F1_Export Reading]]-BS14)*225000<=0,"",(RD[[#This Row],[33 kV_Solar_F1_Export Reading]]-BS14)*225000) -> 182700 | CK15: =IF((RD[[#This Row],[33kV_Solar_F2_Export Reading]]-BT14)*225000<=0,"",(RD[[#This Row],[33kV_Solar_F2_Export Reading]]-BT14)*225000) -> 177300 | CL15: =IF((RD[[#This Row],[33 kV_Solar_F3_Export reading]]-BU14)*225000<=0,"",(RD[[#This Row],[33 kV_Solar_F3_Export reading]]-BU14)*225000) | CM15: =IF((RD[[#This Row],[32kV_Solar_F4_Export reading]]-BV14)*225000<=0,"",(RD[[#This Row],[32kV_Solar_F4_Export reading]]-BV14)*225000) -> 175050 | CN15: =IF((RD[[#This Row],[33kV_OG1_Export reading]]-BW14)*1000<=0,0,(RD[[#This Row],[33kV_OG1_Export reading]]-BW14)*1000) -> 535000 | CO15: =IFERROR(IF((RD[[#This Row],[33kV_OG2_Export reading]]-BX14)*1000<=0,0,(RD[[#This Row],[33kV_OG2_Export reading]]-BX14)*1000),0) -> 438000 | CP15: =IF((RD[[#This Row],[220kV_TX1_Export reading]]-BY14)*800000<=0,0,(RD[[#This Row],[220kV_TX1_Export reading]]-BY14)*800000) -> 529600 | CQ15: =IF((RD[[#This Row],[220kV_Tx2_Export reading]]-BZ14)*800000<=0,0,(RD[[#This Row],[220kV_Tx2_Export reading]]-BZ14)*800000) -> 435200 | CR15: =IF((RD[[#This Row],[220kV_TL_TVM Export Reading]]-CA14)*1600000<=0,0,(RD[[#This Row],[220kV_TL_TVM Export Reading]]-CA14)*1600000) -> 963200 | CS15: =IF((RD[[#This Row],[220kV_C&R_PQM reading]]-CB14)*1600000<=0,"",(RD[[#This Row],[220kV_C&R_PQM reading]]-CB14)*1600000) -> 968000 | CT15: =IFERROR(IF((RD[[#This Row],[220KV_C&R_PQM Import Reading]]-CC14)*1600000<=0,0,(RD[[#This Row],[220KV_C&R_PQM Import Reading]]-CC14)*1600000),"") -> 0 | CU15: =IF((RD[[#This Row],[33kV_Aux1 Import Reading]]-CD14)*1000<=0,"",(RD[[#This Row],[33kV_Aux1 Import Reading]]-CD14)*1000) -> 420 | CV15: =IF((RD[[#This Row],[33kV_Aux2_Import reading]]-CE14)*1000<=0,"",(RD[[#This Row],[33kV_Aux2_Import reading]]-CE14)*1000) | CW15: =IFERROR(RD[[#This Row],[33kV_OG1_Energy (MWh)]]+RD[[#This Row],[33kV_OG2_Energy (MWh)]],"") -> 973000 | CX15: =IFERROR(RD[[#This Row],[220kV_TL_TVM Energy (MWh)]]-RD[[#This Row],[220KV_C&R_PQM Import (MWh)]],"") -> 963200 | CY15: =IFERROR(RD[[#This Row],[33 kV Total Export (MWH)]]/RD[[#This Row],[220 KV Net Export (MWh)]]-1,"") -> 0.010174419 | CZ15: =23*2.2 -> 50.6 | DA15: 97 | DC15: =IFERROR((RD[[#This Row],[Sunset Time (POA<20 W/m2)]]-RD[[#This Row],[Sunrise Time (POA>20 W/m2)]])*24,0) -> 11.6 | DD15: =SUM(RD[[#This Row],[33 kV_Wind_F3_Export_Reading3]],CJ15,CK15,CL15,CM15) -> 757350 | DE15: 140 | DF15: =SUM(CG15,CI15) -> 215655 | DG15: 228.59 | DH15: ='WTG Reactive Power'!AB13 -> 2026.3
A16: =YEAR(RD[[#This Row],[Date]])+IF(MONTH(RD[[#This Row],[Date]])>=4,1,0) -> 2026 | B16: =YEAR(RD[[#This Row],[Date]]) -> 2025 | C16: =E16-DAY(E16)+1 -> 45748 | D16: =DAY(EOMONTH(RD[[#This Row],[Date]],0)) -> 30 | E16: =E15+1 -> 45756 | F16: 0.27152778 | G16: 0.75416667 | H16: 6406 | I16: 5773 | J16: 7212 | K16: 5946 | L16: 5880 | M16: 6510 | N16: 6521 | O16: 7421 | P16: 6284 | Q16: 6493 | R16: 5815 | S16: 5288 | T16: 5527 | U16: 5696 | V16: 5613 | W16: 6555 | X16: 6169 | Y16: 5911 | Z16: 6274 | AA16: 5667 | AB16: 7155 | AC16: 4808 | AD16: 7095 | AE16: 3.62 | AF16: 3.55 | AG16: 3.767 | AH16: 3.595 | AI16: 3.612 | AJ16: 3.531 | AK16: 3.477 | AL16: 3.774 | AM16: 3.879 | AN16: 3.552 | AO16: 3.558 | AP16: 3.694 | AQ16: 3.521 | AR16: 3.479 | AS16: 3.592 | AT16: 3.736 | AU16: 3.698 | AV16: 3.452 | AW16: 3.765 | AX16: 3.63 | AY16: 3.922 | AZ16: 3.713 | BA16: 3.878 | BB16: =SUM($H16,$J16,$Q16:$V16,$Z16:$AA16) -> 59991 | BC16: =SUM($W16:$X16) -> 12724 | BD16: =SUM(I16,K16,L16,M16,P16,AB16,AC16,AD16) -> 49451 | BE16: =Y16 -> 5911 | BF16: =SUM($N16:$O16) -> 13942 | BG16: =SUM(RD[[#This Row],[KUD01]:[KUD23]]) -> 142019 | BH16: =IFERROR(AVERAGE(AE16,AG16,AN16:AS16,AW16:AX16),"") -> 3.6178 | BI16: =IFERROR(AVERAGE(AT16,AU16),"") -> 3.717 | BJ16: =IFERROR(AVERAGE(AF16,AH16:AM16,AY16:BA16),"") -> 3.6931 | BK16: =AV16 -> 3.452 | BL16: =IFERROR(AVERAGEIF(RD[[#This Row],[WS_KUD07]:[WS_KUD08]],"<>0",RD[[#This Row],[WS_KUD07]:[WS_KUD08]]),"") -> 3.6255 | BM16: =IFERROR(AVERAGE(RD[[#This Row],[WS_KUD01]:[WS_KUD23]]),"") -> 3.6519565 | BN16: =IFERROR(MAX(RD[[#This Row],[WS_KUD01]:[WS_KUD23]]),"") -> 3.922 | BO16: 640.305 | BP16: 877.754 | BQ16: 41.25 | BR16: 210.574 | BS16: 159.999 | BT16: 270.174 | BV16: 60.61 | BW16: 178774 | BX16: 242078 | BY16: 109.18 | BZ16: 61.951 | CA16: 260.967 | CB16: 86.029 | CC16: 0.106 | CD16: 284.769 | CE16: 0 | CF16: =IF((RD[[#This Row],[33 kV_Wind_F1_Export reading]]-BO15)*165000<=0,"",(RD[[#This Row],[33 kV_Wind_F1_Export reading]]-BO15)*165000) | CG16: =IF((RD[[#This Row],[33 kV_Wind_F2_Export_reading]]-BP15)*165000<=0,"",(RD[[#This Row],[33 kV_Wind_F2_Export_reading]]-BP15)*165000) -> 73755 | CH16: =IF((RD[[#This Row],[33 kV_Wind_F3_Export_Reading]]-BQ15)*225000<=0,"",(RD[[#This Row],[33 kV_Wind_F3_Export_Reading]]-BQ15)*225000) -> 236475 | CI16: =IF((RD[[#This Row],[33 kV_Wind_F4_Export Reading]]-BR15)*165000<=0,"",(RD[[#This Row],[33 kV_Wind_F4_Export Reading]]-BR15)*165000) -> 67485 | CJ16: =IF((RD[[#This Row],[33 kV_Solar_F1_Export Reading]]-BS15)*225000<=0,"",(RD[[#This Row],[33 kV_Solar_F1_Export Reading]]-BS15)*225000) -> 199800 | CK16: =IF((RD[[#This Row],[33kV_Solar_F2_Export Reading]]-BT15)*225000<=0,"",(RD[[#This Row],[33kV_Solar_F2_Export Reading]]-BT15)*225000) -> 189000 | CL16: =IF((RD[[#This Row],[33 kV_Solar_F3_Export reading]]-BU15)*225000<=0,"",(RD[[#This Row],[33 kV_Solar_F3_Export reading]]-BU15)*225000) | CM16: =IF((RD[[#This Row],[32kV_Solar_F4_Export reading]]-BV15)*225000<=0,"",(RD[[#This Row],[32kV_Solar_F4_Export reading]]-BV15)*225000) -> 181350 | CN16: =IF((RD[[#This Row],[33kV_OG1_Export reading]]-BW15)*1000<=0,0,(RD[[#This Row],[33kV_OG1_Export reading]]-BW15)*1000) -> 570000 | CO16: =IFERROR(IF((RD[[#This Row],[33kV_OG2_Export reading]]-BX15)*1000<=0,0,(RD[[#This Row],[33kV_OG2_Export reading]]-BX15)*1000),0) -> 377000 | CP16: =IF((RD[[#This Row],[220kV_TX1_Export reading]]-BY15)*800000<=0,0,(RD[[#This Row],[220kV_TX1_Export reading]]-BY15)*800000) -> 694400 | CQ16: =IF((RD[[#This Row],[220kV_Tx2_Export reading]]-BZ15)*800000<=0,0,(RD[[#This Row],[220kV_Tx2_Export reading]]-BZ15)*800000) -> 365600 | CR16: =IF((RD[[#This Row],[220kV_TL_TVM Export Reading]]-CA15)*1600000<=0,0,(RD[[#This Row],[220kV_TL_TVM Export Reading]]-CA15)*1600000) -> 939200 | CS16: =IF((RD[[#This Row],[220kV_C&R_PQM reading]]-CB15)*1600000<=0,"",(RD[[#This Row],[220kV_C&R_PQM reading]]-CB15)*1600000) -> 939200 | CT16: =IFERROR(IF((RD[[#This Row],[220KV_C&R_PQM Import Reading]]-CC15)*1600000<=0,0,(RD[[#This Row],[220KV_C&R_PQM Import Reading]]-CC15)*1600000),"") -> 1600 | CU16: =IF((RD[[#This Row],[33kV_Aux1 Import Reading]]-CD15)*1000<=0,"",(RD[[#This Row],[33kV_Aux1 Import Reading]]-CD15)*1000) -> 420 | CV16: =IF((RD[[#This Row],[33kV_Aux2_Import reading]]-CE15)*1000<=0,"",(RD[[#This Row],[33kV_Aux2_Import reading]]-CE15)*1000) | CW16: =IFERROR(RD[[#This Row],[33kV_OG1_Energy (MWh)]]+RD[[#This Row],[33kV_OG2_Energy (MWh)]],"") -> 947000 | CX16: =IFERROR(RD[[#This Row],[220kV_TL_TVM Energy (MWh)]]-RD[[#This Row],[220KV_C&R_PQM Import (MWh)]],"") -> 937600 | CY16: =IFERROR(RD[[#This Row],[33 kV Total Export (MWH)]]/RD[[#This Row],[220 KV Net Export (MWh)]]-1,"") -> 0.010025597 | CZ16: =23*2.2 -> 50.6 | DA16: 97 | DC16: =IFERROR((RD[[#This Row],[Sunset Time (POA<20 W/m2)]]-RD[[#This Row],[Sunrise Time (POA>20 W/m2)]])*24,0) -> 11.583333 | DD16: =SUM(RD[[#This Row],[33 kV_Wind_F3_Export_Reading3]],CJ16,CK16,CL16,CM16) -> 806625 | DE16: 140 | DF16: =SUM(CG16,CI16) -> 141240 | DG16: 144.28 | DH16: ='WTG Reactive Power'!AB14 -> 5795.7
A17: =YEAR(RD[[#This Row],[Date]])+IF(MONTH(RD[[#This Row],[Date]])>=4,1,0) -> 2026 | B17: =YEAR(RD[[#This Row],[Date]]) -> 2025 | C17: =E17-DAY(E17)+1 -> 45748 | D17: =DAY(EOMONTH(RD[[#This Row],[Date]],0)) -> 30 | E17: =E16+1 -> 45757 | F17: 0.27083333 | G17: 0.76319444 | H17: 18091 | I17: 18160 | J17: 15791 | K17: 14647 | L17: 13620 | M17: 16990 | N17: 14732 | O17: 16317 | P17: 15895 | Q17: 14962 | R17: 15270 | S17: 14392 | T17: 14848 | U17: 14362 | V17: 18953 | W17: 19383 | X17: 16956 | Y17: 15958 | Z17: 13455 | AA17: 12892 | AB17: 13976 | AC17: 10355 | AD17: 15608 | AE17: 6.5 | AF17: 6.5 | AG17: 6.4 | AH17: 6.1 | AI17: 6.3 | AJ17: 6.4 | AK17: 6.1 | AL17: 6.3 | AM17: 6.2 | AN17: 6 | AO17: 6.5 | AP17: 6 | AQ17: 6.2 | AR17: 6 | AS17: 7 | AT17: 6.7 | AU17: 6.5 | AV17: 6.3 | AW17: 5.9 | AX17: 6 | AY17: 6.2 | AZ17: 6.2 | BA17: 6.2 | BB17: =SUM($H17,$J17,$Q17:$V17,$Z17:$AA17) -> 153016 | BC17: =SUM($W17:$X17) -> 36339 | BD17: =SUM(I17,K17,L17,M17,P17,AB17,AC17,AD17) -> 119251 | BE17: =Y17 -> 15958 | BF17: =SUM($N17:$O17) -> 31049 | BG17: =SUM(RD[[#This Row],[KUD01]:[KUD23]]) -> 355613 | BH17: =IFERROR(AVERAGE(AE17,AG17,AN17:AS17,AW17:AX17),"") -> 6.25 | BI17: =IFERROR(AVERAGE(AT17,AU17),"") -> 6.6 | BJ17: =IFERROR(AVERAGE(AF17,AH17:AM17,AY17:BA17),"") -> 6.25 | BK17: =AV17 -> 6.3 | BL17: =IFERROR(AVERAGEIF(RD[[#This Row],[WS_KUD07]:[WS_KUD08]],"<>0",RD[[#This Row],[WS_KUD07]:[WS_KUD08]]),"") -> 6.2 | BM17: =IFERROR(AVERAGE(RD[[#This Row],[WS_KUD01]:[WS_KUD23]]),"") -> 6.2826087 | BN17: =IFERROR(MAX(RD[[#This Row],[WS_KUD01]:[WS_KUD23]]),"") -> 7 | BO17: 640.305 | BP17: 878.856 | BQ17: 42.24 | BR17: 211.582 | BS17: 160.826 | BT17: 270.943 | BV17: 61.368 | BW17: 179304 | BX17: 242647 | BY17: 109.672 | BZ17: 62.648 | CA17: 261.649 | CB17: 86.711 | CC17: 0.106 | CD17: 285.169 | CE17: 0 | CF17: =IF((RD[[#This Row],[33 kV_Wind_F1_Export reading]]-BO16)*165000<=0,"",(RD[[#This Row],[33 kV_Wind_F1_Export reading]]-BO16)*165000) | CG17: =IF((RD[[#This Row],[33 kV_Wind_F2_Export_reading]]-BP16)*165000<=0,"",(RD[[#This Row],[33 kV_Wind_F2_Export_reading]]-BP16)*165000) -> 181830 | CH17: =IF((RD[[#This Row],[33 kV_Wind_F3_Export_Reading]]-BQ16)*225000<=0,"",(RD[[#This Row],[33 kV_Wind_F3_Export_Reading]]-BQ16)*225000) -> 222750 | CI17: =IF((RD[[#This Row],[33 kV_Wind_F4_Export Reading]]-BR16)*165000<=0,"",(RD[[#This Row],[33 kV_Wind_F4_Export Reading]]-BR16)*165000) -> 166320 | CJ17: =IF((RD[[#This Row],[33 kV_Solar_F1_Export Reading]]-BS16)*225000<=0,"",(RD[[#This Row],[33 kV_Solar_F1_Export Reading]]-BS16)*225000) -> 186075 | CK17: =IF((RD[[#This Row],[33kV_Solar_F2_Export Reading]]-BT16)*225000<=0,"",(RD[[#This Row],[33kV_Solar_F2_Export Reading]]-BT16)*225000) -> 173025 | CL17: =IF((RD[[#This Row],[33 kV_Solar_F3_Export reading]]-BU16)*225000<=0,"",(RD[[#This Row],[33 kV_Solar_F3_Export reading]]-BU16)*225000) | CM17: =IF((RD[[#This Row],[32kV_Solar_F4_Export reading]]-BV16)*225000<=0,"",(RD[[#This Row],[32kV_Solar_F4_Export reading]]-BV16)*225000) -> 170550 | CN17: =IF((RD[[#This Row],[33kV_OG1_Export reading]]-BW16)*1000<=0,0,(RD[[#This Row],[33kV_OG1_Export reading]]-BW16)*1000) -> 530000 | CO17: =IFERROR(IF((RD[[#This Row],[33kV_OG2_Export reading]]-BX16)*1000<=0,0,(RD[[#This Row],[33kV_OG2_Export reading]]-BX16)*1000),0) -> 569000 | CP17: =IF((RD[[#This Row],[220kV_TX1_Export reading]]-BY16)*800000<=0,0,(RD[[#This Row],[220kV_TX1_Export reading]]-BY16)*800000) -> 393600 | CQ17: =IF((RD[[#This Row],[220kV_Tx2_Export reading]]-BZ16)*800000<=0,0,(RD[[#This Row],[220kV_Tx2_Export reading]]-BZ16)*800000) -> 557600 | CR17: =IF((RD[[#This Row],[220kV_TL_TVM Export Reading]]-CA16)*1600000<=0,0,(RD[[#This Row],[220kV_TL_TVM Export Reading]]-CA16)*1600000) -> 1091200 | CS17: =IF((RD[[#This Row],[220kV_C&R_PQM reading]]-CB16)*1600000<=0,"",(RD[[#This Row],[220kV_C&R_PQM reading]]-CB16)*1600000) -> 1091200 | CT17: =IFERROR(IF((RD[[#This Row],[220KV_C&R_PQM Import Reading]]-CC16)*1600000<=0,0,(RD[[#This Row],[220KV_C&R_PQM Import Reading]]-CC16)*1600000),"") -> 0 | CU17: =IF((RD[[#This Row],[33kV_Aux1 Import Reading]]-CD16)*1000<=0,"",(RD[[#This Row],[33kV_Aux1 Import Reading]]-CD16)*1000) -> 400 | CV17: =IF((RD[[#This Row],[33kV_Aux2_Import reading]]-CE16)*1000<=0,"",(RD[[#This Row],[33kV_Aux2_Import reading]]-CE16)*1000) | CW17: =IFERROR(RD[[#This Row],[33kV_OG1_Energy (MWh)]]+RD[[#This Row],[33kV_OG2_Energy (MWh)]],"") -> 1099000 | CX17: =IFERROR(RD[[#This Row],[220kV_TL_TVM Energy (MWh)]]-RD[[#This Row],[220KV_C&R_PQM Import (MWh)]],"") -> 1091200 | CY17: =IFERROR(RD[[#This Row],[33 kV Total Export (MWH)]]/RD[[#This Row],[220 KV Net Export (MWh)]]-1,"") -> 0.0071480938 | CZ17: =23*2.2 -> 50.6 | DA17: 97 | DC17: =IFERROR((RD[[#This Row],[Sunset Time (POA<20 W/m2)]]-RD[[#This Row],[Sunrise Time (POA>20 W/m2)]])*24,0) -> 11.816667 | DD17: =SUM(RD[[#This Row],[33 kV_Wind_F3_Export_Reading3]],CJ17,CK17,CL17,CM17) -> 752400 | DE17: 140 | DF17: =SUM(CG17,CI17) -> 348150 | DG17: 380.75 | DH17: ='WTG Reactive Power'!AB15 -> 4769.9
A18: =YEAR(RD[[#This Row],[Date]])+IF(MONTH(RD[[#This Row],[Date]])>=4,1,0) -> 2026 | B18: =YEAR(RD[[#This Row],[Date]]) -> 2025 | C18: =E18-DAY(E18)+1 -> 45748 | D18: =DAY(EOMONTH(RD[[#This Row],[Date]],0)) -> 30 | E18: =E17+1 -> 45758 | F18: 0.26944444 | G18: 0.73958333 | H18: 20240 | I18: 19245 | J18: 20726 | K18: 17597 | L18: 16956 | M18: 20457 | N18: 19892 | O18: 20233 | P18: 19395 | Q18: 18548 | R18: 20225 | S18: 19407 | T18: 19084 | U18: 17670 | V18: 19650 | W18: 19541 | X18: 15845 | Y18: 18466 | Z18: 17589 | AA18: 17471 | AB18: 18968 | AC18: 15788 | AD18: 19432 | AE18: 6.358669 | AF18: 6.2773862 | AG18: 6.7292897 | AH18: 6.0367793 | AI18: 5.9260414 | AJ18: 6.535469 | AK18: 6.4978897 | AL18: 6.4987517 | AM18: 6.466931 | AN18: 6.1410966 | AO18: 6.6354897 | AP18: 6.2297172 | AQ18: 6.1816 | AR18: 5.9574483 | AS18: 6.4081103 | AT18: 6.1937517 | AU18: 6.1754406 | AV18: 6.178 | AW18: 6.068531 | AX18: 6.010069 | AY18: 6.3496 | AZ18: 6.7128571 | BA18: 6.3565724 | BB18: =SUM($H18,$J18,$Q18:$V18,$Z18:$AA18) -> 190610 | BC18: =SUM($W18:$X18) -> 35386 | BD18: =SUM(I18,K18,L18,M18,P18,AB18,AC18,AD18) -> 147838 | BE18: =Y18 -> 18466 | BF18: =SUM($N18:$O18) -> 40125 | BG18: =SUM(RD[[#This Row],[KUD01]:[KUD23]]) -> 432425 | BH18: =IFERROR(AVERAGE(AE18,AG18,AN18:AS18,AW18:AX18),"") -> 6.2720021 | BI18: =IFERROR(AVERAGE(AT18,AU18),"") -> 6.1845961 | BJ18: =IFERROR(AVERAGE(AF18,AH18:AM18,AY18:BA18),"") -> 6.3658278 | BK18: =AV18 -> 6.178 | BL18: =IFERROR(AVERAGEIF(RD[[#This Row],[WS_KUD07]:[WS_KUD08]],"<>0",RD[[#This Row],[WS_KUD07]:[WS_KUD08]]),"") -> 6.4983207 | BM18: =IFERROR(AVERAGE(RD[[#This Row],[WS_KUD01]:[WS_KUD23]]),"") -> 6.3011083 | BN18: =IFERROR(MAX(RD[[#This Row],[WS_KUD01]:[WS_KUD23]]),"") -> 6.7292897 | BO18: 640.305 | BP18: 880.152 | BQ18: 43.243 | BR18: 212.826 | BS18: 161.67 | BT18: 271.725 | BV18: 62.135 | BW18: 179842 | BX18: 243291 | BY18: 110.338 | BZ18: 63.44 | CA18: 262.384 | CB18: 87.445 | CC18: 0.107 | CD18: 285.579 | CE18: 0 | CF18: =IF((RD[[#This Row],[33 kV_Wind_F1_Export reading]]-BO17)*165000<=0,"",(RD[[#This Row],[33 kV_Wind_F1_Export reading]]-BO17)*165000) | CG18: =IF((RD[[#This Row],[33 kV_Wind_F2_Export_reading]]-BP17)*165000<=0,"",(RD[[#This Row],[33 kV_Wind_F2_Export_reading]]-BP17)*165000) -> 213840 | CH18: =IF((RD[[#This Row],[33 kV_Wind_F3_Export_Reading]]-BQ17)*225000<=0,"",(RD[[#This Row],[33 kV_Wind_F3_Export_Reading]]-BQ17)*225000) -> 225675 | CI18: =IF((RD[[#This Row],[33 kV_Wind_F4_Export Reading]]-BR17)*165000<=0,"",(RD[[#This Row],[33 kV_Wind_F4_Export Reading]]-BR17)*165000) -> 205260 | CJ18: =IF((RD[[#This Row],[33 kV_Solar_F1_Export Reading]]-BS17)*225000<=0,"",(RD[[#This Row],[33 kV_Solar_F1_Export Reading]]-BS17)*225000) -> 189900 | CK18: =IF((RD[[#This Row],[33kV_Solar_F2_Export Reading]]-BT17)*225000<=0,"",(RD[[#This Row],[33kV_Solar_F2_Export Reading]]-BT17)*225000) -> 175950 | CL18: =IF((RD[[#This Row],[33 kV_Solar_F3_Export reading]]-BU17)*225000<=0,"",(RD[[#This Row],[33 kV_Solar_F3_Export reading]]-BU17)*225000) | CM18: =IF((RD[[#This Row],[32kV_Solar_F4_Export reading]]-BV17)*225000<=0,"",(RD[[#This Row],[32kV_Solar_F4_Export reading]]-BV17)*225000) -> 172575 | CN18: =IF((RD[[#This Row],[33kV_OG1_Export reading]]-BW17)*1000<=0,0,(RD[[#This Row],[33kV_OG1_Export reading]]-BW17)*1000) -> 538000 | CO18: =IFERROR(IF((RD[[#This Row],[33kV_OG2_Export reading]]-BX17)*1000<=0,0,(RD[[#This Row],[33kV_OG2_Export reading]]-BX17)*1000),0) -> 644000 | CP18: =IF((RD[[#This Row],[220kV_TX1_Export reading]]-BY17)*800000<=0,0,(RD[[#This Row],[220kV_TX1_Export reading]]-BY17)*800000) -> 532800 | CQ18: =IF((RD[[#This Row],[220kV_Tx2_Export reading]]-BZ17)*800000<=0,0,(RD[[#This Row],[220kV_Tx2_Export reading]]-BZ17)*800000) -> 633600 | CR18: =IF((RD[[#This Row],[220kV_TL_TVM Export Reading]]-CA17)*1600000<=0,0,(RD[[#This Row],[220kV_TL_TVM Export Reading]]-CA17)*1600000) -> 1176000 | CS18: =IF((RD[[#This Row],[220kV_C&R_PQM reading]]-CB17)*1600000<=0,"",(RD[[#This Row],[220kV_C&R_PQM reading]]-CB17)*1600000) -> 1174400 | CT18: =IFERROR(IF((RD[[#This Row],[220KV_C&R_PQM Import Reading]]-CC17)*1600000<=0,0,(RD[[#This Row],[220KV_C&R_PQM Import Reading]]-CC17)*1600000),"") -> 1600 | CU18: =IF((RD[[#This Row],[33kV_Aux1 Import Reading]]-CD17)*1000<=0,"",(RD[[#This Row],[33kV_Aux1 Import Reading]]-CD17)*1000) -> 410 | CV18: =IF((RD[[#This Row],[33kV_Aux2_Import reading]]-CE17)*1000<=0,"",(RD[[#This Row],[33kV_Aux2_Import reading]]-CE17)*1000) | CW18: =IFERROR(RD[[#This Row],[33kV_OG1_Energy (MWh)]]+RD[[#This Row],[33kV_OG2_Energy (MWh)]],"") -> 1182000 | CX18: =IFERROR(RD[[#This Row],[220kV_TL_TVM Energy (MWh)]]-RD[[#This Row],[220KV_C&R_PQM Import (MWh)]],"") -> 1174400 | CY18: =IFERROR(RD[[#This Row],[33 kV Total Export (MWH)]]/RD[[#This Row],[220 KV Net Export (MWh)]]-1,"") -> 0.0064713896 | CZ18: =23*2.2 -> 50.6 | DA18: 97 | DC18: =IFERROR((RD[[#This Row],[Sunset Time (POA<20 W/m2)]]-RD[[#This Row],[Sunrise Time (POA>20 W/m2)]])*24,0) -> 11.283333 | DD18: =SUM(RD[[#This Row],[33 kV_Wind_F3_Export_Reading3]],CJ18,CK18,CL18,CM18) -> 764100 | DE18: 140 | DF18: =SUM(CG18,CI18) -> 419100 | DG18: 432.78 | DH18: ='WTG Reactive Power'!AB16 -> 84471.4
A19: =YEAR(RD[[#This Row],[Date]])+IF(MONTH(RD[[#This Row],[Date]])>=4,1,0) -> 2026 | B19: =YEAR(RD[[#This Row],[Date]]) -> 2025 | C19: =E19-DAY(E19)+1 -> 45748 | D19: =DAY(EOMONTH(RD[[#This Row],[Date]],0)) -> 30 | E19: =E18+1 -> 45759 | F19: 0.27777778 | G19: 0.76319444 | H19: 20467 | I19: 19450 | J19: 18406 | K19: 15246 | L19: 15683 | M19: 17665 | N19: 17448 | O19: 18872 | P19: 17354 | Q19: 16602 | R19: 16569 | S19: 17708 | T19: 18146 | U19: 16309 | V19: 16850 | W19: 20825 | X19: 19950 | Y19: 15681 | Z19: 15602 | AA19: 15725 | AB19: 17772 | AC19: 17126 | AD19: 18023 | AE19: 6.7564276 | AF19: 6.5984345 | AG19: 6.6140138 | AH19: 6.0304345 | AI19: 6.2253448 | AJ19: 6.3497586 | AK19: 6.412669 | AL19: 6.6365586 | AM19: 6.4263241 | AN19: 6.1672 | AO19: 6.4480414 | AP19: 6.4024276 | AQ19: 6.4804414 | AR19: 6.1949655 | AS19: 6.9490993 | AT19: 6.7542897 | AU19: 6.6955172 | AV19: 6.202469 | AW19: 6.229931 | AX19: 6.2028 | AY19: 6.552469 | AZ19: 6.5233448 | BA19: 6.4628345 | BB19: =SUM($H19,$J19,$Q19:$V19,$Z19:$AA19) -> 172384 | BC19: =SUM($W19:$X19) -> 40775 | BD19: =SUM(I19,K19,L19,M19,P19,AB19,AC19,AD19) -> 138319 | BE19: =Y19 -> 15681 | BF19: =SUM($N19:$O19) -> 36320 | BG19: =SUM(RD[[#This Row],[KUD01]:[KUD23]]) -> 403479 | BH19: =IFERROR(AVERAGE(AE19,AG19,AN19:AS19,AW19:AX19),"") -> 6.4445348 | BI19: =IFERROR(AVERAGE(AT19,AU19),"") -> 6.7249034 | BJ19: =IFERROR(AVERAGE(AF19,AH19:AM19,AY19:BA19),"") -> 6.4218172 | BK19: =AV19 -> 6.202469 | BL19: =IFERROR(AVERAGEIF(RD[[#This Row],[WS_KUD07]:[WS_KUD08]],"<>0",RD[[#This Row],[WS_KUD07]:[WS_KUD08]]),"") -> 6.5246138 | BM19: =IFERROR(AVERAGE(RD[[#This Row],[WS_KUD01]:[WS_KUD23]]),"") -> 6.4485129 | BN19: =IFERROR(MAX(RD[[#This Row],[WS_KUD01]:[WS_KUD23]]),"") -> 6.9490993 | BO19: 640.305 | BP19: 881.378 | BQ19: 44.202 | BR19: 213.942 | BS19: 162.49 | BT19: 272.499 | BV19: 62.873 | BW19: 180367 | BX19: 243894 | BY19: 110.988 | BZ19: 64.188 | CA19: 263.083 | CB19: 88.147 | CC19: 0.107 | CD19: 285.989 | CE19: 0 | CF19: =IF((RD[[#This Row],[33 kV_Wind_F1_Export reading]]-BO18)*165000<=0,"",(RD[[#This Row],[33 kV_Wind_F1_Export reading]]-BO18)*165000) | CG19: =IF((RD[[#This Row],[33 kV_Wind_F2_Export_reading]]-BP18)*165000<=0,"",(RD[[#This Row],[33 kV_Wind_F2_Export_reading]]-BP18)*165000) -> 202290 | CH19: =IF((RD[[#This Row],[33 kV_Wind_F3_Export_Reading]]-BQ18)*225000<=0,"",(RD[[#This Row],[33 kV_Wind_F3_Export_Reading]]-BQ18)*225000) -> 215775 | CI19: =IF((RD[[#This Row],[33 kV_Wind_F4_Export Reading]]-BR18)*165000<=0,"",(RD[[#This Row],[33 kV_Wind_F4_Export Reading]]-BR18)*165000) -> 184140 | CJ19: =IF((RD[[#This Row],[33 kV_Solar_F1_Export Reading]]-BS18)*225000<=0,"",(RD[[#This Row],[33 kV_Solar_F1_Export Reading]]-BS18)*225000) -> 184500 | CK19: =IF((RD[[#This Row],[33kV_Solar_F2_Export Reading]]-BT18)*225000<=0,"",(RD[[#This Row],[33kV_Solar_F2_Export Reading]]-BT18)*225000) -> 174150 | CL19: =IF((RD[[#This Row],[33 kV_Solar_F3_Export reading]]-BU18)*225000<=0,"",(RD[[#This Row],[33 kV_Solar_F3_Export reading]]-BU18)*225000) | CM19: =IF((RD[[#This Row],[32kV_Solar_F4_Export reading]]-BV18)*225000<=0,"",(RD[[#This Row],[32kV_Solar_F4_Export reading]]-BV18)*225000) -> 166050 | CN19: =IF((RD[[#This Row],[33kV_OG1_Export reading]]-BW18)*1000<=0,0,(RD[[#This Row],[33kV_OG1_Export reading]]-BW18)*1000) -> 525000 | CO19: =IFERROR(IF((RD[[#This Row],[33kV_OG2_Export reading]]-BX18)*1000<=0,0,(RD[[#This Row],[33kV_OG2_Export reading]]-BX18)*1000),0) -> 603000 | CP19: =IF((RD[[#This Row],[220kV_TX1_Export reading]]-BY18)*800000<=0,0,(RD[[#This Row],[220kV_TX1_Export reading]]-BY18)*800000) -> 520000 | CQ19: =IF((RD[[#This Row],[220kV_Tx2_Export reading]]-BZ18)*800000<=0,0,(RD[[#This Row],[220kV_Tx2_Export reading]]-BZ18)*800000) -> 598400 | CR19: =IF((RD[[#This Row],[220kV_TL_TVM Export Reading]]-CA18)*1600000<=0,0,(RD[[#This Row],[220kV_TL_TVM Export Reading]]-CA18)*1600000) -> 1118400 | CS19: =IF((RD[[#This Row],[220kV_C&R_PQM reading]]-CB18)*1600000<=0,"",(RD[[#This Row],[220kV_C&R_PQM reading]]-CB18)*1600000) -> 1123200 | CT19: =IFERROR(IF((RD[[#This Row],[220KV_C&R_PQM Import Reading]]-CC18)*1600000<=0,0,(RD[[#This Row],[220KV_C&R_PQM Import Reading]]-CC18)*1600000),"") -> 0 | CU19: =IF((RD[[#This Row],[33kV_Aux1 Import Reading]]-CD18)*1000<=0,"",(RD[[#This Row],[33kV_Aux1 Import Reading]]-CD18)*1000) -> 410 | CV19: =IF((RD[[#This Row],[33kV_Aux2_Import reading]]-CE18)*1000<=0,"",(RD[[#This Row],[33kV_Aux2_Import reading]]-CE18)*1000) | CW19: =IFERROR(RD[[#This Row],[33kV_OG1_Energy (MWh)]]+RD[[#This Row],[33kV_OG2_Energy (MWh)]],"") -> 1128000 | CX19: =IFERROR(RD[[#This Row],[220kV_TL_TVM Energy (MWh)]]-RD[[#This Row],[220KV_C&R_PQM Import (MWh)]],"") -> 1118400 | CY19: =IFERROR(RD[[#This Row],[33 kV Total Export (MWH)]]/RD[[#This Row],[220 KV Net Export (MWh)]]-1,"") -> 0.008583691 | CZ19: =23*2.2 -> 50.6 | DA19: 97 | DC19: =IFERROR((RD[[#This Row],[Sunset Time (POA<20 W/m2)]]-RD[[#This Row],[Sunrise Time (POA>20 W/m2)]])*24,0) -> 11.65 | DD19: =SUM(RD[[#This Row],[33 kV_Wind_F3_Export_Reading3]],CJ19,CK19,CL19,CM19) -> 740475 | DE19: 140 | DF19: =SUM(CG19,CI19) -> 386430 | DG19: 407.49 | DH19: ='WTG Reactive Power'!AB17 -> 37239.3
... A29: =YEAR(RD[[#This Row],[Date]])+IF(MONTH(RD[[#This Row],[Date]])>=4,1,0) -> 2026 | B29: =YEAR(RD[[#This Row],[Date]]) -> 2025 | C29: =E29-DAY(E29)+1 -> 45748 | D29: =DAY(EOMONTH(RD[[#This Row],[Date]],0)) -> 30 | E29: =E28+1 -> 45769 | F29: 0.26597222 | G29: 0.75347222 | H29: 4192 | I29: 5108 | J29: 4790 | K29: 2836 | L29: 3587 | M29: 4421 | N29: 4694 | O29: 4847 | P29: 4541 | Q29: 4268 | R29: 3719 | S29: 3889 | T29: 3980 | U29: 3411 | V29: 4924 | W29: 7253 | X29: 5893 | Y29: 4173 | Z29: 3629 | AA29: 3295 | AB29: 5005 | AC29: 4361 | AD29: 5811 | AE29: 4.283975 | AF29: 4.4805462 | AG29: 4.0756391 | AH29: 3.6800922 | AI29: 3.861695 | AJ29: 3.9125603 | AK29: 4.0262695 | AL29: 4.1260672 | AM29: 4.1903688 | AN29: 4.0197402 | AO29: 4.0436692 | AP29: 3.8765308 | AQ29: 3.9528872 | AR29: 3.7904427 | AS29: 4.6029899 | AT29: 4.4978227 | AU29: 4.3489787 | AV29: 4.0427535 | AW29: 3.9966378 | AX29: 3.8931894 | AY29: 4.2540355 | AZ29: 4.1868014 | BA29: 4.4719055 | BB29: =SUM($H29,$J29,$Q29:$V29,$Z29:$AA29) -> 40097 | BC29: =SUM($W29:$X29) -> 13146 | BD29: =SUM(I29,K29,L29,M29,P29,AB29,AC29,AD29) -> 35670 | BE29: =Y29 -> 4173 | BF29: =SUM($N29:$O29) -> 9541 | BG29: =SUM(RD[[#This Row],[KUD01]:[KUD23]]) -> 102627 | BH29: =IFERROR(AVERAGE(AE29,AG29,AN29:AS29,AW29:AX29),"") -> 4.0535701 | BI29: =IFERROR(AVERAGE(AT29,AU29),"") -> 4.4234007 | BJ29: =IFERROR(AVERAGE(AF29,AH29:AM29,AY29:BA29),"") -> 4.1190342 | BK29: =AV29 -> 4.0427535 | BL29: =IFERROR(AVERAGEIF(RD[[#This Row],[WS_KUD07]:[WS_KUD08]],"<>0",RD[[#This Row],[WS_KUD07]:[WS_KUD08]]),"") -> 4.0761683 | BM29: =IFERROR(AVERAGE(RD[[#This Row],[WS_KUD01]:[WS_KUD23]]),"") -> 4.1137216 | BN29: =IFERROR(MAX(RD[[#This Row],[WS_KUD01]:[WS_KUD23]]),"") -> 4.6029899 | BO29: 640.305 | BP29: 887.257 | BQ29: 54.165 | BR29: 219.182 | BS29: 171.24 | BT29: 280.694 | BV29: 70.806 | BW29: 185967 | BX29: 247964 | BY29: 117.911 | BZ29: 69.195 | CA29: 269.078 | CB29: 94.148 | CC29: 0.109 | CD29: 290.079 | CE29: 0 | CF29: =IF((RD[[#This Row],[33 kV_Wind_F1_Export reading]]-BO28)*165000<=0,"",(RD[[#This Row],[33 kV_Wind_F1_Export reading]]-BO28)*165000) | CG29: =IF((RD[[#This Row],[33 kV_Wind_F2_Export_reading]]-BP28)*165000<=0,"",(RD[[#This Row],[33 kV_Wind_F2_Export_reading]]-BP28)*165000) -> 55770 | CH29: =IF((RD[[#This Row],[33 kV_Wind_F3_Export_Reading]]-BQ28)*225000<=0,"",(RD[[#This Row],[33 kV_Wind_F3_Export_Reading]]-BQ28)*225000) -> 233325 | CI29: =IF((RD[[#This Row],[33 kV_Wind_F4_Export Reading]]-BR28)*165000<=0,"",(RD[[#This Row],[33 kV_Wind_F4_Export Reading]]-BR28)*165000) -> 44055 | CJ29: =IF((RD[[#This Row],[33 kV_Solar_F1_Export Reading]]-BS28)*225000<=0,"",(RD[[#This Row],[33 kV_Solar_F1_Export Reading]]-BS28)*225000) -> 195975 | CK29: =IF((RD[[#This Row],[33kV_Solar_F2_Export Reading]]-BT28)*225000<=0,"",(RD[[#This Row],[33kV_Solar_F2_Export Reading]]-BT28)*225000) -> 184500 | CL29: =IF((RD[[#This Row],[33 kV_Solar_F3_Export reading]]-BU28)*225000<=0,"",(RD[[#This Row],[33 kV_Solar_F3_Export reading]]-BU28)*225000) | CM29: =IF((RD[[#This Row],[32kV_Solar_F4_Export reading]]-BV28)*225000<=0,"",(RD[[#This Row],[32kV_Solar_F4_Export reading]]-BV28)*225000) -> 175950 | CN29: =IF((RD[[#This Row],[33kV_OG1_Export reading]]-BW28)*1000<=0,0,(RD[[#This Row],[33kV_OG1_Export reading]]-BW28)*1000) -> 557000 | CO29: =IFERROR(IF((RD[[#This Row],[33kV_OG2_Export reading]]-BX28)*1000<=0,0,(RD[[#This Row],[33kV_OG2_Export reading]]-BX28)*1000),0) -> 332000 | CP29: =IF((RD[[#This Row],[220kV_TX1_Export reading]]-BY28)*800000<=0,0,(RD[[#This Row],[220kV_TX1_Export reading]]-BY28)*800000) -> 550400 | CQ29: =IF((RD[[#This Row],[220kV_Tx2_Export reading]]-BZ28)*800000<=0,0,(RD[[#This Row],[220kV_Tx2_Export reading]]-BZ28)*800000) -> 328000 | CR29: =IF((RD[[#This Row],[220kV_TL_TVM Export Reading]]-CA28)*1600000<=0,0,(RD[[#This Row],[220kV_TL_TVM Export Reading]]-CA28)*1600000) -> 883200 | CS29: =IF((RD[[#This Row],[220kV_C&R_PQM reading]]-CB28)*1600000<=0,"",(RD[[#This Row],[220kV_C&R_PQM reading]]-CB28)*1600000) -> 881600 | CT29: =IFERROR(IF((RD[[#This Row],[220KV_C&R_PQM Import Reading]]-CC28)*1600000<=0,0,(RD[[#This Row],[220KV_C&R_PQM Import Reading]]-CC28)*1600000),"") -> 1600 | CU29: =IF((RD[[#This Row],[33kV_Aux1 Import Reading]]-CD28)*1000<=0,"",(RD[[#This Row],[33kV_Aux1 Import Reading]]-CD28)*1000) -> 410 | CV29: =IF((RD[[#This Row],[33kV_Aux2_Import reading]]-CE28)*1000<=0,"",(RD[[#This Row],[33kV_Aux2_Import reading]]-CE28)*1000) | CW29: =IFERROR(RD[[#This Row],[33kV_OG1_Energy (MWh)]]+RD[[#This Row],[33kV_OG2_Energy (MWh)]],"") -> 889000 | CX29: =IFERROR(RD[[#This Row],[220kV_TL_TVM Energy (MWh)]]-RD[[#This Row],[220KV_C&R_PQM Import (MWh)]],"") -> 881600 | CY29: =IFERROR(RD[[#This Row],[33 kV Total Export (MWH)]]/RD[[#This Row],[220 KV Net Export (MWh)]]-1,"") -> 0.0083938294 | CZ29: =23*2.2 -> 50.6 | DA29: 97 | DC29: =IFERROR((RD[[#This Row],[Sunset Time (POA<20 W/m2)]]-RD[[#This Row],[Sunrise Time (POA>20 W/m2)]])*24,0) -> 11.7 | DD29: =SUM(RD[[#This Row],[33 kV_Wind_F3_Export_Reading3]],CJ29,CK29,CL29,CM29) -> 789750 | DE29: 140 | DF29: =SUM(CG29,CI29) -> 99825 | DG29: 106.17 | DH29: ='WTG Reactive Power'!AB27 -> 16397.6
A30: =YEAR(RD[[#This Row],[Date]])+IF(MONTH(RD[[#This Row],[Date]])>=4,1,0) -> 2026 | B30: =YEAR(RD[[#This Row],[Date]]) -> 2025 | C30: =E30-DAY(E30)+1 -> 45748 | D30: =DAY(EOMONTH(RD[[#This Row],[Date]],0)) -> 30 | E30: =E29+1 -> 45770 | F30: 0.26875 | G30: 0.75694444 | H30: 5919 | I30: 6384 | J30: 6435 | K30: 4489 | L30: 4834 | M30: 5720 | N30: 5741 | O30: 6362 | P30: 4994 | Q30: 5517 | R30: 5682 | S30: 5475 | T30: 5625 | U30: 4787 | V30: 7214 | W30: 7325 | X30: 6587 | Y30: 5239 | Z30: 4942 | AA30: 4051 | AB30: 5288 | AC30: 4837 | AD30: 5806 | AE30: 4.903 | AF30: 4.421 | AG30: 4.366 | AH30: 3.913 | AI30: 4.061 | AJ30: 4.125 | AK30: 4.133 | AL30: 4.348 | AM30: 4.175 | AN30: 4.117 | AO30: 4.268 | AP30: 4.238 | AQ30: 4.236 | AR30: 3.987 | AS30: 5.387 | AT30: 4.418 | AU30: 4.446 | AV30: 4.176 | AW30: 4.31 | AX30: 4.015 | AY30: 4.223 | AZ30: 4.272 | BA30: 4.223 | BB30: =SUM($H30,$J30,$Q30:$V30,$Z30:$AA30) -> 55647 | BC30: =SUM($W30:$X30) -> 13912 | BD30: =SUM(I30,K30,L30,M30,P30,AB30,AC30,AD30) -> 42352 | BE30: =Y30 -> 5239 | BF30: =SUM($N30:$O30) -> 12103 | BG30: =SUM(RD[[#This Row],[KUD01]:[KUD23]]) -> 129253 | BH30: =IFERROR(AVERAGE(AE30,AG30,AN30:AS30,AW30:AX30),"") -> 4.3827 | BI30: =IFERROR(AVERAGE(AT30,AU30),"") -> 4.432 | BJ30: =IFERROR(AVERAGE(AF30,AH30:AM30,AY30:BA30),"") -> 4.1894 | BK30: =AV30 -> 4.176 | BL30: =IFERROR(AVERAGEIF(RD[[#This Row],[WS_KUD07]:[WS_KUD08]],"<>0",RD[[#This Row],[WS_KUD07]:[WS_KUD08]]),"") -> 4.2405 | BM30: =IFERROR(AVERAGE(RD[[#This Row],[WS_KUD01]:[WS_KUD23]]),"") -> 4.2939565 | BN30: =IFERROR(MAX(RD[[#This Row],[WS_KUD01]:[WS_KUD23]]),"") -> 5.387 | BO30: 640.305 | BP30: 887.65 | BQ30: 55.257 | BR30: 219.548 | BS30: 172.134 | BT30: 281.531 | BV30: 71.64 | BW30: 186544 | BX30: 248334 | BY30: 118.625 | BZ30: 69.651 | CA30: 269.665 | CB30: 94.736 | CC30: 0.109 | CD30: 290.479 | CE30: 0 | CF30: =IF((RD[[#This Row],[33 kV_Wind_F1_Export reading]]-BO29)*165000<=0,"",(RD[[#This Row],[33 kV_Wind_F1_Export reading]]-BO29)*165000) | CG30: =IF((RD[[#This Row],[33 kV_Wind_F2_Export_reading]]-BP29)*165000<=0,"",(RD[[#This Row],[33 kV_Wind_F2_Export_reading]]-BP29)*165000) -> 64845 | CH30: =IF((RD[[#This Row],[33 kV_Wind_F3_Export_Reading]]-BQ29)*225000<=0,"",(RD[[#This Row],[33 kV_Wind_F3_Export_Reading]]-BQ29)*225000) -> 245700 | CI30: =IF((RD[[#This Row],[33 kV_Wind_F4_Export Reading]]-BR29)*165000<=0,"",(RD[[#This Row],[33 kV_Wind_F4_Export Reading]]-BR29)*165000) -> 60390 | CJ30: =IF((RD[[#This Row],[33 kV_Solar_F1_Export Reading]]-BS29)*225000<=0,"",(RD[[#This Row],[33 kV_Solar_F1_Export Reading]]-BS29)*225000) -> 201150 | CK30: =IF((RD[[#This Row],[33kV_Solar_F2_Export Reading]]-BT29)*225000<=0,"",(RD[[#This Row],[33kV_Solar_F2_Export Reading]]-BT29)*225000) -> 188325 | CM30: =IF((RD[[#This Row],[32kV_Solar_F4_Export reading]]-BV29)*225000<=0,"",(RD[[#This Row],[32kV_Solar_F4_Export reading]]-BV29)*225000) -> 187650 | CN30: =IF((RD[[#This Row],[33kV_OG1_Export reading]]-BW29)*1000<=0,0,(RD[[#This Row],[33kV_OG1_Export reading]]-BW29)*1000) -> 577000 | CO30: =IFERROR(IF((RD[[#This Row],[33kV_OG2_Export reading]]-BX29)*1000<=0,0,(RD[[#This Row],[33kV_OG2_Export reading]]-BX29)*1000),0) -> 370000 | CP30: =IF((RD[[#This Row],[220kV_TX1_Export reading]]-BY29)*800000<=0,0,(RD[[#This Row],[220kV_TX1_Export reading]]-BY29)*800000) -> 571200 | CQ30: =IF((RD[[#This Row],[220kV_Tx2_Export reading]]-BZ29)*800000<=0,0,(RD[[#This Row],[220kV_Tx2_Export reading]]-BZ29)*800000) -> 364800 | CR30: =IF((RD[[#This Row],[220kV_TL_TVM Export Reading]]-CA29)*1600000<=0,0,(RD[[#This Row],[220kV_TL_TVM Export Reading]]-CA29)*1600000) -> 939200 | CS30: =IF((RD[[#This Row],[220kV_C&R_PQM reading]]-CB29)*1600000<=0,"",(RD[[#This Row],[220kV_C&R_PQM reading]]-CB29)*1600000) -> 940800 | CT30: =IFERROR(IF((RD[[#This Row],[220KV_C&R_PQM Import Reading]]-CC29)*1600000<=0,0,(RD[[#This Row],[220KV_C&R_PQM Import Reading]]-CC29)*1600000),"") -> 0 | CU30: =IF((RD[[#This Row],[33kV_Aux1 Import Reading]]-CD29)*1000<=0,"",(RD[[#This Row],[33kV_Aux1 Import Reading]]-CD29)*1000) -> 400 | CV30: =IF((RD[[#This Row],[33kV_Aux2_Import reading]]-CE29)*1000<=0,"",(RD[[#This Row],[33kV_Aux2_Import reading]]-CE29)*1000) | CW30: =IFERROR(RD[[#This Row],[33kV_OG1_Energy (MWh)]]+RD[[#This Row],[33kV_OG2_Energy (MWh)]],"") -> 947000 | CX30: =IFERROR(RD[[#This Row],[220kV_TL_TVM Energy (MWh)]]-RD[[#This Row],[220KV_C&R_PQM Import (MWh)]],"") -> 939200 | CY30: =IFERROR(RD[[#This Row],[33 kV Total Export (MWH)]]/RD[[#This Row],[220 KV Net Export (MWh)]]-1,"") -> 0.0083049404 | CZ30: =23*2.2 -> 50.6 | DA30: 97 | DC30: =IFERROR((RD[[#This Row],[Sunset Time (POA<20 W/m2)]]-RD[[#This Row],[Sunrise Time (POA>20 W/m2)]])*24,0) -> 11.716667 | DD30: =SUM(RD[[#This Row],[33 kV_Wind_F3_Export_Reading3]],CJ30,CK30,CL30,CM30) -> 822825 | DE30: 140 | DF30: =SUM(CG30,CI30) -> 125235 | DG30: 130.34 | DH30: ='WTG Reactive Power'!AB28 -> 14182.9
A31: =YEAR(RD[[#This Row],[Date]])+IF(MONTH(RD[[#This Row],[Date]])>=4,1,0) -> 2026 | B31: =YEAR(RD[[#This Row],[Date]]) -> 2025 | C31: =E31-DAY(E31)+1 -> 45748 | D31: =DAY(EOMONTH(RD[[#This Row],[Date]],0)) -> 30 | E31: =E30+1 -> 45771 | F31: 0.26666667 | G31: 0.75694444 | H31: 7103 | I31: 7952 | J31: 5849 | K31: 5129 | L31: 5831 | M31: 5879 | N31: 5747 | O31: 6005 | P31: 5974 | Q31: 5570 | R31: 5857 | S31: 5932 | T31: 6457 | U31: 5704 | V31: 7937 | W31: 8790 | X31: 8226 | Y31: 6260 | Z31: 5189 | AA31: 5173 | AB31: 6596 | AC31: 6222 | AD31: 7236 | AE31: 4.903 | AF31: 4.5043034 | AG31: 4.279964 | AH31: 3.9862414 | AI31: 4.2341655 | AJ31: 4.1514897 | AK31: 4.1286414 | AL31: 4.3536884 | AM31: 4.3074207 | AN31: 4.1911765 | AO31: 4.3533116 | AP31: 4.2569851 | AQ31: 4.3516475 | AR31: 4.1738406 | AS31: 5.1146944 | AT31: 4.5261655 | AU31: 4.5804069 | AV31: 4.2708345 | AW31: 4.3646923 | AX31: 4.105036 | AY31: 4.3635724 | AZ31: 4.3592483 | BA31: 4.3867103 | BB31: =SUM($H31,$J31,$Q31:$V31,$Z31:$AA31) -> 60771 | BC31: =SUM($W31:$X31) -> 17016 | BD31: =SUM(I31,K31,L31,M31,P31,AB31,AC31,AD31) -> 50819 | BE31: =Y31 -> 6260 | BF31: =SUM($N31:$O31) -> 11752 | BG31: =SUM(RD[[#This Row],[KUD01]:[KUD23]]) -> 146618 | BH31: =IFERROR(AVERAGE(AE31,AG31,AN31:AS31,AW31:AX31),"") -> 4.4094348 | BI31: =IFERROR(AVERAGE(AT31,AU31),"") -> 4.5532862 | BJ31: =IFERROR(AVERAGE(AF31,AH31:AM31,AY31:BA31),"") -> 4.2775482 | BK31: =AV31 -> 4.2708345 | BL31: =IFERROR(AVERAGEIF(RD[[#This Row],[WS_KUD07]:[WS_KUD08]],"<>0",RD[[#This Row],[WS_KUD07]:[WS_KUD08]]),"") -> 4.2411649 | BM31: =IFERROR(AVERAGE(RD[[#This Row],[WS_KUD01]:[WS_KUD23]]),"") -> 4.3585755 | BN31: =IFERROR(MAX(RD[[#This Row],[WS_KUD01]:[WS_KUD23]]),"") -> 5.1146944 | BO31: 640.305 | BP31: 888.118 | BQ31: 56.319 | BR31: 219.942 | BS31: 173.029 | BT31: 282.384 | BV31: 72.443 | BW31: 187118 | BX31: 248715 | BY31: 119.335 | BZ31: 70.121 | CA31: 270.257 | CB31: 95.329 | CC31: 0.11 | CD31: 290.889 | CE31: 0 | CF31: =IF((RD[[#This Row],[33 kV_Wind_F1_Export reading]]-BO30)*165000<=0,"",(RD[[#This Row],[33 kV_Wind_F1_Export reading]]-BO30)*165000) | CG31: =IF((RD[[#This Row],[33 kV_Wind_F2_Export_reading]]-BP30)*165000<=0,"",(RD[[#This Row],[33 kV_Wind_F2_Export_reading]]-BP30)*165000) -> 77220 | CH31: =IF((RD[[#This Row],[33 kV_Wind_F3_Export_Reading]]-BQ30)*225000<=0,"",(RD[[#This Row],[33 kV_Wind_F3_Export_Reading]]-BQ30)*225000) -> 238950 | CI31: =IF((RD[[#This Row],[33 kV_Wind_F4_Export Reading]]-BR30)*165000<=0,"",(RD[[#This Row],[33 kV_Wind_F4_Export Reading]]-BR30)*165000) -> 65010 | CJ31: =IF((RD[[#This Row],[33 kV_Solar_F1_Export Reading]]-BS30)*225000<=0,"",(RD[[#This Row],[33 kV_Solar_F1_Export Reading]]-BS30)*225000) -> 201375 | CK31: =IF((RD[[#This Row],[33kV_Solar_F2_Export Reading]]-BT30)*225000<=0,"",(RD[[#This Row],[33kV_Solar_F2_Export Reading]]-BT30)*225000) -> 191925 | CL31: =IF((RD[[#This Row],[33 kV_Solar_F3_Export reading]]-BU30)*225000<=0,"",(RD[[#This Row],[33 kV_Solar_F3_Export reading]]-BU30)*225000) | CM31: =IF((RD[[#This Row],[32kV_Solar_F4_Export reading]]-BV30)*225000<=0,"",(RD[[#This Row],[32kV_Solar_F4_Export reading]]-BV30)*225000) -> 180675 | CN31: =IF((RD[[#This Row],[33kV_OG1_Export reading]]-BW30)*1000<=0,0,(RD[[#This Row],[33kV_OG1_Export reading]]-BW30)*1000) -> 574000 | CO31: =IFERROR(IF((RD[[#This Row],[33kV_OG2_Export reading]]-BX30)*1000<=0,0,(RD[[#This Row],[33kV_OG2_Export reading]]-BX30)*1000),0) -> 381000 | CP31: =IF((RD[[#This Row],[220kV_TX1_Export reading]]-BY30)*800000<=0,0,(RD[[#This Row],[220kV_TX1_Export reading]]-BY30)*800000) -> 568000 | CQ31: =IF((RD[[#This Row],[220kV_Tx2_Export reading]]-BZ30)*800000<=0,0,(RD[[#This Row],[220kV_Tx2_Export reading]]-BZ30)*800000) -> 376000 | CR31: =IF((RD[[#This Row],[220kV_TL_TVM Export Reading]]-CA30)*1600000<=0,0,(RD[[#This Row],[220kV_TL_TVM Export Reading]]-CA30)*1600000) -> 947200 | CS31: =IF((RD[[#This Row],[220kV_C&R_PQM reading]]-CB30)*1600000<=0,"",(RD[[#This Row],[220kV_C&R_PQM reading]]-CB30)*1600000) -> 948800 | CT31: =IFERROR(IF((RD[[#This Row],[220KV_C&R_PQM Import Reading]]-CC30)*1600000<=0,0,(RD[[#This Row],[220KV_C&R_PQM Import Reading]]-CC30)*1600000),"") -> 1600 | CU31: =IF((RD[[#This Row],[33kV_Aux1 Import Reading]]-CD30)*1000<=0,"",(RD[[#This Row],[33kV_Aux1 Import Reading]]-CD30)*1000) -> 410 | CV31: =IF((RD[[#This Row],[33kV_Aux2_Import reading]]-CE30)*1000<=0,"",(RD[[#This Row],[33kV_Aux2_Import reading]]-CE30)*1000) | CW31: =IFERROR(RD[[#This Row],[33kV_OG1_Energy (MWh)]]+RD[[#This Row],[33kV_OG2_Energy (MWh)]],"") -> 955000 | CX31: =IFERROR(RD[[#This Row],[220kV_TL_TVM Energy (MWh)]]-RD[[#This Row],[220KV_C&R_PQM Import (MWh)]],"") -> 945600 | CY31: =IFERROR(RD[[#This Row],[33 kV Total Export (MWH)]]/RD[[#This Row],[220 KV Net Export (MWh)]]-1,"") -> 0.0099407783 | CZ31: =23*2.2 -> 50.6 | DA31: 97 | DC31: =IFERROR((RD[[#This Row],[Sunset Time (POA<20 W/m2)]]-RD[[#This Row],[Sunrise Time (POA>20 W/m2)]])*24,0) -> 11.766667 | DD31: =SUM(RD[[#This Row],[33 kV_Wind_F3_Export_Reading3]],CJ31,CK31,CL31,CM31) -> 812925 | DE31: 140 | DF31: =SUM(CG31,CI31) -> 142230 | DG31: 148.16 | DH31: ='WTG Reactive Power'!AB29 -> 37616.5
A32: =YEAR(RD[[#This Row],[Date]])+IF(MONTH(RD[[#This Row],[Date]])>=4,1,0) -> 2026 | B32: =YEAR(RD[[#This Row],[Date]]) -> 2025 | C32: =E32-DAY(E32)+1 -> 45748 | D32: =DAY(EOMONTH(RD[[#This Row],[Date]],0)) -> 30 | E32: =E31+1 -> 45772 | F32: 0.26666667 | G32: 0.75555556 | H32: 8326 | I32: 9431 | J32: 9036 | K32: 6719 | L32: 8532 | M32: 8704 | N32: 8738 | O32: 8362 | P32: 7584 | Q32: 8067 | R32: 9062 | S32: 8275 | T32: 8335 | U32: 7868 | V32: 9693 | W32: 9344 | X32: 10225 | Y32: 8417 | Z32: 7351 | AA32: 6822 | AB32: 9055 | AC32: 8675 | AD32: 9628 | AE32: 5.142463 | AF32: 4.8499517 | AG32: 4.8925865 | AH32: 4.3669931 | AI32: 4.7628276 | AJ32: 4.6285862 | AK32: 4.6462138 | AL32: 4.8132632 | AM32: 4.6295724 | AN32: 4.8517381 | AO32: 4.9774511 | AP32: 4.7327879 | AQ32: 4.777985 | AR32: 4.7162256 | AS32: 5.6159633 | AT32: 4.7837379 | AU32: 4.9883448 | AV32: 4.7504 | AW32: 4.8801832 | AX32: 4.5928626 | AY32: 4.8545655 | AZ32: 4.796531 | BA32: 4.8297241 | BB32: =SUM($H32,$J32,$Q32:$V32,$Z32:$AA32) -> 82835 | BC32: =SUM($W32:$X32) -> 19569 | BD32: =SUM(I32,K32,L32,M32,P32,AB32,AC32,AD32) -> 68328 | BE32: =Y32 -> 8417 | BF32: =SUM($N32:$O32) -> 17100 | BG32: =SUM(RD[[#This Row],[KUD01]:[KUD23]]) -> 196249 | BH32: =IFERROR(AVERAGE(AE32,AG32,AN32:AS32,AW32:AX32),"") -> 4.9180246 | BI32: =IFERROR(AVERAGE(AT32,AU32),"") -> 4.8860414 | BJ32: =IFERROR(AVERAGE(AF32,AH32:AM32,AY32:BA32),"") -> 4.7178229 | BK32: =AV32 -> 4.7504 | BL32: =IFERROR(AVERAGEIF(RD[[#This Row],[WS_KUD07]:[WS_KUD08]],"<>0",RD[[#This Row],[WS_KUD07]:[WS_KUD08]]),"") -> 4.7297385 | BM32: =IFERROR(AVERAGE(RD[[#This Row],[WS_KUD01]:[WS_KUD23]]),"") -> 4.8209112 | BN32: =IFERROR(MAX(RD[[#This Row],[WS_KUD01]:[WS_KUD23]]),"") -> 5.6159633 | BO32: 640.305 | BP32: 888.729 | BQ32: 57.312 | BR32: 220.479 | BS32: 173.874 | BT32: 283.186 | BV32: 73.199 | BW32: 187659 | BX32: 249127 | BY32: 120.003 | BZ32: 70.631 | CA32: 270.847 | CB32: 95.92 | CC32: 0.11 | CD32: 291.299 | CE32: 0 | CF32: =IF((RD[[#This Row],[33 kV_Wind_F1_Export reading]]-BO31)*165000<=0,"",(RD[[#This Row],[33 kV_Wind_F1_Export reading]]-BO31)*165000) | CG32: =IF((RD[[#This Row],[33 kV_Wind_F2_Export_reading]]-BP31)*165000<=0,"",(RD[[#This Row],[33 kV_Wind_F2_Export_reading]]-BP31)*165000) -> 100815 | CH32: =IF((RD[[#This Row],[33 kV_Wind_F3_Export_Reading]]-BQ31)*225000<=0,"",(RD[[#This Row],[33 kV_Wind_F3_Export_Reading]]-BQ31)*225000) -> 223425 | CI32: =IF((RD[[#This Row],[33 kV_Wind_F4_Export Reading]]-BR31)*165000<=0,"",(RD[[#This Row],[33 kV_Wind_F4_Export Reading]]-BR31)*165000) -> 88605 | CJ32: =IF((RD[[#This Row],[33 kV_Solar_F1_Export Reading]]-BS31)*225000<=0,"",(RD[[#This Row],[33 kV_Solar_F1_Export Reading]]-BS31)*225000) -> 190125 | CK32: =IF((RD[[#This Row],[33kV_Solar_F2_Export Reading]]-BT31)*225000<=0,"",(RD[[#This Row],[33kV_Solar_F2_Export Reading]]-BT31)*225000) -> 180450 | CL32: =IF((RD[[#This Row],[33 kV_Solar_F3_Export reading]]-BU31)*225000<=0,"",(RD[[#This Row],[33 kV_Solar_F3_Export reading]]-BU31)*225000) | CM32: =IF((RD[[#This Row],[32kV_Solar_F4_Export reading]]-BV31)*225000<=0,"",(RD[[#This Row],[32kV_Solar_F4_Export reading]]-BV31)*225000) -> 170100 | CN32: =IF((RD[[#This Row],[33kV_OG1_Export reading]]-BW31)*1000<=0,0,(RD[[#This Row],[33kV_OG1_Export reading]]-BW31)*1000) -> 541000 | CO32: =IFERROR(IF((RD[[#This Row],[33kV_OG2_Export reading]]-BX31)*1000<=0,0,(RD[[#This Row],[33kV_OG2_Export reading]]-BX31)*1000),0) -> 412000 | CP32: =IF((RD[[#This Row],[220kV_TX1_Export reading]]-BY31)*800000<=0,0,(RD[[#This Row],[220kV_TX1_Export reading]]-BY31)*800000) -> 534400 | CQ32: =IF((RD[[#This Row],[220kV_Tx2_Export reading]]-BZ31)*800000<=0,0,(RD[[#This Row],[220kV_Tx2_Export reading]]-BZ31)*800000) -> 408000 | CR32: =IF((RD[[#This Row],[220kV_TL_TVM Export Reading]]-CA31)*1600000<=0,0,(RD[[#This Row],[220kV_TL_TVM Export Reading]]-CA31)*1600000) -> 944000 | CS32: =IF((RD[[#This Row],[220kV_C&R_PQM reading]]-CB31)*1600000<=0,"",(RD[[#This Row],[220kV_C&R_PQM reading]]-CB31)*1600000) -> 945600 | CT32: =IFERROR(IF((RD[[#This Row],[220KV_C&R_PQM Import Reading]]-CC31)*1600000<=0,0,(RD[[#This Row],[220KV_C&R_PQM Import Reading]]-CC31)*1600000),"") -> 0 | CU32: =IF((RD[[#This Row],[33kV_Aux1 Import Reading]]-CD31)*1000<=0,"",(RD[[#This Row],[33kV_Aux1 Import Reading]]-CD31)*1000) -> 410 | CV32: =IF((RD[[#This Row],[33kV_Aux2_Import reading]]-CE31)*1000<=0,"",(RD[[#This Row],[33kV_Aux2_Import reading]]-CE31)*1000) | CW32: =IFERROR(RD[[#This Row],[33kV_OG1_Energy (MWh)]]+RD[[#This Row],[33kV_OG2_Energy (MWh)]],"") -> 953000 | CX32: =IFERROR(RD[[#This Row],[220kV_TL_TVM Energy (MWh)]]-RD[[#This Row],[220KV_C&R_PQM Import (MWh)]],"") -> 944000 | CY32: =IFERROR(RD[[#This Row],[33 kV Total Export (MWH)]]/RD[[#This Row],[220 KV Net Export (MWh)]]-1,"") -> 0.0095338983 | CZ32: =23*2.2 -> 50.6 | DA32: 97 | DC32: =IFERROR((RD[[#This Row],[Sunset Time (POA<20 W/m2)]]-RD[[#This Row],[Sunrise Time (POA>20 W/m2)]])*24,0) -> 11.733333 | DD32: =SUM(RD[[#This Row],[33 kV_Wind_F3_Export_Reading3]],CJ32,CK32,CL32,CM32) -> 764100 | DE32: 140 | DF32: =SUM(CG32,CI32) -> 189420 | DG32: 197.44 | DH32: ='WTG Reactive Power'!AB30 -> 59412
A33: =YEAR(RD[[#This Row],[Date]])+IF(MONTH(RD[[#This Row],[Date]])>=4,1,0) -> 2026 | B33: =YEAR(RD[[#This Row],[Date]]) -> 2025 | C33: =E33-DAY(E33)+1 -> 45748 | D33: =DAY(EOMONTH(RD[[#This Row],[Date]],0)) -> 30 | E33: =E32+1 -> 45773 | F33: 0.26388889 | G33: 0.75555556 | H33: 6642 | I33: 1798 | J33: 6473 | K33: 1383 | L33: 1236 | M33: 1863 | N33: 1888 | O33: 6310 | P33: 1673 | Q33: 4944 | R33: 6455 | S33: 6960 | T33: 6484 | U33: 5905 | V33: 6535 | W33: 1856 | X33: 1723 | Y33: 1069 | Z33: 5119 | AA33: 5568 | AB33: 1546 | AC33: 1375 | AD33: 1065 | AE33: 4.770433 | AF33: 3.6541644 | AG33: 4.3399699 | AH33: 3.240137 | AI33: 3.2679452 | AJ33: 3.4811781 | AK33: 3.4954658 | AL33: 4.2860299 | AM33: 3.623726 | AN33: 4.5510476 | AO33: 4.3519545 | AP33: 4.2793759 | AQ33: 4.2707895 | AR33: 4.080218 | AS33: 4.9561237 | AT33: 3.6361644 | AU33: 3.6278493 | AV33: 3.2408356 | AW33: 4.1677308 | AX33: 4.1368346 | AY33: 3.6599178 | AZ33: 3.511274 | BA33: 3.3440278 | BB33: =SUM($H33,$J33,$Q33:$V33,$Z33:$AA33) -> 61085 | BC33: =SUM($W33:$X33) -> 3579 | BD33: =SUM(I33,K33,L33,M33,P33,AB33,AC33,AD33) -> 11939 | BE33: =Y33 -> 1069 | BF33: =SUM($N33:$O33) -> 8198 | BG33: =SUM(RD[[#This Row],[KUD01]:[KUD23]]) -> 85870 | BH33: =IFERROR(AVERAGE(AE33,AG33,AN33:AS33,AW33:AX33),"") -> 4.3904478 | BI33: =IFERROR(AVERAGE(AT33,AU33),"") -> 3.6320068 | BJ33: =IFERROR(AVERAGE(AF33,AH33:AM33,AY33:BA33),"") -> 3.5563866 | BK33: =AV33 -> 3.2408356 | BL33: =IFERROR(AVERAGEIF(RD[[#This Row],[WS_KUD07]:[WS_KUD08]],"<>0",RD[[#This Row],[WS_KUD07]:[WS_KUD08]]),"") -> 3.8907478 | BM33: =IFERROR(AVERAGE(RD[[#This Row],[WS_KUD01]:[WS_KUD23]]),"") -> 3.9118779 | BN33: =IFERROR(MAX(RD[[#This Row],[WS_KUD01]:[WS_KUD23]]),"") -> 4.9561237 | BO33: 640.305 | BP33: 888.838 | BQ33: 58.231 | BR33: 220.878 | BS33: 174.642 | BT33: 283.9 | BV33: 73.897 | BW33: 188149 | BX33: 249417 | BY33: 120.61 | BZ33: 70.989 | CA33: 271.331 | CB33: 96.404 | CC33: 0.111 | CD33: 291.719 | CE33: 0 | CF33: =IF((RD[[#This Row],[33 kV_Wind_F1_Export reading]]-BO32)*165000<=0,"",(RD[[#This Row],[33 kV_Wind_F1_Export reading]]-BO32)*165000) | CG33: =IF((RD[[#This Row],[33 kV_Wind_F2_Export_reading]]-BP32)*165000<=0,"",(RD[[#This Row],[33 kV_Wind_F2_Export_reading]]-BP32)*165000) -> 17985 | CH33: =IF((RD[[#This Row],[33 kV_Wind_F3_Export_Reading]]-BQ32)*225000<=0,"",(RD[[#This Row],[33 kV_Wind_F3_Export_Reading]]-BQ32)*225000) -> 206775 | CI33: =IF((RD[[#This Row],[33 kV_Wind_F4_Export Reading]]-BR32)*165000<=0,"",(RD[[#This Row],[33 kV_Wind_F4_Export Reading]]-BR32)*165000) -> 65835 | CJ33: =IF((RD[[#This Row],[33 kV_Solar_F1_Export Reading]]-BS32)*225000<=0,"",(RD[[#This Row],[33 kV_Solar_F1_Export Reading]]-BS32)*225000) -> 172800 | CK33: =IF((RD[[#This Row],[33kV_Solar_F2_Export Reading]]-BT32)*225000<=0,"",(RD[[#This Row],[33kV_Solar_F2_Export Reading]]-BT32)*225000) -> 160650 | CL33: =IF((RD[[#This Row],[33 kV_Solar_F3_Export reading]]-BU32)*225000<=0,"",(RD[[#This Row],[33 kV_Solar_F3_Export reading]]-BU32)*225000) | CM33: =IF((RD[[#This Row],[32kV_Solar_F4_Export reading]]-BV32)*225000<=0,"",(RD[[#This Row],[32kV_Solar_F4_Export reading]]-BV32)*225000) -> 157050 | CN33: =IF((RD[[#This Row],[33kV_OG1_Export reading]]-BW32)*1000<=0,0,(RD[[#This Row],[33kV_OG1_Export reading]]-BW32)*1000) -> 490000 | CO33: =IFERROR(IF((RD[[#This Row],[33kV_OG2_Export reading]]-BX32)*1000<=0,0,(RD[[#This Row],[33kV_OG2_Export reading]]-BX32)*1000),0) -> 290000 | CP33: =IF((RD[[#This Row],[220kV_TX1_Export reading]]-BY32)*800000<=0,0,(RD[[#This Row],[220kV_TX1_Export reading]]-BY32)*800000) -> 485600 | CQ33: =IF((RD[[#This Row],[220kV_Tx2_Export reading]]-BZ32)*800000<=0,0,(RD[[#This Row],[220kV_Tx2_Export reading]]-BZ32)*800000) -> 286400 | CR33: =IF((RD[[#This Row],[220kV_TL_TVM Export Reading]]-CA32)*1600000<=0,0,(RD[[#This Row],[220kV_TL_TVM Export Reading]]-CA32)*1600000) -> 774400 | CS33: =IF((RD[[#This Row],[220kV_C&R_PQM reading]]-CB32)*1600000<=0,"",(RD[[#This Row],[220kV_C&R_PQM reading]]-CB32)*1600000) -> 774400 | CT33: =IFERROR(IF((RD[[#This Row],[220KV_C&R_PQM Import Reading]]-CC32)*1600000<=0,0,(RD[[#This Row],[220KV_C&R_PQM Import Reading]]-CC32)*1600000),"") -> 1600 | CU33: =IF((RD[[#This Row],[33kV_Aux1 Import Reading]]-CD32)*1000<=0,"",(RD[[#This Row],[33kV_Aux1 Import Reading]]-CD32)*1000) -> 420 | CV33: =IF((RD[[#This Row],[33kV_Aux2_Import reading]]-CE32)*1000<=0,"",(RD[[#This Row],[33kV_Aux2_Import reading]]-CE32)*1000) | CW33: =IFERROR(RD[[#This Row],[33kV_OG1_Energy (MWh)]]+RD[[#This Row],[33kV_OG2_Energy (MWh)]],"") -> 780000 | CX33: =IFERROR(RD[[#This Row],[220kV_TL_TVM Energy (MWh)]]-RD[[#This Row],[220KV_C&R_PQM Import (MWh)]],"") -> 772800 | CY33: =IFERROR(RD[[#This Row],[33 kV Total Export (MWH)]]/RD[[#This Row],[220 KV Net Export (MWh)]]-1,"") -> 0.0093167702 | CZ33: =23*2.2 -> 50.6 | DA33: 97 | DC33: =IFERROR((RD[[#This Row],[Sunset Time (POA<20 W/m2)]]-RD[[#This Row],[Sunrise Time (POA>20 W/m2)]])*24,0) -> 11.8 | DD33: =SUM(RD[[#This Row],[33 kV_Wind_F3_Export_Reading3]],CJ33,CK33,CL33,CM33) -> 697275 | DE33: 140 | DF33: =SUM(CG33,CI33) -> 83820 | DG33: 82.27 | DH33: ='WTG Reactive Power'!AB31 -> 83700.8
