Workbook
Name MF_Cap_HCCB: 'Basic Data'!$V$9
Name MF_Cap_O2RE10: 'Basic Data'!$V$12
Name MF_Cap_O2RE6: 'Basic Data'!$V$11
Name MF_Cap_Pepsico: 'Basic Data'!$V$10

Sheet Daily Dashboard
A3: Month:- April - 2025
A4: Month | B4: 45839
A5: Date | B5: 45869
A6: Operation Year | B6: Year_3
A7: Year Start Date | B7: 45748
A8: Year End Date | B8: 46112
A10: Sr. No. | B10: Particular | C10: Target | D10: Measured | E10: Deviation | F10: Remarks
A11: 1 | B11: E_Grid Daily (MWh) | C11: =_xlfn.XLOOKUP($B$5,'Daily KPI'!$A:$A,'Daily KPI'!$AD:$AD,0)/1000 -> 77.476763 | D11: =_xlfn.XLOOKUP($B$5,'Daily KPI'!$A:$A,'Daily KPI'!$AA:$AA,0)/1000 -> 88.0204 | E11: =-(C11-D11)/C11 -> 0.13608773
B12: E_Grid MTD(MWh) | C12: ='Monthly KPI'!$E$4 -> 2401.7797 | D12: ='Monthly KPI'!F4 -> 2199.5125 | E12: =-(C12-D12)/C12 -> -0.084215537
B13: E_Grid YTD (MWh) | C13: ='Annual KPI'!$E$4 -> 12466.606 | D13: ='Annual KPI'!F4 -> 11129.463 | E13: =-(C13-D13)/C13 -> -0.10725795
A14: 2 | B14: CUF Daily(%) | C14: =_xlfn.XLOOKUP($B$5,'Daily KPI'!$A:$A,'Daily KPI'!$AF:$AF,0) -> 0.13283073 | D14: =_xlfn.XLOOKUP($B$5,'Daily KPI'!$A:$A,'Daily KPI'!$W:$W,0) -> 0.15090736 | E14: =-(C14-D14)/C14 -> 0.13608773
B15: CUF MTD(%) | C15: ='Monthly KPI'!I4 -> 0.13283073 | D15: ='Monthly KPI'!J4 -> 0.12164432 | E15: =-(C15-D15)/C15 -> -0.084215537
B16: CUF YTD(%) | C16: ='Annual KPI'!I4 -> 0.17519249 | D16: ='Annual KPI'!J4 -> 0.1564017 | E16: =-(C16-D16)/C16 -> -0.10725795
A17: 3 | B17: PR_Daily (%) | C17: =_xlfn.XLOOKUP($B$5,'Daily KPI'!$A:$A,'Daily KPI'!$AE:$AE) -> 0.72347044 | D17: =_xlfn.XLOOKUP($B$5,'Daily KPI'!$A:$A,'Daily KPI'!$U:$U,0) -> 0.80691686 | E17: =-(C17-D17)/C17 -> 0.11534185
B18: PR_MTD (%) | C18: ='Monthly KPI'!$G$4 -> 0.72347044 | D18: ='Monthly KPI'!H4 -> 0.79732057 | E18: =-(C18-D18)/C18 -> 0.10207761
B19: PR_YTD (%) | C19: ='Annual KPI'!$G$4 -> 0.74192017 | D19: ='Annual KPI'!H4 -> 0.76032491 | E19: =-(C19-D19)/C19 -> 0.024806896
A20: 4 | B20: POA Daily (KWh/m2) | C20: =_xlfn.XLOOKUP($B$5,'Daily KPI'!$A:$A,'Daily KPI'!$AC:$AC,0) -> 4.4064516 | D20: =_xlfn.XLOOKUP($B$5,'Daily KPI'!$A:$A,'Daily KPI'!$I:$I,0) -> 4.4884137 | E20: =-(C20-D20)/C20 -> 0.018600468
B21: POA MTD(KWh/m2) | C21: ='Monthly KPI'!$C$4 -> 136.6 | D21: ='Monthly KPI'!D4 -> 113.50939 | E21: =-(C21-D21)/C21 -> -0.16903814
B22: POA YTD(KWh/m2) | C22: ='Annual KPI'!$C$4 -> 691.4 | D22: ='Annual KPI'!D4 -> 602.30064 | E22: =-(C22-D22)/C22 -> -0.12886803
A23: 5 | B23: PA Daily (KWh/m2) | C23: =_xlfn.XLOOKUP($B$5,'Daily KPI'!$A:$A,'Daily KPI'!$AG:$AG) -> 0.995 | D23: =_xlfn.XLOOKUP($B$5,'Daily KPI'!$A:$A,'Daily KPI'!$O:$O,0) -> 0.99937336 | E23: =-(C23-D23)/C23 -> 0.0043953318
B24: PA MTD(KWh/m2) | C24: =_xlfn.XLOOKUP($B$4,'Modelling New'!$D:$D,'Modelling New'!$AE:$AE) -> 0.995 | D24: ='Monthly KPI'!N4 -> 0.96254936 | E24: =-(C24-D24)/C24 -> -0.032613711
B25: PA YTD(KWh/m2) | C25: =_xlfn.XLOOKUP($B$4,'Modelling New'!$D:$D,'Modelling New'!$AE:$AE) -> 0.995 | D25: ='Annual KPI'!N4 -> 0.96898566 | E25: =-(C25-D25)/C25 -> -0.026145067
A26: 6 | B26: GA Daily (KWh/m2) | C26: =_xlfn.XLOOKUP($B$5,'Daily KPI'!$A:$A,'Daily KPI'!$AH:$AH) -> 0.9975 | D26: =_xlfn.XLOOKUP($B$5,'Daily KPI'!$A:$A,'Daily KPI'!$R:$R,0) -> 1 | E26: =-(C26-D26)/C26 -> 0.0025062657
B27: GA MTD(KWh/m2) | C27: =_xlfn.XLOOKUP($B$4,'Modelling New'!$D:$D,'Modelling New'!$AF:$AF) -> 0.995 | D27: ='Monthly KPI'!L4 -> 1 | E27: =-(C27-D27)/C27 -> 0.0050251256
B28: GA YTD(KWh/m2) | C28: =_xlfn.XLOOKUP($B$4,'Modelling New'!$D:$D,'Modelling New'!$AF:$AF) -> 0.995 | D28: ='Annual KPI'!L4 -> 0.99209933 | E28: =-(C28-D28)/C28 -> -0.0029152449
A31: Performance Summary PSEGPL Solar
A32: Month | B32: =B4 -> 45839
A33: Date | B33: =B5 -> 45869
A34: Operation Year | B34: =B6 -> Year_3
A35: Year Start Date | B35: =B7 -> 45748
A36: Year End Date | B36: =B8 -> 46112
A38: SPV | B38: Particular | C38: Target | D38: Measured | E38: Deviation | F38: Remarks
A39: O2R6 | B39: E_Grid MTD(MWh) | C39: =_xlfn.XLOOKUP($B$32,'Modelling New'!$D:$D,'Modelling New'!$U:$U)*1000*_xlfn.XLOOKUP('Daily Dashboard'!A39,'Basic Data'!$AA$2:$AA$3,'Basic Data'!$AC$2:$AC$3) -> 1834354.6 | D39: =SUMIFS(RD[O2R6],RD[Month Year],$B$32) -> 951767.3 | E39: =D39/C39-1 -> -0.48114322
A40: O2R10 | B40: E_Grid MTD(MWh) | C40: =_xlfn.XLOOKUP($B$32,'Modelling New'!$D:$D,'Modelling New'!$U:$U)*1000*_xlfn.XLOOKUP('Daily Dashboard'!A40,'Basic Data'!$AA$2:$AA$3,'Basic Data'!$AC$2:$AC$3) -> 567425.11 | D40: =SUMIFS(RD[O2R10],RD[Month Year],$B$32) -> 286704.83 | E40: =D40/C40-1 -> -0.49472657
A41: PSEGPL | B41: E_Grid MTD(MWh) | C41: =_xlfn.XLOOKUP($B$32,'Modelling New'!$D:$D,'Modelling New'!$U:$U)*1000 -> 2401779.7 | D41: =SUMIFS(RD[PSEGPL],RD[Month Year],$B$32) -> 984435 | E41: =D41/C41-1 -> -0.59012268

Sheet Annual KPI
A1: Till Date | B1: ='Daily Dashboard'!B5 -> 45869 | C1: ='Daily Dashboard'!B4 -> 45839
A2: 20 MW PSEGPL Performance Summary-YTD
A3: Year | B3: Days | C3: Estimated POA(KWh/m2) | D3: Measured POA (KWh/m2) | E3: Budgeted Energy (MWh) | F3: Measured Energy (MWh) | G3: Targt PR (%) | H3: Measured PR(%) | I3: Target DC CUF (%) | J3: Measured DC CUF (%) | K3: Target GA (%) | L3: Measured GA (%) | M3: Target PA (%) | N3: Measured PA (%)
A4: =YEAR($B$1)+IF(MONTH($B$1)>=4,1,0) -> 2026 | B4: =$B$1-('Daily Dashboard'!$B$7)+1 -> 122 | C4: =_xlfn.XLOOKUP($C$1,'Modelling New'!$D:$D,'Modelling New'!$S:$S,0) -> 691.4 | D4: =SUMIFS('Daily KPI'!$I:$I,'Daily KPI'!$B:$B,'Annual KPI'!$A$4,'Daily KPI'!$A:$A,"<="&'Annual KPI'!$B$1) -> 602.30064 | E4: =_xlfn.XLOOKUP($C$1,'Modelling New'!$D:$D,'Modelling New'!$V:$V,0) -> 12466.606 | F4: =SUMIFS('Daily KPI'!$AA:$AA,'Daily KPI'!$B:$B,'Annual KPI'!$A$4,'Daily KPI'!$A:$A,"<="&'Annual KPI'!$B$1)/1000 -> 11129.463 | G4: =IFERROR(E4/C4/_xlfn.XLOOKUP($C$1,'Modelling New'!$D:$D,'Modelling New'!$AA:$AA,0),"") -> 0.74192017 | H4: =IFERROR(F4/D4/_xlfn.XLOOKUP($C$1,'Modelling New'!$D:$D,'Modelling New'!$AA:$AA,0),"") -> 0.76032491 | I4: =IFERROR(E4/(B4*24*_xlfn.XLOOKUP($C$1,'Modelling New'!$D:$D,'Modelling New'!$AA:$AA,0)),"") -> 0.17519249 | J4: =IFERROR(F4/(B4*24*_xlfn.XLOOKUP($C$1,'Modelling New'!$D:$D,'Modelling New'!$AA:$AA,0)),"") -> 0.1564017 | K4: =_xlfn.XLOOKUP($C$1,'Modelling New'!$D:$D,'Modelling New'!$AF:$AF) -> 0.995 | L4: =AVERAGEIFS('Daily KPI'!$R:$R,'Daily KPI'!$B:$B,'Annual KPI'!$A$4,'Daily KPI'!$A:$A,"<="&'Annual KPI'!$B$1) -> 0.99209933 | M4: =_xlfn.XLOOKUP($C$1,'Modelling New'!$D:$D,'Modelling New'!$AE:$AE) -> 0.995 | N4: =AVERAGEIFS('Daily KPI'!$O:$O,'Daily KPI'!$B:$B,'Annual KPI'!$A$4,'Daily KPI'!$A:$A,"<="&'Annual KPI'!$B$1) -> 0.96898566
A8: 20 MW PSEGPL Performance Summary-Monthwise
A9: Year | B9: Days | C9: Estimated POA(KWh/m2) | D9: Measured POA (KWh/m2) | E9: Budgeted Energy (MWh) | F9: Measured Energy (MWh) | G9: Targt PR (%) | H9: Measured PR(%) | I9: Target DC CUF (%) | J9: Measured DC CUF (%) | K9: Target GA (%) | L9: Measured GA (%) | M9: Target PA (%) | N9: Measured PA (%)
A10: 45748 | B10: =_xlfn.XLOOKUP($A10,'Modelling New'!D:D,'Modelling New'!$Q:$Q) -> 30 | C10: =_xlfn.XLOOKUP($A10,'Modelling New'!$D:$D,'Modelling New'!R:R) -> 198.7 | D10: =SUMIF('Daily KPI'!$D:$D,$A10,'Daily KPI'!$I:$I) -> 193.36262 | E10: =_xlfn.XLOOKUP($A10,'Modelling New'!$D:$D,'Modelling New'!$U:$U) -> 3614.9982 | F10: =SUMIF('Daily KPI'!$D:$D,A10,'Daily KPI'!$AA:$AA)/1000 -> 3484.3116 | G10: =IFERROR(E10/C10/_xlfn.XLOOKUP($A10,'Modelling New'!$D:$D,'Modelling New'!$AA:$AA),"") -> 0.7485978 | H10: =IFERROR(F10/D10/_xlfn.XLOOKUP($A10,'Modelling New'!$D:$D,'Modelling New'!$AA:$AA),"") -> 0.74145156 | I10: =IFERROR(E10/(B10*24*_xlfn.XLOOKUP($A10,'Modelling New'!$D:$D,'Modelling New'!$AA:$AA)),"") -> 0.2065922 | J10: =IFERROR(F10/(B10*24*_xlfn.XLOOKUP($A10,'Modelling New'!$D:$D,'Modelling New'!$AA:$AA)),"") -> 0.19912364 | K10: 0.995 | L10: =IFERROR(AVERAGEIF('Daily KPI'!$D:$D,A10,'Daily KPI'!$R:$R),"") -> 0.99127859 | M10: 0.995 | N10: =IFERROR(AVERAGEIF('Daily KPI'!$D:$D,$A10,'Daily KPI'!$O:$O),"") -> 0.99854271
A11: 45778 | B11: =_xlfn.XLOOKUP($A11,'Modelling New'!D:D,'Modelling New'!$Q:$Q) -> 31 | C11: =_xlfn.XLOOKUP($A11,'Modelling New'!$D:$D,'Modelling New'!R:R) -> 202.4 | D11: =SUMIF('Daily KPI'!$D:$D,$A11,'Daily KPI'!$I:$I) -> 155.78806 | E11: =_xlfn.XLOOKUP($A11,'Modelling New'!$D:$D,'Modelling New'!$U:$U) -> 3717.0772 | F11: =SUMIF('Daily KPI'!$D:$D,A11,'Daily KPI'!$AA:$AA)/1000 -> 2819.3512 | G11: =IFERROR(E11/C11/_xlfn.XLOOKUP($A11,'Modelling New'!$D:$D,'Modelling New'!$AA:$AA),"") -> 0.75566517 | H11: =IFERROR(F11/D11/_xlfn.XLOOKUP($A11,'Modelling New'!$D:$D,'Modelling New'!$AA:$AA),"") -> 0.74465197 | I11: =IFERROR(E11/(B11*24*_xlfn.XLOOKUP($A11,'Modelling New'!$D:$D,'Modelling New'!$AA:$AA)),"") -> 0.20557343 | J11: =IFERROR(F11/(B11*24*_xlfn.XLOOKUP($A11,'Modelling New'!$D:$D,'Modelling New'!$AA:$AA)),"") -> 0.15592457 | K11: 0.995 | L11: =IFERROR(AVERAGEIF('Daily KPI'!$D:$D,A11,'Daily KPI'!$R:$R),"") -> 0.98732249 | M11: 0.995 | N11: =IFERROR(AVERAGEIF('Daily KPI'!$D:$D,$A11,'Daily KPI'!$O:$O),"") -> 0.97654466
A12: 45809 | B12: =_xlfn.XLOOKUP($A12,'Modelling New'!D:D,'Modelling New'!$Q:$Q) -> 30 | C12: =_xlfn.XLOOKUP($A12,'Modelling New'!$D:$D,'Modelling New'!R:R) -> 153.7 | D12: =SUMIF('Daily KPI'!$D:$D,$A12,'Daily KPI'!$I:$I) -> 139.64057 | E12: =_xlfn.XLOOKUP($A12,'Modelling New'!$D:$D,'Modelling New'!$U:$U) -> 2732.7507 | F12: =SUMIF('Daily KPI'!$D:$D,A12,'Daily KPI'!$AA:$AA)/1000 -> 2626.2879 | G12: =IFERROR(E12/C12/_xlfn.XLOOKUP($A12,'Modelling New'!$D:$D,'Modelling New'!$AA:$AA),"") -> 0.73158447 | H12: =IFERROR(F12/D12/_xlfn.XLOOKUP($A12,'Modelling New'!$D:$D,'Modelling New'!$AA:$AA),"") -> 0.77387183 | I12: =IFERROR(E12/(B12*24*_xlfn.XLOOKUP($A12,'Modelling New'!$D:$D,'Modelling New'!$AA:$AA)),"") -> 0.15617296 | J12: =IFERROR(F12/(B12*24*_xlfn.XLOOKUP($A12,'Modelling New'!$D:$D,'Modelling New'!$AA:$AA)),"") -> 0.15008876 | K12: 0.995 | L12: =IFERROR(AVERAGEIF('Daily KPI'!$D:$D,A12,'Daily KPI'!$R:$R),"") -> 0.98969212 | M12: 0.995 | N12: =IFERROR(AVERAGEIF('Daily KPI'!$D:$D,$A12,'Daily KPI'!$O:$O),"") -> 0.93826848
A13: 45839 | B13: =_xlfn.XLOOKUP($A13,'Modelling New'!D:D,'Modelling New'!$Q:$Q) -> 31 | C13: =_xlfn.XLOOKUP($A13,'Modelling New'!$D:$D,'Modelling New'!R:R) -> 136.6 | D13: =SUMIF('Daily KPI'!$D:$D,$A13,'Daily KPI'!$I:$I) -> 113.50939 | E13: =_xlfn.XLOOKUP($A13,'Modelling New'!$D:$D,'Modelling New'!$U:$U) -> 2401.7797 | F13: =SUMIF('Daily KPI'!$D:$D,A13,'Daily KPI'!$AA:$AA)/1000 -> 2199.5125 | G13: =IFERROR(E13/C13/_xlfn.XLOOKUP($A13,'Modelling New'!$D:$D,'Modelling New'!$AA:$AA),"") -> 0.72347044 | H13: =IFERROR(F13/D13/_xlfn.XLOOKUP($A13,'Modelling New'!$D:$D,'Modelling New'!$AA:$AA),"") -> 0.79732057 | I13: =IFERROR(E13/(B13*24*_xlfn.XLOOKUP($A13,'Modelling New'!$D:$D,'Modelling New'!$AA:$AA)),"") -> 0.13283073 | J13: =IFERROR(F13/(B13*24*_xlfn.XLOOKUP($A13,'Modelling New'!$D:$D,'Modelling New'!$AA:$AA)),"") -> 0.12164432 | K13: 0.995 | L13: =IFERROR(AVERAGEIF('Daily KPI'!$D:$D,A13,'Daily KPI'!$R:$R),"") -> 1 | M13: 0.995 | N13: =IFERROR(AVERAGEIF('Daily KPI'!$D:$D,$A13,'Daily KPI'!$O:$O),"") -> 0.96254936
A14: 45870 | B14: =_xlfn.XLOOKUP($A14,'Modelling New'!D:D,'Modelling New'!$Q:$Q) -> 3 | C14: =_xlfn.XLOOKUP($A14,'Modelling New'!$D:$D,'Modelling New'!R:R) -> 12.522581 | D14: =SUMIF('Daily KPI'!$D:$D,$A14,'Daily KPI'!$I:$I) -> 15.697651 | E14: =_xlfn.XLOOKUP($A14,'Modelling New'!$D:$D,'Modelling New'!$U:$U) -> 234.20164 | F14: =SUMIF('Daily KPI'!$D:$D,A14,'Daily KPI'!$AA:$AA)/1000 -> 303.2173 | G14: =IFERROR(E14/C14/_xlfn.XLOOKUP($A14,'Modelling New'!$D:$D,'Modelling New'!$AA:$AA),"") -> 0.76954571 | H14: =IFERROR(F14/D14/_xlfn.XLOOKUP($A14,'Modelling New'!$D:$D,'Modelling New'!$AA:$AA),"") -> 0.79479959 | I14: =IFERROR(E14/(B14*24*_xlfn.XLOOKUP($A14,'Modelling New'!$D:$D,'Modelling New'!$AA:$AA)),"") -> 0.13384303 | J14: =IFERROR(F14/(B14*24*_xlfn.XLOOKUP($A14,'Modelling New'!$D:$D,'Modelling New'!$AA:$AA)),"") -> 0.17328454 | K14: 0.995 | L14: =IFERROR(AVERAGEIF('Daily KPI'!$D:$D,A14,'Daily KPI'!$R:$R),"") -> 1 | M14: 0.995 | N14: =IFERROR(AVERAGEIF('Daily KPI'!$D:$D,$A14,'Daily KPI'!$O:$O),"") -> 0.98953902
A15: 45901 | B15: =_xlfn.XLOOKUP($A15,'Modelling New'!D:D,'Modelling New'!$Q:$Q) -> 0 | C15: =_xlfn.XLOOKUP($A15,'Modelling New'!$D:$D,'Modelling New'!R:R) -> 0 | D15: =SUMIF('Daily KPI'!$D:$D,$A15,'Daily KPI'!$I:$I) -> 0 | E15: =_xlfn.XLOOKUP($A15,'Modelling New'!$D:$D,'Modelling New'!$U:$U) -> 0 | F15: =SUMIF('Daily KPI'!$D:$D,A15,'Daily KPI'!$AA:$AA)/1000 -> 0 | G15: =IFERROR(E15/C15/_xlfn.XLOOKUP($A15,'Modelling New'!$D:$D,'Modelling New'!$AA:$AA),"") | H15: =IFERROR(F15/D15/_xlfn.XLOOKUP($A15,'Modelling New'!$D:$D,'Modelling New'!$AA:$AA),"") | I15: =IFERROR(E15/(B15*24*_xlfn.XLOOKUP($A15,'Modelling New'!$D:$D,'Modelling New'!$AA:$AA)),"") | J15: =IFERROR(F15/(B15*24*_xlfn.XLOOKUP($A15,'Modelling New'!$D:$D,'Modelling New'!$AA:$AA)),"") | K15: 0.995 | L15: =IFERROR(AVERAGEIF('Daily KPI'!$D:$D,A15,'Daily KPI'!$R:$R),"") | M15: 0.995 | N15: =IFERROR(AVERAGEIF('Daily KPI'!$D:$D,$A15,'Daily KPI'!$O:$O),"")
A16: 45931 | B16: =_xlfn.XLOOKUP($A16,'Modelling New'!D:D,'Modelling New'!$Q:$Q) -> 0 | C16: =_xlfn.XLOOKUP($A16,'Modelling New'!$D:$D,'Modelling New'!R:R) -> 0 | D16: =SUMIF('Daily KPI'!$D:$D,$A16,'Daily KPI'!$I:$I) -> 0 | E16: =_xlfn.XLOOKUP($A16,'Modelling New'!$D:$D,'Modelling New'!$U:$U) -> 0 | F16: =SUMIF('Daily KPI'!$D:$D,A16,'Daily KPI'!$AA:$AA)/1000 -> 0 | G16: =IFERROR(E16/C16/_xlfn.XLOOKUP($A16,'Modelling New'!$D:$D,'Modelling New'!$AA:$AA),"") | H16: =IFERROR(F16/D16/_xlfn.XLOOKUP($A16,'Modelling New'!$D:$D,'Modelling New'!$AA:$AA),"") | I16: =IFERROR(E16/(B16*24*_xlfn.XLOOKUP($A16,'Modelling New'!$D:$D,'Modelling New'!$AA:$AA)),"") | J16: =IFERROR(F16/(B16*24*_xlfn.XLOOKUP($A16,'Modelling New'!$D:$D,'Modelling New'!$AA:$AA)),"") | K16: 0.995 | L16: =IFERROR(AVERAGEIF('Daily KPI'!$D:$D,A16,'Daily KPI'!$R:$R),"") | M16: 0.995 | N16: =IFERROR(AVERAGEIF('Daily KPI'!$D:$D,$A16,'Daily KPI'!$O:$O),"")
A17: 45962 | B17: =_xlfn.XLOOKUP($A17,'Modelling New'!D:D,'Modelling New'!$Q:$Q) -> 0 | C17: =_xlfn.XLOOKUP($A17,'Modelling New'!$D:$D,'Modelling New'!R:R) -> 0 | D17: =SUMIF('Daily KPI'!$D:$D,$A17,'Daily KPI'!$I:$I) -> 0 | E17: =_xlfn.XLOOKUP($A17,'Modelling New'!$D:$D,'Modelling New'!$U:$U) -> 0 | F17: =SUMIF('Daily KPI'!$D:$D,A17,'Daily KPI'!$AA:$AA)/1000 -> 0 | G17: =IFERROR(E17/C17/_xlfn.XLOOKUP($A17,'Modelling New'!$D:$D,'Modelling New'!$AA:$AA),"") | H17: =IFERROR(F17/D17/_xlfn.XLOOKUP($A17,'Modelling New'!$D:$D,'Modelling New'!$AA:$AA),"") | I17: =IFERROR(E17/(B17*24*_xlfn.XLOOKUP($A17,'Modelling New'!$D:$D,'Modelling New'!$AA:$AA)),"") | J17: =IFERROR(F17/(B17*24*_xlfn.XLOOKUP($A17,'Modelling New'!$D:$D,'Modelling New'!$AA:$AA)),"") | K17: 0.995 | L17: =IFERROR(AVERAGEIF('Daily KPI'!$D:$D,A17,'Daily KPI'!$R:$R),"") | M17: 0.995 | N17: =IFERROR(AVERAGEIF('Daily KPI'!$D:$D,$A17,'Daily KPI'!$O:$O),"")
A18: 45992 | B18: =_xlfn.XLOOKUP($A18,'Modelling New'!D:D,'Modelling New'!$Q:$Q) -> 0 | C18: =_xlfn.XLOOKUP($A18,'Modelling New'!$D:$D,'Modelling New'!R:R) -> 0 | D18: =SUMIF('Daily KPI'!$D:$D,$A18,'Daily KPI'!$I:$I) -> 0 | E18: =_xlfn.XLOOKUP($A18,'Modelling New'!$D:$D,'Modelling New'!$U:$U) -> 0 | F18: =SUMIF('Daily KPI'!$D:$D,A18,'Daily KPI'!$AA:$AA)/1000 -> 0 | G18: =IFERROR(E18/C18/_xlfn.XLOOKUP($A18,'Modelling New'!$D:$D,'Modelling New'!$AA:$AA),"") | H18: =IFERROR(F18/D18/_xlfn.XLOOKUP($A18,'Modelling New'!$D:$D,'Modelling New'!$AA:$AA),"") | I18: =IFERROR(E18/(B18*24*_xlfn.XLOOKUP($A18,'Modelling New'!$D:$D,'Modelling New'!$AA:$AA)),"") | J18: =IFERROR(F18/(B18*24*_xlfn.XLOOKUP($A18,'Modelling New'!$D:$D,'Modelling New'!$AA:$AA)),"") | K18: 0.995 | L18: =IFERROR(AVERAGEIF('Daily KPI'!$D:$D,A18,'Daily KPI'!$R:$R),"") | M18: 0.995 | N18: =IFERROR(AVERAGEIF('Daily KPI'!$D:$D,$A18,'Daily KPI'!$O:$O),"")
A19: 46023 | B19: =_xlfn.XLOOKUP($A19,'Modelling New'!D:D,'Modelling New'!$Q:$Q) -> 0 | C19: =_xlfn.XLOOKUP($A19,'Modelling New'!$D:$D,'Modelling New'!R:R) -> 0 | D19: =SUMIF('Daily KPI'!$D:$D,$A19,'Daily KPI'!$I:$I) -> 0 | E19: =_xlfn.XLOOKUP($A19,'Modelling New'!$D:$D,'Modelling New'!$U:$U) -> 0 | F19: =SUMIF('Daily KPI'!$D:$D,A19,'Daily KPI'!$AA:$AA)/1000 -> 0 | G19: =IFERROR(E19/C19/_xlfn.XLOOKUP($A19,'Modelling New'!$D:$D,'Modelling New'!$AA:$AA),"") | H19: =IFERROR(F19/D19/_xlfn.XLOOKUP($A19,'Modelling New'!$D:$D,'Modelling New'!$AA:$AA),"") | I19: =IFERROR(E19/(B19*24*_xlfn.XLOOKUP($A19,'Modelling New'!$D:$D,'Modelling New'!$AA:$AA)),"") | J19: =IFERROR(F19/(B19*24*_xlfn.XLOOKUP($A19,'Modelling New'!$D:$D,'Modelling New'!$AA:$AA)),"") | K19: 0.995 | L19: =IFERROR(AVERAGEIF('Daily KPI'!$D:$D,A19,'Daily KPI'!$R:$R),"") | M19: 0.995 | N19: =IFERROR(AVERAGEIF('Daily KPI'!$D:$D,$A19,'Daily KPI'!$O:$O),"")
A20: 46054 | B20: =_xlfn.XLOOKUP($A20,'Modelling New'!D:D,'Modelling New'!$Q:$Q) -> 0 | C20: =_xlfn.XLOOKUP($A20,'Modelling New'!$D:$D,'Modelling New'!R:R) -> 0 | D20: =SUMIF('Daily KPI'!$D:$D,$A20,'Daily KPI'!$I:$I) -> 0 | E20: =_xlfn.XLOOKUP($A20,'Modelling New'!$D:$D,'Modelling New'!$U:$U) -> 0 | F20: =SUMIF('Daily KPI'!$D:$D,A20,'Daily KPI'!$AA:$AA)/1000 -> 0 | G20: =IFERROR(E20/C20/_xlfn.XLOOKUP($A20,'Modelling New'!$D:$D,'Modelling New'!$AA:$AA),"") | H20: =IFERROR(F20/D20/_xlfn.XLOOKUP($A20,'Modelling New'!$D:$D,'Modelling New'!$AA:$AA),"") | I20: =IFERROR(E20/(B20*24*_xlfn.XLOOKUP($A20,'Modelling New'!$D:$D,'Modelling New'!$AA:$AA)),"") | J20: =IFERROR(F20/(B20*24*_xlfn.XLOOKUP($A20,'Modelling New'!$D:$D,'Modelling New'!$AA:$AA)),"") | K20: 0.995 | L20: =IFERROR(AVERAGEIF('Daily KPI'!$D:$D,A20,'Daily KPI'!$R:$R),"") | M20: 0.995 | N20: =IFERROR(AVERAGEIF('Daily KPI'!$D:$D,$A20,'Daily KPI'!$O:$O),"")
A21: 46082 | B21: =_xlfn.XLOOKUP($A21,'Modelling New'!D:D,'Modelling New'!$Q:$Q) -> 0 | C21: =_xlfn.XLOOKUP($A21,'Modelling New'!$D:$D,'Modelling New'!R:R) -> 0 | D21: =SUMIF('Daily KPI'!$D:$D,$A21,'Daily KPI'!$I:$I) -> 0 | E21: =_xlfn.XLOOKUP($A21,'Modelling New'!$D:$D,'Modelling New'!$U:$U) -> 0 | F21: =SUMIF('Daily KPI'!$D:$D,A21,'Daily KPI'!$AA:$AA)/1000 -> 0 | G21: =IFERROR(E21/C21/_xlfn.XLOOKUP($A21,'Modelling New'!$D:$D,'Modelling New'!$AA:$AA),"") | H21: =IFERROR(F21/D21/_xlfn.XLOOKUP($A21,'Modelling New'!$D:$D,'Modelling New'!$AA:$AA),"") | I21: =IFERROR(E21/(B21*24*_xlfn.XLOOKUP($A21,'Modelling New'!$D:$D,'Modelling New'!$AA:$AA)),"") | J21: =IFERROR(F21/(B21*24*_xlfn.XLOOKUP($A21,'Modelling New'!$D:$D,'Modelling New'!$AA:$AA)),"") | K21: 0.995 | L21: =IFERROR(AVERAGEIF('Daily KPI'!$D:$D,A21,'Daily KPI'!$R:$R),"") | M21: 0.995 | N21: =IFERROR(AVERAGEIF('Daily KPI'!$D:$D,$A21,'Daily KPI'!$O:$O),"")

Sheet Sheet1
A1: L0bour & staff not responding
A2: PM activity pending assign to team bu not doing
A3: Tools are missing
A4: All tools given to team but they are haruntaka ta
A5: all man power doing only 8 hrs duty
A6: Also not doing PTW
A7: ALSO NOT MAINTAING
A8: no one are techincal persion
A9: GC pending due expences
A10: Also spare not avilable yet at site
A11: SCADA is not operating
A12: Internet issues
... A15: WMS Problems issue

Sheet Monthly KPI
A1: Till Date | B1: ='Daily Dashboard'!B5 -> 45869
A2: 20 MW PSEGPL Performance Summary
B3: Days | C3: Estimated POA(KWh/m2) | D3: Measured POA (KWh/m2) | E3: Budgeted Energy (MWh) | F3: Measured Energy (MWh) | G3: Targt PR (%) | H3: Measured PR(%) | I3: Target DC CUF (%) | J3: Measured DC CUF (%) | K3: Target GA (%) | L3: Measured GA (%) | M3: Target PA (%) | N3: Measured PA (%)
A4: ='Daily Dashboard'!B4 -> 45839 | B4: =DAY(B1) -> 31 | C4: =_xlfn.XLOOKUP($A$4,'Modelling New'!$D:$D,'Modelling New'!$R:$R,0) -> 136.6 | D4: =SUMIF('Daily KPI'!$D:$D,$A$4,'Daily KPI'!$I:$I) -> 113.50939 | E4: =_xlfn.XLOOKUP($A$4,'Modelling New'!$D:$D,'Modelling New'!$U:$U,0) -> 2401.7797 | F4: =SUMIF('Daily KPI'!$D:$D,'Monthly KPI'!$A$4,'Daily KPI'!$AA:$AA)/1000 -> 2199.5125 | G4: =IFERROR(E4/C4/_xlfn.XLOOKUP($A$4,'Modelling New'!$D:$D,'Modelling New'!$N:$N,0),"") -> 0.72347044 | H4: =IFERROR(F4/D4/_xlfn.XLOOKUP($B$1,'Daily KPI'!$A:$A,'Daily KPI'!$AR:$AR,0),"") -> 0.79732057 | I4: =IFERROR(E4/(B4*24*_xlfn.XLOOKUP($A$4,'Modelling New'!$D:$D,'Modelling New'!$N:$N,0)),"") -> 0.13283073 | J4: =IFERROR(F4/(B4*24*_xlfn.XLOOKUP($A$4,'Modelling New'!$D:$D,'Modelling New'!$N:$N,0)),"") -> 0.12164432 | K4: =_xlfn.XLOOKUP($A$4,'Modelling New'!$D:$D,'Modelling New'!$AF:$AF) -> 0.995 | L4: =IFERROR(AVERAGEIF('Daily KPI'!$D:$D,'Monthly KPI'!$A$4,'Daily KPI'!$R:$R),"") -> 1 | M4: =_xlfn.XLOOKUP($A$4,'Modelling New'!$D:$D,'Modelling New'!$AE:$AE) -> 0.995 | N4: =AVERAGEIF('Daily KPI'!$D:$D,$A$4,'Daily KPI'!$O:$O) -> 0.96254936
A6: Start Date | B6: =B7-6 -> 45863
A7: End Date | B7: =B1 -> 45869
A8: 20 MW PSEGPL Performance Summary
A9: Year | B9: Days | C9: Estimated POA(KWh/m2) | D9: Measured POA (KWh/m2) | E9: Budgeted Energy (MWh) | F9: Measured Energy (MWh) | G9: Targt PR (%) | H9: Measured PR(%) | I9: Target DC CUF (%) | J9: Measured DC CUF (%) | K9: Target GA (%) | L9: Measured GA (%) | M9: Target PA (%) | N9: Measured PA (%)
A10: =A4 -> 45839 | B10: =(B7-B6)+1 -> 7 | C10: =SUMIFS('Daily KPI'!$AC:$AC,'Daily KPI'!$A:$A,">="&$B$6,'Daily KPI'!$A:$A,"<="&$B$7) -> 30.845161 | D10: =SUMIFS('Daily KPI'!$I:$I,'Daily KPI'!$A:$A,">="&$B$6,'Daily KPI'!$A:$A,"<="&$B$7) -> 20.775786 | E10: =SUMIFS('Daily KPI'!$AD:$AD,'Daily KPI'!$A:$A,">="&$B$6,'Daily KPI'!$A:$A,"<="&$B$7)/1000 -> 542.33734 | F10: =SUMIFS('Daily KPI'!$AA:$AA,'Daily KPI'!$A:$A,">="&$B$6,'Daily KPI'!$A:$A,"<="&$B$7)/1000 -> 408.0923 | G10: =IFERROR(E10/C10/_xlfn.XLOOKUP($A$4,'Modelling New'!$D:$D,'Modelling New'!$N:$N,0),"") -> 0.72347044 | H10: =IFERROR(F10/D10/_xlfn.XLOOKUP($A$4,'Modelling New'!$D:$D,'Modelling New'!$N:$N,0),"") -> 0.80823801 | I10: =IFERROR(E10/(B10*24*_xlfn.XLOOKUP($A$4,'Modelling New'!$D:$D,'Modelling New'!$N:$N,0)),"") -> 0.13283073 | J10: =IFERROR(F10/(B10*24*_xlfn.XLOOKUP($A$4,'Modelling New'!$D:$D,'Modelling New'!$N:$N,0)),"") -> 0.099951069 | K10: =_xlfn.XLOOKUP($A$10,'Modelling New'!$D:$D,'Modelling New'!$AF:$AF) -> 0.995 | L10: =AVERAGEIFS('Daily KPI'!$R:$R,'Daily KPI'!$A:$A,">="&$B$6,'Daily KPI'!$A:$A,"<="&$B$7) -> 1 | M10: =_xlfn.XLOOKUP($A$10,'Modelling New'!$D:$D,'Modelling New'!$AE:$AE) -> 0.995 | N10: =AVERAGEIFS('Daily KPI'!$O:$O,'Daily KPI'!$A:$A,">="&$B$6,'Daily KPI'!$A:$A,"<="&$B$7) -> 0.96085377

Sheet Daily KPI
A1: Date | B1: Financial Year | C1: Calendar Year | D1: Month Year | E1: Days | F1: Operating Hours | G1: GHI-UP (KWh/m2) | H1: GHI-Down(KWh/m2) | I1: POA-UP(KWh/m2) | J1: POA-Down(KWh/m2) | K1: Amb_Temp(°C) | L1: Mod_Temp(°C) | M1: WS_Avg(m/s) | N1: WS_Max(m/s) | O1: PA(%) | P1: MA (%) | Q1: IGA (%) | R1: EGA(%) | S1: EMA (%) | T1: TA (%) | U1: PR(%) | V1: WPR(%) | W1: CUF(%) | X1: Gen_Exp (kWh) | Y1: Mtr_Export (kWh) | Z1: Mtr_Import (kWh) | AA1: Mtr_Net_Exp (KWh) | AB1: Operational Capacity (MW) | AC1: Bugt_Resource | AD1: Bugt_Energy | AE1: Bugt PR | AF1: Bugt CUF | AG1: Bugt_PA | AH1: Bugt_EGA | AI1: Expected Energy | AJ1: Actual Energy WPR | AK1: RA (%) | AL1: Mod Clean Dry (Num) | AM1: Mod Clean Wet (Num) | AN1: Line Loss(%) | AO1: Reactive Power (%) | AP1: Bugt Line loss (%) (Wind) | AQ1: Bugt Reactive Power (%) (Wind) | AR1: Bugt Capacity | AS1: CC*Bugt
A2: 45745 | B2: =YEAR(Daily_KPI[[#This Row],[Date]])+IF(MONTH(Daily_KPI[[#This Row],[Date]])>=4,1,0) -> 2025 | C2: =YEAR(Daily_KPI[[#This Row],[Date]]) -> 2025 | D2: =Daily_KPI[[#This Row],[Date]]-DAY(Daily_KPI[[#This Row],[Date]])+1 -> 45717 | E2: =DAY(EOMONTH(A2,0)) -> 31 | F2: =IFERROR(_xlfn.XLOOKUP($A2,'Raw Data'!$A:$A,'Raw Data'!$BR:$BR),"") -> 11.533333 | G2: =IFERROR(_xlfn.XLOOKUP($A2,'Raw Data'!$A:$A,'Raw Data'!$AO:$AO),"") -> 0 | I2: =IFERROR(_xlfn.XLOOKUP($A2,'Raw Data'!$A:$A,'Raw Data'!$AR:$AR),"") -> 6.156401 | K2: =IFERROR(_xlfn.XLOOKUP($A2,'Raw Data'!$A:$A,'Raw Data'!$AV:$AV),"") -> 0 | L2: =IFERROR(_xlfn.XLOOKUP($A2,'Raw Data'!$A:$A,'Raw Data'!$AW:$AW),"") -> 0 | M2: =IFERROR(_xlfn.XLOOKUP($A2,'Raw Data'!$A:$A,'Raw Data'!$AX:$AX),"") -> 0 | N2: =IFERROR(_xlfn.XLOOKUP($A2,'Raw Data'!$A:$A,'Raw Data'!$AY:$AY),"") -> 0 | O2: =IFERROR(1-(SUMIF('Plant BD'!$B:$B,A2,'Plant BD'!$AE:$AE)/(AA2+SUMIF('Plant BD'!$B:$B,A2,'Plant BD'!$AE:$AE))),"") | R2: =IFERROR(1-(SUMIF('Grid BD'!$B:$B,$A2,'Grid BD'!$AD:$AD)/($AA2+SUMIF('Grid BD'!$B:$B,$A2,'Grid BD'!AD:AD))),"") | U2: =IFERROR(AA2/I2/AB2/1000,"") | W2: =IFERROR(AA2/(24*AR2*1000),"") | X2: =IFERROR(_xlfn.XLOOKUP($A2,'Raw Data'!$A:$A,'Raw Data'!$BA:$BA),"") -> 114708 | Y2: =IFERROR(_xlfn.XLOOKUP($A2,'Raw Data'!$A:$A,'Raw Data'!BJ:BJ),"") | Z2: =IFERROR(_xlfn.XLOOKUP($A2,'Raw Data'!$A:$A,'Raw Data'!BK:BK),"") | AA2: =IFERROR(_xlfn.XLOOKUP($A2,'Raw Data'!$A:$A,'Raw Data'!BL:BL),"") | AB2: =IFERROR(_xlfn.XLOOKUP($A2,'Raw Data'!$A:$A,'Raw Data'!$H:$H),"") -> 24.3031 | AC2: =IFERROR(_xlfn.XLOOKUP($D2,'Modelling New'!$D:$D,'Modelling New'!$P:$P),"") -> 6.9 | AD2: =IFERROR(_xlfn.XLOOKUP($D2,'Modelling New'!$D:$D,'Modelling New'!$T:$T)*1000,"") -> 129014.29 | AE2: =IFERROR(_xlfn.XLOOKUP($D2,'Modelling New'!$D:$D,'Modelling New'!$O:$O),"") -> 0.76935548 | AF2: =IFERROR(_xlfn.XLOOKUP($D2,'Modelling New'!$D:$D,'Modelling New'!$W:$W),"") -> 0.2211897 | AG2: =IFERROR(_xlfn.XLOOKUP($D2,'Modelling New'!$D:$D,'Modelling New'!AE:AE),"") -> 0.995 | AH2: 0.9975 | AR2: =IFERROR(_xlfn.XLOOKUP($D2,'Modelling New'!$D:$D,'Modelling New'!$N:$N),"") -> 24.3031
A3: =A2+1 -> 45746 | B3: =YEAR(Daily_KPI[[#This Row],[Date]])+IF(MONTH(Daily_KPI[[#This Row],[Date]])>=4,1,0) -> 2025 | C3: =YEAR(Daily_KPI[[#This Row],[Date]]) -> 2025 | D3: =Daily_KPI[[#This Row],[Date]]-DAY(Daily_KPI[[#This Row],[Date]])+1 -> 45717 | E3: =DAY(EOMONTH(A3,0)) -> 31 | F3: =IFERROR(_xlfn.XLOOKUP($A3,'Raw Data'!$A:$A,'Raw Data'!$BR:$BR),"") -> 11.55 | G3: =IFERROR(_xlfn.XLOOKUP($A3,'Raw Data'!$A:$A,'Raw Data'!$AO:$AO),"") -> 0 | I3: =IFERROR(_xlfn.XLOOKUP($A3,'Raw Data'!$A:$A,'Raw Data'!$AR:$AR),"") -> 5.1168365 | K3: =IFERROR(_xlfn.XLOOKUP($A3,'Raw Data'!$A:$A,'Raw Data'!$AV:$AV),"") -> 0 | L3: =IFERROR(_xlfn.XLOOKUP($A3,'Raw Data'!$A:$A,'Raw Data'!$AW:$AW),"") -> 0 | M3: =IFERROR(_xlfn.XLOOKUP($A3,'Raw Data'!$A:$A,'Raw Data'!$AX:$AX),"") -> 0 | N3: =IFERROR(_xlfn.XLOOKUP($A3,'Raw Data'!$A:$A,'Raw Data'!$AY:$AY),"") -> 0 | O3: =IFERROR(1-(SUMIF('Plant BD'!$B:$B,A3,'Plant BD'!$AE:$AE)/(AA3+SUMIF('Plant BD'!$B:$B,A3,'Plant BD'!$AE:$AE))),"") -> 1 | R3: =IFERROR(1-(SUMIF('Grid BD'!$B:$B,$A3,'Grid BD'!$AD:$AD)/($AA3+SUMIF('Grid BD'!$B:$B,$A3,'Grid BD'!AD:AD))),"") -> 1 | U3: =IFERROR(AA3/I3/AB3/1000,"") -> 0.73891664 | W3: =IFERROR(AA3/(24*AR3*1000),"") -> 0.15753815 | X3: =IFERROR(_xlfn.XLOOKUP($A3,'Raw Data'!$A:$A,'Raw Data'!$BA:$BA),"") -> 93388 | Y3: =IFERROR(_xlfn.XLOOKUP($A3,'Raw Data'!$A:$A,'Raw Data'!BJ:BJ),"") -> 92817.68 | Z3: =IFERROR(_xlfn.XLOOKUP($A3,'Raw Data'!$A:$A,'Raw Data'!BK:BK),"") -> 929.71 | AA3: =IFERROR(_xlfn.XLOOKUP($A3,'Raw Data'!$A:$A,'Raw Data'!BL:BL),"") -> 91887.97 | AB3: =IFERROR(_xlfn.XLOOKUP($A3,'Raw Data'!$A:$A,'Raw Data'!$H:$H),"") -> 24.3031 | AC3: =IFERROR(_xlfn.XLOOKUP($D3,'Modelling New'!$D:$D,'Modelling New'!$P:$P),"") -> 6.9 | AD3: =IFERROR(_xlfn.XLOOKUP($D3,'Modelling New'!$D:$D,'Modelling New'!$T:$T)*1000,"") -> 129014.29 | AE3: =IFERROR(_xlfn.XLOOKUP($D3,'Modelling New'!$D:$D,'Modelling New'!$O:$O),"") -> 0.76935548 | AF3: =IFERROR(_xlfn.XLOOKUP($D3,'Modelling New'!$D:$D,'Modelling New'!$W:$W),"") -> 0.2211897 | AG3: =IFERROR(_xlfn.XLOOKUP($D3,'Modelling New'!$D:$D,'Modelling New'!AE:AE),"") -> 0.995 | AH3: 0.9975 | AR3: =IFERROR(_xlfn.XLOOKUP($D3,'Modelling New'!$D:$D,'Modelling New'!$N:$N),"") -> 24.3031
A4: =A3+1 -> 45747 | B4: =YEAR(Daily_KPI[[#This Row],[Date]])+IF(MONTH(Daily_KPI[[#This Row],[Date]])>=4,1,0) -> 2025 | C4: =YEAR(Daily_KPI[[#This Row],[Date]]) -> 2025 | D4: =Daily_KPI[[#This Row],[Date]]-DAY(Daily_KPI[[#This Row],[Date]])+1 -> 45717 | E4: =DAY(EOMONTH(A4,0)) -> 31 | F4: =IFERROR(_xlfn.XLOOKUP($A4,'Raw Data'!$A:$A,'Raw Data'!$BR:$BR),"") -> 10.8 | G4: =IFERROR(_xlfn.XLOOKUP($A4,'Raw Data'!$A:$A,'Raw Data'!$AO:$AO),"") -> 0 | I4: =IFERROR(_xlfn.XLOOKUP($A4,'Raw Data'!$A:$A,'Raw Data'!$AR:$AR),"") -> 4.7331787 | K4: =IFERROR(_xlfn.XLOOKUP($A4,'Raw Data'!$A:$A,'Raw Data'!$AV:$AV),"") -> 0 | L4: =IFERROR(_xlfn.XLOOKUP($A4,'Raw Data'!$A:$A,'Raw Data'!$AW:$AW),"") -> 0 | M4: =IFERROR(_xlfn.XLOOKUP($A4,'Raw Data'!$A:$A,'Raw Data'!$AX:$AX),"") -> 0 | N4: =IFERROR(_xlfn.XLOOKUP($A4,'Raw Data'!$A:$A,'Raw Data'!$AY:$AY),"") -> 0 | O4: =IFERROR(1-(SUMIF('Plant BD'!$B:$B,A4,'Plant BD'!$AE:$AE)/(AA4+SUMIF('Plant BD'!$B:$B,A4,'Plant BD'!$AE:$AE))),"") -> 1 | R4: =IFERROR(1-(SUMIF('Grid BD'!$B:$B,$A4,'Grid BD'!$AD:$AD)/($AA4+SUMIF('Grid BD'!$B:$B,$A4,'Grid BD'!AD:AD))),"") -> 1 | U4: =IFERROR(AA4/I4/AB4/1000,"") -> 0.75533233 | W4: =IFERROR(AA4/(24*AR4*1000),"") -> 0.14896346 | X4: =IFERROR(_xlfn.XLOOKUP($A4,'Raw Data'!$A:$A,'Raw Data'!$BA:$BA),"") -> 88492 | Y4: =IFERROR(_xlfn.XLOOKUP($A4,'Raw Data'!$A:$A,'Raw Data'!BJ:BJ),"") -> 87966.57 | Z4: =IFERROR(_xlfn.XLOOKUP($A4,'Raw Data'!$A:$A,'Raw Data'!BK:BK),"") -> 1080 | AA4: =IFERROR(_xlfn.XLOOKUP($A4,'Raw Data'!$A:$A,'Raw Data'!BL:BL),"") -> 86886.57 | AB4: =IFERROR(_xlfn.XLOOKUP($A4,'Raw Data'!$A:$A,'Raw Data'!$H:$H),"") -> 24.3031 | AC4: =IFERROR(_xlfn.XLOOKUP($D4,'Modelling New'!$D:$D,'Modelling New'!$P:$P),"") -> 6.9 | AD4: =IFERROR(_xlfn.XLOOKUP($D4,'Modelling New'!$D:$D,'Modelling New'!$T:$T)*1000,"") -> 129014.29 | AE4: =IFERROR(_xlfn.XLOOKUP($D4,'Modelling New'!$D:$D,'Modelling New'!$O:$O),"") -> 0.76935548 | AF4: =IFERROR(_xlfn.XLOOKUP($D4,'Modelling New'!$D:$D,'Modelling New'!$W:$W),"") -> 0.2211897 | AG4: =IFERROR(_xlfn.XLOOKUP($D4,'Modelling New'!$D:$D,'Modelling New'!AE:AE),"") -> 0.995 | AH4: 0.9975 | AR4: =IFERROR(_xlfn.XLOOKUP($D4,'Modelling New'!$D:$D,'Modelling New'!$N:$N),"") -> 24.3031
A5: =A4+1 -> 45748 | B5: =YEAR(Daily_KPI[[#This Row],[Date]])+IF(MONTH(Daily_KPI[[#This Row],[Date]])>=4,1,0) -> 2026 | C5: =YEAR(Daily_KPI[[#This Row],[Date]]) -> 2025 | D5: =Daily_KPI[[#This Row],[Date]]-DAY(Daily_KPI[[#This Row],[Date]])+1 -> 45748 | E5: =DAY(EOMONTH(A5,0)) -> 30 | F5: =IFERROR(_xlfn.XLOOKUP($A5,'Raw Data'!$A:$A,'Raw Data'!$BR:$BR),"") -> 10.766667 | G5: =IFERROR(_xlfn.XLOOKUP($A5,'Raw Data'!$A:$A,'Raw Data'!$AO:$AO),"") -> 0 | I5: =IFERROR(_xlfn.XLOOKUP($A5,'Raw Data'!$A:$A,'Raw Data'!$AR:$AR),"") -> 2.8415894 | K5: =IFERROR(_xlfn.XLOOKUP($A5,'Raw Data'!$A:$A,'Raw Data'!$AV:$AV),"") -> 0 | L5: =IFERROR(_xlfn.XLOOKUP($A5,'Raw Data'!$A:$A,'Raw Data'!$AW:$AW),"") -> 0 | M5: =IFERROR(_xlfn.XLOOKUP($A5,'Raw Data'!$A:$A,'Raw Data'!$AX:$AX),"") -> 0 | N5: =IFERROR(_xlfn.XLOOKUP($A5,'Raw Data'!$A:$A,'Raw Data'!$AY:$AY),"") -> 0 | O5: =IFERROR(1-(SUMIF('Plant BD'!$B:$B,A5,'Plant BD'!$AE:$AE)/(AA5+SUMIF('Plant BD'!$B:$B,A5,'Plant BD'!$AE:$AE))),"") -> 1 | R5: =IFERROR(1-(SUMIF('Grid BD'!$B:$B,$A5,'Grid BD'!$AD:$AD)/($AA5+SUMIF('Grid BD'!$B:$B,$A5,'Grid BD'!AD:AD))),"") -> 1 | U5: =IFERROR(AA5/I5/AB5/1000,"") -> 0.98076612 | W5: =IFERROR(AA5/(24*AR5*1000),"") -> 0.11612227 | X5: =IFERROR(_xlfn.XLOOKUP($A5,'Raw Data'!$A:$A,'Raw Data'!$BA:$BA),"") -> 69057 | Y5: =IFERROR(_xlfn.XLOOKUP($A5,'Raw Data'!$A:$A,'Raw Data'!BJ:BJ),"") -> 68717.68 | Z5: =IFERROR(_xlfn.XLOOKUP($A5,'Raw Data'!$A:$A,'Raw Data'!BK:BK),"") -> 986.53 | AA5: =IFERROR(_xlfn.XLOOKUP($A5,'Raw Data'!$A:$A,'Raw Data'!BL:BL),"") -> 67731.15 | AB5: =IFERROR(_xlfn.XLOOKUP($A5,'Raw Data'!$A:$A,'Raw Data'!$H:$H),"") -> 24.3031 | AC5: =IFERROR(_xlfn.XLOOKUP($D5,'Modelling New'!$D:$D,'Modelling New'!$P:$P),"") -> 6.6233333 | AD5: =IFERROR(_xlfn.XLOOKUP($D5,'Modelling New'!$D:$D,'Modelling New'!$T:$T)*1000,"") -> 120499.94 | AE5: =IFERROR(_xlfn.XLOOKUP($D5,'Modelling New'!$D:$D,'Modelling New'!$O:$O),"") -> 0.7485978 | AF5: =IFERROR(_xlfn.XLOOKUP($D5,'Modelling New'!$D:$D,'Modelling New'!$W:$W),"") -> 0.2065922 | AG5: =IFERROR(_xlfn.XLOOKUP($D5,'Modelling New'!$D:$D,'Modelling New'!AE:AE),"") -> 0.995 | AH5: 0.9975 | AR5: =IFERROR(_xlfn.XLOOKUP($D5,'Modelling New'!$D:$D,'Modelling New'!$N:$N),"") -> 24.3031
A6: =A5+1 -> 45749 | B6: =YEAR(Daily_KPI[[#This Row],[Date]])+IF(MONTH(Daily_KPI[[#This Row],[Date]])>=4,1,0) -> 2026 | C6: =YEAR(Daily_KPI[[#This Row],[Date]]) -> 2025 | D6: =Daily_KPI[[#This Row],[Date]]-DAY(Daily_KPI[[#This Row],[Date]])+1 -> 45748 | E6: =DAY(EOMONTH(A6,0)) -> 30 | F6: =IFERROR(_xlfn.XLOOKUP($A6,'Raw Data'!$A:$A,'Raw Data'!$BR:$BR),"") -> 10.95 | G6: =IFERROR(_xlfn.XLOOKUP($A6,'Raw Data'!$A:$A,'Raw Data'!$AO:$AO),"") -> 0 | I6: =IFERROR(_xlfn.XLOOKUP($A6,'Raw Data'!$A:$A,'Raw Data'!$AR:$AR),"") -> 2.7152776 | K6: =IFERROR(_xlfn.XLOOKUP($A6,'Raw Data'!$A:$A,'Raw Data'!$AV:$AV),"") -> 0 | L6: =IFERROR(_xlfn.XLOOKUP($A6,'Raw Data'!$A:$A,'Raw Data'!$AW:$AW),"") -> 0 | M6: =IFERROR(_xlfn.XLOOKUP($A6,'Raw Data'!$A:$A,'Raw Data'!$AX:$AX),"") -> 0 | N6: =IFERROR(_xlfn.XLOOKUP($A6,'Raw Data'!$A:$A,'Raw Data'!$AY:$AY),"") -> 0 | O6: =IFERROR(1-(SUMIF('Plant BD'!$B:$B,A6,'Plant BD'!$AE:$AE)/(AA6+SUMIF('Plant BD'!$B:$B,A6,'Plant BD'!$AE:$AE))),"") -> 1 | R6: =IFERROR(1-(SUMIF('Grid BD'!$B:$B,$A6,'Grid BD'!$AD:$AD)/($AA6+SUMIF('Grid BD'!$B:$B,$A6,'Grid BD'!AD:AD))),"") -> 1 | U6: =IFERROR(AA6/I6/AB6/1000,"") -> 0.76670266 | W6: =IFERROR(AA6/(24*AR6*1000),"") -> 0.086742106 | X6: =IFERROR(_xlfn.XLOOKUP($A6,'Raw Data'!$A:$A,'Raw Data'!$BA:$BA),"") -> 51978 | Y6: =IFERROR(_xlfn.XLOOKUP($A6,'Raw Data'!$A:$A,'Raw Data'!BJ:BJ),"") -> 51509.18 | Z6: =IFERROR(_xlfn.XLOOKUP($A6,'Raw Data'!$A:$A,'Raw Data'!BK:BK),"") -> 914.73 | AA6: =IFERROR(_xlfn.XLOOKUP($A6,'Raw Data'!$A:$A,'Raw Data'!BL:BL),"") -> 50594.45 | AB6: =IFERROR(_xlfn.XLOOKUP($A6,'Raw Data'!$A:$A,'Raw Data'!$H:$H),"") -> 24.3031 | AC6: =IFERROR(_xlfn.XLOOKUP($D6,'Modelling New'!$D:$D,'Modelling New'!$P:$P),"") -> 6.6233333 | AD6: =IFERROR(_xlfn.XLOOKUP($D6,'Modelling New'!$D:$D,'Modelling New'!$T:$T)*1000,"") -> 120499.94 | AE6: =IFERROR(_xlfn.XLOOKUP($D6,'Modelling New'!$D:$D,'Modelling New'!$O:$O),"") -> 0.7485978 | AF6: =IFERROR(_xlfn.XLOOKUP($D6,'Modelling New'!$D:$D,'Modelling New'!$W:$W),"") -> 0.2065922 | AG6: =IFERROR(_xlfn.XLOOKUP($D6,'Modelling New'!$D:$D,'Modelling New'!AE:AE),"") -> 0.995 | AH6: 0.9975 | AR6: =IFERROR(_xlfn.XLOOKUP($D6,'Modelling New'!$D:$D,'Modelling New'!$N:$N),"") -> 24.3031
A7: =A6+1 -> 45750 | B7: =YEAR(Daily_KPI[[#This Row],[Date]])+IF(MONTH(Daily_KPI[[#This Row],[Date]])>=4,1,0) -> 2026 | C7: =YEAR(Daily_KPI[[#This Row],[Date]]) -> 2025 | D7: =Daily_KPI[[#This Row],[Date]]-DAY(Daily_KPI[[#This Row],[Date]])+1 -> 45748 | E7: =DAY(EOMONTH(A7,0)) -> 30 | F7: =IFERROR(_xlfn.XLOOKUP($A7,'Raw Data'!$A:$A,'Raw Data'!$BR:$BR),"") -> 11.483333 | G7: =IFERROR(_xlfn.XLOOKUP($A7,'Raw Data'!$A:$A,'Raw Data'!$AO:$AO),"") -> 0 | I7: =IFERROR(_xlfn.XLOOKUP($A7,'Raw Data'!$A:$A,'Raw Data'!$AR:$AR),"") -> 6.1 | K7: =IFERROR(_xlfn.XLOOKUP($A7,'Raw Data'!$A:$A,'Raw Data'!$AV:$AV),"") -> 0 | L7: =IFERROR(_xlfn.XLOOKUP($A7,'Raw Data'!$A:$A,'Raw Data'!$AW:$AW),"") -> 0 | M7: =IFERROR(_xlfn.XLOOKUP($A7,'Raw Data'!$A:$A,'Raw Data'!$AX:$AX),"") -> 0 | N7: =IFERROR(_xlfn.XLOOKUP($A7,'Raw Data'!$A:$A,'Raw Data'!$AY:$AY),"") -> 0 | O7: =IFERROR(1-(SUMIF('Plant BD'!$B:$B,A7,'Plant BD'!$AE:$AE)/(AA7+SUMIF('Plant BD'!$B:$B,A7,'Plant BD'!$AE:$AE))),"") -> 1 | R7: =IFERROR(1-(SUMIF('Grid BD'!$B:$B,$A7,'Grid BD'!$AD:$AD)/($AA7+SUMIF('Grid BD'!$B:$B,$A7,'Grid BD'!AD:AD))),"") -> 1 | U7: =IFERROR(AA7/I7/AB7/1000,"") -> 0.75662755 | W7: =IFERROR(AA7/(24*AR7*1000),"") -> 0.1923095 | X7: =IFERROR(_xlfn.XLOOKUP($A7,'Raw Data'!$A:$A,'Raw Data'!$BA:$BA),"") -> 113949.2 | Y7: =IFERROR(_xlfn.XLOOKUP($A7,'Raw Data'!$A:$A,'Raw Data'!BJ:BJ),"") -> 112987.24 | Z7: =IFERROR(_xlfn.XLOOKUP($A7,'Raw Data'!$A:$A,'Raw Data'!BK:BK),"") -> 818.03 | AA7: =IFERROR(_xlfn.XLOOKUP($A7,'Raw Data'!$A:$A,'Raw Data'!BL:BL),"") -> 112169.21 | AB7: =IFERROR(_xlfn.XLOOKUP($A7,'Raw Data'!$A:$A,'Raw Data'!$H:$H),"") -> 24.3031 | AC7: =IFERROR(_xlfn.XLOOKUP($D7,'Modelling New'!$D:$D,'Modelling New'!$P:$P),"") -> 6.6233333 | AD7: =IFERROR(_xlfn.XLOOKUP($D7,'Modelling New'!$D:$D,'Modelling New'!$T:$T)*1000,"") -> 120499.94 | AE7: =IFERROR(_xlfn.XLOOKUP($D7,'Modelling New'!$D:$D,'Modelling New'!$O:$O),"") -> 0.7485978 | AF7: =IFERROR(_xlfn.XLOOKUP($D7,'Modelling New'!$D:$D,'Modelling New'!$W:$W),"") -> 0.2065922 | AG7: =IFERROR(_xlfn.XLOOKUP($D7,'Modelling New'!$D:$D,'Modelling New'!AE:AE),"") -> 0.995 | AH7: 0.9975 | AR7: =IFERROR(_xlfn.XLOOKUP($D7,'Modelling New'!$D:$D,'Modelling New'!$N:$N),"") -> 24.3031
A8: =A7+1 -> 45751 | B8: =YEAR(Daily_KPI[[#This Row],[Date]])+IF(MONTH(Daily_KPI[[#This Row],[Date]])>=4,1,0) -> 2026 | C8: =YEAR(Daily_KPI[[#This Row],[Date]]) -> 2025 | D8: =Daily_KPI[[#This Row],[Date]]-DAY(Daily_KPI[[#This Row],[Date]])+1 -> 45748 | E8: =DAY(EOMONTH(A8,0)) -> 30 | F8: =IFERROR(_xlfn.XLOOKUP($A8,'Raw Data'!$A:$A,'Raw Data'!$BR:$BR),"") -> 11.766667 | G8: =IFERROR(_xlfn.XLOOKUP($A8,'Raw Data'!$A:$A,'Raw Data'!$AO:$AO),"") -> 0 | I8: =IFERROR(_xlfn.XLOOKUP($A8,'Raw Data'!$A:$A,'Raw Data'!$AR:$AR),"") -> 6.6389506 | K8: =IFERROR(_xlfn.XLOOKUP($A8,'Raw Data'!$A:$A,'Raw Data'!$AV:$AV),"") -> 0 | L8: =IFERROR(_xlfn.XLOOKUP($A8,'Raw Data'!$A:$A,'Raw Data'!$AW:$AW),"") -> 0 | M8: =IFERROR(_xlfn.XLOOKUP($A8,'Raw Data'!$A:$A,'Raw Data'!$AX:$AX),"") -> 0 | N8: =IFERROR(_xlfn.XLOOKUP($A8,'Raw Data'!$A:$A,'Raw Data'!$AY:$AY),"") -> 0 | O8: =IFERROR(1-(SUMIF('Plant BD'!$B:$B,A8,'Plant BD'!$AE:$AE)/(AA8+SUMIF('Plant BD'!$B:$B,A8,'Plant BD'!$AE:$AE))),"") -> 1 | R8: =IFERROR(1-(SUMIF('Grid BD'!$B:$B,$A8,'Grid BD'!$AD:$AD)/($AA8+SUMIF('Grid BD'!$B:$B,$A8,'Grid BD'!AD:AD))),"") -> 1 | U8: =IFERROR(AA8/I8/AB8/1000,"") -> 0.76827545 | W8: =IFERROR(AA8/(24*AR8*1000),"") -> 0.21252261 | X8: =IFERROR(_xlfn.XLOOKUP($A8,'Raw Data'!$A:$A,'Raw Data'!$BA:$BA),"") -> 126119.5 | Y8: =IFERROR(_xlfn.XLOOKUP($A8,'Raw Data'!$A:$A,'Raw Data'!BJ:BJ),"") -> 124940.59 | Z8: =IFERROR(_xlfn.XLOOKUP($A8,'Raw Data'!$A:$A,'Raw Data'!BK:BK),"") -> 981.59 | AA8: =IFERROR(_xlfn.XLOOKUP($A8,'Raw Data'!$A:$A,'Raw Data'!BL:BL),"") -> 123959 | AB8: =IFERROR(_xlfn.XLOOKUP($A8,'Raw Data'!$A:$A,'Raw Data'!$H:$H),"") -> 24.3031 | AC8: =IFERROR(_xlfn.XLOOKUP($D8,'Modelling New'!$D:$D,'Modelling New'!$P:$P),"") -> 6.6233333 | AD8: =IFERROR(_xlfn.XLOOKUP($D8,'Modelling New'!$D:$D,'Modelling New'!$T:$T)*1000,"") -> 120499.94 | AE8: =IFERROR(_xlfn.XLOOKUP($D8,'Modelling New'!$D:$D,'Modelling New'!$O:$O),"") -> 0.7485978 | AF8: =IFERROR(_xlfn.XLOOKUP($D8,'Modelling New'!$D:$D,'Modelling New'!$W:$W),"") -> 0.2065922 | AG8: =IFERROR(_xlfn.XLOOKUP($D8,'Modelling New'!$D:$D,'Modelling New'!AE:AE),"") -> 0.995 | AH8: 0.9975 | AR8: =IFERROR(_xlfn.XLOOKUP($D8,'Modelling New'!$D:$D,'Modelling New'!$N:$N),"") -> 24.3031
A9: =A8+1 -> 45752 | B9: =YEAR(Daily_KPI[[#This Row],[Date]])+IF(MONTH(Daily_KPI[[#This Row],[Date]])>=4,1,0) -> 2026 | C9: =YEAR(Daily_KPI[[#This Row],[Date]]) -> 2025 | D9: =Daily_KPI[[#This Row],[Date]]-DAY(Daily_KPI[[#This Row],[Date]])+1 -> 45748 | E9: =DAY(EOMONTH(A9,0)) -> 30 | F9: =IFERROR(_xlfn.XLOOKUP($A9,'Raw Data'!$A:$A,'Raw Data'!$BR:$BR),"") -> 11.75 | G9: =IFERROR(_xlfn.XLOOKUP($A9,'Raw Data'!$A:$A,'Raw Data'!$AO:$AO),"") -> 0 | I9: =IFERROR(_xlfn.XLOOKUP($A9,'Raw Data'!$A:$A,'Raw Data'!$AR:$AR),"") -> 6.7642129 | K9: =IFERROR(_xlfn.XLOOKUP($A9,'Raw Data'!$A:$A,'Raw Data'!$AV:$AV),"") -> 0 | L9: =IFERROR(_xlfn.XLOOKUP($A9,'Raw Data'!$A:$A,'Raw Data'!$AW:$AW),"") -> 0 | M9: =IFERROR(_xlfn.XLOOKUP($A9,'Raw Data'!$A:$A,'Raw Data'!$AX:$AX),"") -> 0 | N9: =IFERROR(_xlfn.XLOOKUP($A9,'Raw Data'!$A:$A,'Raw Data'!$AY:$AY),"") -> 0 | O9: =IFERROR(1-(SUMIF('Plant BD'!$B:$B,A9,'Plant BD'!$AE:$AE)/(AA9+SUMIF('Plant BD'!$B:$B,A9,'Plant BD'!$AE:$AE))),"") -> 1 | R9: =IFERROR(1-(SUMIF('Grid BD'!$B:$B,$A9,'Grid BD'!$AD:$AD)/($AA9+SUMIF('Grid BD'!$B:$B,$A9,'Grid BD'!AD:AD))),"") -> 1 | U9: =IFERROR(AA9/I9/AB9/1000,"") -> 0.75722229 | W9: =IFERROR(AA9/(24*AR9*1000),"") -> 0.2134172 | X9: =IFERROR(_xlfn.XLOOKUP($A9,'Raw Data'!$A:$A,'Raw Data'!$BA:$BA),"") -> 126571 | Y9: =IFERROR(_xlfn.XLOOKUP($A9,'Raw Data'!$A:$A,'Raw Data'!BJ:BJ),"") -> 125301.07 | Z9: =IFERROR(_xlfn.XLOOKUP($A9,'Raw Data'!$A:$A,'Raw Data'!BK:BK),"") -> 820.28 | AA9: =IFERROR(_xlfn.XLOOKUP($A9,'Raw Data'!$A:$A,'Raw Data'!BL:BL),"") -> 124480.79 | AB9: =IFERROR(_xlfn.XLOOKUP($A9,'Raw Data'!$A:$A,'Raw Data'!$H:$H),"") -> 24.3031 | AC9: =IFERROR(_xlfn.XLOOKUP($D9,'Modelling New'!$D:$D,'Modelling New'!$P:$P),"") -> 6.6233333 | AD9: =IFERROR(_xlfn.XLOOKUP($D9,'Modelling New'!$D:$D,'Modelling New'!$T:$T)*1000,"") -> 120499.94 | AE9: =IFERROR(_xlfn.XLOOKUP($D9,'Modelling New'!$D:$D,'Modelling New'!$O:$O),"") -> 0.7485978 | AF9: =IFERROR(_xlfn.XLOOKUP($D9,'Modelling New'!$D:$D,'Modelling New'!$W:$W),"") -> 0.2065922 | AG9: =IFERROR(_xlfn.XLOOKUP($D9,'Modelling New'!$D:$D,'Modelling New'!AE:AE),"") -> 0.995 | AH9: 0.9975 | AR9: =IFERROR(_xlfn.XLOOKUP($D9,'Modelling New'!$D:$D,'Modelling New'!$N:$N),"") -> 24.3031
A10: =A9+1 -> 45753 | B10: =YEAR(Daily_KPI[[#This Row],[Date]])+IF(MONTH(Daily_KPI[[#This Row],[Date]])>=4,1,0) -> 2026 | C10: =YEAR(Daily_KPI[[#This Row],[Date]]) -> 2025 | D10: =Daily_KPI[[#This Row],[Date]]-DAY(Daily_KPI[[#This Row],[Date]])+1 -> 45748 | E10: =DAY(EOMONTH(A10,0)) -> 30 | F10: =IFERROR(_xlfn.XLOOKUP($A10,'Raw Data'!$A:$A,'Raw Data'!$BR:$BR),"") -> 11.8 | G10: =IFERROR(_xlfn.XLOOKUP($A10,'Raw Data'!$A:$A,'Raw Data'!$AO:$AO),"") -> 0 | I10: =IFERROR(_xlfn.XLOOKUP($A10,'Raw Data'!$A:$A,'Raw Data'!$AR:$AR),"") -> 6.9511528 | K10: =IFERROR(_xlfn.XLOOKUP($A10,'Raw Data'!$A:$A,'Raw Data'!$AV:$AV),"") -> 0 | L10: =IFERROR(_xlfn.XLOOKUP($A10,'Raw Data'!$A:$A,'Raw Data'!$AW:$AW),"") -> 0 | M10: =IFERROR(_xlfn.XLOOKUP($A10,'Raw Data'!$A:$A,'Raw Data'!$AX:$AX),"") -> 0 | N10: =IFERROR(_xlfn.XLOOKUP($A10,'Raw Data'!$A:$A,'Raw Data'!$AY:$AY),"") -> 0 | O10: =IFERROR(1-(SUMIF('Plant BD'!$B:$B,A10,'Plant BD'!$AE:$AE)/(AA10+SUMIF('Plant BD'!$B:$B,A10,'Plant BD'!$AE:$AE))),"") -> 1 | R10: =IFERROR(1-(SUMIF('Grid BD'!$B:$B,$A10,'Grid BD'!$AD:$AD)/($AA10+SUMIF('Grid BD'!$B:$B,$A10,'Grid BD'!AD:AD))),"") -> 1 | U10: =IFERROR(AA10/I10/AB10/1000,"") -> 0.75143978 | W10: =IFERROR(AA10/(24*AR10*1000),"") -> 0.21764053 | X10: =IFERROR(_xlfn.XLOOKUP($A10,'Raw Data'!$A:$A,'Raw Data'!$BA:$BA),"") -> 129103 | Y10: =IFERROR(_xlfn.XLOOKUP($A10,'Raw Data'!$A:$A,'Raw Data'!BJ:BJ),"") -> 127602.03 | Z10: =IFERROR(_xlfn.XLOOKUP($A10,'Raw Data'!$A:$A,'Raw Data'!BK:BK),"") -> 657.88 | AA10: =IFERROR(_xlfn.XLOOKUP($A10,'Raw Data'!$A:$A,'Raw Data'!BL:BL),"") -> 126944.15 | AB10: =IFERROR(_xlfn.XLOOKUP($A10,'Raw Data'!$A:$A,'Raw Data'!$H:$H),"") -> 24.3031 | AC10: =IFERROR(_xlfn.XLOOKUP($D10,'Modelling New'!$D:$D,'Modelling New'!$P:$P),"") -> 6.6233333 | AD10: =IFERROR(_xlfn.XLOOKUP($D10,'Modelling New'!$D:$D,'Modelling New'!$T:$T)*1000,"") -> 120499.94 | AE10: =IFERROR(_xlfn.XLOOKUP($D10,'Modelling New'!$D:$D,'Modelling New'!$O:$O),"") -> 0.7485978 | AF10: =IFERROR(_xlfn.XLOOKUP($D10,'Modelling New'!$D:$D,'Modelling New'!$W:$W),"") -> 0.2065922 | AG10: =IFERROR(_xlfn.XLOOKUP($D10,'Modelling New'!$D:$D,'Modelling New'!AE:AE),"") -> 0.995 | AH10: 0.9975 | AR10: =IFERROR(_xlfn.XLOOKUP($D10,'Modelling New'!$D:$D,'Modelling New'!$N:$N),"") -> 24.3031
A11: =A10+1 -> 45754 | B11: =YEAR(Daily_KPI[[#This Row],[Date]])+IF(MONTH(Daily_KPI[[#This Row],[Date]])>=4,1,0) -> 2026 | C11: =YEAR(Daily_KPI[[#This Row],[Date]]) -> 2025 | D11: =Daily_KPI[[#This Row],[Date]]-DAY(Daily_KPI[[#This Row],[Date]])+1 -> 45748 | E11: =DAY(EOMONTH(A11,0)) -> 30 | F11: =IFERROR(_xlfn.XLOOKUP($A11,'Raw Data'!$A:$A,'Raw Data'!$BR:$BR),"") -> 11.883333 | G11: =IFERROR(_xlfn.XLOOKUP($A11,'Raw Data'!$A:$A,'Raw Data'!$AO:$AO),"") -> 0 | I11: =IFERROR(_xlfn.XLOOKUP($A11,'Raw Data'!$A:$A,'Raw Data'!$AR:$AR),"") -> 6.9981049 | K11: =IFERROR(_xlfn.XLOOKUP($A11,'Raw Data'!$A:$A,'Raw Data'!$AV:$AV),"") -> 0 | L11: =IFERROR(_xlfn.XLOOKUP($A11,'Raw Data'!$A:$A,'Raw Data'!$AW:$AW),"") -> 0 | M11: =IFERROR(_xlfn.XLOOKUP($A11,'Raw Data'!$A:$A,'Raw Data'!$AX:$AX),"") -> 0 | N11: =IFERROR(_xlfn.XLOOKUP($A11,'Raw Data'!$A:$A,'Raw Data'!$AY:$AY),"") -> 0 | O11: =IFERROR(1-(SUMIF('Plant BD'!$B:$B,A11,'Plant BD'!$AE:$AE)/(AA11+SUMIF('Plant BD'!$B:$B,A11,'Plant BD'!$AE:$AE))),"") -> 1 | R11: =IFERROR(1-(SUMIF('Grid BD'!$B:$B,$A11,'Grid BD'!$AD:$AD)/($AA11+SUMIF('Grid BD'!$B:$B,$A11,'Grid BD'!AD:AD))),"") -> 1 | U11: =IFERROR(AA11/I11/AB11/1000,"") -> 0.74321141 | W11: =IFERROR(AA11/(24*AR11*1000),"") -> 0.21671131 | X11: =IFERROR(_xlfn.XLOOKUP($A11,'Raw Data'!$A:$A,'Raw Data'!$BA:$BA),"") -> 128983 | Y11: =IFERROR(_xlfn.XLOOKUP($A11,'Raw Data'!$A:$A,'Raw Data'!BJ:BJ),"") -> 127518.12 | Z11: =IFERROR(_xlfn.XLOOKUP($A11,'Raw Data'!$A:$A,'Raw Data'!BK:BK),"") -> 1115.96 | AA11: =IFERROR(_xlfn.XLOOKUP($A11,'Raw Data'!$A:$A,'Raw Data'!BL:BL),"") -> 126402.16 | AB11: =IFERROR(_xlfn.XLOOKUP($A11,'Raw Data'!$A:$A,'Raw Data'!$H:$H),"") -> 24.3031 | AC11: =IFERROR(_xlfn.XLOOKUP($D11,'Modelling New'!$D:$D,'Modelling New'!$P:$P),"") -> 6.6233333 | AD11: =IFERROR(_xlfn.XLOOKUP($D11,'Modelling New'!$D:$D,'Modelling New'!$T:$T)*1000,"") -> 120499.94 | AE11: =IFERROR(_xlfn.XLOOKUP($D11,'Modelling New'!$D:$D,'Modelling New'!$O:$O),"") -> 0.7485978 | AF11: =IFERROR(_xlfn.XLOOKUP($D11,'Modelling New'!$D:$D,'Modelling New'!$W:$W),"") -> 0.2065922 | AG11: =IFERROR(_xlfn.XLOOKUP($D11,'Modelling New'!$D:$D,'Modelling New'!AE:AE),"") -> 0.995 | AH11: 0.9975 | AR11: =IFERROR(_xlfn.XLOOKUP($D11,'Modelling New'!$D:$D,'Modelling New'!$N:$N),"") -> 24.3031
A12: =A11+1 -> 45755 | B12: =YEAR(Daily_KPI[[#This Row],[Date]])+IF(MONTH(Daily_KPI[[#This Row],[Date]])>=4,1,0) -> 2026 | C12: =YEAR(Daily_KPI[[#This Row],[Date]]) -> 2025 | D12: =Daily_KPI[[#This Row],[Date]]-DAY(Daily_KPI[[#This Row],[Date]])+1 -> 45748 | E12: =DAY(EOMONTH(A12,0)) -> 30 | F12: =IFERROR(_xlfn.XLOOKUP($A12,'Raw Data'!$A:$A,'Raw Data'!$BR:$BR),"") -> 11.883333 | G12: =IFERROR(_xlfn.XLOOKUP($A12,'Raw Data'!$A:$A,'Raw Data'!$AO:$AO),"") -> 0 | I12: =IFERROR(_xlfn.XLOOKUP($A12,'Raw Data'!$A:$A,'Raw Data'!$AR:$AR),"") -> 6.8258023 | K12: =IFERROR(_xlfn.XLOOKUP($A12,'Raw Data'!$A:$A,'Raw Data'!$AV:$AV),"") -> 0 | L12: =IFERROR(_xlfn.XLOOKUP($A12,'Raw Data'!$A:$A,'Raw Data'!$AW:$AW),"") -> 0 | M12: =IFERROR(_xlfn.XLOOKUP($A12,'Raw Data'!$A:$A,'Raw Data'!$AX:$AX),"") -> 0 | N12: =IFERROR(_xlfn.XLOOKUP($A12,'Raw Data'!$A:$A,'Raw Data'!$AY:$AY),"") -> 0 | O12: =IFERROR(1-(SUMIF('Plant BD'!$B:$B,A12,'Plant BD'!$AE:$AE)/(AA12+SUMIF('Plant BD'!$B:$B,A12,'Plant BD'!$AE:$AE))),"") -> 1 | R12: =IFERROR(1-(SUMIF('Grid BD'!$B:$B,$A12,'Grid BD'!$AD:$AD)/($AA12+SUMIF('Grid BD'!$B:$B,$A12,'Grid BD'!AD:AD))),"") -> 1 | U12: =IFERROR(AA12/I12/AB12/1000,"") -> 0.74961271 | W12: =IFERROR(AA12/(24*AR12*1000),"") -> 0.21319617 | X12: =IFERROR(_xlfn.XLOOKUP($A12,'Raw Data'!$A:$A,'Raw Data'!$BA:$BA),"") -> 126836 | Y12: =IFERROR(_xlfn.XLOOKUP($A12,'Raw Data'!$A:$A,'Raw Data'!BJ:BJ),"") -> 125388.02 | Z12: =IFERROR(_xlfn.XLOOKUP($A12,'Raw Data'!$A:$A,'Raw Data'!BK:BK),"") -> 1036.15 | AA12: =IFERROR(_xlfn.XLOOKUP($A12,'Raw Data'!$A:$A,'Raw Data'!BL:BL),"") -> 124351.87 | AB12: =IFERROR(_xlfn.XLOOKUP($A12,'Raw Data'!$A:$A,'Raw Data'!$H:$H),"") -> 24.3031 | AC12: =IFERROR(_xlfn.XLOOKUP($D12,'Modelling New'!$D:$D,'Modelling New'!$P:$P),"") -> 6.6233333 | AD12: =IFERROR(_xlfn.XLOOKUP($D12,'Modelling New'!$D:$D,'Modelling New'!$T:$T)*1000,"") -> 120499.94 | AE12: =IFERROR(_xlfn.XLOOKUP($D12,'Modelling New'!$D:$D,'Modelling New'!$O:$O),"") -> 0.7485978 | AF12: =IFERROR(_xlfn.XLOOKUP($D12,'Modelling New'!$D:$D,'Modelling New'!$W:$W),"") -> 0.2065922 | AG12: =IFERROR(_xlfn.XLOOKUP($D12,'Modelling New'!$D:$D,'Modelling New'!AE:AE),"") -> 0.995 | AH12: 0.9975 | AR12: =IFERROR(_xlfn.XLOOKUP($D12,'Modelling New'!$D:$D,'Modelling New'!$N:$N),"") -> 24.3031
A13: =A12+1 -> 45756 | B13: =YEAR(Daily_KPI[[#This Row],[Date]])+IF(MONTH(Daily_KPI[[#This Row],[Date]])>=4,1,0) -> 2026 | C13: =YEAR(Daily_KPI[[#This Row],[Date]]) -> 2025 | D13: =Daily_KPI[[#This Row],[Date]]-DAY(Daily_KPI[[#This Row],[Date]])+1 -> 45748 | E13: =DAY(EOMONTH(A13,0)) -> 30 | F13: =IFERROR(_xlfn.XLOOKUP($A13,'Raw Data'!$A:$A,'Raw Data'!$BR:$BR),"") -> 11.916667 | G13: =IFERROR(_xlfn.XLOOKUP($A13,'Raw Data'!$A:$A,'Raw Data'!$AO:$AO),"") -> 0 | I13: =IFERROR(_xlfn.XLOOKUP($A13,'Raw Data'!$A:$A,'Raw Data'!$AR:$AR),"") -> 6.6833015 | K13: =IFERROR(_xlfn.XLOOKUP($A13,'Raw Data'!$A:$A,'Raw Data'!$AV:$AV),"") -> 0 | L13: =IFERROR(_xlfn.XLOOKUP($A13,'Raw Data'!$A:$A,'Raw Data'!$AW:$AW),"") -> 0 | M13: =IFERROR(_xlfn.XLOOKUP($A13,'Raw Data'!$A:$A,'Raw Data'!$AX:$AX),"") -> 0 | N13: =IFERROR(_xlfn.XLOOKUP($A13,'Raw Data'!$A:$A,'Raw Data'!$AY:$AY),"") -> 0 | O13: =IFERROR(1-(SUMIF('Plant BD'!$B:$B,A13,'Plant BD'!$AE:$AE)/(AA13+SUMIF('Plant BD'!$B:$B,A13,'Plant BD'!$AE:$AE))),"") -> 1 | R13: =IFERROR(1-(SUMIF('Grid BD'!$B:$B,$A13,'Grid BD'!$AD:$AD)/($AA13+SUMIF('Grid BD'!$B:$B,$A13,'Grid BD'!AD:AD))),"") -> 1 | U13: =IFERROR(AA13/I13/AB13/1000,"") -> 0.74128836 | W13: =IFERROR(AA13/(24*AR13*1000),"") -> 0.20642723 | X13: =IFERROR(_xlfn.XLOOKUP($A13,'Raw Data'!$A:$A,'Raw Data'!$BA:$BA),"") -> 122236 | Y13: =IFERROR(_xlfn.XLOOKUP($A13,'Raw Data'!$A:$A,'Raw Data'!BJ:BJ),"") -> 121028.97 | Z13: =IFERROR(_xlfn.XLOOKUP($A13,'Raw Data'!$A:$A,'Raw Data'!BK:BK),"") -> 625.25 | AA13: =IFERROR(_xlfn.XLOOKUP($A13,'Raw Data'!$A:$A,'Raw Data'!BL:BL),"") -> 120403.72 | AB13: =IFERROR(_xlfn.XLOOKUP($A13,'Raw Data'!$A:$A,'Raw Data'!$H:$H),"") -> 24.3031 | AC13: =IFERROR(_xlfn.XLOOKUP($D13,'Modelling New'!$D:$D,'Modelling New'!$P:$P),"") -> 6.6233333 | AD13: =IFERROR(_xlfn.XLOOKUP($D13,'Modelling New'!$D:$D,'Modelling New'!$T:$T)*1000,"") -> 120499.94 | AE13: =IFERROR(_xlfn.XLOOKUP($D13,'Modelling New'!$D:$D,'Modelling New'!$O:$O),"") -> 0.7485978 | AF13: =IFERROR(_xlfn.XLOOKUP($D13,'Modelling New'!$D:$D,'Modelling New'!$W:$W),"") -> 0.2065922 | AG13: =IFERROR(_xlfn.XLOOKUP($D13,'Modelling New'!$D:$D,'Modelling New'!AE:AE),"") -> 0.995 | AH13: 0.9975 | AR13: =IFERROR(_xlfn.XLOOKUP($D13,'Modelling New'!$D:$D,'Modelling New'!$N:$N),"") -> 24.3031
A14: =A13+1 -> 45757 | B14: =YEAR(Daily_KPI[[#This Row],[Date]])+IF(MONTH(Daily_KPI[[#This Row],[Date]])>=4,1,0) -> 2026 | C14: =YEAR(Daily_KPI[[#This Row],[Date]]) -> 2025 | D14: =Daily_KPI[[#This Row],[Date]]-DAY(Daily_KPI[[#This Row],[Date]])+1 -> 45748 | E14: =DAY(EOMONTH(A14,0)) -> 30 | F14: =IFERROR(_xlfn.XLOOKUP($A14,'Raw Data'!$A:$A,'Raw Data'!$BR:$BR),"") -> 11.866667 | G14: =IFERROR(_xlfn.XLOOKUP($A14,'Raw Data'!$A:$A,'Raw Data'!$AO:$AO),"") -> 0 | I14: =IFERROR(_xlfn.XLOOKUP($A14,'Raw Data'!$A:$A,'Raw Data'!$AR:$AR),"") -> 6.3952928 | K14: =IFERROR(_xlfn.XLOOKUP($A14,'Raw Data'!$A:$A,'Raw Data'!$AV:$AV),"") -> 0 | L14: =IFERROR(_xlfn.XLOOKUP($A14,'Raw Data'!$A:$A,'Raw Data'!$AW:$AW),"") -> 0 | M14: =IFERROR(_xlfn.XLOOKUP($A14,'Raw Data'!$A:$A,'Raw Data'!$AX:$AX),"") -> 0 | N14: =IFERROR(_xlfn.XLOOKUP($A14,'Raw Data'!$A:$A,'Raw Data'!$AY:$AY),"") -> 0 | O14: =IFERROR(1-(SUMIF('Plant BD'!$B:$B,A14,'Plant BD'!$AE:$AE)/(AA14+SUMIF('Plant BD'!$B:$B,A14,'Plant BD'!$AE:$AE))),"") -> 1 | R14: =IFERROR(1-(SUMIF('Grid BD'!$B:$B,$A14,'Grid BD'!$AD:$AD)/($AA14+SUMIF('Grid BD'!$B:$B,$A14,'Grid BD'!AD:AD))),"") -> 1 | U14: =IFERROR(AA14/I14/AB14/1000,"") -> 0.76035956 | W14: =IFERROR(AA14/(24*AR14*1000),"") -> 0.20261342 | X14: =IFERROR(_xlfn.XLOOKUP($A14,'Raw Data'!$A:$A,'Raw Data'!$BA:$BA),"") -> 120303 | Y14: =IFERROR(_xlfn.XLOOKUP($A14,'Raw Data'!$A:$A,'Raw Data'!BJ:BJ),"") -> 119078.44 | Z14: =IFERROR(_xlfn.XLOOKUP($A14,'Raw Data'!$A:$A,'Raw Data'!BK:BK),"") -> 899.22 | AA14: =IFERROR(_xlfn.XLOOKUP($A14,'Raw Data'!$A:$A,'Raw Data'!BL:BL),"") -> 118179.22 | AB14: =IFERROR(_xlfn.XLOOKUP($A14,'Raw Data'!$A:$A,'Raw Data'!$H:$H),"") -> 24.3031 | AC14: =IFERROR(_xlfn.XLOOKUP($D14,'Modelling New'!$D:$D,'Modelling New'!$P:$P),"") -> 6.6233333 | AD14: =IFERROR(_xlfn.XLOOKUP($D14,'Modelling New'!$D:$D,'Modelling New'!$T:$T)*1000,"") -> 120499.94 | AE14: =IFERROR(_xlfn.XLOOKUP($D14,'Modelling New'!$D:$D,'Modelling New'!$O:$O),"") -> 0.7485978 | AF14: =IFERROR(_xlfn.XLOOKUP($D14,'Modelling New'!$D:$D,'Modelling New'!$W:$W),"") -> 0.2065922 | AG14: =IFERROR(_xlfn.XLOOKUP($D14,'Modelling New'!$D:$D,'Modelling New'!AE:AE),"") -> 0.995 | AH14: 0.9975 | AR14: =IFERROR(_xlfn.XLOOKUP($D14,'Modelling New'!$D:$D,'Modelling New'!$N:$N),"") -> 24.3031
... A369: =A368+1 -> 46112 | B369: =YEAR(Daily_KPI[[#This Row],[Date]])+IF(MONTH(Daily_KPI[[#This Row],[Date]])>=4,1,0) -> 2026 | C369: =YEAR(Daily_KPI[[#This Row],[Date]]) -> 2026 | D369: =Daily_KPI[[#This Row],[Date]]-DAY(Daily_KPI[[#This Row],[Date]])+1 -> 46082 | E369: =DAY(EOMONTH(A369,0)) -> 31 | F369: =IFERROR(_xlfn.XLOOKUP($A369,'Raw Data'!$A:$A,'Raw Data'!$BR:$BR),"") | G369: =IFERROR(_xlfn.XLOOKUP($A369,'Raw Data'!$A:$A,'Raw Data'!$AO:$AO),"") | I369: =IFERROR(_xlfn.XLOOKUP($A369,'Raw Data'!$A:$A,'Raw Data'!$AR:$AR),"") | K369: =IFERROR(_xlfn.XLOOKUP($A369,'Raw Data'!$A:$A,'Raw Data'!$AV:$AV),"") | L369: =IFERROR(_xlfn.XLOOKUP($A369,'Raw Data'!$A:$A,'Raw Data'!$AW:$AW),"") | M369: =IFERROR(_xlfn.XLOOKUP($A369,'Raw Data'!$A:$A,'Raw Data'!$AX:$AX),"") | N369: =IFERROR(_xlfn.XLOOKUP($A369,'Raw Data'!$A:$A,'Raw Data'!$AY:$AY),"") | O369: =IFERROR(1-(SUMIF('Plant BD'!$B:$B,A369,'Plant BD'!$AE:$AE)/(AA369+SUMIF('Plant BD'!$B:$B,A369,'Plant BD'!$AE:$AE))),"") | R369: =IFERROR(1-(SUMIF('Grid BD'!$B:$B,$A369,'Grid BD'!$AD:$AD)/($AA369+SUMIF('Grid BD'!$B:$B,$A369,'Grid BD'!AD:AD))),"") | U369: =IFERROR(AA369/I369/AB369/1000,"") | W369: =IFERROR(AA369/(24*AR369*1000),"") | X369: =IFERROR(_xlfn.XLOOKUP($A369,'Raw Data'!$A:$A,'Raw Data'!$BA:$BA),"") | Y369: =IFERROR(_xlfn.XLOOKUP($A369,'Raw Data'!$A:$A,'Raw Data'!BJ:BJ),"") | Z369: =IFERROR(_xlfn.XLOOKUP($A369,'Raw Data'!$A:$A,'Raw Data'!BK:BK),"") | AA369: =IFERROR(_xlfn.XLOOKUP($A369,'Raw Data'!$A:$A,'Raw Data'!BL:BL),"") | AB369: =IFERROR(_xlfn.XLOOKUP($A369,'Raw Data'!$A:$A,'Raw Data'!$H:$H),"") | AC369: =IFERROR(_xlfn.XLOOKUP($D369,'Modelling New'!$D:$D,'Modelling New'!$P:$P),"") -> 6.9 | AD369: =IFERROR(_xlfn.XLOOKUP($D369,'Modelling New'!$D:$D,'Modelling New'!$T:$T)*1000,"") -> 124131.1 | AE369: =IFERROR(_xlfn.XLOOKUP($D369,'Modelling New'!$D:$D,'Modelling New'!$O:$O),"") -> 0.74023536 | AF369: =IFERROR(_xlfn.XLOOKUP($D369,'Modelling New'!$D:$D,'Modelling New'!$W:$W),"") -> 0.21281767 | AG369: =IFERROR(_xlfn.XLOOKUP($D369,'Modelling New'!$D:$D,'Modelling New'!AE:AE),"") -> 0.995 | AH369: 0.9975 | AR369: =IFERROR(_xlfn.XLOOKUP($D369,'Modelling New'!$D:$D,'Modelling New'!$N:$N),"") -> 24.3031

Sheet Inv_SY_Dev
A1: Finacial Year | B1: Start Month | C1: Calendor Year | D1: Contrcatual Year | E1: Operating Year | F1: Date | G1: G1 Inv1 | H1: G1 Inv2 | I1: G2 Inv3 | J1: G2 Inv4 | K1: G3 Inv5 | L1: G3 Inv6 | M1: G4 Inv7 | N1: G4 Inv8 | O1: G5 Inv9 | P1: G5 Inv10 | Q1: IS1_Inv1_M1 | R1: IS1_Inv1_M2 | S1: IS1_Inv1_M3 | T1: IS1_Inv1_M4 | U1: IS1_Inv2_M1 | V1: IS1_Inv2_M2 | W1: IS1_Inv2_M3 | X1: IS1_Inv2_M4 | Y1: IS2_Inv1 | Z1: IS1_Inv2
A2: FY2022-23 | C2: 2000 | D2: Year_1 | E2: Year_1 | F2: ='Daily Dashboard'!B5-32 -> 45837 | G2: =IFERROR(Inv_SY!F4/Inv_SY!$P4-1,"") -> -0.0096439461 | H2: =IFERROR(Inv_SY!G4/Inv_SY!$P4-1,"") -> -0.016940444 | I2: =IFERROR(Inv_SY!H4/Inv_SY!$P4-1,"") -> -0.013579136 | J2: =IFERROR(Inv_SY!I4/Inv_SY!$P4-1,"") -> -0.021579567 | K2: =IFERROR(Inv_SY!J4/Inv_SY!$P4-1,"") -> -0.0080496898 | L2: =IFERROR(Inv_SY!K4/Inv_SY!$P4-1,"") -> -0.015552336 | M2: =IFERROR(Inv_SY!L4/Inv_SY!$P4-1,"") -> 0.014498324 | N2: =IFERROR(Inv_SY!M4/Inv_SY!$P4-1,"") -> 0.039545924 | ... P2: =IFERROR(Inv_SY!O4/Inv_SY!$P4-1,"") -> 0.030363815 | Q2: =IFERROR(Inv_SY!Q4/Inv_SY!$AA4-1,"") -> -0.0014145019 | R2: =IFERROR(Inv_SY!R4/Inv_SY!$AA4-1,"") -> -0.019545455 | S2: =IFERROR(Inv_SY!S4/Inv_SY!$AA4-1,"") -> 0.041453563 | T2: =IFERROR(Inv_SY!T4/Inv_SY!$AA4-1,"") -> 0.014967046 | U2: =IFERROR(Inv_SY!U4/Inv_SY!$AA4-1,"") -> 0.0023010105 | V2: =IFERROR(Inv_SY!V4/Inv_SY!$AA4-1,"") -> 0.0014219742 | W2: =IFERROR(Inv_SY!W4/Inv_SY!$AA4-1,"") -> -0.0086599316 | X2: =IFERROR(Inv_SY!X4/Inv_SY!$AA4-1,"") -> -0.02675763 | ... Z2: =IFERROR(Inv_SY!Z4/Inv_SY!$AA4-1,"") -> -0.0070478756
A3: FY2022-23 | C3: 2000 | D3: Year_1 | E3: Year_1 | F3: =F2+1 -> 45838 | G3: =IFERROR(Inv_SY!F5/Inv_SY!$P5-1,"") -> -0.0061620013 | H3: =IFERROR(Inv_SY!G5/Inv_SY!$P5-1,"") -> -0.0093521214 | I3: =IFERROR(Inv_SY!H5/Inv_SY!$P5-1,"") -> -0.01023056 | J3: =IFERROR(Inv_SY!I5/Inv_SY!$P5-1,"") -> -0.0094339194 | K3: =IFERROR(Inv_SY!J5/Inv_SY!$P5-1,"") -> -0.026504796 | L3: =IFERROR(Inv_SY!K5/Inv_SY!$P5-1,"") -> -0.0090023002 | M3: =IFERROR(Inv_SY!L5/Inv_SY!$P5-1,"") -> 0.0124323 | N3: =IFERROR(Inv_SY!M5/Inv_SY!$P5-1,"") -> 0.032674244 | ... P3: =IFERROR(Inv_SY!O5/Inv_SY!$P5-1,"") -> 0.024537126 | Q3: =IFERROR(Inv_SY!Q5/Inv_SY!$AA5-1,"") -> 0.0057981013 | R3: =IFERROR(Inv_SY!R5/Inv_SY!$AA5-1,"") -> -0.017885329 | S3: =IFERROR(Inv_SY!S5/Inv_SY!$AA5-1,"") -> 0.035707191 | T3: =IFERROR(Inv_SY!T5/Inv_SY!$AA5-1,"") -> 0.0078039484 | U3: =IFERROR(Inv_SY!U5/Inv_SY!$AA5-1,"") -> -0.0012910881 | V3: =IFERROR(Inv_SY!V5/Inv_SY!$AA5-1,"") -> 0.0037102055 | W3: =IFERROR(Inv_SY!W5/Inv_SY!$AA5-1,"") -> 0.00024882142 | X3: =IFERROR(Inv_SY!X5/Inv_SY!$AA5-1,"") -> -0.014037197 | ... Z3: =IFERROR(Inv_SY!Z5/Inv_SY!$AA5-1,"") -> -0.014561761
A4: FY2022-23 | C4: 2000 | D4: Year_1 | E4: Year_1 | F4: =F3+1 -> 45839 | G4: =IFERROR(Inv_SY!F6/Inv_SY!$P6-1,"") -> -0.014887637 | H4: =IFERROR(Inv_SY!G6/Inv_SY!$P6-1,"") -> -0.013338718 | I4: =IFERROR(Inv_SY!H6/Inv_SY!$P6-1,"") -> -0.013338718 | J4: =IFERROR(Inv_SY!I6/Inv_SY!$P6-1,"") -> -0.010386505 | K4: =IFERROR(Inv_SY!J6/Inv_SY!$P6-1,"") -> -0.011170232 | L4: =IFERROR(Inv_SY!K6/Inv_SY!$P6-1,"") -> -0.010461818 | M4: =IFERROR(Inv_SY!L6/Inv_SY!$P6-1,"") -> 0.01713721 | N4: =IFERROR(Inv_SY!M6/Inv_SY!$P6-1,"") -> 0.035710377 | ... P4: =IFERROR(Inv_SY!O6/Inv_SY!$P6-1,"") -> 0.021770108 | Q4: =IFERROR(Inv_SY!Q6/Inv_SY!$AA6-1,"") -> -0.0012588704 | R4: =IFERROR(Inv_SY!R6/Inv_SY!$AA6-1,"") -> -0.023148039 | S4: =IFERROR(Inv_SY!S6/Inv_SY!$AA6-1,"") -> 0.033736374 | T4: =IFERROR(Inv_SY!T6/Inv_SY!$AA6-1,"") -> 0.0066823401 | U4: =IFERROR(Inv_SY!U6/Inv_SY!$AA6-1,"") -> -0.0029610332 | V4: =IFERROR(Inv_SY!V6/Inv_SY!$AA6-1,"") -> -0.0011900731 | W4: =IFERROR(Inv_SY!W6/Inv_SY!$AA6-1,"") -> -0.0050557743 | X4: =IFERROR(Inv_SY!X6/Inv_SY!$AA6-1,"") -> -0.020725987 | ... Z4: =IFERROR(Inv_SY!Z6/Inv_SY!$AA6-1,"") -> 0.0031657115
A5: FY2022-23 | C5: 2000 | D5: Year_1 | E5: Year_1 | F5: =F4+1 -> 45840 | G5: =IFERROR(Inv_SY!F7/Inv_SY!$P7-1,"") -> -0.01454274 | H5: =IFERROR(Inv_SY!G7/Inv_SY!$P7-1,"") -> -0.018052204 | I5: =IFERROR(Inv_SY!H7/Inv_SY!$P7-1,"") -> -0.024168697 | J5: =IFERROR(Inv_SY!I7/Inv_SY!$P7-1,"") -> -0.018514476 | K5: =IFERROR(Inv_SY!J7/Inv_SY!$P7-1,"") -> -0.010007434 | L5: =IFERROR(Inv_SY!K7/Inv_SY!$P7-1,"") -> -0.015472198 | M5: =IFERROR(Inv_SY!L7/Inv_SY!$P7-1,"") -> 0.0092917414 | N5: =IFERROR(Inv_SY!M7/Inv_SY!$P7-1,"") -> 0.035993529 | ... P5: =IFERROR(Inv_SY!O7/Inv_SY!$P7-1,"") -> 0.044416241 | Q5: =IFERROR(Inv_SY!Q7/Inv_SY!$AA7-1,"") -> 0.007046114 | R5: =IFERROR(Inv_SY!R7/Inv_SY!$AA7-1,"") -> -0.01312032 | S5: =IFERROR(Inv_SY!S7/Inv_SY!$AA7-1,"") -> 0.04475367 | T5: =IFERROR(Inv_SY!T7/Inv_SY!$AA7-1,"") -> 0.01804576 | U5: =IFERROR(Inv_SY!U7/Inv_SY!$AA7-1,"") -> 0.0079199518 | V5: =IFERROR(Inv_SY!V7/Inv_SY!$AA7-1,"") -> 0.0065791618 | W5: =IFERROR(Inv_SY!W7/Inv_SY!$AA7-1,"") -> 0.0017802345 | X5: =IFERROR(Inv_SY!X7/Inv_SY!$AA7-1,"") -> -0.01549676 | ... Z5: =IFERROR(Inv_SY!Z7/Inv_SY!$AA7-1,"") -> -0.037398326
A6: FY2022-23 | C6: 2000 | D6: Year_1 | E6: Year_1 | F6: =F5+1 -> 45841 | G6: =IFERROR(Inv_SY!F8/Inv_SY!$P8-1,"") -> -0.0091497207 | H6: =IFERROR(Inv_SY!G8/Inv_SY!$P8-1,"") -> -0.012905528 | I6: =IFERROR(Inv_SY!H8/Inv_SY!$P8-1,"") -> -0.0091497207 | J6: =IFERROR(Inv_SY!I8/Inv_SY!$P8-1,"") -> -0.014457462 | K6: =IFERROR(Inv_SY!J8/Inv_SY!$P8-1,"") -> -0.01603099 | L6: =IFERROR(Inv_SY!K8/Inv_SY!$P8-1,"") -> -0.009875396 | M6: =IFERROR(Inv_SY!L8/Inv_SY!$P8-1,"") -> 0.016020056 | N6: =IFERROR(Inv_SY!M8/Inv_SY!$P8-1,"") -> 0.035237094 | ... P6: =IFERROR(Inv_SY!O8/Inv_SY!$P8-1,"") -> 0.020213864 | Q6: =IFERROR(Inv_SY!Q8/Inv_SY!$AA8-1,"") -> 0.0091262707 | R6: =IFERROR(Inv_SY!R8/Inv_SY!$AA8-1,"") -> -0.020466723 | S6: =IFERROR(Inv_SY!S8/Inv_SY!$AA8-1,"") -> 0.031244571 | T6: =IFERROR(Inv_SY!T8/Inv_SY!$AA8-1,"") -> 0.0023282245 | U6: =IFERROR(Inv_SY!U8/Inv_SY!$AA8-1,"") -> -0.0052578283 | V6: =IFERROR(Inv_SY!V8/Inv_SY!$AA8-1,"") -> 0.0023701787 | W6: =IFERROR(Inv_SY!W8/Inv_SY!$AA8-1,"") -> -0.0016742722 | X6: =IFERROR(Inv_SY!X8/Inv_SY!$AA8-1,"") -> -0.0097715329 | ... Z6: =IFERROR(Inv_SY!Z8/Inv_SY!$AA8-1,"") -> -0.0010130775
A7: FY2022-23 | C7: 2000 | D7: Year_1 | E7: Year_1 | F7: =F6+1 -> 45842 | G7: =IFERROR(Inv_SY!F9/Inv_SY!$P9-1,"") -> -0.011421798 | H7: =IFERROR(Inv_SY!G9/Inv_SY!$P9-1,"") -> -0.01267253 | I7: =IFERROR(Inv_SY!H9/Inv_SY!$P9-1,"") -> -0.015710021 | J7: =IFERROR(Inv_SY!I9/Inv_SY!$P9-1,"") -> -0.017935987 | K7: =IFERROR(Inv_SY!J9/Inv_SY!$P9-1,"") -> -0.019241757 | L7: =IFERROR(Inv_SY!K9/Inv_SY!$P9-1,"") -> -0.0095540393 | M7: =IFERROR(Inv_SY!L9/Inv_SY!$P9-1,"") -> 0.0094231267 | N7: =IFERROR(Inv_SY!M9/Inv_SY!$P9-1,"") -> 0.033461596 | ... P7: =IFERROR(Inv_SY!O9/Inv_SY!$P9-1,"") -> 0.037749818 | Q7: =IFERROR(Inv_SY!Q9/Inv_SY!$AA9-1,"") -> 0.018916898 | R7: =IFERROR(Inv_SY!R9/Inv_SY!$AA9-1,"") -> -0.0090536332 | S7: =IFERROR(Inv_SY!S9/Inv_SY!$AA9-1,"") -> 0.040332835 | T7: =IFERROR(Inv_SY!T9/Inv_SY!$AA9-1,"") -> 0.0078967746 | U7: =IFERROR(Inv_SY!U9/Inv_SY!$AA9-1,"") -> 0.0055033332 | V7: =IFERROR(Inv_SY!V9/Inv_SY!$AA9-1,"") -> 0.013168149 | W7: =IFERROR(Inv_SY!W9/Inv_SY!$AA9-1,"") -> 0.0087985563 | X7: =IFERROR(Inv_SY!X9/Inv_SY!$AA9-1,"") -> -0.0030510751 | ... Z7: =IFERROR(Inv_SY!Z9/Inv_SY!$AA9-1,"") -> -0.051569692
A8: FY2022-23 | C8: 2000 | D8: Year_1 | E8: Year_1 | F8: =F7+1 -> 45843 | G8: =IFERROR(Inv_SY!F10/Inv_SY!$P10-1,"") -> -0.010539738 | H8: =IFERROR(Inv_SY!G10/Inv_SY!$P10-1,"") -> -0.011020417 | I8: =IFERROR(Inv_SY!H10/Inv_SY!$P10-1,"") -> -0.009948132 | J8: =IFERROR(Inv_SY!I10/Inv_SY!$P10-1,"") -> -0.018286736 | K8: =IFERROR(Inv_SY!J10/Inv_SY!$P10-1,"") -> -0.011709296 | L8: =IFERROR(Inv_SY!K10/Inv_SY!$P10-1,"") -> -0.014748564 | M8: =IFERROR(Inv_SY!L10/Inv_SY!$P10-1,"") -> 0.014263252 | N8: =IFERROR(Inv_SY!M10/Inv_SY!$P10-1,"") -> 0.035901297 | ... P8: =IFERROR(Inv_SY!O10/Inv_SY!$P10-1,"") -> 0.026139806 | Q8: =IFERROR(Inv_SY!Q10/Inv_SY!$AA10-1,"") -> 0.0017120801 | R8: =IFERROR(Inv_SY!R10/Inv_SY!$AA10-1,"") -> -0.017661704 | S8: =IFERROR(Inv_SY!S10/Inv_SY!$AA10-1,"") -> 0.040232958 | T8: =IFERROR(Inv_SY!T10/Inv_SY!$AA10-1,"") -> 0.013726793 | U8: =IFERROR(Inv_SY!U10/Inv_SY!$AA10-1,"") -> 0.0013986598 | V8: =IFERROR(Inv_SY!V10/Inv_SY!$AA10-1,"") -> 0.0021222032 | W8: =IFERROR(Inv_SY!W10/Inv_SY!$AA10-1,"") -> -0.0066660853 | X8: =IFERROR(Inv_SY!X10/Inv_SY!$AA10-1,"") -> -0.023032232 | ... Z8: =IFERROR(Inv_SY!Z10/Inv_SY!$AA10-1,"") -> -0.022159945
A9: FY2022-23 | C9: 2000 | D9: Year_1 | E9: Year_1 | F9: =F8+1 -> 45844 | G9: =IFERROR(Inv_SY!F11/Inv_SY!$P11-1,"") -> -0.010255201 | H9: =IFERROR(Inv_SY!G11/Inv_SY!$P11-1,"") -> -0.0090626309 | I9: =IFERROR(Inv_SY!H11/Inv_SY!$P11-1,"") -> -0.0049548896 | J9: =IFERROR(Inv_SY!I11/Inv_SY!$P11-1,"") -> -0.010057685 | K9: =IFERROR(Inv_SY!J11/Inv_SY!$P11-1,"") -> -0.0096952706 | L9: =IFERROR(Inv_SY!K11/Inv_SY!$P11-1,"") -> -0.010315402 | M9: =IFERROR(Inv_SY!L11/Inv_SY!$P11-1,"") -> 0.0051569362 | N9: =IFERROR(Inv_SY!M11/Inv_SY!$P11-1,"") -> 0.027200332 | ... P9: =IFERROR(Inv_SY!O11/Inv_SY!$P11-1,"") -> 0.023666791 | Q9: =IFERROR(Inv_SY!Q11/Inv_SY!$AA11-1,"") -> 0.0071395553 | R9: =IFERROR(Inv_SY!R11/Inv_SY!$AA11-1,"") -> -0.015158048 | S9: =IFERROR(Inv_SY!S11/Inv_SY!$AA11-1,"") -> 0.04236525 | T9: =IFERROR(Inv_SY!T11/Inv_SY!$AA11-1,"") -> 0.015292129 | U9: =IFERROR(Inv_SY!U11/Inv_SY!$AA11-1,"") -> 0.0031435607 | V9: =IFERROR(Inv_SY!V11/Inv_SY!$AA11-1,"") -> 0.0050895558 | W9: =IFERROR(Inv_SY!W11/Inv_SY!$AA11-1,"") -> -0.0019881591 | X9: =IFERROR(Inv_SY!X11/Inv_SY!$AA11-1,"") -> -0.015462764 | ... Z9: =IFERROR(Inv_SY!Z11/Inv_SY!$AA11-1,"") -> -0.042643414
A10: FY2022-23 | C10: 2000 | D10: Year_1 | E10: Year_1 | F10: =F9+1 -> 45845 | G10: =IFERROR(Inv_SY!F12/Inv_SY!$P12-1,"") -> -0.010672368 | H10: =IFERROR(Inv_SY!G12/Inv_SY!$P12-1,"") -> -0.011234486 | I10: =IFERROR(Inv_SY!H12/Inv_SY!$P12-1,"") -> -0.010672368 | J10: =IFERROR(Inv_SY!I12/Inv_SY!$P12-1,"") -> -0.010993029 | K10: =IFERROR(Inv_SY!J12/Inv_SY!$P12-1,"") -> -0.010395633 | L10: =IFERROR(Inv_SY!K12/Inv_SY!$P12-1,"") -> 0.0036256073 | M10: =IFERROR(Inv_SY!L12/Inv_SY!$P12-1,"") -> 0.0083987955 | N10: =IFERROR(Inv_SY!M12/Inv_SY!$P12-1,"") -> 0.024660762 | ... P10: =IFERROR(Inv_SY!O12/Inv_SY!$P12-1,"") -> 0.015666874 | Q10: =IFERROR(Inv_SY!Q12/Inv_SY!$AA12-1,"") -> 0.0054483706 | R10: =IFERROR(Inv_SY!R12/Inv_SY!$AA12-1,"") -> -0.018737339 | S10: =IFERROR(Inv_SY!S12/Inv_SY!$AA12-1,"") -> 0.036000442 | T10: =IFERROR(Inv_SY!T12/Inv_SY!$AA12-1,"") -> 0.0076825139 | U10: =IFERROR(Inv_SY!U12/Inv_SY!$AA12-1,"") -> 0.00024649221 | V10: =IFERROR(Inv_SY!V12/Inv_SY!$AA12-1,"") -> 0.0027640172 | W10: =IFERROR(Inv_SY!W12/Inv_SY!$AA12-1,"") -> 0.001968707 | X10: =IFERROR(Inv_SY!X12/Inv_SY!$AA12-1,"") -> -0.012486924 | ... Z10: =IFERROR(Inv_SY!Z12/Inv_SY!$AA12-1,"") -> -0.031745141
A11: FY2022-23 | C11: 2000 | D11: Year_1 | E11: Year_1 | F11: =F10+1 -> 45846 | G11: =IFERROR(Inv_SY!F13/Inv_SY!$P13-1,"") -> 0.0081191362 | H11: =IFERROR(Inv_SY!G13/Inv_SY!$P13-1,"") -> -0.012435656 | I11: =IFERROR(Inv_SY!H13/Inv_SY!$P13-1,"") -> 0.0043819012 | J11: =IFERROR(Inv_SY!I13/Inv_SY!$P13-1,"") -> -0.0040172948 | K11: =IFERROR(Inv_SY!J13/Inv_SY!$P13-1,"") -> -0.061034085 | L11: =IFERROR(Inv_SY!K13/Inv_SY!$P13-1,"") -> -0.048378593 | M11: =IFERROR(Inv_SY!L13/Inv_SY!$P13-1,"") -> 0.018954977 | N11: =IFERROR(Inv_SY!M13/Inv_SY!$P13-1,"") -> 0.038017016 | ... P11: =IFERROR(Inv_SY!O13/Inv_SY!$P13-1,"") -> 0.036615553 | Q11: =IFERROR(Inv_SY!Q13/Inv_SY!$AA13-1,"") -> 0.011080437 | R11: =IFERROR(Inv_SY!R13/Inv_SY!$AA13-1,"") -> -0.012871127 | S11: =IFERROR(Inv_SY!S13/Inv_SY!$AA13-1,"") -> 0.041437247 | T11: =IFERROR(Inv_SY!T13/Inv_SY!$AA13-1,"") -> 0.012827744 | U11: =IFERROR(Inv_SY!U13/Inv_SY!$AA13-1,"") -> 0.0047351381 | V11: =IFERROR(Inv_SY!V13/Inv_SY!$AA13-1,"") -> 0.0075803589 | W11: =IFERROR(Inv_SY!W13/Inv_SY!$AA13-1,"") -> 0.00327271 | X11: =IFERROR(Inv_SY!X13/Inv_SY!$AA13-1,"") -> -0.011054974 | ... Z11: =IFERROR(Inv_SY!Z13/Inv_SY!$AA13-1,"") -> -0.051559002
A12: FY2022-23 | C12: 2000 | D12: Year_1 | E12: Year_1 | F12: =F11+1 -> 45847 | G12: =IFERROR(Inv_SY!F14/Inv_SY!$P14-1,"") -> -0.010465627 | H12: =IFERROR(Inv_SY!G14/Inv_SY!$P14-1,"") -> -0.01556632 | I12: =IFERROR(Inv_SY!H14/Inv_SY!$P14-1,"") -> -0.0099798472 | J12: =IFERROR(Inv_SY!I14/Inv_SY!$P14-1,"") -> -0.01490076 | K12: =IFERROR(Inv_SY!J14/Inv_SY!$P14-1,"") -> -0.0135522 | L12: =IFERROR(Inv_SY!K14/Inv_SY!$P14-1,"") -> -0.0099405419 | M12: =IFERROR(Inv_SY!L14/Inv_SY!$P14-1,"") -> 0.0091457427 | N12: =IFERROR(Inv_SY!M14/Inv_SY!$P14-1,"") -> 0.028882573 | ... P12: =IFERROR(Inv_SY!O14/Inv_SY!$P14-1,"") -> 0.029368353 | Q12: =IFERROR(Inv_SY!Q14/Inv_SY!$AA14-1,"") -> 0.011482427 | R12: =IFERROR(Inv_SY!R14/Inv_SY!$AA14-1,"") -> -0.012945736 | S12: =IFERROR(Inv_SY!S14/Inv_SY!$AA14-1,"") -> 0.04147968 | T12: =IFERROR(Inv_SY!T14/Inv_SY!$AA14-1,"") -> 0.012310739 | U12: =IFERROR(Inv_SY!U14/Inv_SY!$AA14-1,"") -> 0.0041555407 | V12: =IFERROR(Inv_SY!V14/Inv_SY!$AA14-1,"") -> 0.0079282113 | W12: =IFERROR(Inv_SY!W14/Inv_SY!$AA14-1,"") -> 0.0042336051 | X12: =IFERROR(Inv_SY!X14/Inv_SY!$AA14-1,"") -> -0.0099968866 | ... Z12: =IFERROR(Inv_SY!Z14/Inv_SY!$AA14-1,"") -> -0.05242906
A13: FY2022-23 | C13: 2000 | D13: Year_1 | E13: Year_1 | F13: =F12+1 -> 45848 | G13: =IFERROR(Inv_SY!F15/Inv_SY!$P15-1,"") -> 0.097925229 | H13: =IFERROR(Inv_SY!G15/Inv_SY!$P15-1,"") -> 0.065934401 | I13: =IFERROR(Inv_SY!H15/Inv_SY!$P15-1,"") -> 0.086408531 | J13: =IFERROR(Inv_SY!I15/Inv_SY!$P15-1,"") -> -0.060359921 | K13: =IFERROR(Inv_SY!J15/Inv_SY!$P15-1,"") -> 0.068277114 | L13: =IFERROR(Inv_SY!K15/Inv_SY!$P15-1,"") -> 0.089060397 | M13: =IFERROR(Inv_SY!L15/Inv_SY!$P15-1,"") -> -0.1454346 | N13: =IFERROR(Inv_SY!M15/Inv_SY!$P15-1,"") -> -0.029398268 | ... P13: =IFERROR(Inv_SY!O15/Inv_SY!$P15-1,"") -> -0.10297717 | Q13: =IFERROR(Inv_SY!Q15/Inv_SY!$AA15-1,"") -> 0.0094068769 | R13: =IFERROR(Inv_SY!R15/Inv_SY!$AA15-1,"") -> -0.01502509 | S13: =IFERROR(Inv_SY!S15/Inv_SY!$AA15-1,"") -> 0.041246577 | T13: =IFERROR(Inv_SY!T15/Inv_SY!$AA15-1,"") -> 0.014111667 | U13: =IFERROR(Inv_SY!U15/Inv_SY!$AA15-1,"") -> 0.0066979853 | V13: =IFERROR(Inv_SY!V15/Inv_SY!$AA15-1,"") -> 0.0064045902 | W13: =IFERROR(Inv_SY!W15/Inv_SY!$AA15-1,"") -> 0.0012041507 | X13: =IFERROR(Inv_SY!X15/Inv_SY!$AA15-1,"") -> -0.014829139 | ... Z13: =IFERROR(Inv_SY!Z15/Inv_SY!$AA15-1,"") -> -0.048120818
A14: FY2022-23 | C14: 2000 | D14: Year_1 | E14: Year_1 | F14: =F13+1 -> 45849 | G14: =IFERROR(Inv_SY!F16/Inv_SY!$P16-1,"") -> 0.0030757134 | H14: =IFERROR(Inv_SY!G16/Inv_SY!$P16-1,"") -> -0.013692269 | I14: =IFERROR(Inv_SY!H16/Inv_SY!$P16-1,"") -> 0.0027896924 | J14: =IFERROR(Inv_SY!I16/Inv_SY!$P16-1,"") -> -0.16990735 | K14: =IFERROR(Inv_SY!J16/Inv_SY!$P16-1,"") -> 0.0034145383 | L14: =IFERROR(Inv_SY!K16/Inv_SY!$P16-1,"") -> 0.0052398576 | M14: =IFERROR(Inv_SY!L16/Inv_SY!$P16-1,"") -> 0.036340192 | N14: =IFERROR(Inv_SY!M16/Inv_SY!$P16-1,"") -> 0.050841224 | ... P14: =IFERROR(Inv_SY!O16/Inv_SY!$P16-1,"") -> 0.063426148 | Q14: =IFERROR(Inv_SY!Q16/Inv_SY!$AA16-1,"") -> 0.017518048 | R14: =IFERROR(Inv_SY!R16/Inv_SY!$AA16-1,"") -> -0.012275046 | S14: =IFERROR(Inv_SY!S16/Inv_SY!$AA16-1,"") -> 0.047469372 | T14: =IFERROR(Inv_SY!T16/Inv_SY!$AA16-1,"") -> -0.06832582 | U14: =IFERROR(Inv_SY!U16/Inv_SY!$AA16-1,"") -> 0.0245023 | V14: =IFERROR(Inv_SY!V16/Inv_SY!$AA16-1,"") -> 0.027343801 | W14: =IFERROR(Inv_SY!W16/Inv_SY!$AA16-1,"") -> 0.019508493 | X14: =IFERROR(Inv_SY!X16/Inv_SY!$AA16-1,"") -> 0.0042239707 | ... Z14: =IFERROR(Inv_SY!Z16/Inv_SY!$AA16-1,"") -> -0.048891434
... A34: FY2022-23 | C34: 2000 | D34: Year_1 | E34: Year_1 | F34: =F33+1 -> 45869 | G34: =IFERROR(Inv_SY!F36/Inv_SY!$P36-1,"") -> 0.013217002 | H34: =IFERROR(Inv_SY!G36/Inv_SY!$P36-1,"") -> 0.016816231 | I34: =IFERROR(Inv_SY!H36/Inv_SY!$P36-1,"") -> 0.00072156401 | J34: =IFERROR(Inv_SY!I36/Inv_SY!$P36-1,"") -> 0.0032754438 | K34: =IFERROR(Inv_SY!J36/Inv_SY!$P36-1,"") -> 0.016384741 | L34: =IFERROR(Inv_SY!K36/Inv_SY!$P36-1,"") -> -0.015347758 | M34: =IFERROR(Inv_SY!L36/Inv_SY!$P36-1,"") -> -0.0038163791 | N34: =IFERROR(Inv_SY!M36/Inv_SY!$P36-1,"") -> -0.004167955 | ... P34: =IFERROR(Inv_SY!O36/Inv_SY!$P36-1,"") -> -0.0019948355 | Q34: =IFERROR(Inv_SY!Q36/Inv_SY!$AA36-1,"") -> 0.0040261721 | R34: =IFERROR(Inv_SY!R36/Inv_SY!$AA36-1,"") -> -0.021135953 | S34: =IFERROR(Inv_SY!S36/Inv_SY!$AA36-1,"") -> 0.035689705 | T34: =IFERROR(Inv_SY!T36/Inv_SY!$AA36-1,"") -> 0.0064617259 | U34: =IFERROR(Inv_SY!U36/Inv_SY!$AA36-1,"") -> -0.00062812605 | V34: =IFERROR(Inv_SY!V36/Inv_SY!$AA36-1,"") -> 0.012621289 | W34: =IFERROR(Inv_SY!W36/Inv_SY!$AA36-1,"") -> -0.007842735 | X34: =IFERROR(Inv_SY!X36/Inv_SY!$AA36-1,"") -> -0.010272695 | ... Z34: =IFERROR(Inv_SY!Z36/Inv_SY!$AA36-1,"") -> -0.0056705679
F35: =F34+1 -> 45870 | G35: =IFERROR(Inv_SY!F37/Inv_SY!$P37-1,"") -> 0.010149696 | H35: =IFERROR(Inv_SY!G37/Inv_SY!$P37-1,"") -> -0.00050235625 | I35: =IFERROR(Inv_SY!H37/Inv_SY!$P37-1,"") -> 0.0070378607 | J35: =IFERROR(Inv_SY!I37/Inv_SY!$P37-1,"") -> 0.019644375 | K35: =IFERROR(Inv_SY!J37/Inv_SY!$P37-1,"") -> 0.010105504 | L35: =IFERROR(Inv_SY!K37/Inv_SY!$P37-1,"") -> 0.0094486296 | M35: =IFERROR(Inv_SY!L37/Inv_SY!$P37-1,"") -> -0.0084199268 | N35: =IFERROR(Inv_SY!M37/Inv_SY!$P37-1,"") -> -0.011633153 | ... P35: =IFERROR(Inv_SY!O37/Inv_SY!$P37-1,"") -> -0.01498436 | Q35: =IFERROR(Inv_SY!Q37/Inv_SY!$AA37-1,"") -> 0.0083401275 | R35: =IFERROR(Inv_SY!R37/Inv_SY!$AA37-1,"") -> -0.016521883 | S35: =IFERROR(Inv_SY!S37/Inv_SY!$AA37-1,"") -> 0.034257065 | T35: =IFERROR(Inv_SY!T37/Inv_SY!$AA37-1,"") -> 0.0005575835 | U35: =IFERROR(Inv_SY!U37/Inv_SY!$AA37-1,"") -> -0.0026362934 | V35: =IFERROR(Inv_SY!V37/Inv_SY!$AA37-1,"") -> 0.020182493 | W35: =IFERROR(Inv_SY!W37/Inv_SY!$AA37-1,"") -> 0.0025695466 | X35: =IFERROR(Inv_SY!X37/Inv_SY!$AA37-1,"") -> 0.0012497218 | ... Z35: =IFERROR(Inv_SY!Z37/Inv_SY!$AA37-1,"") -> -0.016393101
F36: =F35+1 -> 45871 | G36: =IFERROR(Inv_SY!F38/Inv_SY!$P38-1,"") -> 0.0024748322 | H36: =IFERROR(Inv_SY!G38/Inv_SY!$P38-1,"") -> 0.037799082 | I36: =IFERROR(Inv_SY!H38/Inv_SY!$P38-1,"") -> 0.013890418 | J36: =IFERROR(Inv_SY!I38/Inv_SY!$P38-1,"") -> 0.013584569 | K36: =IFERROR(Inv_SY!J38/Inv_SY!$P38-1,"") -> 0.0071808493 | L36: =IFERROR(Inv_SY!K38/Inv_SY!$P38-1,"") -> 0.024323278 | M36: =IFERROR(Inv_SY!L38/Inv_SY!$P38-1,"") -> -0.027555415 | N36: =IFERROR(Inv_SY!M38/Inv_SY!$P38-1,"") -> -0.021521196 | ... P36: =IFERROR(Inv_SY!O38/Inv_SY!$P38-1,"") -> -0.023850907 | Q36: =IFERROR(Inv_SY!Q38/Inv_SY!$AA38-1,"") -> -0.005750517 | R36: =IFERROR(Inv_SY!R38/Inv_SY!$AA38-1,"") -> -0.025919522 | S36: =IFERROR(Inv_SY!S38/Inv_SY!$AA38-1,"") -> 0.036737667 | T36: =IFERROR(Inv_SY!T38/Inv_SY!$AA38-1,"") -> 0.0068283979 | U36: =IFERROR(Inv_SY!U38/Inv_SY!$AA38-1,"") -> 0.0013725609 | V36: =IFERROR(Inv_SY!V38/Inv_SY!$AA38-1,"") -> 0.012713845 | W36: =IFERROR(Inv_SY!W38/Inv_SY!$AA38-1,"") -> -0.011256638 | X36: =IFERROR(Inv_SY!X38/Inv_SY!$AA38-1,"") -> -0.014210412 | ... Z36: =IFERROR(Inv_SY!Z38/Inv_SY!$AA38-1,"") -> 8.6069598e-05
F37: =F36+1 -> 45872 | G37: =IFERROR(Inv_SY!F39/Inv_SY!$P39-1,"") -> 0.0072244172 | H37: =IFERROR(Inv_SY!G39/Inv_SY!$P39-1,"") -> 0.012884364 | I37: =IFERROR(Inv_SY!H39/Inv_SY!$P39-1,"") -> -0.0031111375 | J37: =IFERROR(Inv_SY!I39/Inv_SY!$P39-1,"") -> -0.012928863 | K37: =IFERROR(Inv_SY!J39/Inv_SY!$P39-1,"") -> 0.024438984 | L37: =IFERROR(Inv_SY!K39/Inv_SY!$P39-1,"") -> 0.030218257 | M37: =IFERROR(Inv_SY!L39/Inv_SY!$P39-1,"") -> -0.013308063 | N37: =IFERROR(Inv_SY!M39/Inv_SY!$P39-1,"") -> -0.015415369 | ... P37: =IFERROR(Inv_SY!O39/Inv_SY!$P39-1,"") -> -0.013446692 | Q37: =IFERROR(Inv_SY!Q39/Inv_SY!$AA39-1,"") -> 0.0080602017 | R37: =IFERROR(Inv_SY!R39/Inv_SY!$AA39-1,"") -> -0.011281467 | S37: =IFERROR(Inv_SY!S39/Inv_SY!$AA39-1,"") -> 0.040503097 | T37: =IFERROR(Inv_SY!T39/Inv_SY!$AA39-1,"") -> 0.01157615 | U37: =IFERROR(Inv_SY!U39/Inv_SY!$AA39-1,"") -> 0.0051288472 | V37: =IFERROR(Inv_SY!V39/Inv_SY!$AA39-1,"") -> 0.021360481 | W37: =IFERROR(Inv_SY!W39/Inv_SY!$AA39-1,"") -> -0.0046258619 | X37: =IFERROR(Inv_SY!X39/Inv_SY!$AA39-1,"") -> -0.014338221 | ... Z37: =IFERROR(Inv_SY!Z39/Inv_SY!$AA39-1,"") -> -0.02606857
F38: =F37+1 -> 45873 | G38: =IFERROR(Inv_SY!F40/Inv_SY!$P40-1,"") | H38: =IFERROR(Inv_SY!G40/Inv_SY!$P40-1,"") | I38: =IFERROR(Inv_SY!H40/Inv_SY!$P40-1,"") | J38: =IFERROR(Inv_SY!I40/Inv_SY!$P40-1,"") | K38: =IFERROR(Inv_SY!J40/Inv_SY!$P40-1,"") | L38: =IFERROR(Inv_SY!K40/Inv_SY!$P40-1,"") | M38: =IFERROR(Inv_SY!L40/Inv_SY!$P40-1,"") | N38: =IFERROR(Inv_SY!M40/Inv_SY!$P40-1,"") | ... P38: =IFERROR(Inv_SY!O40/Inv_SY!$P40-1,"") | Q38: =IFERROR(Inv_SY!Q40/Inv_SY!$AA40-1,"") | R38: =IFERROR(Inv_SY!R40/Inv_SY!$AA40-1,"") | S38: =IFERROR(Inv_SY!S40/Inv_SY!$AA40-1,"") | T38: =IFERROR(Inv_SY!T40/Inv_SY!$AA40-1,"") | U38: =IFERROR(Inv_SY!U40/Inv_SY!$AA40-1,"") | V38: =IFERROR(Inv_SY!V40/Inv_SY!$AA40-1,"") | W38: =IFERROR(Inv_SY!W40/Inv_SY!$AA40-1,"") | X38: =IFERROR(Inv_SY!X40/Inv_SY!$AA40-1,"") | ... Z38: =IFERROR(Inv_SY!Z40/Inv_SY!$AA40-1,"")
F39: =F38+1 -> 45874 | G39: =IFERROR(Inv_SY!F41/Inv_SY!$P41-1,"") | H39: =IFERROR(Inv_SY!G41/Inv_SY!$P41-1,"") | I39: =IFERROR(Inv_SY!H41/Inv_SY!$P41-1,"") | J39: =IFERROR(Inv_SY!I41/Inv_SY!$P41-1,"") | K39: =IFERROR(Inv_SY!J41/Inv_SY!$P41-1,"") | L39: =IFERROR(Inv_SY!K41/Inv_SY!$P41-1,"") | M39: =IFERROR(Inv_SY!L41/Inv_SY!$P41-1,"") | N39: =IFERROR(Inv_SY!M41/Inv_SY!$P41-1,"") | ... P39: =IFERROR(Inv_SY!O41/Inv_SY!$P41-1,"") | Q39: =IFERROR(Inv_SY!Q41/Inv_SY!$AA41-1,"") | R39: =IFERROR(Inv_SY!R41/Inv_SY!$AA41-1,"") | S39: =IFERROR(Inv_SY!S41/Inv_SY!$AA41-1,"") | T39: =IFERROR(Inv_SY!T41/Inv_SY!$AA41-1,"") | U39: =IFERROR(Inv_SY!U41/Inv_SY!$AA41-1,"") | V39: =IFERROR(Inv_SY!V41/Inv_SY!$AA41-1,"") | W39: =IFERROR(Inv_SY!W41/Inv_SY!$AA41-1,"") | X39: =IFERROR(Inv_SY!X41/Inv_SY!$AA41-1,"") | ... Z39: =IFERROR(Inv_SY!Z41/Inv_SY!$AA41-1,"")
F40: =F39+1 -> 45875 | G40: =IFERROR(Inv_SY!F42/Inv_SY!$P42-1,"") | H40: =IFERROR(Inv_SY!G42/Inv_SY!$P42-1,"") | I40: =IFERROR(Inv_SY!H42/Inv_SY!$P42-1,"") | J40: =IFERROR(Inv_SY!I42/Inv_SY!$P42-1,"") | K40: =IFERROR(Inv_SY!J42/Inv_SY!$P42-1,"") | L40: =IFERROR(Inv_SY!K42/Inv_SY!$P42-1,"") | M40: =IFERROR(Inv_SY!L42/Inv_SY!$P42-1,"") | N40: =IFERROR(Inv_SY!M42/Inv_SY!$P42-1,"") | ... P40: =IFERROR(Inv_SY!O42/Inv_SY!$P42-1,"") | Q40: =IFERROR(Inv_SY!Q42/Inv_SY!$AA42-1,"") | R40: =IFERROR(Inv_SY!R42/Inv_SY!$AA42-1,"") | S40: =IFERROR(Inv_SY!S42/Inv_SY!$AA42-1,"") | T40: =IFERROR(Inv_SY!T42/Inv_SY!$AA42-1,"") | U40: =IFERROR(Inv_SY!U42/Inv_SY!$AA42-1,"") | V40: =IFERROR(Inv_SY!V42/Inv_SY!$AA42-1,"") | W40: =IFERROR(Inv_SY!W42/Inv_SY!$AA42-1,"") | X40: =IFERROR(Inv_SY!X42/Inv_SY!$AA42-1,"") | ... Z40: =IFERROR(Inv_SY!Z42/Inv_SY!$AA42-1,"")
F41: =F40+1 -> 45876 | G41: =IFERROR(Inv_SY!F43/Inv_SY!$P43-1,"") | H41: =IFERROR(Inv_SY!G43/Inv_SY!$P43-1,"") | I41: =IFERROR(Inv_SY!H43/Inv_SY!$P43-1,"") | J41: =IFERROR(Inv_SY!I43/Inv_SY!$P43-1,"") | K41: =IFERROR(Inv_SY!J43/Inv_SY!$P43-1,"") | L41: =IFERROR(Inv_SY!K43/Inv_SY!$P43-1,"") | M41: =IFERROR(Inv_SY!L43/Inv_SY!$P43-1,"") | N41: =IFERROR(Inv_SY!M43/Inv_SY!$P43-1,"") | ... P41: =IFERROR(Inv_SY!O43/Inv_SY!$P43-1,"") | Q41: =IFERROR(Inv_SY!Q43/Inv_SY!$AA43-1,"") | R41: =IFERROR(Inv_SY!R43/Inv_SY!$AA43-1,"") | S41: =IFERROR(Inv_SY!S43/Inv_SY!$AA43-1,"") | T41: =IFERROR(Inv_SY!T43/Inv_SY!$AA43-1,"") | U41: =IFERROR(Inv_SY!U43/Inv_SY!$AA43-1,"") | V41: =IFERROR(Inv_SY!V43/Inv_SY!$AA43-1,"") | W41: =IFERROR(Inv_SY!W43/Inv_SY!$AA43-1,"") | X41: =IFERROR(Inv_SY!X43/Inv_SY!$AA43-1,"") | ... Z41: =IFERROR(Inv_SY!Z43/Inv_SY!$AA43-1,"")
F42: =F41+1 -> 45877 | G42: =IFERROR(Inv_SY!F44/Inv_SY!$P44-1,"") | H42: =IFERROR(Inv_SY!G44/Inv_SY!$P44-1,"") | I42: =IFERROR(Inv_SY!H44/Inv_SY!$P44-1,"") | J42: =IFERROR(Inv_SY!I44/Inv_SY!$P44-1,"") | K42: =IFERROR(Inv_SY!J44/Inv_SY!$P44-1,"") | L42: =IFERROR(Inv_SY!K44/Inv_SY!$P44-1,"") | M42: =IFERROR(Inv_SY!L44/Inv_SY!$P44-1,"") | N42: =IFERROR(Inv_SY!M44/Inv_SY!$P44-1,"") | ... P42: =IFERROR(Inv_SY!O44/Inv_SY!$P44-1,"") | Q42: =IFERROR(Inv_SY!Q44/Inv_SY!$AA44-1,"") | R42: =IFERROR(Inv_SY!R44/Inv_SY!$AA44-1,"") | S42: =IFERROR(Inv_SY!S44/Inv_SY!$AA44-1,"") | T42: =IFERROR(Inv_SY!T44/Inv_SY!$AA44-1,"") | U42: =IFERROR(Inv_SY!U44/Inv_SY!$AA44-1,"") | V42: =IFERROR(Inv_SY!V44/Inv_SY!$AA44-1,"") | W42: =IFERROR(Inv_SY!W44/Inv_SY!$AA44-1,"") | X42: =IFERROR(Inv_SY!X44/Inv_SY!$AA44-1,"") | ... Z42: =IFERROR(Inv_SY!Z44/Inv_SY!$AA44-1,"")
F43: =F42+1 -> 45878 | G43: =IFERROR(Inv_SY!F45/Inv_SY!$P45-1,"") | H43: =IFERROR(Inv_SY!G45/Inv_SY!$P45-1,"") | I43: =IFERROR(Inv_SY!H45/Inv_SY!$P45-1,"") | J43: =IFERROR(Inv_SY!I45/Inv_SY!$P45-1,"") | K43: =IFERROR(Inv_SY!J45/Inv_SY!$P45-1,"") | L43: =IFERROR(Inv_SY!K45/Inv_SY!$P45-1,"") | M43: =IFERROR(Inv_SY!L45/Inv_SY!$P45-1,"") | N43: =IFERROR(Inv_SY!M45/Inv_SY!$P45-1,"") | ... P43: =IFERROR(Inv_SY!O45/Inv_SY!$P45-1,"") | Q43: =IFERROR(Inv_SY!Q45/Inv_SY!$AA45-1,"") | R43: =IFERROR(Inv_SY!R45/Inv_SY!$AA45-1,"") | S43: =IFERROR(Inv_SY!S45/Inv_SY!$AA45-1,"") | T43: =IFERROR(Inv_SY!T45/Inv_SY!$AA45-1,"") | U43: =IFERROR(Inv_SY!U45/Inv_SY!$AA45-1,"") | V43: =IFERROR(Inv_SY!V45/Inv_SY!$AA45-1,"") | W43: =IFERROR(Inv_SY!W45/Inv_SY!$AA45-1,"") | X43: =IFERROR(Inv_SY!X45/Inv_SY!$AA45-1,"") | ... Z43: =IFERROR(Inv_SY!Z45/Inv_SY!$AA45-1,"")

Sheet Inv_SY
F1: 11 | G1: =F1+1 -> 12 | H1: =G1+1 -> 13 | I1: =H1+1 -> 14 | J1: =I1+1 -> 15 | K1: =J1+1 -> 16 | L1: =K1+1 -> 17 | M1: =L1+1 -> 18 | N1: =M1+1 -> 19 | O1: =N1+1 -> 20 | Q1: =O1+1 -> 21 | R1: =Q1+1 -> 22 | S1: =R1+1 -> 23 | T1: =S1+1 -> 24 | U1: =T1+1 -> 25 | V1: =U1+1 -> 26 | W1: =V1+1 -> 27 | X1: =W1+1 -> 28 | Y1: =X1+1 -> 29 | Z1: =Y1+1 -> 30
F2: 1075.2 | G2: 1228.8 | H2: 1075.2 | I2: 1228.5 | J2: 1248 | K2: 1053 | L2: 1222 | M2: 1075.2 | N2: 1222 | O2: 1075.2 | Q2: 1190.18 | R2: 1221.48 | S2: 1190.315 | T2: 1224.755 | U2: 1231.6 | V2: 1195.09 | W2: 1228.355 | X2: 1226.07 | Y2: 1454.06 | Z2: 1548.89
A3: Finacial Year | B3: Start Month | C3: Calendor Year | D3: Contrcatual Year | E3: Date | F3: G1 Inv1 | G3: G1 Inv2 | H3: G2 Inv3 | I3: G2 Inv4 | J3: G3 Inv5 | K3: G3 Inv6 | L3: G4 Inv7 | M3: G4 Inv8 | N3: G5 Inv9 | O3: G5 Inv10 | P3: PSEGPL | Q3: IS1_Inv1_M1 | R3: IS1_Inv1_M2 | S3: IS1_Inv1_M3 | T3: IS1_Inv1_M4 | U3: IS1_Inv2_M1 | V3: IS1_Inv2_M2 | W3: IS1_Inv2_M3 | X3: IS1_Inv2_M4 | Y3: IS2_Inv1 | Z3: IS1_Inv2 | AA3: Avg. SY New | AB3: Max. SY
A4: FY2022-23 | C4: =YEAR(RD[[#This Row],[Month Year]]) -> 2025 | D4: Year_1 | E4: ='Daily Dashboard'!B5-32 -> 45837 | F4: =VLOOKUP(Inv_Sy[[#This Row],[Date]],RD[#All],F$1,0)/F$2 -> 2.8087798 | G4: =VLOOKUP(Inv_Sy[[#This Row],[Date]],RD[#All],G$1,0)/G$2 -> 2.7880859 | H4: =VLOOKUP(Inv_Sy[[#This Row],[Date]],RD[#All],H$1,0)/H$2 -> 2.797619 | I4: =VLOOKUP(Inv_Sy[[#This Row],[Date]],RD[#All],I$1,0)/I$2 -> 2.7749288 | J4: =VLOOKUP(Inv_Sy[[#This Row],[Date]],RD[#All],J$1,0)/J$2 -> 2.8133013 | K4: =VLOOKUP(Inv_Sy[[#This Row],[Date]],RD[#All],K$1,0)/K$2 -> 2.7920228 | L4: =VLOOKUP(Inv_Sy[[#This Row],[Date]],RD[#All],L$1,0)/L$2 -> 2.8772504 | M4: =VLOOKUP(Inv_Sy[[#This Row],[Date]],RD[#All],M$1,0)/M$2 -> 2.9482887 | ... O4: =VLOOKUP(Inv_Sy[[#This Row],[Date]],RD[#All],O$1,0)/O$2 -> 2.922247 | P4: =AVERAGEIFS(Inv_Sy[[#This Row],[G1 Inv1]:[G5 Inv10]],Inv_Sy[[#This Row],[G1 Inv1]:[G5 Inv10]],"<>"&0) -> 2.8361313 | Q4: =VLOOKUP(Inv_Sy[[#This Row],[Date]],RD[#All],Q$1,0)/Q$2 -> 3.058529 | R4: =VLOOKUP(Inv_Sy[[#This Row],[Date]],RD[#All],R$1,0)/R$2 -> 3.0029964 | S4: =VLOOKUP(Inv_Sy[[#This Row],[Date]],RD[#All],S$1,0)/S$2 -> 3.1898279 | T4: =VLOOKUP(Inv_Sy[[#This Row],[Date]],RD[#All],T$1,0)/T$2 -> 3.1087034 | U4: =VLOOKUP(Inv_Sy[[#This Row],[Date]],RD[#All],U$1,0)/U$2 -> 3.0699091 | V4: =VLOOKUP(Inv_Sy[[#This Row],[Date]],RD[#All],V$1,0)/V$2 -> 3.0672167 | W4: =VLOOKUP(Inv_Sy[[#This Row],[Date]],RD[#All],W$1,0)/W$2 -> 3.0363372 | X4: =VLOOKUP(Inv_Sy[[#This Row],[Date]],RD[#All],X$1,0)/X$2 -> 2.9809065 | ... Z4: =VLOOKUP(Inv_Sy[[#This Row],[Date]],RD[#All],Z$1,0)/Z$2 -> 3.0412747 | AA4: =IFERROR(AVERAGEIF(Q4:Z4,">"&0,Q4:Z4),"") -> 3.0628614 | AB4: =MAX(Inv_Sy[[#This Row],[G1 Inv1]:[IS1_Inv2]]) -> 3.1898279
A5: FY2022-23 | C5: =YEAR(RD[[#This Row],[Month Year]]) -> 2025 | D5: Year_1 | E5: =E4+1 -> 45838 | F5: =VLOOKUP(Inv_Sy[[#This Row],[Date]],RD[#All],F$1,0)/F$2 -> 2.4990699 | G5: =VLOOKUP(Inv_Sy[[#This Row],[Date]],RD[#All],G$1,0)/G$2 -> 2.4910482 | H5: =VLOOKUP(Inv_Sy[[#This Row],[Date]],RD[#All],H$1,0)/H$2 -> 2.4888393 | I5: =VLOOKUP(Inv_Sy[[#This Row],[Date]],RD[#All],I$1,0)/I$2 -> 2.4908425 | J5: =VLOOKUP(Inv_Sy[[#This Row],[Date]],RD[#All],J$1,0)/J$2 -> 2.4479167 | K5: =VLOOKUP(Inv_Sy[[#This Row],[Date]],RD[#All],K$1,0)/K$2 -> 2.4919278 | L5: =VLOOKUP(Inv_Sy[[#This Row],[Date]],RD[#All],L$1,0)/L$2 -> 2.5458265 | M5: =VLOOKUP(Inv_Sy[[#This Row],[Date]],RD[#All],M$1,0)/M$2 -> 2.5967262 | ... O5: =VLOOKUP(Inv_Sy[[#This Row],[Date]],RD[#All],O$1,0)/O$2 -> 2.5762649 | P5: =AVERAGEIFS(Inv_Sy[[#This Row],[G1 Inv1]:[G5 Inv10]],Inv_Sy[[#This Row],[G1 Inv1]:[G5 Inv10]],"<>"&0) -> 2.5145647 | Q5: =VLOOKUP(Inv_Sy[[#This Row],[Date]],RD[#All],Q$1,0)/Q$2 -> 2.7581542 | R5: =VLOOKUP(Inv_Sy[[#This Row],[Date]],RD[#All],R$1,0)/R$2 -> 2.6932082 | S5: =VLOOKUP(Inv_Sy[[#This Row],[Date]],RD[#All],S$1,0)/S$2 -> 2.8401726 | T5: =VLOOKUP(Inv_Sy[[#This Row],[Date]],RD[#All],T$1,0)/T$2 -> 2.7636548 | U5: =VLOOKUP(Inv_Sy[[#This Row],[Date]],RD[#All],U$1,0)/U$2 -> 2.7387139 | V5: =VLOOKUP(Inv_Sy[[#This Row],[Date]],RD[#All],V$1,0)/V$2 -> 2.7524287 | W5: =VLOOKUP(Inv_Sy[[#This Row],[Date]],RD[#All],W$1,0)/W$2 -> 2.7429367 | X5: =VLOOKUP(Inv_Sy[[#This Row],[Date]],RD[#All],X$1,0)/X$2 -> 2.7037608 | ... Z5: =VLOOKUP(Inv_Sy[[#This Row],[Date]],RD[#All],Z$1,0)/Z$2 -> 2.7023223 | AA5: =IFERROR(AVERAGEIF(Q5:Z5,">"&0,Q5:Z5),"") -> 2.7422544 | AB5: =MAX(Inv_Sy[[#This Row],[G1 Inv1]:[IS1_Inv2]]) -> 2.8401726
A6: FY2022-23 | C6: =YEAR(RD[[#This Row],[Month Year]]) -> 2025 | D6: Year_1 | E6: =E5+1 -> 45839 | F6: =VLOOKUP(Inv_Sy[[#This Row],[Date]],RD[#All],F$1,0)/F$2 -> 1.7745536 | G6: =VLOOKUP(Inv_Sy[[#This Row],[Date]],RD[#All],G$1,0)/G$2 -> 1.7773438 | H6: =VLOOKUP(Inv_Sy[[#This Row],[Date]],RD[#All],H$1,0)/H$2 -> 1.7773438 | I6: =VLOOKUP(Inv_Sy[[#This Row],[Date]],RD[#All],I$1,0)/I$2 -> 1.7826618 | J6: =VLOOKUP(Inv_Sy[[#This Row],[Date]],RD[#All],J$1,0)/J$2 -> 1.78125 | K6: =VLOOKUP(Inv_Sy[[#This Row],[Date]],RD[#All],K$1,0)/K$2 -> 1.7825261 | L6: =VLOOKUP(Inv_Sy[[#This Row],[Date]],RD[#All],L$1,0)/L$2 -> 1.8322422 | M6: =VLOOKUP(Inv_Sy[[#This Row],[Date]],RD[#All],M$1,0)/M$2 -> 1.8656994 | ... O6: =VLOOKUP(Inv_Sy[[#This Row],[Date]],RD[#All],O$1,0)/O$2 -> 1.8405878 | P6: =AVERAGEIFS(Inv_Sy[[#This Row],[G1 Inv1]:[G5 Inv10]],Inv_Sy[[#This Row],[G1 Inv1]:[G5 Inv10]],"<>"&0) -> 1.8013717 | Q6: =VLOOKUP(Inv_Sy[[#This Row],[Date]],RD[#All],Q$1,0)/Q$2 -> 1.9429834 | R6: =VLOOKUP(Inv_Sy[[#This Row],[Date]],RD[#All],R$1,0)/R$2 -> 1.9003995 | S6: =VLOOKUP(Inv_Sy[[#This Row],[Date]],RD[#All],S$1,0)/S$2 -> 2.0110643 | T6: =VLOOKUP(Inv_Sy[[#This Row],[Date]],RD[#All],T$1,0)/T$2 -> 1.9584325 | U6: =VLOOKUP(Inv_Sy[[#This Row],[Date]],RD[#All],U$1,0)/U$2 -> 1.939672 | V6: =VLOOKUP(Inv_Sy[[#This Row],[Date]],RD[#All],V$1,0)/V$2 -> 1.9431173 | W6: =VLOOKUP(Inv_Sy[[#This Row],[Date]],RD[#All],W$1,0)/W$2 -> 1.9355968 | X6: =VLOOKUP(Inv_Sy[[#This Row],[Date]],RD[#All],X$1,0)/X$2 -> 1.9051115 | ... Z6: =VLOOKUP(Inv_Sy[[#This Row],[Date]],RD[#All],Z$1,0)/Z$2 -> 1.9515911 | AA6: =IFERROR(AVERAGEIF(Q6:Z6,">"&0,Q6:Z6),"") -> 1.9454325 | AB6: =MAX(Inv_Sy[[#This Row],[G1 Inv1]:[IS1_Inv2]]) -> 2.0110643
A7: FY2022-23 | C7: =YEAR(RD[[#This Row],[Month Year]]) -> 2025 | D7: Year_1 | E7: =E6+1 -> 45840 | F7: =VLOOKUP(Inv_Sy[[#This Row],[Date]],RD[#All],F$1,0)/F$2 -> 2.2851562 | G7: =VLOOKUP(Inv_Sy[[#This Row],[Date]],RD[#All],G$1,0)/G$2 -> 2.2770182 | H7: =VLOOKUP(Inv_Sy[[#This Row],[Date]],RD[#All],H$1,0)/H$2 -> 2.2628348 | I7: =VLOOKUP(Inv_Sy[[#This Row],[Date]],RD[#All],I$1,0)/I$2 -> 2.2759463 | J7: =VLOOKUP(Inv_Sy[[#This Row],[Date]],RD[#All],J$1,0)/J$2 -> 2.2956731 | K7: =VLOOKUP(Inv_Sy[[#This Row],[Date]],RD[#All],K$1,0)/K$2 -> 2.2830009 | L7: =VLOOKUP(Inv_Sy[[#This Row],[Date]],RD[#All],L$1,0)/L$2 -> 2.3404255 | M7: =VLOOKUP(Inv_Sy[[#This Row],[Date]],RD[#All],M$1,0)/M$2 -> 2.4023438 | ... O7: =VLOOKUP(Inv_Sy[[#This Row],[Date]],RD[#All],O$1,0)/O$2 -> 2.421875 | P7: =AVERAGEIFS(Inv_Sy[[#This Row],[G1 Inv1]:[G5 Inv10]],Inv_Sy[[#This Row],[G1 Inv1]:[G5 Inv10]],"<>"&0) -> 2.3188791 | Q7: =VLOOKUP(Inv_Sy[[#This Row],[Date]],RD[#All],Q$1,0)/Q$2 -> 2.6171672 | R7: =VLOOKUP(Inv_Sy[[#This Row],[Date]],RD[#All],R$1,0)/R$2 -> 2.5647575 | S7: =VLOOKUP(Inv_Sy[[#This Row],[Date]],RD[#All],S$1,0)/S$2 -> 2.7151636 | T7: =VLOOKUP(Inv_Sy[[#This Row],[Date]],RD[#All],T$1,0)/T$2 -> 2.6457536 | U7: =VLOOKUP(Inv_Sy[[#This Row],[Date]],RD[#All],U$1,0)/U$2 -> 2.6194381 | V7: =VLOOKUP(Inv_Sy[[#This Row],[Date]],RD[#All],V$1,0)/V$2 -> 2.6159536 | W7: =VLOOKUP(Inv_Sy[[#This Row],[Date]],RD[#All],W$1,0)/W$2 -> 2.6034819 | X7: =VLOOKUP(Inv_Sy[[#This Row],[Date]],RD[#All],X$1,0)/X$2 -> 2.5585815 | ... Z7: =VLOOKUP(Inv_Sy[[#This Row],[Date]],RD[#All],Z$1,0)/Z$2 -> 2.5016625 | AA7: =IFERROR(AVERAGEIF(Q7:Z7,">"&0,Q7:Z7),"") -> 2.5988553 | AB7: =MAX(Inv_Sy[[#This Row],[G1 Inv1]:[IS1_Inv2]]) -> 2.7151636
A8: FY2022-23 | C8: =YEAR(RD[[#This Row],[Month Year]]) -> 2025 | D8: Year_1 | E8: =E7+1 -> 45841 | F8: =VLOOKUP(Inv_Sy[[#This Row],[Date]],RD[#All],F$1,0)/F$2 -> 2.6990327 | G8: =VLOOKUP(Inv_Sy[[#This Row],[Date]],RD[#All],G$1,0)/G$2 -> 2.6888021 | H8: =VLOOKUP(Inv_Sy[[#This Row],[Date]],RD[#All],H$1,0)/H$2 -> 2.6990327 | I8: =VLOOKUP(Inv_Sy[[#This Row],[Date]],RD[#All],I$1,0)/I$2 -> 2.6845747 | J8: =VLOOKUP(Inv_Sy[[#This Row],[Date]],RD[#All],J$1,0)/J$2 -> 2.6802885 | K8: =VLOOKUP(Inv_Sy[[#This Row],[Date]],RD[#All],K$1,0)/K$2 -> 2.697056 | L8: =VLOOKUP(Inv_Sy[[#This Row],[Date]],RD[#All],L$1,0)/L$2 -> 2.7675941 | M8: =VLOOKUP(Inv_Sy[[#This Row],[Date]],RD[#All],M$1,0)/M$2 -> 2.8199405 | ... O8: =VLOOKUP(Inv_Sy[[#This Row],[Date]],RD[#All],O$1,0)/O$2 -> 2.7790179 | P8: =AVERAGEIFS(Inv_Sy[[#This Row],[G1 Inv1]:[G5 Inv10]],Inv_Sy[[#This Row],[G1 Inv1]:[G5 Inv10]],"<>"&0) -> 2.7239562 | Q8: =VLOOKUP(Inv_Sy[[#This Row],[Date]],RD[#All],Q$1,0)/Q$2 -> 3.0086205 | R8: =VLOOKUP(Inv_Sy[[#This Row],[Date]],RD[#All],R$1,0)/R$2 -> 2.9203917 | S8: =VLOOKUP(Inv_Sy[[#This Row],[Date]],RD[#All],S$1,0)/S$2 -> 3.0745643 | T8: =VLOOKUP(Inv_Sy[[#This Row],[Date]],RD[#All],T$1,0)/T$2 -> 2.9883528 | U8: =VLOOKUP(Inv_Sy[[#This Row],[Date]],RD[#All],U$1,0)/U$2 -> 2.9657356 | V8: =VLOOKUP(Inv_Sy[[#This Row],[Date]],RD[#All],V$1,0)/V$2 -> 2.9884779 | W8: =VLOOKUP(Inv_Sy[[#This Row],[Date]],RD[#All],W$1,0)/W$2 -> 2.9764197 | X8: =VLOOKUP(Inv_Sy[[#This Row],[Date]],RD[#All],X$1,0)/X$2 -> 2.9522784 | ... Z8: =VLOOKUP(Inv_Sy[[#This Row],[Date]],RD[#All],Z$1,0)/Z$2 -> 2.978391 | AA8: =IFERROR(AVERAGEIF(Q8:Z8,">"&0,Q8:Z8),"") -> 2.9814114 | AB8: =MAX(Inv_Sy[[#This Row],[G1 Inv1]:[IS1_Inv2]]) -> 3.0745643
A9: FY2022-23 | C9: =YEAR(RD[[#This Row],[Month Year]]) -> 2025 | D9: Year_1 | E9: =E8+1 -> 45842 | F9: =VLOOKUP(Inv_Sy[[#This Row],[Date]],RD[#All],F$1,0)/F$2 -> 3.2161458 | G9: =VLOOKUP(Inv_Sy[[#This Row],[Date]],RD[#All],G$1,0)/G$2 -> 3.2120768 | H9: =VLOOKUP(Inv_Sy[[#This Row],[Date]],RD[#All],H$1,0)/H$2 -> 3.2021949 | I9: =VLOOKUP(Inv_Sy[[#This Row],[Date]],RD[#All],I$1,0)/I$2 -> 3.1949532 | J9: =VLOOKUP(Inv_Sy[[#This Row],[Date]],RD[#All],J$1,0)/J$2 -> 3.1907051 | K9: =VLOOKUP(Inv_Sy[[#This Row],[Date]],RD[#All],K$1,0)/K$2 -> 3.2222222 | L9: =VLOOKUP(Inv_Sy[[#This Row],[Date]],RD[#All],L$1,0)/L$2 -> 3.2839607 | M9: =VLOOKUP(Inv_Sy[[#This Row],[Date]],RD[#All],M$1,0)/M$2 -> 3.3621652 | ... O9: =VLOOKUP(Inv_Sy[[#This Row],[Date]],RD[#All],O$1,0)/O$2 -> 3.3761161 | P9: =AVERAGEIFS(Inv_Sy[[#This Row],[G1 Inv1]:[G5 Inv10]],Inv_Sy[[#This Row],[G1 Inv1]:[G5 Inv10]],"<>"&0) -> 3.2533044 | Q9: =VLOOKUP(Inv_Sy[[#This Row],[Date]],RD[#All],Q$1,0)/Q$2 -> 3.7648927 | R9: =VLOOKUP(Inv_Sy[[#This Row],[Date]],RD[#All],R$1,0)/R$2 -> 3.6615417 | S9: =VLOOKUP(Inv_Sy[[#This Row],[Date]],RD[#All],S$1,0)/S$2 -> 3.8440245 | T9: =VLOOKUP(Inv_Sy[[#This Row],[Date]],RD[#All],T$1,0)/T$2 -> 3.7241734 | U9: =VLOOKUP(Inv_Sy[[#This Row],[Date]],RD[#All],U$1,0)/U$2 -> 3.7153297 | V9: =VLOOKUP(Inv_Sy[[#This Row],[Date]],RD[#All],V$1,0)/V$2 -> 3.7436511 | W9: =VLOOKUP(Inv_Sy[[#This Row],[Date]],RD[#All],W$1,0)/W$2 -> 3.7275055 | X9: =VLOOKUP(Inv_Sy[[#This Row],[Date]],RD[#All],X$1,0)/X$2 -> 3.6837212 | ... Z9: =VLOOKUP(Inv_Sy[[#This Row],[Date]],RD[#All],Z$1,0)/Z$2 -> 3.5044451 | AA9: =IFERROR(AVERAGEIF(Q9:Z9,">"&0,Q9:Z9),"") -> 3.6949949 | AB9: =MAX(Inv_Sy[[#This Row],[G1 Inv1]:[IS1_Inv2]]) -> 3.8440245
A10: FY2022-23 | C10: =YEAR(RD[[#This Row],[Month Year]]) -> 2025 | D10: Year_1 | E10: =E9+1 -> 45843 | F10: =VLOOKUP(Inv_Sy[[#This Row],[Date]],RD[#All],F$1,0)/F$2 -> 3.1110491 | G10: =VLOOKUP(Inv_Sy[[#This Row],[Date]],RD[#All],G$1,0)/G$2 -> 3.1095378 | H10: =VLOOKUP(Inv_Sy[[#This Row],[Date]],RD[#All],H$1,0)/H$2 -> 3.1129092 | I10: =VLOOKUP(Inv_Sy[[#This Row],[Date]],RD[#All],I$1,0)/I$2 -> 3.0866911 | J10: =VLOOKUP(Inv_Sy[[#This Row],[Date]],RD[#All],J$1,0)/J$2 -> 3.1073718 | K10: =VLOOKUP(Inv_Sy[[#This Row],[Date]],RD[#All],K$1,0)/K$2 -> 3.0978158 | L10: =VLOOKUP(Inv_Sy[[#This Row],[Date]],RD[#All],L$1,0)/L$2 -> 3.1890344 | M10: =VLOOKUP(Inv_Sy[[#This Row],[Date]],RD[#All],M$1,0)/M$2 -> 3.2570685 | ... O10: =VLOOKUP(Inv_Sy[[#This Row],[Date]],RD[#All],O$1,0)/O$2 -> 3.2263765 | P10: =AVERAGEIFS(Inv_Sy[[#This Row],[G1 Inv1]:[G5 Inv10]],Inv_Sy[[#This Row],[G1 Inv1]:[G5 Inv10]],"<>"&0) -> 3.144188 | Q10: =VLOOKUP(Inv_Sy[[#This Row],[Date]],RD[#All],Q$1,0)/Q$2 -> 3.4263725 | R10: =VLOOKUP(Inv_Sy[[#This Row],[Date]],RD[#All],R$1,0)/R$2 -> 3.3601041 | S10: =VLOOKUP(Inv_Sy[[#This Row],[Date]],RD[#All],S$1,0)/S$2 -> 3.5581338 | T10: =VLOOKUP(Inv_Sy[[#This Row],[Date]],RD[#All],T$1,0)/T$2 -> 3.467469 | U10: =VLOOKUP(Inv_Sy[[#This Row],[Date]],RD[#All],U$1,0)/U$2 -> 3.4253004 | V10: =VLOOKUP(Inv_Sy[[#This Row],[Date]],RD[#All],V$1,0)/V$2 -> 3.4277753 | W10: =VLOOKUP(Inv_Sy[[#This Row],[Date]],RD[#All],W$1,0)/W$2 -> 3.3977148 | X10: =VLOOKUP(Inv_Sy[[#This Row],[Date]],RD[#All],X$1,0)/X$2 -> 3.3417342 | ... Z10: =VLOOKUP(Inv_Sy[[#This Row],[Date]],RD[#All],Z$1,0)/Z$2 -> 3.3447178 | AA10: =IFERROR(AVERAGEIF(Q10:Z10,">"&0,Q10:Z10),"") -> 3.4205163 | AB10: =MAX(Inv_Sy[[#This Row],[G1 Inv1]:[IS1_Inv2]]) -> 3.5581338
A11: FY2022-23 | C11: =YEAR(RD[[#This Row],[Month Year]]) -> 2025 | D11: Year_1 | E11: =E10+1 -> 45844 | F11: =VLOOKUP(Inv_Sy[[#This Row],[Date]],RD[#All],F$1,0)/F$2 -> 2.6050967 | G11: =VLOOKUP(Inv_Sy[[#This Row],[Date]],RD[#All],G$1,0)/G$2 -> 2.6082357 | H11: =VLOOKUP(Inv_Sy[[#This Row],[Date]],RD[#All],H$1,0)/H$2 -> 2.6190476 | I11: =VLOOKUP(Inv_Sy[[#This Row],[Date]],RD[#All],I$1,0)/I$2 -> 2.6056166 | J11: =VLOOKUP(Inv_Sy[[#This Row],[Date]],RD[#All],J$1,0)/J$2 -> 2.6065705 | K11: =VLOOKUP(Inv_Sy[[#This Row],[Date]],RD[#All],K$1,0)/K$2 -> 2.6049383 | L11: =VLOOKUP(Inv_Sy[[#This Row],[Date]],RD[#All],L$1,0)/L$2 -> 2.6456628 | M11: =VLOOKUP(Inv_Sy[[#This Row],[Date]],RD[#All],M$1,0)/M$2 -> 2.703683 | ... O11: =VLOOKUP(Inv_Sy[[#This Row],[Date]],RD[#All],O$1,0)/O$2 -> 2.6943824 | P11: =AVERAGEIFS(Inv_Sy[[#This Row],[G1 Inv1]:[G5 Inv10]],Inv_Sy[[#This Row],[G1 Inv1]:[G5 Inv10]],"<>"&0) -> 2.6320893 | Q11: =VLOOKUP(Inv_Sy[[#This Row],[Date]],RD[#All],Q$1,0)/Q$2 -> 2.865869 | R11: =VLOOKUP(Inv_Sy[[#This Row],[Date]],RD[#All],R$1,0)/R$2 -> 2.80242 | S11: =VLOOKUP(Inv_Sy[[#This Row],[Date]],RD[#All],S$1,0)/S$2 -> 2.9661056 | T11: =VLOOKUP(Inv_Sy[[#This Row],[Date]],RD[#All],T$1,0)/T$2 -> 2.8890676 | U11: =VLOOKUP(Inv_Sy[[#This Row],[Date]],RD[#All],U$1,0)/U$2 -> 2.8544982 | V11: =VLOOKUP(Inv_Sy[[#This Row],[Date]],RD[#All],V$1,0)/V$2 -> 2.8600356 | W11: =VLOOKUP(Inv_Sy[[#This Row],[Date]],RD[#All],W$1,0)/W$2 -> 2.8398956 | X11: =VLOOKUP(Inv_Sy[[#This Row],[Date]],RD[#All],X$1,0)/X$2 -> 2.8015529 | ... Z11: =VLOOKUP(Inv_Sy[[#This Row],[Date]],RD[#All],Z$1,0)/Z$2 -> 2.7242089 | AA11: =IFERROR(AVERAGEIF(Q11:Z11,">"&0,Q11:Z11),"") -> 2.845553 | AB11: =MAX(Inv_Sy[[#This Row],[G1 Inv1]:[IS1_Inv2]]) -> 2.9661056
A12: FY2022-23 | C12: =YEAR(RD[[#This Row],[Month Year]]) -> 2025 | D12: Year_1 | E12: =E11+1 -> 45845 | F12: =VLOOKUP(Inv_Sy[[#This Row],[Date]],RD[#All],F$1,0)/F$2 -> 1.4322917 | G12: =VLOOKUP(Inv_Sy[[#This Row],[Date]],RD[#All],G$1,0)/G$2 -> 1.4314779 | H12: =VLOOKUP(Inv_Sy[[#This Row],[Date]],RD[#All],H$1,0)/H$2 -> 1.4322917 | I12: =VLOOKUP(Inv_Sy[[#This Row],[Date]],RD[#All],I$1,0)/I$2 -> 1.4318274 | J12: =VLOOKUP(Inv_Sy[[#This Row],[Date]],RD[#All],J$1,0)/J$2 -> 1.4326923 | K12: =VLOOKUP(Inv_Sy[[#This Row],[Date]],RD[#All],K$1,0)/K$2 -> 1.4529915 | L12: =VLOOKUP(Inv_Sy[[#This Row],[Date]],RD[#All],L$1,0)/L$2 -> 1.4599018 | M12: =VLOOKUP(Inv_Sy[[#This Row],[Date]],RD[#All],M$1,0)/M$2 -> 1.4834449 | ... O12: =VLOOKUP(Inv_Sy[[#This Row],[Date]],RD[#All],O$1,0)/O$2 -> 1.4704241 | P12: =AVERAGEIFS(Inv_Sy[[#This Row],[G1 Inv1]:[G5 Inv10]],Inv_Sy[[#This Row],[G1 Inv1]:[G5 Inv10]],"<>"&0) -> 1.4477425 | Q12: =VLOOKUP(Inv_Sy[[#This Row],[Date]],RD[#All],Q$1,0)/Q$2 -> 1.5122082 | R12: =VLOOKUP(Inv_Sy[[#This Row],[Date]],RD[#All],R$1,0)/R$2 -> 1.4758326 | S12: =VLOOKUP(Inv_Sy[[#This Row],[Date]],RD[#All],S$1,0)/S$2 -> 1.558159 | T12: =VLOOKUP(Inv_Sy[[#This Row],[Date]],RD[#All],T$1,0)/T$2 -> 1.5155684 | U12: =VLOOKUP(Inv_Sy[[#This Row],[Date]],RD[#All],U$1,0)/U$2 -> 1.5043845 | V12: =VLOOKUP(Inv_Sy[[#This Row],[Date]],RD[#All],V$1,0)/V$2 -> 1.5081709 | W12: =VLOOKUP(Inv_Sy[[#This Row],[Date]],RD[#All],W$1,0)/W$2 -> 1.5069748 | X12: =VLOOKUP(Inv_Sy[[#This Row],[Date]],RD[#All],X$1,0)/X$2 -> 1.4852333 | ... Z12: =VLOOKUP(Inv_Sy[[#This Row],[Date]],RD[#All],Z$1,0)/Z$2 -> 1.4562687 | AA12: =IFERROR(AVERAGEIF(Q12:Z12,">"&0,Q12:Z12),"") -> 1.5040138 | AB12: =MAX(Inv_Sy[[#This Row],[G1 Inv1]:[IS1_Inv2]]) -> 1.558159
A13: FY2022-23 | C13: =YEAR(RD[[#This Row],[Month Year]]) -> 2025 | D13: Year_1 | E13: =E12+1 -> 45846 | F13: =VLOOKUP(Inv_Sy[[#This Row],[Date]],RD[#All],F$1,0)/F$2 -> 2.0070685 | G13: =VLOOKUP(Inv_Sy[[#This Row],[Date]],RD[#All],G$1,0)/G$2 -> 1.9661458 | H13: =VLOOKUP(Inv_Sy[[#This Row],[Date]],RD[#All],H$1,0)/H$2 -> 1.999628 | I13: =VLOOKUP(Inv_Sy[[#This Row],[Date]],RD[#All],I$1,0)/I$2 -> 1.982906 | J13: =VLOOKUP(Inv_Sy[[#This Row],[Date]],RD[#All],J$1,0)/J$2 -> 1.869391 | K13: =VLOOKUP(Inv_Sy[[#This Row],[Date]],RD[#All],K$1,0)/K$2 -> 1.8945869 | L13: =VLOOKUP(Inv_Sy[[#This Row],[Date]],RD[#All],L$1,0)/L$2 -> 2.0286416 | M13: =VLOOKUP(Inv_Sy[[#This Row],[Date]],RD[#All],M$1,0)/M$2 -> 2.0665923 | ... O13: =VLOOKUP(Inv_Sy[[#This Row],[Date]],RD[#All],O$1,0)/O$2 -> 2.0638021 | P13: =AVERAGEIFS(Inv_Sy[[#This Row],[G1 Inv1]:[G5 Inv10]],Inv_Sy[[#This Row],[G1 Inv1]:[G5 Inv10]],"<>"&0) -> 1.990904 | Q13: =VLOOKUP(Inv_Sy[[#This Row],[Date]],RD[#All],Q$1,0)/Q$2 -> 2.1994152 | R13: =VLOOKUP(Inv_Sy[[#This Row],[Date]],RD[#All],R$1,0)/R$2 -> 2.1473131 | S13: =VLOOKUP(Inv_Sy[[#This Row],[Date]],RD[#All],S$1,0)/S$2 -> 2.2654507 | T13: =VLOOKUP(Inv_Sy[[#This Row],[Date]],RD[#All],T$1,0)/T$2 -> 2.2032162 | U13: =VLOOKUP(Inv_Sy[[#This Row],[Date]],RD[#All],U$1,0)/U$2 -> 2.1856122 | V13: =VLOOKUP(Inv_Sy[[#This Row],[Date]],RD[#All],V$1,0)/V$2 -> 2.1918015 | W13: =VLOOKUP(Inv_Sy[[#This Row],[Date]],RD[#All],W$1,0)/W$2 -> 2.182431 | X13: =VLOOKUP(Inv_Sy[[#This Row],[Date]],RD[#All],X$1,0)/X$2 -> 2.1512638 | ... Z13: =VLOOKUP(Inv_Sy[[#This Row],[Date]],RD[#All],Z$1,0)/Z$2 -> 2.0631549 | AA13: =IFERROR(AVERAGEIF(Q13:Z13,">"&0,Q13:Z13),"") -> 2.1753118 | AB13: =MAX(Inv_Sy[[#This Row],[G1 Inv1]:[IS1_Inv2]]) -> 2.2654507
A14: FY2022-23 | C14: =YEAR(RD[[#This Row],[Month Year]]) -> 2025 | D14: Year_1 | E14: =E13+1 -> 45847 | F14: =VLOOKUP(Inv_Sy[[#This Row],[Date]],RD[#All],F$1,0)/F$2 -> 1.8945312 | G14: =VLOOKUP(Inv_Sy[[#This Row],[Date]],RD[#All],G$1,0)/G$2 -> 1.8847656 | H14: =VLOOKUP(Inv_Sy[[#This Row],[Date]],RD[#All],H$1,0)/H$2 -> 1.8954613 | I14: =VLOOKUP(Inv_Sy[[#This Row],[Date]],RD[#All],I$1,0)/I$2 -> 1.8860399 | J14: =VLOOKUP(Inv_Sy[[#This Row],[Date]],RD[#All],J$1,0)/J$2 -> 1.8886218 | K14: =VLOOKUP(Inv_Sy[[#This Row],[Date]],RD[#All],K$1,0)/K$2 -> 1.8955366 | L14: =VLOOKUP(Inv_Sy[[#This Row],[Date]],RD[#All],L$1,0)/L$2 -> 1.9320786 | M14: =VLOOKUP(Inv_Sy[[#This Row],[Date]],RD[#All],M$1,0)/M$2 -> 1.9698661 | ... O14: =VLOOKUP(Inv_Sy[[#This Row],[Date]],RD[#All],O$1,0)/O$2 -> 1.9707961 | P14: =AVERAGEIFS(Inv_Sy[[#This Row],[G1 Inv1]:[G5 Inv10]],Inv_Sy[[#This Row],[G1 Inv1]:[G5 Inv10]],"<>"&0) -> 1.9145684 | Q14: =VLOOKUP(Inv_Sy[[#This Row],[Date]],RD[#All],Q$1,0)/Q$2 -> 2.1108572 | R14: =VLOOKUP(Inv_Sy[[#This Row],[Date]],RD[#All],R$1,0)/R$2 -> 2.0598782 | S14: =VLOOKUP(Inv_Sy[[#This Row],[Date]],RD[#All],S$1,0)/S$2 -> 2.1734583 | T14: =VLOOKUP(Inv_Sy[[#This Row],[Date]],RD[#All],T$1,0)/T$2 -> 2.1125858 | U14: =VLOOKUP(Inv_Sy[[#This Row],[Date]],RD[#All],U$1,0)/U$2 -> 2.0955667 | V14: =VLOOKUP(Inv_Sy[[#This Row],[Date]],RD[#All],V$1,0)/V$2 -> 2.1034399 | W14: =VLOOKUP(Inv_Sy[[#This Row],[Date]],RD[#All],W$1,0)/W$2 -> 2.0957297 | X14: =VLOOKUP(Inv_Sy[[#This Row],[Date]],RD[#All],X$1,0)/X$2 -> 2.0660321 | ... Z14: =VLOOKUP(Inv_Sy[[#This Row],[Date]],RD[#All],Z$1,0)/Z$2 -> 1.9774806 | AA14: =IFERROR(AVERAGEIF(Q14:Z14,">"&0,Q14:Z14),"") -> 2.0868946 | AB14: =MAX(Inv_Sy[[#This Row],[G1 Inv1]:[IS1_Inv2]]) -> 2.1734583
A15: FY2022-23 | C15: =YEAR(RD[[#This Row],[Month Year]]) -> 2025 | D15: Year_1 | E15: =E14+1 -> 45848 | F15: =VLOOKUP(Inv_Sy[[#This Row],[Date]],RD[#All],F$1,0)/F$2 -> 1.5959821 | G15: =VLOOKUP(Inv_Sy[[#This Row],[Date]],RD[#All],G$1,0)/G$2 -> 1.5494792 | H15: =VLOOKUP(Inv_Sy[[#This Row],[Date]],RD[#All],H$1,0)/H$2 -> 1.5792411 | I15: =VLOOKUP(Inv_Sy[[#This Row],[Date]],RD[#All],I$1,0)/I$2 -> 1.3658934 | J15: =VLOOKUP(Inv_Sy[[#This Row],[Date]],RD[#All],J$1,0)/J$2 -> 1.5528846 | K15: =VLOOKUP(Inv_Sy[[#This Row],[Date]],RD[#All],K$1,0)/K$2 -> 1.5830959 | L15: =VLOOKUP(Inv_Sy[[#This Row],[Date]],RD[#All],L$1,0)/L$2 -> 1.2422259 | M15: =VLOOKUP(Inv_Sy[[#This Row],[Date]],RD[#All],M$1,0)/M$2 -> 1.4109003 | ... O15: =VLOOKUP(Inv_Sy[[#This Row],[Date]],RD[#All],O$1,0)/O$2 -> 1.3039435 | P15: =AVERAGEIFS(Inv_Sy[[#This Row],[G1 Inv1]:[G5 Inv10]],Inv_Sy[[#This Row],[G1 Inv1]:[G5 Inv10]],"<>"&0) -> 1.4536346 | Q15: =VLOOKUP(Inv_Sy[[#This Row],[Date]],RD[#All],Q$1,0)/Q$2 -> 1.8444269 | R15: =VLOOKUP(Inv_Sy[[#This Row],[Date]],RD[#All],R$1,0)/R$2 -> 1.7997839 | S15: =VLOOKUP(Inv_Sy[[#This Row],[Date]],RD[#All],S$1,0)/S$2 -> 1.9026056 | T15: =VLOOKUP(Inv_Sy[[#This Row],[Date]],RD[#All],T$1,0)/T$2 -> 1.8530237 | U15: =VLOOKUP(Inv_Sy[[#This Row],[Date]],RD[#All],U$1,0)/U$2 -> 1.8394771 | V15: =VLOOKUP(Inv_Sy[[#This Row],[Date]],RD[#All],V$1,0)/V$2 -> 1.838941 | W15: =VLOOKUP(Inv_Sy[[#This Row],[Date]],RD[#All],W$1,0)/W$2 -> 1.8294386 | X15: =VLOOKUP(Inv_Sy[[#This Row],[Date]],RD[#All],X$1,0)/X$2 -> 1.8001419 | ... Z15: =VLOOKUP(Inv_Sy[[#This Row],[Date]],RD[#All],Z$1,0)/Z$2 -> 1.7393101 | AA15: =IFERROR(AVERAGEIF(Q15:Z15,">"&0,Q15:Z15),"") -> 1.8272383 | AB15: =MAX(Inv_Sy[[#This Row],[G1 Inv1]:[IS1_Inv2]]) -> 1.9026056
A16: FY2022-23 | C16: =YEAR(RD[[#This Row],[Month Year]]) -> 2025 | D16: Year_1 | E16: =E15+1 -> 45849 | F16: =VLOOKUP(Inv_Sy[[#This Row],[Date]],RD[#All],F$1,0)/F$2 -> 3.2617188 | G16: =VLOOKUP(Inv_Sy[[#This Row],[Date]],RD[#All],G$1,0)/G$2 -> 3.207194 | H16: =VLOOKUP(Inv_Sy[[#This Row],[Date]],RD[#All],H$1,0)/H$2 -> 3.2607887 | I16: =VLOOKUP(Inv_Sy[[#This Row],[Date]],RD[#All],I$1,0)/I$2 -> 2.6992267 | J16: =VLOOKUP(Inv_Sy[[#This Row],[Date]],RD[#All],J$1,0)/J$2 -> 3.2628205 | K16: =VLOOKUP(Inv_Sy[[#This Row],[Date]],RD[#All],K$1,0)/K$2 -> 3.2687559 | L16: =VLOOKUP(Inv_Sy[[#This Row],[Date]],RD[#All],L$1,0)/L$2 -> 3.3698854 | M16: =VLOOKUP(Inv_Sy[[#This Row],[Date]],RD[#All],M$1,0)/M$2 -> 3.4170387 | ... O16: =VLOOKUP(Inv_Sy[[#This Row],[Date]],RD[#All],O$1,0)/O$2 -> 3.4579613 | P16: =AVERAGEIFS(Inv_Sy[[#This Row],[G1 Inv1]:[G5 Inv10]],Inv_Sy[[#This Row],[G1 Inv1]:[G5 Inv10]],"<>"&0) -> 3.2517174 | Q16: =VLOOKUP(Inv_Sy[[#This Row],[Date]],RD[#All],Q$1,0)/Q$2 -> 3.8296728 | R16: =VLOOKUP(Inv_Sy[[#This Row],[Date]],RD[#All],R$1,0)/R$2 -> 3.7175394 | S16: =VLOOKUP(Inv_Sy[[#This Row],[Date]],RD[#All],S$1,0)/S$2 -> 3.9424018 | T16: =VLOOKUP(Inv_Sy[[#This Row],[Date]],RD[#All],T$1,0)/T$2 -> 3.5065789 | U16: =VLOOKUP(Inv_Sy[[#This Row],[Date]],RD[#All],U$1,0)/U$2 -> 3.8559597 | V16: =VLOOKUP(Inv_Sy[[#This Row],[Date]],RD[#All],V$1,0)/V$2 -> 3.8666544 | W16: =VLOOKUP(Inv_Sy[[#This Row],[Date]],RD[#All],W$1,0)/W$2 -> 3.8371643 | X16: =VLOOKUP(Inv_Sy[[#This Row],[Date]],RD[#All],X$1,0)/X$2 -> 3.7796374 | ... Z16: =VLOOKUP(Inv_Sy[[#This Row],[Date]],RD[#All],Z$1,0)/Z$2 -> 3.5797248 | AA16: =IFERROR(AVERAGEIF(Q16:Z16,">"&0,Q16:Z16),"") -> 3.7637395 | AB16: =MAX(Inv_Sy[[#This Row],[G1 Inv1]:[IS1_Inv2]]) -> 3.9424018
... A65: FY2022-23 | C65: =YEAR(RD[[#This Row],[Month Year]]) -> 2025 | D65: Year_1 | E65: =E64+1 -> 45898 | F65: =VLOOKUP(Inv_Sy[[#This Row],[Date]],RD[#All],F$1,0)/F$2 -> #N/A | G65: =VLOOKUP(Inv_Sy[[#This Row],[Date]],RD[#All],G$1,0)/G$2 -> #N/A | H65: =VLOOKUP(Inv_Sy[[#This Row],[Date]],RD[#All],H$1,0)/H$2 -> #N/A | I65: =VLOOKUP(Inv_Sy[[#This Row],[Date]],RD[#All],I$1,0)/I$2 -> #N/A | J65: =VLOOKUP(Inv_Sy[[#This Row],[Date]],RD[#All],J$1,0)/J$2 -> #N/A | K65: =VLOOKUP(Inv_Sy[[#This Row],[Date]],RD[#All],K$1,0)/K$2 -> #N/A | L65: =VLOOKUP(Inv_Sy[[#This Row],[Date]],RD[#All],L$1,0)/L$2 -> #N/A | M65: =VLOOKUP(Inv_Sy[[#This Row],[Date]],RD[#All],M$1,0)/M$2 -> #N/A | ... O65: =VLOOKUP(Inv_Sy[[#This Row],[Date]],RD[#All],O$1,0)/O$2 -> #N/A | P65: =AVERAGEIFS(Inv_Sy[[#This Row],[G1 Inv1]:[G5 Inv10]],Inv_Sy[[#This Row],[G1 Inv1]:[G5 Inv10]],"<>"&0) -> #N/A | Q65: =VLOOKUP(Inv_Sy[[#This Row],[Date]],RD[#All],Q$1,0)/Q$2 -> #N/A | R65: =VLOOKUP(Inv_Sy[[#This Row],[Date]],RD[#All],R$1,0)/R$2 -> #N/A | S65: =VLOOKUP(Inv_Sy[[#This Row],[Date]],RD[#All],S$1,0)/S$2 -> #N/A | T65: =VLOOKUP(Inv_Sy[[#This Row],[Date]],RD[#All],T$1,0)/T$2 -> #N/A | U65: =VLOOKUP(Inv_Sy[[#This Row],[Date]],RD[#All],U$1,0)/U$2 -> #N/A | V65: =VLOOKUP(Inv_Sy[[#This Row],[Date]],RD[#All],V$1,0)/V$2 -> #N/A | W65: =VLOOKUP(Inv_Sy[[#This Row],[Date]],RD[#All],W$1,0)/W$2 -> #N/A | X65: =VLOOKUP(Inv_Sy[[#This Row],[Date]],RD[#All],X$1,0)/X$2 -> #N/A | ... Z65: =VLOOKUP(Inv_Sy[[#This Row],[Date]],RD[#All],Z$1,0)/Z$2 -> #N/A | AA65: =IFERROR(AVERAGEIF(Q65:Z65,">"&0,Q65:Z65),"") | AB65: =MAX(Inv_Sy[[#This Row],[G1 Inv1]:[IS1_Inv2]]) -> #N/A

Sheet Grid BD
A2: Sr. No. | B2: Date | C2: Finacial Year | D2: Calendor Year | E2: Contrcatual Year | F2: Operating Year | G2: Month Year | H2: Days | I2: Sunrise Time (POA>20 W/m2) | J2: Sunset Time (POA<20 W/m2) | K2: Total Generation Time | L2: Affceted Equipment | M2: DC Capacity Affceted (kW) | N2: Affected Equipmenet Location | O2: Fault Catergory | P2: Plant Equivalent Weightage | Q2: Fault Code (As per HMI) | R2: Breakdown Description | S2: Fault Time | T2: Acknowledgemnet Time | U2: Work Start time on Fault | V2: Work Completiuon time on fualt | W2: Acknowdlegemnet time | X2: Response Time | Y2: Resolution Time | Z2: Action taken | AA2: Status | AB2: Plant Equivalent breakdown | AC2: Lost POA (KWh/m2) | AD2: Approxuimate Energy Loss (KWh)
A3: 1 | B3: 45760 | C3: 2026 | D3: 2025 | E3: Year_4 | F3: Year_4 | G3: =GA[[#This Row],[Date]]-DAY(GA[[#This Row],[Date]])+1 -> 45748 | H3: 31 | I3: 0.26805556 | J3: 0.76666667 | K3: 12 | L3: Outgoing_F5 | M3: 24213.795 | N3: PLANT | O3: Grid System | P3: 0.997 | R3: F-5 tripped due to earth fault .& 20 MW SS Pole o.01B-Phase Jumper melt/Cut | S3: 0.50902778 | T3: 0.51388889 | U3: 0.51388889 | V3: 0.60069444 | Y3: 2.2 | Z3: & 20 MW SS Pole o.01B-Phase Jumper Binded with new conductior & restarted VCB at substation and restored | AA3: Close | AB3: 2.19 | AC3: 1.77 | AD3: =_xlfn.XLOOKUP(GA[[#This Row],[Month Year]],'Modelling New'!D:D,'Modelling New'!O:O)*GA[[#This Row],[DC Capacity Affceted (kW)]]*GA[[#This Row],[Lost POA (KWh/m2)]] -> 32083.717
A4: =A3+1 -> 2 | B4: 45794 | C4: 2026 | D4: 2025 | E4: Year_4 | F4: Year_4 | G4: =GA[[#This Row],[Date]]-DAY(GA[[#This Row],[Date]])+1 -> 45778 | H4: 31 | I4: =_xlfn.XLOOKUP(GA[[#This Row],[Date]],RD[Date],RD[Sunrise Time (POA>20 W/m2)],0) -> 0.25972222 | J4: =_xlfn.XLOOKUP(GA[[#This Row],[Date]],RD[Date],RD[Sunset Time (POA<20 W/m2)],0) -> 0.7625 | K4: =IFERROR((GA[[#This Row],[Sunset Time (POA<20 W/m2)]]-GA[[#This Row],[Sunrise Time (POA>20 W/m2)]])*24,"") -> 12.066667 | L4: Outgoing_F5 | M4: =_xlfn.XLOOKUP(GA[[#This Row],[Affceted Equipment]],'Basic Data'!$A$1:$A$183,'Basic Data'!$B$1:$B$183,0) -> 24213.795 | N4: PLANT | O4: Grid System | P4: =IFERROR(VLOOKUP(GA[[#This Row],[Affceted Equipment]],'Basic Data'!$A$2:$C$183,3,0),"") -> 0.99727327 | R4: F-5 tripped due to earth fault .& 20 MW SS B-Phase Jumpera and connector melt/Cut | S4: 0.37361111 | T4: 0.375 | U4: 0.375 | V4: 0.52430556 | Y4: =(GA[[#This Row],[Work Completiuon time on fualt]]-GA[[#This Row],[Fault Time]])*24 -> 3.6166667 | Z4: 20 MW SS B-Phase Jumper and connector replaced with new connector & restarted VCB at substation and plant restored | AA4: Close | AB4: =IFERROR(GA[[#This Row],[Plant Equivalent Weightage]]*GA[[#This Row],[Resolution Time]],"") -> 3.606805 | AC4: 1.99 | AD4: =_xlfn.XLOOKUP(GA[[#This Row],[Month Year]],'Modelling New'!D:D,'Modelling New'!O:O)*GA[[#This Row],[DC Capacity Affceted (kW)]]*GA[[#This Row],[Lost POA (KWh/m2)]] -> 36412.068
A5: =A4+1 -> 3 | B5: 45820 | C5: 2026 | D5: 2025 | E5: Year_4 | F5: Year_4 | G5: =GA[[#This Row],[Date]]-DAY(GA[[#This Row],[Date]])+1 -> 45809 | H5: 30 | I5: =_xlfn.XLOOKUP(GA[[#This Row],[Date]],RD[Date],RD[Sunrise Time (POA>20 W/m2)],0) -> 0.27361111 | J5: =_xlfn.XLOOKUP(GA[[#This Row],[Date]],RD[Date],RD[Sunset Time (POA<20 W/m2)],0) -> 0.73611111 | K5: =IFERROR((GA[[#This Row],[Sunset Time (POA<20 W/m2)]]-GA[[#This Row],[Sunrise Time (POA>20 W/m2)]])*24,"") -> 11.1 | L5: Outgoing_F5 | M5: =_xlfn.XLOOKUP(GA[[#This Row],[Affceted Equipment]],'Basic Data'!$A$1:$A$183,'Basic Data'!$B$1:$B$183,0) -> 24213.795 | N5: PLANT | O5: Grid System | P5: =IFERROR(VLOOKUP(GA[[#This Row],[Affceted Equipment]],'Basic Data'!$A$2:$C$183,3,0),"") -> 0.99727327 | R5: F-5 tripped due to earth fault .& 06 MW SS G#-Y-Phase Jumpera and connector melt/Cut | S5: 0.35763889 | T5: 0.36111111 | U5: 0.375 | V5: 0.39583333 | Y5: =(GA[[#This Row],[Work Completiuon time on fualt]]-GA[[#This Row],[Fault Time]])*24 -> 0.91666667 | Z5: G3 - INV 05 and 06 kept under shut down and restarted VCB at substation and plant restored | AA5: Close | AB5: =IFERROR(GA[[#This Row],[Plant Equivalent Weightage]]*GA[[#This Row],[Resolution Time]],"") -> 0.91416716 | AC5: 0.29 | AD5: =_xlfn.XLOOKUP(GA[[#This Row],[Month Year]],'Modelling New'!D:D,'Modelling New'!O:O)*GA[[#This Row],[DC Capacity Affceted (kW)]]*GA[[#This Row],[Lost POA (KWh/m2)]] -> 5137.1865
A6: =A5+1 -> 4 | B6: 45821 | C6: 2026 | D6: 2025 | E6: Year_4 | F6: Year_4 | G6: =TEXT(GA[[#This Row],[Date]],"mmm-yy") -> Jun-25 | H6: =DAY(EOMONTH(GA[[#This Row],[Month Year]],0)) -> 30 | I6: =_xlfn.XLOOKUP(GA[[#This Row],[Date]],RD[Date],RD[Sunrise Time (POA>20 W/m2)],0) -> 0.25833333 | J6: =_xlfn.XLOOKUP(GA[[#This Row],[Date]],RD[Date],RD[Sunset Time (POA<20 W/m2)],0) -> 0.77291667 | K6: =IFERROR((GA[[#This Row],[Sunset Time (POA<20 W/m2)]]-GA[[#This Row],[Sunrise Time (POA>20 W/m2)]])*24,"") -> 12.35 | L6: Outgoing_F5 | M6: =_xlfn.XLOOKUP(GA[[#This Row],[Affceted Equipment]],'Basic Data'!$A$1:$A$183,'Basic Data'!$B$1:$B$183,0) -> 24213.795 | N6: PLANT | O6: Grid System | P6: =IFERROR(VLOOKUP(GA[[#This Row],[Affceted Equipment]],'Basic Data'!$A$2:$C$183,3,0),"") -> 0.99727327 | R6: F-5 tripped due to earth fault | S6: 0.35277778 | T6: 0.35277778 | U6: 0.35277778 | V6: 0.37638889 | Y6: =(GA[[#This Row],[Work Completiuon time on fualt]]-GA[[#This Row],[Fault Time]])*24 -> 0.56666667 | Z6: f-5 restored | AA6: Close | AB6: =IFERROR(GA[[#This Row],[Plant Equivalent Weightage]]*GA[[#This Row],[Resolution Time]],"") -> 0.56512152 | AC6: 0.32 | AD6: 2312
A7: =A6+1 -> 5 | B7: 45822 | C7: 2026 | D7: 2025 | E7: Year_4 | F7: Year_4 | G7: =GA[[#This Row],[Date]]-DAY(GA[[#This Row],[Date]])+1 -> 45809 | H7: 30 | I7: =_xlfn.XLOOKUP(GA[[#This Row],[Date]],RD[Date],RD[Sunrise Time (POA>20 W/m2)],0) -> 0.25555556 | J7: =_xlfn.XLOOKUP(GA[[#This Row],[Date]],RD[Date],RD[Sunset Time (POA<20 W/m2)],0) -> 0.77430556 | K7: =IFERROR((GA[[#This Row],[Sunset Time (POA<20 W/m2)]]-GA[[#This Row],[Sunrise Time (POA>20 W/m2)]])*24,"") -> 12.45 | L7: Outgoing_F5 | M7: =_xlfn.XLOOKUP(GA[[#This Row],[Affceted Equipment]],'Basic Data'!$A$1:$A$183,'Basic Data'!$B$1:$B$183,0) -> 24213.795 | N7: PLANT | O7: Grid System | P7: =IFERROR(VLOOKUP(GA[[#This Row],[Affceted Equipment]],'Basic Data'!$A$2:$C$183,3,0),"") -> 0.99727327 | R7: F-5 tripped due to earth fault .& 06 MW SS G#-R-Phase Jumpera and connector melt/Cut | S7: 0.35069444 | T7: 0.35069444 | U7: 0.35069444 | V7: 0.37847222 | Y7: =(GA[[#This Row],[Work Completiuon time on fualt]]-GA[[#This Row],[Fault Time]])*24 -> 0.66666667 | Z7: G3 - INV 05 and 06 kept under shut down and restarted VCB at substation and plant restored | AA7: Close | AB7: =IFERROR(GA[[#This Row],[Plant Equivalent Weightage]]*GA[[#This Row],[Resolution Time]],"") -> 0.66484885 | AC7: 0.31 | AD7: =_xlfn.XLOOKUP(GA[[#This Row],[Month Year]],'Modelling New'!D:D,'Modelling New'!O:O)*GA[[#This Row],[DC Capacity Affceted (kW)]]*GA[[#This Row],[Lost POA (KWh/m2)]] -> 5491.4753
A8: =A7+1 -> 6 | B8: 45823 | C8: 2026 | D8: 2025 | E8: Year_4 | F8: Year_4 | G8: =GA[[#This Row],[Date]]-DAY(GA[[#This Row],[Date]])+1 -> 45809 | H8: 30 | I8: =_xlfn.XLOOKUP(GA[[#This Row],[Date]],RD[Date],RD[Sunrise Time (POA>20 W/m2)],0) -> 0.25625 | J8: =_xlfn.XLOOKUP(GA[[#This Row],[Date]],RD[Date],RD[Sunset Time (POA<20 W/m2)],0) -> 0.77638889 | K8: =IFERROR((GA[[#This Row],[Sunset Time (POA<20 W/m2)]]-GA[[#This Row],[Sunrise Time (POA>20 W/m2)]])*24,"") -> 12.483333 | L8: Outgoing_F5 | M8: =_xlfn.XLOOKUP(GA[[#This Row],[Affceted Equipment]],'Basic Data'!$A$1:$A$183,'Basic Data'!$B$1:$B$183,0) -> 24213.795 | N8: PLANT | O8: Grid System | P8: =IFERROR(VLOOKUP(GA[[#This Row],[Affceted Equipment]],'Basic Data'!$A$2:$C$183,3,0),"") -> 0.99727327 | R8: F-5 tripped due to earth fault and G2 and G3 VCB tripped due to earth fault. | S8: 0.26875 | T8: 0.26875 | U8: 0.29166667 | V8: 0.39791667 | Y8: =(GA[[#This Row],[Work Completiuon time on fualt]]-GA[[#This Row],[Fault Time]])*24 -> 3.1 | Z8: f-5 restored and G2 AND G3 kept shut down for fault restoration | AA8: Close | AB8: =IFERROR(GA[[#This Row],[Plant Equivalent Weightage]]*GA[[#This Row],[Resolution Time]],"") -> 3.0915471 | AC8: 0.613 | AD8: =_xlfn.XLOOKUP(GA[[#This Row],[Month Year]],'Modelling New'!D:D,'Modelling New'!O:O)*GA[[#This Row],[DC Capacity Affceted (kW)]]*GA[[#This Row],[Lost POA (KWh/m2)]] -> 10858.949

Sheet Basic Data
A1: Equipment | B1: Affected DC Capacity | C1: Plant Equivalent Weightage | E1: Fault Category Plant BD sheet | G1: Fault Category Tracker BD sheet | I1: Tracker Equipment | J1: Weightage of BD | K1: Plant Equivalent Weightage | M1: Status | U1: Capcity Bifurgation | V1: DC Capacity | AA1: Entity | AB1: Capcity | AC1: % of Target
A2: INV-1 | B2: 1075.2 | C2: =IFERROR(B2/$V$5,"") -> 0.044283361 | E2: Module | G2: MSAT100_PCB | I2: MSAT_Type1 (5*63) | J2: =5*63 -> 315 | K2: =J2/36540 -> 0.0086206897 | M2: Open | U2: 10 MW Seasonal Tilt | V2: 11.503 | X2: =V2*1000 -> 11503 | AA2: O2R6 | AB2: 9707.845 | AC2: =AB2/AB4 -> 0.76374806 | AH2: ='Daily Dashboard'!$B$4 -> 45839 | AK2: 20 MW PSEGPL Performance Summary
A3: INV-2 | B3: 1228.8 | C3: =IFERROR(B3/$V$5,"") -> 0.050609555 | E3: String Cable | G3: MSAT200_PCB | I3: MSAT_Type2(4*63) | J3: =4*63 -> 252 | K3: =J3/36540 -> 0.0068965517 | M3: Close | U3: 10 MW New | V3: 12.777 | AA3: O2R10 | AB3: 3002.95 | AC3: =AB3/AB4 -> 0.23625194 | AH3: From | AI3: To | AJ3: DC | AL3: Days | AM3: Estimated POA(KWh/m2) | AN3: Measured POA (KWh/m2) | AO3: Budgeted Energy (MWh) | AP3: Measured Energy (MWh) | AQ3: Targt PR (%) | AR3: Measured PR(%) | AS3: Target DC CUF (%) | AT3: Measured DC CUF (%) | AU3: Target GA (%) | AV3: Measured GA (%) | AW3: Target PA (%) | AX3: Measured PA (%)
A4: INV-3 | B4: 1075.2 | C4: =IFERROR(B4/$V$5,"") -> 0.044283361 | E4: String Fuse | G4: Tilt Sensor | I4: MSAT_Type3(3*63) | J4: =3*63 -> 189 | K4: =J4/36540 -> 0.0051724138 | U4: Total | V4: =SUM(V2:V3) -> 24.28 | AA4: Total | AB4: =SUM(AB2:AB3) -> 12710.795 | AF4: PSEGPL | AG4: Day | AH4: ='Daily Dashboard'!B5 -> 45869 | AI4: =AH4 -> 45869 | AJ4: 11.5031 | AL4: 1 | AM4: =_xlfn.XLOOKUP(AI4,'Daily KPI'!$A:$A,'Daily KPI'!$AC:$AC) -> 4.4064516 | AN4: =_xlfn.XLOOKUP($AI4,'Raw Data'!$A:$A,'Raw Data'!AP:AP) -> 4.44 | AO4: =_xlfn.XLOOKUP($AH$2,$AM$11:$AM$47,$AS$11:$AS$47) -> 36.011228 | AP4: =(_xlfn.XLOOKUP($AI4,'Raw Data'!$A:$A,'Raw Data'!BN:BN)/1000)-(_xlfn.XLOOKUP($AI4,'Raw Data'!$A:$A,'Raw Data'!BO:BO)/1000) -> 39.03 | AQ4: =AO4/AM4/AJ4 -> 0.71045084 | AR4: =AP4/AN4/AJ4 -> 0.76418883 | AS4: =AO4/AJ4/24*AL4 -> 0.1304403 | AT4: =AP4/AJ4/(24*AL4) -> 0.14137493 | AU4: 0.9975 | AV4: =_xlfn.XLOOKUP($AI4,'Daily KPI'!$A:$A,'Daily KPI'!$R:$R) -> 1 | AW4: 0.9975 | AX4: =_xlfn.XLOOKUP($AI4,'Daily KPI'!$A:$A,'Daily KPI'!$O:$O) -> 0.99937336
A5: INV-4 | B5: 1228.5 | C5: =IFERROR(B5/$V$5,"") -> 0.050597199 | E5: Inverter | O5: DC capacity | P5: strings | Q5: watt | R5: Modules per string | V5: =V4*1000 -> 24280 | AF5: PSEGPL | AG5: MTD | AH5: ='Monthly KPI'!A4 -> 45839 | AI5: =$AI$4 -> 45869 | AJ5: 11.5031 | AL5: =AI5-AH5+1 -> 31 | AM5: =_xlfn.XLOOKUP($AH$2,'Modelling New'!$D:$D,'Modelling New'!$R:$R) -> 136.6 | AN5: =SUMIF('Raw Data'!F:F,'Basic Data'!AH2,'Raw Data'!AP:AP) -> 115.036 | AO5: =_xlfn.XLOOKUP($AH$2,$AM$11:$AM$47,$AT$11:$AT$47) -> 1116.3481 | AP5: =(SUMIF('Raw Data'!$F:$F,'Basic Data'!$AH2,'Raw Data'!BN:BN)/1000)-(SUMIF('Raw Data'!$F:$F,'Basic Data'!$AH2,'Raw Data'!BO:BO)/1000) -> 969.87 | AQ5: =AO5/AM5/AJ5 -> 0.71045084 | AR5: =AP5/AN5/AJ5 -> 0.73293398 | AS5: =AO5/AJ5/(24*AL5) -> 0.1304403 | AT5: =AP5/AJ5/(24*AL5) -> 0.11332499 | AU5: 0.9975 | AV5: =AVERAGEIFS('Daily KPI'!$R:$R,'Daily KPI'!$D:$D,'Basic Data'!$AH$2,'Daily KPI'!$R:$R,"<>0") -> 1 | AW5: 0.9975 | AX5: =AVERAGEIFS('Daily KPI'!$O:$O,'Daily KPI'!$D:$D,'Basic Data'!$AH$2,'Daily KPI'!$O:$O,"<>0") -> 0.96254936
A6: INV-5 | B6: 1248 | C6: =IFERROR(B6/$V$5,"") -> 0.051400329 | E6: SCB | N6: Inv1_CB1 | O6: =Q6*P6*R6/1000 -> 153.6 | P6: 24 | Q6: 320 | R6: 20 | AF6: PSEGPL | AG6: YTD | AH6: ='Daily Dashboard'!B7 -> 45748 | AI6: =$AI$4 -> 45869 | AJ6: 11.5031 | AL6: =AI6-AH6+1 -> 122 | AM6: =_xlfn.XLOOKUP($AH$2,'Modelling New'!$D:$D,'Modelling New'!$S:$S) -> 691.4 | AN6: =SUMIFS('Raw Data'!AP:AP,'Raw Data'!$A:$A,">="&'Basic Data'!$AH6,'Raw Data'!$A:$A,"<="&'Basic Data'!$AI6) -> 607.27218 | AO6: =_xlfn.XLOOKUP($AH$2,$AM$11:$AM$47,$AU$11:$AU$47) -> 5424.9576 | AP6: =(SUMIFS('Raw Data'!BN:BN,'Raw Data'!$A:$A,">="&'Basic Data'!$AH6,'Raw Data'!$A:$A,"<="&'Basic Data'!$AI6)/1000)-(SUMIFS('Raw Data'!BO:BO,'Raw Data'!$A:$A,">="&'Basic Data'!$AH6,'Raw Data'!$A:$A,"<="&'Basic Data'!$AI6)/1000) -> 4746.21 | AQ6: =AO6/AM6/AJ6 -> 0.68210633 | AR6: =AP6/AN6/AJ6 -> 0.67943618 | AS6: =AO6/AJ6/(24*AL6) -> 0.16106841 | AT6: =AP6/AJ6/(24*AL6) -> 0.14091622 | AU6: 0.9975 | AV6: =AVERAGEIFS('Daily KPI'!$R:$R,'Daily KPI'!$R:$R,"<>0",'Daily KPI'!$A:$A,">="&'Basic Data'!$AH6,'Daily KPI'!$A:$A,"<="&'Basic Data'!$AI6) -> 0.99209933 | AW6: 0.9975 | AX6: =AVERAGEIFS('Daily KPI'!$O:$O,'Daily KPI'!$O:$O,"<>0",'Daily KPI'!$A:$A,">="&'Basic Data'!$AH6,'Daily KPI'!$A:$A,"<="&'Basic Data'!$AI6) -> 0.96898566
A7: INV-6 | B7: 1053 | C7: =IFERROR(B7/$V$5,"") -> 0.043369028 | E7: InverterAC Cable | N7: Inv1_CB2 | O7: =Q7*P7*R7/1000 -> 153.6 | P7: 24 | Q7: 320 | R7: 20 | AF7: PSEGPL2 | AG7: Day | AH7: =AH4 -> 45869 | AI7: =$AI$4 -> 45869 | AJ7: 12.775 | AL7: =AL4 -> 1 | AM7: =_xlfn.XLOOKUP(AI7,'Daily KPI'!$A:$A,'Daily KPI'!$AC:$AC) -> 4.4064516 | AN7: =_xlfn.XLOOKUP($AI$7,'Raw Data'!A:A,'Raw Data'!AQ:AQ) -> 4.532 | AO7: =_xlfn.XLOOKUP($AH$2,$AM$11:$AM$47,$AW$11:$AW$47) -> 41.465535 | AP7: =(_xlfn.XLOOKUP($AI7,'Raw Data'!$A:$A,'Raw Data'!BP:BP)/1000)-(_xlfn.XLOOKUP($AI7,'Raw Data'!$A:$A,'Raw Data'!BQ:BQ)/1000) -> 49.7112 | AQ7: =AO7/AM7/AJ7 -> 0.73660958 | AR7: =AP7/AN7/AJ7 -> 0.85862482 | AS7: =AO7/AJ7/(24*AL7) -> 0.1352431 | AT7: =AP7/AJ7/(24*AL7) -> 0.16213699 | AU7: 0.9975 | AV7: =_xlfn.XLOOKUP($AI7,'Daily KPI'!$A:$A,'Daily KPI'!$R:$R) -> 1 | AW7: 0.9975 | AX7: =_xlfn.XLOOKUP($AI7,'Daily KPI'!$A:$A,'Daily KPI'!$O:$O) -> 0.99937336
A8: INV-7 | B8: 1222 | C8: =IFERROR(B8/$V$5,"") -> 0.050329489 | E8: IDT | N8: Inv1_CB3 | O8: =Q8*P8*R8/1000 -> 153.6 | P8: 24 | Q8: 320 | R8: 20 | AF8: PSEGPL2 | AG8: MTD | AH8: =AH5 -> 45839 | AI8: =$AI$4 -> 45869 | AJ8: 12.775 | AL8: =AL5 -> 31 | AM8: =_xlfn.XLOOKUP($AH$2,'Modelling New'!$D:$D,'Modelling New'!$R:$R) -> 136.6 | AN8: =SUMIF('Raw Data'!F:F,'Basic Data'!$AH2,'Raw Data'!AQ:AQ) -> 112.135 | AO8: =_xlfn.XLOOKUP($AH$2,$AM$11:$AM$47,$AX$11:$AX$47) -> 1285.4316 | AP8: =(SUMIF('Raw Data'!$F:$F,'Basic Data'!$AH2,'Raw Data'!BP:BP)/1000)-(SUMIF('Raw Data'!$F:$F,'Basic Data'!$AH2,'Raw Data'!BQ:BQ)/1000) -> 1242.3666 | AQ8: =AO8/AM8/AJ8 -> 0.73660958 | AR8: =AP8/AN8/AJ8 -> 0.86725671 | AS8: =AO8/AJ8/(24*AL8) -> 0.1352431 | AT8: =AP8/AJ8/(24*AL8) -> 0.13071214 | AU8: 0.9975 | AV8: =AVERAGEIFS('Daily KPI'!$R:$R,'Daily KPI'!$D:$D,'Basic Data'!$AH$2,'Daily KPI'!$R:$R,"<>0") -> 1 | AW8: 0.9975 | AX8: =AVERAGEIFS('Daily KPI'!$O:$O,'Daily KPI'!$D:$D,'Basic Data'!$AH$2,'Daily KPI'!$O:$O,"<>0") -> 0.96254936
A9: INV-8 | B9: 1075.2 | C9: =IFERROR(B9/$V$5,"") -> 0.044283361 | E9: IDT MV Cable | N9: Inv1_CB4 | O9: =Q9*P9*R9/1000 -> 153.6 | P9: 24 | Q9: 320 | R9: 20 | U9: MF Cap HCCB | V9: 60 | W9: 6MW | AF9: PSEGPL2 | AG9: YTD | AH9: =AH6 -> 45748 | AI9: =$AI$4 -> 45869 | AJ9: 12.775 | AL9: =AI9-AH9+1 -> 122 | AM9: =_xlfn.XLOOKUP($AH$2,'Modelling New'!$D:$D,'Modelling New'!$S:$S) -> 691.4 | AN9: =SUMIFS('Raw Data'!AQ:AQ,'Raw Data'!$A:$A,">="&'Basic Data'!$AH9,'Raw Data'!$A:$A,"<="&'Basic Data'!$AI9) -> 597.82482 | AO9: =_xlfn.XLOOKUP($AH$2,$AM$11:$AM$47,$AY$11:$AY$47) -> 7041.6482 | AP9: =(SUMIFS('Raw Data'!BP:BP,'Raw Data'!$A:$A,">="&'Basic Data'!$AH9,'Raw Data'!$A:$A,"<="&'Basic Data'!$AI9)/1000)-(SUMIFS('Raw Data'!BQ:BQ,'Raw Data'!$A:$A,">="&'Basic Data'!$AH9,'Raw Data'!$A:$A,"<="&'Basic Data'!$AI9)/1000) -> 6456.6267 | AQ9: =AO9/AM9/AJ9 -> 0.79723075 | AR9: =AP9/AN9/AJ9 -> 0.84541671 | AS9: =AO9/AJ9/(24*AL9) -> 0.18825319 | AT9: =AP9/AJ9/(24*AL9) -> 0.17261308 | AU9: 0.9975 | AV9: =AVERAGEIFS('Daily KPI'!$R:$R,'Daily KPI'!$R:$R,"<>0",'Daily KPI'!$A:$A,">="&'Basic Data'!$AH9,'Daily KPI'!$A:$A,"<="&'Basic Data'!$AI9) -> 0.99209933 | AW9: 0.9975 | AX9: =AVERAGEIFS('Daily KPI'!$O:$O,'Daily KPI'!$O:$O,"<>0",'Daily KPI'!$A:$A,">="&'Basic Data'!$AH9,'Daily KPI'!$A:$A,"<="&'Basic Data'!$AI9) -> 0.96898566
A10: INV-9 | B10: 1222 | C10: =IFERROR(B10/$V$5,"") -> 0.050329489 | E10: ICOG | N10: Inv1_CB5 | O10: =Q10*P10*R10/1000 -> 153.6 | P10: 24 | Q10: 320 | R10: 20 | U10: MF Cap Pepsico | V10: 45 | W10: 4MW
A11: INV-10 | B11: 1075.2 | C11: =IFERROR(B11/$V$5,"") -> 0.044283361 | E11: IC MV Panel | N11: Inv1_CB6 | O11: =Q11*P11*R11/1000 -> 153.6 | P11: 24 | Q11: 320 | R11: 20 | U11: MF Cap O2RE6 | V11: 90 | W11: 7.8 | AK11: Month Name | AL11: Month Number | AM11: Month | AN11: CY | AO11: FY | AP11: No. of Days in Month | AQ11: Days Operated | AR11: E Grid PSEGPL | AS11: E Grid PSEGPL Daily | AT11: E Grid PSEGPL MTD | AU11: E Grid PSEGPL YTD | AV11: E Grid PSEGPL2 | AW11: E Grid PSEGPL2 Daily | AX11: E Grid PSEGPL2 MTD | AY11: E Grid PSEGPL2 YTD
A12: INV-1_CB1 | B12: 153.6 | C12: =IFERROR(B12/$V$5,"") -> 0.0063261944 | E12: Isolator | I12: CCU_Type2(4*63) | J12: =4*63 -> 252 | K12: =J12/36540 -> 0.0068965517 | N12: Inv1_CB7 | O12: =Q12*P12*R12/1000 -> 153.6 | P12: 24 | Q12: 320 | R12: 20 | U12: MF Cap O2RE10 | V12: 30 | W12: 2.2 | AK12: April | AL12: 4 | AM12: 45017 | AN12: =YEAR(AM12) -> 2023 | AO12: FY24 | AP12: =DAY(EOMONTH(AM12,0)) -> 30 | AQ12: ='Modelling New'!Q2 -> 0 | AR12: 1520 | AS12: =AR12/AP12 -> 50.666667 | AT12: =AR12/AP12*AQ12 -> 0 | AU12: =SUMIF($AO$12:$AO12,$AO12,$AT$12:AT12) -> 0 | AV12: 2210.4497 | AW12: =AV12/AP12 -> 73.681656 | AX12: =AV12/AP12*AQ12 -> 0 | AY12: =SUMIF($AO$12:$AO12,$AO12,$AX$12:AX12) -> 0
A13: INV-1_CB2 | B13: 153.6 | C13: =IFERROR(B13/$V$5,"") -> 0.0063261944 | E13: Outgoing | I13: CCU_Type3(3*63) | J13: =3*63 -> 189 | K13: =J13/36540 -> 0.0051724138 | N13: Inv1_CB8 | O13: =Q13*P13*R13/1000 -> 0 | P13: 0 | Q13: 320 | R13: 20 | AK13: May | AL13: 5 | AM13: 45047 | AN13: =YEAR(AM13) -> 2023 | AO13: FY24 | AP13: =DAY(EOMONTH(AM13,0)) -> 31 | AQ13: ='Modelling New'!Q3 -> 0 | AR13: 1620 | AS13: =AR13/AP13 -> 52.258065 | AT13: =AR13/AP13*AQ13 -> 0 | AU13: =SUMIF($AO$12:$AO13,$AO13,$AT$12:AT13) -> 0 | AV13: 2066.2483 | AW13: =AV13/AP13 -> 66.653172 | AX13: =AV13/AP13*AQ13 -> 0 | AY13: =SUMIF($AO$12:$AO13,$AO13,$AX$12:AX13) -> 0
A14: INV-1_CB3 | B14: 153.6 | C14: =IFERROR(B14/$V$5,"") -> 0.0063261944 | E14: Incomer MV Cable | I14: CCU_Type4(5*42) | J14: =5*42 -> 210 | K14: =J14/36540 -> 0.0057471264 | N14: Inv2_CB1 | O14: =Q14*P14*R14/1000 -> 153.6 | P14: 24 | Q14: 320 | R14: 20 | AK14: June | AL14: 6 | AM14: 45078 | AN14: =YEAR(AM14) -> 2023 | AO14: FY24 | AP14: =DAY(EOMONTH(AM14,0)) -> 30 | AQ14: ='Modelling New'!Q4 -> 0 | AR14: 1230 | AS14: =AR14/AP14 -> 41 | AT14: =AR14/AP14*AQ14 -> 0 | AU14: =SUMIF($AO$12:$AO14,$AO14,$AT$12:AT14) -> 0 | AV14: 1587.3331 | AW14: =AV14/AP14 -> 52.911103 | AX14: =AV14/AP14*AQ14 -> 0 | AY14: =SUMIF($AO$12:$AO14,$AO14,$AX$12:AX14) -> 0
A15: INV-1_CB4 | B15: 153.6 | C15: =IFERROR(B15/$V$5,"") -> 0.0063261944 | E15: Incomer MV Panel | I15: CCU_Type5(4*42) | J15: =4*42 -> 168 | K15: =J15/36540 -> 0.0045977011 | N15: Inv2_CB2 | O15: =Q15*P15*R15/1000 -> 153.6 | P15: 24 | Q15: 320 | R15: 20 | AK15: July | AL15: 7 | AM15: 45108 | AN15: =YEAR(AM15) -> 2023 | AO15: FY24 | AP15: =DAY(EOMONTH(AM15,0)) -> 31 | AQ15: ='Modelling New'!Q5 -> 0 | AR15: 1150 | AS15: =AR15/AP15 -> 37.096774 | AT15: =AR15/AP15*AQ15 -> 0 | AU15: =SUMIF($AO$12:$AO15,$AO15,$AT$12:AT15) -> 0 | AV15: 1312.4773 | AW15: =AV15/AP15 -> 42.337978 | AX15: =AV15/AP15*AQ15 -> 0 | AY15: =SUMIF($AO$12:$AO15,$AO15,$AX$12:AX15) -> 0
A16: INV-1_CB5 | B16: 153.6 | C16: =IFERROR(B16/$V$5,"") -> 0.0063261944 | E16: Metering System Plant | I16: CCU_Type6(3*42) | J16: =3*42 -> 126 | K16: =J16/36540 -> 0.0034482759 | N16: Inv2_CB3 | O16: =Q16*P16*R16/1000 -> 153.6 | P16: 24 | Q16: 320 | R16: 20 | AK16: August | AL16: 8 | AM16: 45139 | AN16: =YEAR(AM16) -> 2023 | AO16: FY24 | AP16: =DAY(EOMONTH(AM16,0)) -> 31 | AQ16: ='Modelling New'!Q6 -> 0 | AR16: 1090 | AS16: =AR16/AP16 -> 35.16129 | AT16: =AR16/AP16*AQ16 -> 0 | AU16: =SUMIF($AO$12:$AO16,$AO16,$AT$12:AT16) -> 0 | AV16: 1393.6345 | AW16: =AV16/AP16 -> 44.955952 | AX16: =AV16/AP16*AQ16 -> 0 | AY16: =SUMIF($AO$12:$AO16,$AO16,$AX$12:AX16) -> 0
A17: INV-1_CB6 | B17: 153.6 | C17: =IFERROR(B17/$V$5,"") -> 0.0063261944 | E17: Grid System | I17: Actuator Type1(1*63) | J17: 63 | K17: =J17/36540 -> 0.0017241379 | N17: Inv2_CB4 | O17: =Q17*P17*R17/1000 -> 153.6 | P17: 24 | Q17: 320 | R17: 20 | AK17: September | AL17: 9 | AM17: 45170 | AN17: =YEAR(AM17) -> 2023 | AO17: FY24 | AP17: =DAY(EOMONTH(AM17,0)) -> 30 | AQ17: ='Modelling New'!Q7 -> 0 | AR17: 1200 | AS17: =AR17/AP17 -> 40 | AT17: =AR17/AP17*AQ17 -> 0 | AU17: =SUMIF($AO$12:$AO17,$AO17,$AT$12:AT17) -> 0 | AV17: 1634.4158 | AW17: =AV17/AP17 -> 54.480527 | AX17: =AV17/AP17*AQ17 -> 0 | AY17: =SUMIF($AO$12:$AO17,$AO17,$AX$12:AX17) -> 0
A18: INV-1_CB7 | B18: 153.6 | C18: =IFERROR(B18/$V$5,"") -> 0.0063261944 | E18: Metering System Grid | I18: Actuator Type2(1*42) | J18: 42 | K18: =J18/36540 -> 0.0011494253 | N18: Inv2_CB5 | O18: =Q18*P18*R18/1000 -> 153.6 | P18: 24 | Q18: 320 | R18: 20 | AK18: October | AL18: 10 | AM18: 45200 | AN18: =YEAR(AM18) -> 2023 | AO18: FY24 | AP18: =DAY(EOMONTH(AM18,0)) -> 31 | AQ18: ='Modelling New'!Q8 -> 0 | AR18: 1530 | AS18: =AR18/AP18 -> 49.354839 | AT18: =AR18/AP18*AQ18 -> 0 | AU18: =SUMIF($AO$12:$AO18,$AO18,$AT$12:AT18) -> 0 | AV18: 1797.7069 | AW18: =AV18/AP18 -> 57.990545 | AX18: =AV18/AP18*AQ18 -> 0 | AY18: =SUMIF($AO$12:$AO18,$AO18,$AX$12:AX18) -> 0
A19: INV-1_CB8 | B19: 0 | C19: =IFERROR(B19/$V$5,"") -> 0 | E19: WMS | I19: RTC | N19: Inv2_CB6 | O19: =Q19*P19*R19/1000 -> 153.6 | P19: 24 | Q19: 320 | R19: 20 | AK19: November | AL19: 11 | AM19: 45231 | AN19: =YEAR(AM19) -> 2023 | AO19: FY24 | AP19: =DAY(EOMONTH(AM19,0)) -> 30 | AQ19: ='Modelling New'!Q9 -> 0 | AR19: 1520 | AS19: =AR19/AP19 -> 50.666667 | AT19: =AR19/AP19*AQ19 -> 0 | AU19: =SUMIF($AO$12:$AO19,$AO19,$AT$12:AT19) -> 0 | AV19: 1875.8173 | AW19: =AV19/AP19 -> 62.527245 | AX19: =AV19/AP19*AQ19 -> 0 | AY19: =SUMIF($AO$12:$AO19,$AO19,$AX$12:AX19) -> 0
A20: INV-2_CB1 | B20: 153.6 | C20: =IFERROR(B20/$V$5,"") -> 0.0063261944 | E20: MMS | I20: Gateway | N20: Inv2_CB7 | O20: =Q20*P20*R20/1000 -> 153.6 | P20: 24 | Q20: 320 | R20: 20 | AK20: December | AL20: 12 | AM20: 45261 | AN20: =YEAR(AM20) -> 2023 | AO20: FY24 | AP20: =DAY(EOMONTH(AM20,0)) -> 31 | AQ20: ='Modelling New'!Q10 -> 0 | AR20: 1660 | AS20: =AR20/AP20 -> 53.548387 | AT20: =AR20/AP20*AQ20 -> 0 | AU20: =SUMIF($AO$12:$AO20,$AO20,$AT$12:AT20) -> 0 | AV20: 1805.8565 | AW20: =AV20/AP20 -> 58.253434 | AX20: =AV20/AP20*AQ20 -> 0 | AY20: =SUMIF($AO$12:$AO20,$AO20,$AX$12:AX20) -> 0
A21: INV-2_CB2 | B21: 153.6 | C21: =IFERROR(B21/$V$5,"") -> 0.0063261944 | E21: Battery Charger_MCR | I21: Repeater | N21: Inv2_CB8 | O21: =Q21*P21*R21/1000 -> 153.6 | P21: 24 | Q21: 320 | R21: 20 | AK21: January | AL21: 1 | AM21: 45292 | AN21: =YEAR(AM21) -> 2024 | AO21: FY24 | AP21: =DAY(EOMONTH(AM21,0)) -> 31 | AQ21: ='Modelling New'!Q11 -> 0 | AR21: 1730 | AS21: =AR21/AP21 -> 55.806452 | AT21: =AR21/AP21*AQ21 -> 0 | AU21: =SUMIF($AO$12:$AO21,$AO21,$AT$12:AT21) -> 0 | AV21: 1939.8168 | AW21: =AV21/AP21 -> 62.574735 | AX21: =AV21/AP21*AQ21 -> 0 | AY21: =SUMIF($AO$12:$AO21,$AO21,$AX$12:AX21) -> 0
A22: INV-2_CB3 | B22: 153.6 | C22: =IFERROR(B22/$V$5,"") -> 0.0063261944 | E22: IC_UPS | I22: Switch | N22: Inv3_CB1 | O22: =Q22*P22*R22/1000 -> 153.6 | P22: 24 | Q22: 320 | R22: 20 | AK22: February | AL22: 2 | AM22: 45323 | AN22: =YEAR(AM22) -> 2024 | AO22: FY24 | AP22: =DAY(EOMONTH(AM22,0)) -> 29 | AQ22: ='Modelling New'!Q12 -> 0 | AR22: 1460 | AS22: =AR22/AP22 -> 50.344828 | AT22: =AR22/AP22*AQ22 -> 0 | AU22: =SUMIF($AO$12:$AO22,$AO22,$AT$12:AT22) -> 0 | AV22: 1952.3303 | AW22: =AV22/AP22 -> 67.321733 | AX22: =AV22/AP22*AQ22 -> 0 | AY22: =SUMIF($AO$12:$AO22,$AO22,$AX$12:AX22) -> 0
A23: INV-2_CB4 | B23: 153.6 | C23: =IFERROR(B23/$V$5,"") -> 0.0063261944 | E23: IC_Auxiliary Tranformer | N23: Inv3_CB2 | O23: =Q23*P23*R23/1000 -> 153.6 | P23: 24 | Q23: 320 | R23: 20 | AK23: March | AL23: 3 | AM23: 45352 | AN23: =YEAR(AM23) -> 2024 | AO23: FY24 | AP23: =DAY(EOMONTH(AM23,0)) -> 31 | AQ23: ='Modelling New'!Q13 -> 0 | AR23: 1690 | AS23: =AR23/AP23 -> 54.516129 | AT23: =AR23/AP23*AQ23 -> 0 | AU23: =SUMIF($AO$12:$AO23,$AO23,$AT$12:AT23) -> 0 | AV23: 2276.1272 | AW23: =AV23/AP23 -> 73.423458 | AX23: =AV23/AP23*AQ23 -> 0 | AY23: =SUMIF($AO$12:$AO23,$AO23,$AX$12:AX23) -> 0
A24: INV-2_CB5 | B24: 153.6 | C24: =IFERROR(B24/$V$5,"") -> 0.0063261944 | E24: IC_Auxiliary DB | N24: Inv3_CB3 | O24: =Q24*P24*R24/1000 -> 153.6 | P24: 24 | Q24: 320 | R24: 20 | AK24: =AK12 -> April | AL24: =AL12 -> 4 | AM24: 45383 | AN24: =YEAR(AM24) -> 2024 | AO24: FY25 | AP24: =DAY(EOMONTH(AM24,0)) -> 30 | AQ24: ='Modelling New'!Q14 -> 0 | AR24: 1529.1 | AS24: =AR24/AP24 -> 50.97 | AT24: =AR24/AP24*AQ24 -> 0 | AU24: =SUMIF($AO$12:$AO24,$AO24,$AT$12:AT24) -> 0 | AV24: 1076.1206 | AW24: =AV24/AP24 -> 35.870685 | AX24: =AV24/AP24*AQ24 -> 0 | AY24: =SUMIF($AO$12:$AO24,$AO24,$AX$12:AX24) -> 0
A25: INV-2_CB6 | B25: 153.6 | C25: =IFERROR(B25/$V$5,"") -> 0.0063261944 | E25: IC_SCADA Panel | N25: Inv3_CB4 | O25: =Q25*P25*R25/1000 -> 153.6 | P25: 24 | Q25: 320 | R25: 20 | AK25: =AK13 -> May | AL25: =AL13 -> 5 | AM25: 45413 | AN25: =YEAR(AM25) -> 2024 | AO25: FY25 | AP25: =DAY(EOMONTH(AM25,0)) -> 31 | AQ25: ='Modelling New'!Q15 -> 0 | AR25: 1573.6 | AS25: =AR25/AP25 -> 50.76129 | AT25: =AR25/AP25*AQ25 -> 0 | AU25: =SUMIF($AO$12:$AO25,$AO25,$AT$12:AT25) -> 0 | AV25: 2234.9052 | AW25: =AV25/AP25 -> 72.093715 | AX25: =AV25/AP25*AQ25 -> 0 | AY25: =SUMIF($AO$12:$AO25,$AO25,$AX$12:AX25) -> 0
A26: INV-2_CB7 | B26: 153.6 | C26: =IFERROR(B26/$V$5,"") -> 0.0063261944 | E26: MC4 Connector | N26: Inv3_CB5 | O26: =Q26*P26*R26/1000 -> 153.6 | P26: 24 | Q26: 320 | R26: 20 | AK26: =AK14 -> June | AL26: =AL14 -> 6 | AM26: 45444 | AN26: =YEAR(AM26) -> 2024 | AO26: FY25 | AP26: =DAY(EOMONTH(AM26,0)) -> 30 | AQ26: ='Modelling New'!Q16 -> 0 | AR26: 1236.3 | AS26: =AR26/AP26 -> 41.21 | AT26: =AR26/AP26*AQ26 -> 0 | AU26: =SUMIF($AO$12:$AO26,$AO26,$AT$12:AT26) -> 0 | AV26: 1529.1051 | AW26: =AV26/AP26 -> 50.970171 | AX26: =AV26/AP26*AQ26 -> 0 | AY26: =SUMIF($AO$12:$AO26,$AO26,$AX$12:AX26) -> 0
A27: INV-2_CB8 | B27: 153.6 | C27: =IFERROR(B27/$V$5,"") -> 0.0063261944 | E27: Y-Connector | N27: Inv3_CB6 | O27: =Q27*P27*R27/1000 -> 153.6 | P27: 24 | Q27: 320 | R27: 20 | AK27: =AK15 -> July | AL27: =AL15 -> 7 | AM27: 45474 | AN27: =YEAR(AM27) -> 2024 | AO27: FY25 | AP27: =DAY(EOMONTH(AM27,0)) -> 31 | AQ27: ='Modelling New'!Q17 -> 0 | AR27: 1124.2 | AS27: =AR27/AP27 -> 36.264516 | AT27: =AR27/AP27*AQ27 -> 0 | AU27: =SUMIF($AO$12:$AO27,$AO27,$AT$12:AT27) -> 0 | AV27: 1300.3808 | AW27: =AV27/AP27 -> 41.947766 | AX27: =AV27/AP27*AQ27 -> 0 | AY27: =SUMIF($AO$12:$AO27,$AO27,$AX$12:AX27) -> 0
A28: INV-3_CB1 | B28: 153.6 | C28: =IFERROR(B28/$V$5,"") -> 0.0063261944 | N28: Inv3_CB7 | O28: =Q28*P28*R28/1000 -> 153.6 | P28: 24 | Q28: 320 | R28: 20 | AK28: =AK16 -> August | AL28: =AL16 -> 8 | AM28: 45505 | AN28: =YEAR(AM28) -> 2024 | AO28: FY25 | AP28: =DAY(EOMONTH(AM28,0)) -> 31 | AQ28: ='Modelling New'!Q18 -> 0 | AR28: 1062.2 | AS28: =AR28/AP28 -> 34.264516 | AT28: =AR28/AP28*AQ28 -> 0 | AU28: =SUMIF($AO$12:$AO28,$AO28,$AT$12:AT28) -> 0 | AV28: 1360.0312 | AW28: =AV28/AP28 -> 43.871976 | AX28: =AV28/AP28*AQ28 -> 0 | AY28: =SUMIF($AO$12:$AO28,$AO28,$AX$12:AX28) -> 0
A29: INV-3_CB2 | B29: 153.6 | C29: =IFERROR(B29/$V$5,"") -> 0.0063261944 | N29: Inv3_CB8 | O29: =Q29*P29*R29/1000 -> 0 | P29: 0 | Q29: 320 | R29: 20 | AK29: =AK17 -> September | AL29: =AL17 -> 9 | AM29: 45536 | AN29: =YEAR(AM29) -> 2024 | AO29: FY25 | AP29: =DAY(EOMONTH(AM29,0)) -> 30 | AQ29: ='Modelling New'!Q19 -> 0 | AR29: 1203.6 | AS29: =AR29/AP29 -> 40.12 | AT29: =AR29/AP29*AQ29 -> 0 | AU29: =SUMIF($AO$12:$AO29,$AO29,$AT$12:AT29) -> 0 | AV29: 1458.5508 | AW29: =AV29/AP29 -> 48.618359 | AX29: =AV29/AP29*AQ29 -> 0 | AY29: =SUMIF($AO$12:$AO29,$AO29,$AX$12:AX29) -> 0
A30: INV-3_CB3 | B30: 153.6 | C30: =IFERROR(B30/$V$5,"") -> 0.0063261944 | N30: Inv4_CB1 | O30: =Q30*P30*R30/1000 -> 156 | P30: 24 | Q30: 325 | R30: 20 | AK30: =AK18 -> October | AL30: =AL18 -> 10 | AM30: 45566 | AN30: =YEAR(AM30) -> 2024 | AO30: FY25 | AP30: =DAY(EOMONTH(AM30,0)) -> 31 | AQ30: ='Modelling New'!Q20 -> 0 | AR30: 1489.2 | AS30: =AR30/AP30 -> 48.03871 | AT30: =AR30/AP30*AQ30 -> 0 | AU30: =SUMIF($AO$12:$AO30,$AO30,$AT$12:AT30) -> 0 | AV30: 1865.0721 | AW30: =AV30/AP30 -> 60.163616 | AX30: =AV30/AP30*AQ30 -> 0 | AY30: =SUMIF($AO$12:$AO30,$AO30,$AX$12:AX30) -> 0
A31: INV-3_CB4 | B31: 153.6 | C31: =IFERROR(B31/$V$5,"") -> 0.0063261944 | N31: Inv4_CB2 | O31: =Q31*P31*R31/1000 -> 156 | P31: 24 | Q31: 325 | R31: 20 | AK31: =AK19 -> November | AL31: =AL19 -> 11 | AM31: 45597 | AN31: =YEAR(AM31) -> 2024 | AO31: FY25 | AP31: =DAY(EOMONTH(AM31,0)) -> 30 | AQ31: ='Modelling New'!Q21 -> 0 | AR31: 1532.5 | AS31: =AR31/AP31 -> 51.083333 | AT31: =AR31/AP31*AQ31 -> 0 | AU31: =SUMIF($AO$12:$AO31,$AO31,$AT$12:AT31) -> 0 | AV31: 1802.3429 | AW31: =AV31/AP31 -> 60.078095 | AX31: =AV31/AP31*AQ31 -> 0 | AY31: =SUMIF($AO$12:$AO31,$AO31,$AX$12:AX31) -> 0
A32: INV-3_CB5 | B32: 153.6 | C32: =IFERROR(B32/$V$5,"") -> 0.0063261944 | N32: Inv4_CB3 | O32: =Q32*P32*R32/1000 -> 156 | P32: 24 | Q32: 325 | R32: 20 | AK32: =AK20 -> December | AL32: =AL20 -> 12 | AM32: 45627 | AN32: =YEAR(AM32) -> 2024 | AO32: FY25 | AP32: =DAY(EOMONTH(AM32,0)) -> 31 | AQ32: ='Modelling New'!Q22 -> 0 | AR32: 1618.3 | AS32: =AR32/AP32 -> 52.203226 | AT32: =AR32/AP32*AQ32 -> 0 | AU32: =SUMIF($AO$12:$AO32,$AO32,$AT$12:AT32) -> 0 | AV32: 1802.7705 | AW32: =AV32/AP32 -> 58.153886 | AX32: =AV32/AP32*AQ32 -> 0 | AY32: =SUMIF($AO$12:$AO32,$AO32,$AX$12:AX32) -> 0
A33: INV-3_CB6 | B33: 153.6 | C33: =IFERROR(B33/$V$5,"") -> 0.0063261944 | N33: Inv4_CB4 | O33: =Q33*P33*R33/1000 -> 156 | P33: 24 | Q33: 325 | R33: 20 | AK33: =AK21 -> January | AL33: =AL21 -> 1 | AM33: 45658 | AN33: =YEAR(AM33) -> 2025 | AO33: FY25 | AP33: =DAY(EOMONTH(AM33,0)) -> 31 | AQ33: ='Modelling New'!Q23 -> 0 | AR33: 1682 | AS33: =AR33/AP33 -> 54.258065 | AT33: =AR33/AP33*AQ33 -> 0 | AU33: =SUMIF($AO$12:$AO33,$AO33,$AT$12:AT33) -> 0 | AV33: 1903.4976 | AW33: =AV33/AP33 -> 61.403148 | AX33: =AV33/AP33*AQ33 -> 0 | AY33: =SUMIF($AO$12:$AO33,$AO33,$AX$12:AX33) -> 0
A34: INV-3_CB7 | B34: 153.6 | C34: =IFERROR(B34/$V$5,"") -> 0.0063261944 | N34: Inv4_CB5 | O34: =Q34*P34*R34/1000 -> 156 | P34: 24 | Q34: 325 | R34: 20 | AK34: =AK22 -> February | AL34: =AL22 -> 2 | AM34: 45689 | AN34: =YEAR(AM34) -> 2025 | AO34: FY25 | AP34: =DAY(EOMONTH(AM34,0)) -> 28 | AQ34: ='Modelling New'!Q24 -> 0 | AR34: 1507.7 | AS34: =AR34/AP34 -> 53.846429 | AT34: =AR34/AP34*AQ34 -> 0 | AU34: =SUMIF($AO$12:$AO34,$AO34,$AT$12:AT34) -> 0 | AV34: 1830.8224 | AW34: =AV34/AP34 -> 65.386513 | AX34: =AV34/AP34*AQ34 -> 0 | AY34: =SUMIF($AO$12:$AO34,$AO34,$AX$12:AX34) -> 0
A35: INV-3_CB8 | B35: 0 | C35: =IFERROR(B35/$V$5,"") -> 0 | N35: Inv4_CB6 | O35: =Q35*P35*R35/1000 -> 156 | P35: 24 | Q35: 325 | R35: 20 | AK35: =AK23 -> March | AL35: =AL23 -> 3 | AM35: 45717 | AN35: =YEAR(AM35) -> 2025 | AO35: FY25 | AP35: =DAY(EOMONTH(AM35,0)) -> 31 | AQ35: ='Modelling New'!Q25 -> 3 | AR35: 1649.3 | AS35: =AR35/AP35 -> 53.203226 | AT35: =AR35/AP35*AQ35 -> 159.60968 | AU35: =SUMIF($AO$12:$AO35,$AO35,$AT$12:AT35) -> 159.60968 | AV35: 2350.143 | AW35: =AV35/AP35 -> 75.811064 | AX35: =AV35/AP35*AQ35 -> 227.43319 | AY35: =SUMIF($AO$12:$AO35,$AO35,$AX$12:AX35) -> 227.43319
A36: INV-4_CB1 | B36: 156 | C36: =IFERROR(B36/$V$5,"") -> 0.0064250412 | N36: Inv4_CB7 | O36: =Q36*P36*R36/1000 -> 149.5 | P36: 23 | Q36: 325 | R36: 20 | AK36: =AK24 -> April | AL36: =AL24 -> 4 | AM36: 45748 | AN36: =YEAR(AM36) -> 2025 | AO36: FY26 | AP36: =DAY(EOMONTH(AM36,0)) -> 30 | AQ36: ='Modelling New'!Q26 -> 30 | AR36: 1518.3717 | AS36: =AR36/AP36 -> 50.612391 | AT36: =AR36/AP36*AQ36 -> 1518.3717 | AU36: =SUMIF($AO$12:$AO36,$AO36,$AT$12:AT36) -> 1518.3717 | AV36: 2096.6265 | AW36: =AV36/AP36 -> 69.887549 | AX36: =AV36/AP36*AQ36 -> 2096.6265 | AY36: =SUMIF($AO$12:$AO36,$AO36,$AX$12:AX36) -> 2096.6265
A37: INV-4_CB2 | B37: 156 | C37: =IFERROR(B37/$V$5,"") -> 0.0064250412 | N37: Inv4_CB8 | O37: =Q37*P37*R37/1000 -> 143 | P37: 22 | Q37: 325 | R37: 20 | AK37: =AK25 -> May | AL37: =AL25 -> 5 | AM37: 45778 | AN37: =YEAR(AM37) -> 2025 | AO37: FY26 | AP37: =DAY(EOMONTH(AM37,0)) -> 31 | AQ37: ='Modelling New'!Q27 -> 31 | AR37: 1562.5454 | AS37: =AR37/AP37 -> 50.40469 | AT37: =AR37/AP37*AQ37 -> 1562.5454 | AU37: =SUMIF($AO$12:$AO37,$AO37,$AT$12:AT37) -> 3080.9171 | AV37: 2154.5319 | AW37: =AV37/AP37 -> 69.501028 | AX37: =AV37/AP37*AQ37 -> 2154.5319 | AY37: =SUMIF($AO$12:$AO37,$AO37,$AX$12:AX37) -> 4251.1583
A38: INV-4_CB3 | B38: 156 | C38: =IFERROR(B38/$V$5,"") -> 0.0064250412 | N38: Inv5_CB1 | O38: =Q38*P38*R38/1000 -> 156 | P38: 24 | Q38: 325 | R38: 20 | AK38: =AK26 -> June | AL38: =AL26 -> 6 | AM38: 45809 | AN38: =YEAR(AM38) -> 2025 | AO38: FY26 | AP38: =DAY(EOMONTH(AM38,0)) -> 30 | AQ38: ='Modelling New'!Q28 -> 30 | AR38: 1227.6925 | AS38: =AR38/AP38 -> 40.923082 | AT38: =AR38/AP38*AQ38 -> 1227.6925 | AU38: =SUMIF($AO$12:$AO38,$AO38,$AT$12:AT38) -> 4308.6096 | AV38: 1505.0583 | AW38: =AV38/AP38 -> 50.168609 | AX38: =AV38/AP38*AQ38 -> 1505.0583 | AY38: =SUMIF($AO$12:$AO38,$AO38,$AX$12:AX38) -> 5756.2166
A39: INV-4_CB4 | B39: 156 | C39: =IFERROR(B39/$V$5,"") -> 0.0064250412 | N39: Inv5_CB2 | O39: =Q39*P39*R39/1000 -> 156 | P39: 24 | Q39: 325 | R39: 20 | AK39: =AK27 -> July | AL39: =AL27 -> 7 | AM39: 45839 | AN39: =YEAR(AM39) -> 2025 | AO39: FY26 | AP39: =DAY(EOMONTH(AM39,0)) -> 31 | AQ39: ='Modelling New'!Q29 -> 31 | AR39: 1116.3481 | AS39: =AR39/AP39 -> 36.011228 | AT39: =AR39/AP39*AQ39 -> 1116.3481 | AU39: =SUMIF($AO$12:$AO39,$AO39,$AT$12:AT39) -> 5424.9576 | AV39: 1285.4316 | AW39: =AV39/AP39 -> 41.465535 | AX39: =AV39/AP39*AQ39 -> 1285.4316 | AY39: =SUMIF($AO$12:$AO39,$AO39,$AX$12:AX39) -> 7041.6482
... A47: INV-5_CB4 | B47: 156 | C47: =IFERROR(B47/$V$5,"") -> 0.0064250412 | N47: Inv6_CB2 | O47: =Q47*P47*R47/1000 -> 156 | P47: 24 | Q47: 325 | R47: 20 | AK47: =AK35 -> March | AL47: =AL35 -> 3 | AM47: 46082 | AN47: =YEAR(AM47) -> 2026 | AO47: FY26 | AP47: =DAY(EOMONTH(AM47,0)) -> 31 | AQ47: ='Modelling New'!Q37 -> 0 | AR47: 1637.7664 | AS47: =AR47/AP47 -> 52.831174 | AT47: =AR47/AP47*AQ47 -> 0 | AU47: =SUMIF($AO$12:$AO47,$AO47,$AT$12:AT47) -> 5527.0354 | AV47: 2210.2976 | AW47: =AV47/AP47 -> 71.299923 | AX47: =AV47/AP47*AQ47 -> 0 | AY47: =SUMIF($AO$12:$AO47,$AO47,$AX$12:AX47) -> 7173.7721
A48: INV-5_CB5 | B48: 156 | C48: =IFERROR(B48/$V$5,"") -> 0.0064250412 | N48: Inv6_CB3 | O48: =Q48*P48*R48/1000 -> 149.5 | P48: 23 | Q48: 325 | R48: 20
A49: INV-5_CB6 | B49: 156 | C49: =IFERROR(B49/$V$5,"") -> 0.0064250412 | N49: Inv6_CB4 | O49: =Q49*P49*R49/1000 -> 149.5 | P49: 23 | Q49: 325 | R49: 20
A50: INV-5_CB7 | B50: 156 | C50: =IFERROR(B50/$V$5,"") -> 0.0064250412 | N50: Inv6_CB5 | O50: =Q50*P50*R50/1000 -> 149.5 | P50: 23 | Q50: 325 | R50: 20
A51: INV-5_CB8 | B51: 0 | C51: =IFERROR(B51/$V$5,"") -> 0 | N51: Inv6_CB6 | O51: =Q51*P51*R51/1000 -> 149.5 | P51: 23 | Q51: 325 | R51: 20
A52: INV-6_CB1 | B52: 156 | C52: =IFERROR(B52/$V$5,"") -> 0.0064250412 | N52: Inv6_CB7 | O52: =Q52*P52*R52/1000 -> 149.5 | P52: 23 | Q52: 325 | R52: 20
A53: INV-6_CB2 | B53: 156 | C53: =IFERROR(B53/$V$5,"") -> 0.0064250412 | N53: Inv6_CB8 | O53: =Q53*P53*R53/1000 -> 149.5 | P53: 23 | Q53: 325 | R53: 20
A54: INV-6_CB3 | B54: 149.5 | C54: =IFERROR(B54/$V$5,"") -> 0.0061573311 | N54: Inv7_CB1 | O54: =Q54*P54*R54/1000 -> 156 | P54: 24 | Q54: 325 | R54: 20
A55: INV-6_CB4 | B55: 149.5 | C55: =IFERROR(B55/$V$5,"") -> 0.0061573311 | N55: Inv7_CB2 | O55: =Q55*P55*R55/1000 -> 156 | P55: 24 | Q55: 325 | R55: 20
A56: INV-6_CB5 | B56: 149.5 | C56: =IFERROR(B56/$V$5,"") -> 0.0061573311 | N56: Inv7_CB3 | O56: =Q56*P56*R56/1000 -> 156 | P56: 24 | Q56: 325 | R56: 20
A57: INV-6_CB6 | B57: 149.5 | C57: =IFERROR(B57/$V$5,"") -> 0.0061573311 | N57: Inv7_CB4 | O57: =Q57*P57*R57/1000 -> 156 | P57: 24 | Q57: 325 | R57: 20
A58: INV-6_CB7 | B58: 149.5 | C58: =IFERROR(B58/$V$5,"") -> 0.0061573311 | N58: Inv7_CB5 | O58: =Q58*P58*R58/1000 -> 149.5 | P58: 23 | Q58: 325 | R58: 20
A59: INV-6_CB8 | B59: 149.5 | C59: =IFERROR(B59/$V$5,"") -> 0.0061573311 | N59: Inv7_CB6 | O59: =Q59*P59*R59/1000 -> 149.5 | P59: 23 | Q59: 325 | R59: 20
... A85: INV-10_CB2 | B85: 153.6 | C85: =IFERROR(B85/$V$5,"") -> 0.0063261944 | N85: Inv10_CB8 | O85: =Q85*P85*R85/1000 -> 0 | P85: 0 | Q85: 320 | R85: 20
A86: INV-10_CB3 | B86: 153.6 | C86: =IFERROR(B86/$V$5,"") -> 0.0063261944 | O86: =SUM(O6:O85) -> 11503.1 | P86: =SUM(P6:P85) -> 1783
A87: INV-10_CB4 | B87: 153.6 | C87: =IFERROR(B87/$V$5,"") -> 0.0063261944
A88: INV-10_CB5 | B88: 153.6 | C88: =IFERROR(B88/$V$5,"") -> 0.0063261944
A89: INV-10_CB6 | B89: 153.6 | C89: =IFERROR(B89/$V$5,"") -> 0.0063261944
A90: INV-10_CB7 | B90: 153.6 | C90: =IFERROR(B90/$V$5,"") -> 0.0063261944
A91: INV-10_CB8 | B91: 0 | C91: =IFERROR(B91/$V$5,"") -> 0
A92: IC1_IDT | B92: 2300 | C92: =IFERROR(B92/$V$5,"") -> 0.094728171
A93: IC2_IDT | B93: 2300 | C93: =IFERROR(B93/$V$5,"") -> 0.094728171
A94: IC3_IDT | B94: 2300 | C94: =IFERROR(B94/$V$5,"") -> 0.094728171
A95: IC4_IDT | B95: 2300 | C95: =IFERROR(B95/$V$5,"") -> 0.094728171
A96: IC5_IDT | B96: 2300 | C96: =IFERROR(B96/$V$5,"") -> 0.094728171
A97: ICOG1_IC1 | B97: 2300 | C97: =IFERROR(B97/$V$5,"") -> 0.094728171
A98: ICOG2_IC2 | B98: 2300 | C98: =IFERROR(B98/$V$5,"") -> 0.094728171
... A106: Isolator5 | B106: 2300 | C106: =IFERROR(B106/$V$5,"") -> 0.094728171
A108: String_Type1(320Wp) | B108: =(20*320)/1000 -> 6.4 | C108: =IFERROR(B108/$V$5,"") -> 0.00026359143
A109: String_Type2(325Wp) | B109: =(20*325)/1000 -> 6.5 | C109: =IFERROR(B109/$V$5,"") -> 0.00026771005
A110: String_Type3(540Wp*29) | B110: =540*29/1000 -> 15.66 | C110: =IFERROR(B110/$V$5,"") -> 0.00064497529
A111: String_Type4(545Wp*29) | B111: =545*29/1000 -> 15.805 | C111: =IFERROR(B111/$V$5,"") -> 0.00065094728
A112: String_Type5(540Wp*58) | B112: =545*29*2/1000 -> 31.61 | C112: =IFERROR(B112/$V$5,"") -> 0.0013018946
A113: String_Type6(545Wp*58) | B113: =540*29*2/1000 -> 31.32 | C113: =IFERROR(B113/$V$5,"") -> 0.0012899506
A114: IS1_Inv1_M1 | B114: 1190.18 | C114: =IFERROR(B114/$V$5,"") -> 0.049018946
A115: IS1_Inv1_M2 | B115: 1221.48 | C115: =IFERROR(B115/$V$5,"") -> 0.050308072
A116: IS1_Inv1_M3 | B116: 1190.315 | C116: =IFERROR(B116/$V$5,"") -> 0.049024506
A117: IS1_Inv1_M4 | B117: 1224.755 | C117: =IFERROR(B117/$V$5,"") -> 0.050442957
A118: IS1_Inv2_M1 | B118: 1231.6 | C118: =IFERROR(B118/$V$5,"") -> 0.050724876
A119: IS1_Inv2_M2 | B119: 1195.09 | C119: =IFERROR(B119/$V$5,"") -> 0.04922117
A120: IS1_Inv2_M3 | B120: 1228.355 | C120: =IFERROR(B120/$V$5,"") -> 0.050591227
A121: IS1_Inv2_M4 | B121: 1226.07 | C121: =IFERROR(B121/$V$5,"") -> 0.050497117
A122: IS1_Inv1 | B122: 4826.73 | C122: =IFERROR(B122/$V$5,"") -> 0.19879448
A123: IS1_Inv2 | B123: 4881.115 | C123: =IFERROR(B123/$V$5,"") -> 0.20103439
A124: IS2_Inv1 | B124: 1454.06 | C124: =IFERROR(B124/$V$5,"") -> 0.05988715
A125: IS2_Inv2 | B125: 1548.89 | C125: =IFERROR(B125/$V$5,"") -> 0.063792834
... A183: Outgoing_F5 | B183: 24213.795 | C183: =IFERROR(B183/$V$5,"") -> 0.99727327
A184: Outgoing_PEPSICO | B184: =SUM(B2:B7) -> 6908.7 | C184: =IFERROR(B184/$V$5,"") -> 0.28454283
A185: Outgoing_HCCB | B185: =SUM(B8:B11) -> 4594.4 | C185: =IFERROR(B185/$V$5,"") -> 0.1892257
A186: Outgoing_O2R6 | B186: =B180 -> 9707.845 | C186: =IFERROR(B186/$V$5,"") -> 0.39982887
A187: Outgoing_O2R10 | B187: =B181 -> 3002.95 | C187: =IFERROR(B187/$V$5,"") -> 0.12367998

Sheet Modelling New
A1: Sr. No. | B1: Month Name | C1: Month Number | D1: Month | E1: CY | F1: FY | G1: No. of Days in Month | H1: GHI | I1: POA | J1: WS | K1: Tamb | L1: Tmod | M1: Egrid (MWh) | N1: Bugt_Capacity | O1: PR | P1: Daily POA | Q1: Days Operated | R1: MTD POA | S1: YTD POA | T1: Daily Energy (MWh) | U1: MTD Energy (MWh) | V1: YTD Energy (MWh) | W1: Bugt CUF (%) | X1: Bugt CUF (%) MTD | Y1: Bugt CUF (%)YTD | Z1: Ave. Cap MTD | AA1: Ave. Cap YTD | AB1: CC Energy MTD | AC1: WS MTD | AD1: WS YTD | AE1: Bugt PA | AF1: Bugt EGA | AG1: Bugt TA | AH1: Bugt MA | AI1: Bugt IGA | AJ1: Corelation | AK1: Bugt Line loss | AL1: Bugt Reactive Power | AM1: CC*Bugt (MTD) | AN1: CC*Bugt (YTD) | AO1: E Grid PSEGPL | AP1: E Grid PSEGPL2 | AR1: Capacity | AS1: 24.3031
A2: 1 | B2: April | C2: 4 | D2: 45017 | E2: =YEAR(D2) -> 2023 | F2: FY24 | G2: =DAY(EOMONTH(D2,0)) -> 30 | H2: 197.1 | I2: 198.7 | K2: 31.76 | M2: =SUM(AO2+AP2) -> 3730.4497 | N2: 24.3031 | O2: =IFERROR(M2/I2/N2,"") -> 0.77250562 | P2: =IFERROR(I2/G2,"") -> 6.6233333 | Q2: =COUNTIFS('Daily KPI'!$D:$D,D2,'Daily KPI'!$I:$I,">0") -> 0 | R2: =I2/G2*Q2 -> 0 | S2: =SUMIF($F$2:F2,F2,$R$2:R2) -> 0 | T2: =M2/G2 -> 124.34832 | U2: =M2/G2*Q2 -> 0 | V2: =SUMIF($F$2:F2,F2,$U$2:U2) -> 0 | W2: =IFERROR(T2/(24*N2),"") -> 0.21319009 | X2: =IFERROR(U2/(24*N2*Q2),"") | Y2: =IFERROR(V2/(24*N2*SUMIFS($Q:$Q,$F:$F,$F2,$D:$D,"<="&D2)),"") | Z2: 11.5031 | AA2: =IFERROR(AVERAGEIF($F$2:F2,F2,$N$2:N2),"") -> 24.3031 | AE2: 0.995 | AF2: 0.995 | AO2: 1520 | AP2: 2210.4497
A3: =A2+1 -> 2 | B3: May | C3: 5 | D3: 45047 | E3: =YEAR(D3) -> 2023 | F3: FY24 | G3: =DAY(EOMONTH(D3,0)) -> 31 | H3: 204.3 | I3: 202.4 | K3: 30.53 | M3: =SUM(AO3+AP3) -> 3686.2483 | N3: 24.3031 | O3: =IFERROR(M3/I3/N3,"") -> 0.74939779 | P3: =IFERROR(I3/G3,"") -> 6.5290323 | Q3: =COUNTIFS('Daily KPI'!$D:$D,D3,'Daily KPI'!$I:$I,">0") -> 0 | R3: =I3/G3*Q3 -> 0 | S3: =SUMIF($F$2:F3,F3,$R$2:R3) -> 0 | T3: =M3/G3 -> 118.91124 | U3: =M3/G3*Q3 -> 0 | V3: =SUMIF($F$2:F3,F3,$U$2:U3) -> 0 | W3: =IFERROR(T3/(24*N3),"") -> 0.20386843 | X3: =IFERROR(U3/(24*N3*Q3),"") | Y3: =IFERROR(V3/(24*N3*SUMIFS($Q:$Q,$F:$F,$F3,$D:$D,"<="&D3)),"") | Z3: 11.5031 | AA3: =IFERROR(AVERAGEIF($F$2:F3,F3,$N$2:N3),"") -> 24.3031 | AE3: 0.995 | AF3: 0.995 | AO3: 1620 | AP3: 2066.2483
A4: =A3+1 -> 3 | B4: June | C4: 6 | D4: 45078 | E4: =YEAR(D4) -> 2023 | F4: FY24 | G4: =DAY(EOMONTH(D4,0)) -> 30 | H4: 156 | I4: 153.7 | K4: 26.96 | M4: =SUM(AO4+AP4) -> 2817.3331 | N4: 24.3031 | O4: =IFERROR(M4/I4/N4,"") -> 0.75422801 | P4: =IFERROR(I4/G4,"") -> 5.1233333 | Q4: =COUNTIFS('Daily KPI'!$D:$D,D4,'Daily KPI'!$I:$I,">0") -> 0 | R4: =I4/G4*Q4 -> 0 | S4: =SUMIF($F$2:F4,F4,$R$2:R4) -> 0 | T4: =M4/G4 -> 93.911103 | U4: =M4/G4*Q4 -> 0 | V4: =SUMIF($F$2:F4,F4,$U$2:U4) -> 0 | W4: =IFERROR(T4/(24*N4),"") -> 0.16100673 | X4: =IFERROR(U4/(24*N4*Q4),"") | Y4: =IFERROR(V4/(24*N4*SUMIFS($Q:$Q,$F:$F,$F4,$D:$D,"<="&D4)),"") | Z4: 11.5031 | AA4: =IFERROR(AVERAGEIF($F$2:F4,F4,$N$2:N4),"") -> 24.3031 | AE4: 0.995 | AF4: 0.995 | AO4: 1230 | AP4: 1587.3331
A5: =A4+1 -> 4 | B5: July | C5: 7 | D5: 45108 | E5: =YEAR(D5) -> 2023 | F5: FY24 | G5: =DAY(EOMONTH(D5,0)) -> 31 | H5: 138 | I5: 136.6 | K5: 25.04 | M5: =SUM(AO5+AP5) -> 2462.4773 | N5: 24.3031 | O5: =IFERROR(M5/I5/N5,"") -> 0.74175395 | P5: =IFERROR(I5/G5,"") -> 4.4064516 | Q5: =COUNTIFS('Daily KPI'!$D:$D,D5,'Daily KPI'!$I:$I,">0") -> 0 | R5: =I5/G5*Q5 -> 0 | S5: =SUMIF($F$2:F5,F5,$R$2:R5) -> 0 | T5: =M5/G5 -> 79.434752 | U5: =M5/G5*Q5 -> 0 | V5: =SUMIF($F$2:F5,F5,$U$2:U5) -> 0 | W5: =IFERROR(T5/(24*N5),"") -> 0.13618762 | X5: =IFERROR(U5/(24*N5*Q5),"") | Y5: =IFERROR(V5/(24*N5*SUMIFS($Q:$Q,$F:$F,$F5,$D:$D,"<="&D5)),"") | Z5: 11.5031 | AA5: =IFERROR(AVERAGEIF($F$2:F5,F5,$N$2:N5),"") -> 24.3031 | AE5: 0.995 | AF5: 0.995 | AO5: 1150 | AP5: 1312.4773
A6: =A5+1 -> 5 | B6: August | C6: 8 | D6: 45139 | E6: =YEAR(D6) -> 2023 | F6: FY24 | G6: =DAY(EOMONTH(D6,0)) -> 31 | H6: 129.3 | I6: 129.4 | K6: 24.6 | M6: =SUM(AO6+AP6) -> 2483.6345 | N6: 24.3031 | O6: =IFERROR(M6/I6/N6,"") -> 0.78975382 | P6: =IFERROR(I6/G6,"") -> 4.1741935 | Q6: =COUNTIFS('Daily KPI'!$D:$D,D6,'Daily KPI'!$I:$I,">0") -> 0 | R6: =I6/G6*Q6 -> 0 | S6: =SUMIF($F$2:F6,F6,$R$2:R6) -> 0 | T6: =M6/G6 -> 80.117242 | U6: =M6/G6*Q6 -> 0 | V6: =SUMIF($F$2:F6,F6,$U$2:U6) -> 0 | W6: =IFERROR(T6/(24*N6),"") -> 0.13735772 | X6: =IFERROR(U6/(24*N6*Q6),"") | Y6: =IFERROR(V6/(24*N6*SUMIFS($Q:$Q,$F:$F,$F6,$D:$D,"<="&D6)),"") | Z6: 11.5031 | AA6: =IFERROR(AVERAGEIF($F$2:F6,F6,$N$2:N6),"") -> 24.3031 | AE6: 0.995 | AF6: 0.995 | AO6: 1090 | AP6: 1393.6345
A7: =A6+1 -> 6 | B7: September | C7: 9 | D7: 45170 | E7: =YEAR(D7) -> 2023 | F7: FY24 | G7: =DAY(EOMONTH(D7,0)) -> 30 | H7: 145.2 | I7: 148 | K7: 25.31 | M7: =SUM(AO7+AP7) -> 2834.4158 | N7: 24.3031 | O7: =IFERROR(M7/I7/N7,"") -> 0.78802532 | P7: =IFERROR(I7/G7,"") -> 4.9333333 | Q7: =COUNTIFS('Daily KPI'!$D:$D,D7,'Daily KPI'!$I:$I,">0") -> 0 | R7: =I7/G7*Q7 -> 0 | S7: =SUMIF($F$2:F7,F7,$R$2:R7) -> 0 | T7: =M7/G7 -> 94.480527 | U7: =M7/G7*Q7 -> 0 | V7: =SUMIF($F$2:F7,F7,$U$2:U7) -> 0 | W7: =IFERROR(T7/(24*N7),"") -> 0.16198298 | X7: =IFERROR(U7/(24*N7*Q7),"") | Y7: =IFERROR(V7/(24*N7*SUMIFS($Q:$Q,$F:$F,$F7,$D:$D,"<="&D7)),"") | Z7: 11.5031 | AA7: =IFERROR(AVERAGEIF($F$2:F7,F7,$N$2:N7),"") -> 24.3031 | AE7: 0.995 | AF7: 0.995 | AO7: 1200 | AP7: 1634.4158
A8: =A7+1 -> 7 | B8: October | C8: 10 | D8: 45200 | E8: =YEAR(D8) -> 2023 | F8: FY24 | G8: =DAY(EOMONTH(D8,0)) -> 31 | H8: 160 | I8: 187.1 | K8: 26.6 | M8: =SUM(AO8+AP8) -> 3327.7069 | N8: 24.3031 | O8: =IFERROR(M8/I8/N8,"") -> 0.73182898 | P8: =IFERROR(I8/G8,"") -> 6.0354839 | Q8: =COUNTIFS('Daily KPI'!$D:$D,D8,'Daily KPI'!$I:$I,">0") -> 0 | R8: =I8/G8*Q8 -> 0 | S8: =SUMIF($F$2:F8,F8,$R$2:R8) -> 0 | T8: =M8/G8 -> 107.34538 | U8: =M8/G8*Q8 -> 0 | V8: =SUMIF($F$2:F8,F8,$U$2:U8) -> 0 | W8: =IFERROR(T8/(24*N8),"") -> 0.18403925 | X8: =IFERROR(U8/(24*N8*Q8),"") | Y8: =IFERROR(V8/(24*N8*SUMIFS($Q:$Q,$F:$F,$F8,$D:$D,"<="&D8)),"") | Z8: 11.5031 | AA8: =IFERROR(AVERAGEIF($F$2:F8,F8,$N$2:N8),"") -> 24.3031 | AE8: 0.995 | AF8: 0.995 | AO8: 1530 | AP8: 1797.7069
A9: =A8+1 -> 8 | B9: November | C9: 11 | D9: 45231 | E9: =YEAR(D9) -> 2023 | F9: FY24 | G9: =DAY(EOMONTH(D9,0)) -> 30 | H9: 147.9 | I9: 192.4 | K9: 24.86 | M9: =SUM(AO9+AP9) -> 3395.8173 | N9: 24.3031 | O9: =IFERROR(M9/I9/N9,"") -> 0.72623568 | P9: =IFERROR(I9/G9,"") -> 6.4133333 | Q9: =COUNTIFS('Daily KPI'!$D:$D,D9,'Daily KPI'!$I:$I,">0") -> 0 | R9: =I9/G9*Q9 -> 0 | S9: =SUMIF($F$2:F9,F9,$R$2:R9) -> 0 | T9: =M9/G9 -> 113.19391 | U9: =M9/G9*Q9 -> 0 | V9: =SUMIF($F$2:F9,F9,$U$2:U9) -> 0 | W9: =IFERROR(T9/(24*N9),"") -> 0.19406631 | X9: =IFERROR(U9/(24*N9*Q9),"") | Y9: =IFERROR(V9/(24*N9*SUMIFS($Q:$Q,$F:$F,$F9,$D:$D,"<="&D9)),"") | Z9: 11.5031 | AA9: =IFERROR(AVERAGEIF($F$2:F9,F9,$N$2:N9),"") -> 24.3031 | AE9: 0.995 | AF9: 0.995 | AO9: 1520 | AP9: 1875.8173
A10: =A9+1 -> 9 | B10: December | C10: 12 | D10: 45261 | E10: =YEAR(D10) -> 2023 | F10: FY24 | G10: =DAY(EOMONTH(D10,0)) -> 31 | H10: 144.5 | I10: 200.9 | K10: 22.67 | M10: =SUM(AO10+AP10) -> 3465.8565 | N10: 24.3031 | O10: =IFERROR(M10/I10/N10,"") -> 0.70985388 | P10: =IFERROR(I10/G10,"") -> 6.4806452 | Q10: =COUNTIFS('Daily KPI'!$D:$D,D10,'Daily KPI'!$I:$I,">0") -> 0 | R10: =I10/G10*Q10 -> 0 | S10: =SUMIF($F$2:F10,F10,$R$2:R10) -> 0 | T10: =M10/G10 -> 111.80182 | U10: =M10/G10*Q10 -> 0 | V10: =SUMIF($F$2:F10,F10,$U$2:U10) -> 0 | W10: =IFERROR(T10/(24*N10),"") -> 0.19167963 | X10: =IFERROR(U10/(24*N10*Q10),"") | Y10: =IFERROR(V10/(24*N10*SUMIFS($Q:$Q,$F:$F,$F10,$D:$D,"<="&D10)),"") | Z10: 11.5031 | AA10: =IFERROR(AVERAGEIF($F$2:F10,F10,$N$2:N10),"") -> 24.3031 | AE10: 0.995 | AF10: 0.995 | AO10: 1660 | AP10: 1805.8565
A11: =A10+1 -> 10 | B11: January | C11: 1 | D11: 45292 | E11: =YEAR(D11) -> 2024 | F11: FY24 | G11: =DAY(EOMONTH(D11,0)) -> 31 | H11: 155.6 | I11: 210.5 | K11: 23.04 | M11: =SUM(AO11+AP11) -> 3669.8168 | N11: 24.3031 | O11: =IFERROR(M11/I11/N11,"") -> 0.71734919 | P11: =IFERROR(I11/G11,"") -> 6.7903226 | Q11: =COUNTIFS('Daily KPI'!$D:$D,D11,'Daily KPI'!$I:$I,">0") -> 0 | R11: =I11/G11*Q11 -> 0 | S11: =SUMIF($F$2:F11,F11,$R$2:R11) -> 0 | T11: =M11/G11 -> 118.38119 | U11: =M11/G11*Q11 -> 0 | V11: =SUMIF($F$2:F11,F11,$U$2:U11) -> 0 | W11: =IFERROR(T11/(24*N11),"") -> 0.20295968 | X11: =IFERROR(U11/(24*N11*Q11),"") | Y11: =IFERROR(V11/(24*N11*SUMIFS($Q:$Q,$F:$F,$F11,$D:$D,"<="&D11)),"") | Z11: 24.3031 | AA11: =IFERROR(AVERAGEIF($F$2:F11,F11,$N$2:N11),"") -> 24.3031 | AE11: 0.995 | AF11: 0.995 | AO11: 1730 | AP11: 1939.8168
A12: =A11+1 -> 11 | B12: February | C12: 2 | D12: 45323 | E12: =YEAR(D12) -> 2024 | F12: FY24 | G12: =DAY(EOMONTH(D12,0)) -> 29 | H12: 157.9 | I12: 193 | K12: 25.46 | M12: =SUM(AO12+AP12) -> 3412.3303 | N12: 24.3031 | O12: =IFERROR(M12/I12/N12,"") -> 0.72749845 | P12: =IFERROR(I12/G12,"") -> 6.6551724 | Q12: =COUNTIFS('Daily KPI'!$D:$D,D12,'Daily KPI'!$I:$I,">0") -> 0 | R12: =I12/G12*Q12 -> 0 | S12: =SUMIF($F$2:F12,F12,$R$2:R12) -> 0 | T12: =M12/G12 -> 117.66656 | U12: =M12/G12*Q12 -> 0 | V12: =SUMIF($F$2:F12,F12,$U$2:U12) -> 0 | W12: =IFERROR(T12/(24*N12),"") -> 0.20173448 | X12: =IFERROR(U12/(24*N12*Q12),"") | Y12: =IFERROR(V12/(24*N12*SUMIFS($Q:$Q,$F:$F,$F12,$D:$D,"<="&D12)),"") | Z12: 22.996766 | AA12: =IFERROR(AVERAGEIF($F$2:F12,F12,$N$2:N12),"") -> 24.3031 | AE12: 0.995 | AF12: 0.995 | AO12: 1460 | AP12: 1952.3303
A13: =A12+1 -> 12 | B13: March | C13: 3 | D13: 45352 | E13: =YEAR(D13) -> 2024 | F13: FY24 | G13: =DAY(EOMONTH(D13,0)) -> 31 | H13: 197.2 | I13: 213.9 | K13: 29.58 | M13: =SUM(AO13+AP13) -> 3966.1272 | N13: 24.3031 | O13: =IFERROR(M13/I13/N13,"") -> 0.76294667 | P13: =IFERROR(I13/G13,"") -> 6.9 | Q13: =COUNTIFS('Daily KPI'!$D:$D,D13,'Daily KPI'!$I:$I,">0") -> 0 | R13: =I13/G13*Q13 -> 0 | S13: =SUMIF($F$2:F13,F13,$R$2:R13) -> 0 | T13: =M13/G13 -> 127.93959 | U13: =M13/G13*Q13 -> 0 | V13: =SUMIF($F$2:F13,F13,$U$2:U13) -> 0 | W13: =IFERROR(T13/(24*N13),"") -> 0.21934717 | X13: =IFERROR(U13/(24*N13*Q13),"") | Y13: =IFERROR(V13/(24*N13*SUMIFS($Q:$Q,$F:$F,$F13,$D:$D,"<="&D13)),"") | Z13: 24.3031 | AA13: =IFERROR(AVERAGEIF($F$2:F13,F13,$N$2:N13),"") -> 24.3031 | AE13: 0.995 | AF13: 0.995 | AO13: 1690 | AP13: 2276.1272
A14: =A13+1 -> 13 | B14: =B2 -> April | C14: =C2 -> 4 | D14: 45383 | E14: =YEAR(D14) -> 2024 | F14: FY25 | G14: =DAY(EOMONTH(D14,0)) -> 30 | H14: =H2 -> 197.1 | I14: =I2 -> 198.7 | K14: =K2 -> 31.76 | M14: =SUM(AO14+AP14) -> 2605.2206 | N14: 24.3031 | O14: =IFERROR(M14/I14/N14,"") -> 0.53949193 | P14: =IFERROR(I14/G14,"") -> 6.6233333 | Q14: =COUNTIFS('Daily KPI'!$D:$D,D14,'Daily KPI'!$I:$I,">0") -> 0 | R14: =I14/G14*Q14 -> 0 | S14: =SUMIF($F$2:F14,F14,$R$2:R14) -> 0 | T14: =M14/G14 -> 86.840685 | U14: =M14/G14*Q14 -> 0 | V14: =SUMIF($F$2:F14,F14,$U$2:U14) -> 0 | W14: =IFERROR(T14/(24*N14),"") -> 0.14888479 | X14: =IFERROR(U14/(24*N14*Q14),"") | Y14: =IFERROR(V14/(24*N14*SUMIFS($Q:$Q,$F:$F,$F14,$D:$D,"<="&D14)),"") | Z14: 24.3031 | AA14: =IFERROR(AVERAGEIF($F$2:F14,F14,$N$2:N14),"") -> 24.3031 | AE14: 0.995 | AF14: 0.995 | AO14: 1529.1 | AP14: 1076.1206
A15: =A14+1 -> 14 | B15: =B3 -> May | C15: =C3 -> 5 | D15: 45413 | E15: =YEAR(D15) -> 2024 | F15: FY25 | G15: =DAY(EOMONTH(D15,0)) -> 31 | H15: =H3 -> 204.3 | I15: =I3 -> 202.4 | K15: =K3 -> 30.53 | M15: =SUM(AO15+AP15) -> 3808.5052 | N15: 24.3031 | O15: =IFERROR(M15/I15/N15,"") -> 0.77425205 | P15: =IFERROR(I15/G15,"") -> 6.5290323 | Q15: =COUNTIFS('Daily KPI'!$D:$D,D15,'Daily KPI'!$I:$I,">0") -> 0 | R15: =I15/G15*Q15 -> 0 | S15: =SUMIF($F$2:F15,F15,$R$2:R15) -> 0 | T15: =M15/G15 -> 122.855 | U15: =M15/G15*Q15 -> 0 | V15: =SUMIF($F$2:F15,F15,$U$2:U15) -> 0 | W15: =IFERROR(T15/(24*N15),"") -> 0.21062986 | X15: =IFERROR(U15/(24*N15*Q15),"") | Y15: =IFERROR(V15/(24*N15*SUMIFS($Q:$Q,$F:$F,$F15,$D:$D,"<="&D15)),"") | Z15: 24.3031 | AA15: =IFERROR(AVERAGEIF($F$2:F15,F15,$N$2:N15),"") -> 24.3031 | AE15: 0.995 | AF15: 0.995 | AO15: 1573.6 | AP15: 2234.9052
A16: =A15+1 -> 15 | B16: =B4 -> June | C16: =C4 -> 6 | D16: 45444 | E16: =YEAR(D16) -> 2024 | F16: FY25 | G16: =DAY(EOMONTH(D16,0)) -> 30 | H16: =H4 -> 156 | I16: =I4 -> 153.7 | K16: =K4 -> 26.96 | M16: =SUM(AO16+AP16) -> 2765.4051 | N16: 24.3031 | O16: =IFERROR(M16/I16/N16,"") -> 0.74032637 | P16: =IFERROR(I16/G16,"") -> 5.1233333 | Q16: =COUNTIFS('Daily KPI'!$D:$D,D16,'Daily KPI'!$I:$I,">0") -> 0 | R16: =I16/G16*Q16 -> 0 | S16: =SUMIF($F$2:F16,F16,$R$2:R16) -> 0 | T16: =M16/G16 -> 92.180171 | U16: =M16/G16*Q16 -> 0 | V16: =SUMIF($F$2:F16,F16,$U$2:U16) -> 0 | W16: =IFERROR(T16/(24*N16),"") -> 0.15803912 | X16: =IFERROR(U16/(24*N16*Q16),"") | Y16: =IFERROR(V16/(24*N16*SUMIFS($Q:$Q,$F:$F,$F16,$D:$D,"<="&D16)),"") | Z16: 24.3031 | AA16: =IFERROR(AVERAGEIF($F$2:F16,F16,$N$2:N16),"") -> 24.3031 | AE16: 0.995 | AF16: 0.995 | AO16: 1236.3 | AP16: 1529.1051
A17: =A16+1 -> 16 | B17: =B5 -> July | C17: =C5 -> 7 | D17: 45474 | E17: =YEAR(D17) -> 2024 | F17: FY25 | G17: =DAY(EOMONTH(D17,0)) -> 31 | H17: =H5 -> 138 | I17: =I5 -> 136.6 | K17: =K5 -> 25.04 | M17: =SUM(AO17+AP17) -> 2424.5808 | N17: 24.3031 | O17: =IFERROR(M17/I17/N17,"") -> 0.73033864 | P17: =IFERROR(I17/G17,"") -> 4.4064516 | Q17: =COUNTIFS('Daily KPI'!$D:$D,D17,'Daily KPI'!$I:$I,">0") -> 0 | R17: =I17/G17*Q17 -> 0 | S17: =SUMIF($F$2:F17,F17,$R$2:R17) -> 0 | T17: =M17/G17 -> 78.212282 | U17: =M17/G17*Q17 -> 0 | V17: =SUMIF($F$2:F17,F17,$U$2:U17) -> 0 | W17: =IFERROR(T17/(24*N17),"") -> 0.13409175 | X17: =IFERROR(U17/(24*N17*Q17),"") | Y17: =IFERROR(V17/(24*N17*SUMIFS($Q:$Q,$F:$F,$F17,$D:$D,"<="&D17)),"") | Z17: 24.3031 | AA17: =IFERROR(AVERAGEIF($F$2:F17,F17,$N$2:N17),"") -> 24.3031 | AE17: 0.995 | AF17: 0.995 | AO17: 1124.2 | AP17: 1300.3808
A18: =A17+1 -> 17 | B18: =B6 -> August | C18: =C6 -> 8 | D18: 45505 | E18: =YEAR(D18) -> 2024 | F18: FY25 | G18: =DAY(EOMONTH(D18,0)) -> 31 | H18: =H6 -> 129.3 | I18: =I6 -> 129.4 | K18: =K6 -> 24.6 | M18: =SUM(AO18+AP18) -> 2422.2312 | N18: 24.3031 | O18: =IFERROR(M18/I18/N18,"") -> 0.77022862 | P18: =IFERROR(I18/G18,"") -> 4.1741935 | Q18: =COUNTIFS('Daily KPI'!$D:$D,D18,'Daily KPI'!$I:$I,">0") -> 0 | R18: =I18/G18*Q18 -> 0 | S18: =SUMIF($F$2:F18,F18,$R$2:R18) -> 0 | T18: =M18/G18 -> 78.136492 | U18: =M18/G18*Q18 -> 0 | V18: =SUMIF($F$2:F18,F18,$U$2:U18) -> 0 | W18: =IFERROR(T18/(24*N18),"") -> 0.13396181 | X18: =IFERROR(U18/(24*N18*Q18),"") | Y18: =IFERROR(V18/(24*N18*SUMIFS($Q:$Q,$F:$F,$F18,$D:$D,"<="&D18)),"") | Z18: 24.3031 | AA18: =IFERROR(AVERAGEIF($F$2:F18,F18,$N$2:N18),"") -> 24.3031 | AE18: 0.995 | AF18: 0.995 | AO18: 1062.2 | AP18: 1360.0312
A19: =A18+1 -> 18 | B19: =B7 -> September | C19: =C7 -> 9 | D19: 45536 | E19: =YEAR(D19) -> 2024 | F19: FY25 | G19: =DAY(EOMONTH(D19,0)) -> 30 | H19: =H7 -> 145.2 | I19: =I7 -> 148 | K19: =K7 -> 25.31 | M19: =SUM(AO19+AP19) -> 2662.1508 | N19: 24.3031 | O19: =IFERROR(M19/I19/N19,"") -> 0.74013213 | P19: =IFERROR(I19/G19,"") -> 4.9333333 | Q19: =COUNTIFS('Daily KPI'!$D:$D,D19,'Daily KPI'!$I:$I,">0") -> 0 | R19: =I19/G19*Q19 -> 0 | S19: =SUMIF($F$2:F19,F19,$R$2:R19) -> 0 | T19: =M19/G19 -> 88.738359 | U19: =M19/G19*Q19 -> 0 | V19: =SUMIF($F$2:F19,F19,$U$2:U19) -> 0 | W19: =IFERROR(T19/(24*N19),"") -> 0.15213827 | X19: =IFERROR(U19/(24*N19*Q19),"") | Y19: =IFERROR(V19/(24*N19*SUMIFS($Q:$Q,$F:$F,$F19,$D:$D,"<="&D19)),"") | Z19: 24.3031 | AA19: =IFERROR(AVERAGEIF($F$2:F19,F19,$N$2:N19),"") -> 24.3031 | AE19: 0.995 | AF19: 0.995 | AO19: 1203.6 | AP19: 1458.5508
A20: =A19+1 -> 19 | B20: =B8 -> October | C20: =C8 -> 10 | D20: 45566 | E20: =YEAR(D20) -> 2024 | F20: FY25 | G20: =DAY(EOMONTH(D20,0)) -> 31 | H20: =H8 -> 160 | I20: =I8 -> 187.1 | K20: =K8 -> 26.6 | M20: =SUM(AO20+AP20) -> 3354.2721 | N20: 24.3031 | O20: =IFERROR(M20/I20/N20,"") -> 0.7376712 | P20: =IFERROR(I20/G20,"") -> 6.0354839 | Q20: =COUNTIFS('Daily KPI'!$D:$D,D20,'Daily KPI'!$I:$I,">0") -> 0 | R20: =I20/G20*Q20 -> 0 | S20: =SUMIF($F$2:F20,F20,$R$2:R20) -> 0 | T20: =M20/G20 -> 108.20233 | U20: =M20/G20*Q20 -> 0 | V20: =SUMIF($F$2:F20,F20,$U$2:U20) -> 0 | W20: =IFERROR(T20/(24*N20),"") -> 0.18550844 | X20: =IFERROR(U20/(24*N20*Q20),"") | Y20: =IFERROR(V20/(24*N20*SUMIFS($Q:$Q,$F:$F,$F20,$D:$D,"<="&D20)),"") | Z20: 24.3031 | AA20: =IFERROR(AVERAGEIF($F$2:F20,F20,$N$2:N20),"") -> 24.3031 | AE20: 0.995 | AF20: 0.995 | AO20: 1489.2 | AP20: 1865.0721
A21: =A20+1 -> 20 | B21: =B9 -> November | C21: =C9 -> 11 | D21: 45597 | E21: =YEAR(D21) -> 2024 | F21: FY25 | G21: =DAY(EOMONTH(D21,0)) -> 30 | H21: =H9 -> 147.9 | I21: =I9 -> 192.4 | K21: =K9 -> 24.86 | M21: =SUM(AO21+AP21) -> 3334.8429 | N21: 24.3031 | O21: =IFERROR(M21/I21/N21,"") -> 0.71319556 | P21: =IFERROR(I21/G21,"") -> 6.4133333 | Q21: =COUNTIFS('Daily KPI'!$D:$D,D21,'Daily KPI'!$I:$I,">0") -> 0 | R21: =I21/G21*Q21 -> 0 | S21: =SUMIF($F$2:F21,F21,$R$2:R21) -> 0 | T21: =M21/G21 -> 111.16143 | U21: =M21/G21*Q21 -> 0 | V21: =SUMIF($F$2:F21,F21,$U$2:U21) -> 0 | W21: =IFERROR(T21/(24*N21),"") -> 0.1905817 | X21: =IFERROR(U21/(24*N21*Q21),"") | Y21: =IFERROR(V21/(24*N21*SUMIFS($Q:$Q,$F:$F,$F21,$D:$D,"<="&D21)),"") | Z21: 24.3031 | AA21: =IFERROR(AVERAGEIF($F$2:F21,F21,$N$2:N21),"") -> 24.3031 | AE21: 0.995 | AF21: 0.995 | AO21: 1532.5 | AP21: 1802.3429
A22: =A21+1 -> 21 | B22: =B10 -> December | C22: =C10 -> 12 | D22: 45627 | E22: =YEAR(D22) -> 2024 | F22: FY25 | G22: =DAY(EOMONTH(D22,0)) -> 31 | H22: =H10 -> 144.5 | I22: =I10 -> 200.9 | K22: =K10 -> 22.67 | M22: =SUM(AO22+AP22) -> 3421.0705 | N22: 24.3031 | O22: =IFERROR(M22/I22/N22,"") -> 0.70068111 | P22: =IFERROR(I22/G22,"") -> 6.4806452 | Q22: =COUNTIFS('Daily KPI'!$D:$D,D22,'Daily KPI'!$I:$I,">0") -> 0 | R22: =I22/G22*Q22 -> 0 | S22: =SUMIF($F$2:F22,F22,$R$2:R22) -> 0 | T22: =M22/G22 -> 110.35711 | U22: =M22/G22*Q22 -> 0 | V22: =SUMIF($F$2:F22,F22,$U$2:U22) -> 0 | W22: =IFERROR(T22/(24*N22),"") -> 0.18920274 | X22: =IFERROR(U22/(24*N22*Q22),"") | Y22: =IFERROR(V22/(24*N22*SUMIFS($Q:$Q,$F:$F,$F22,$D:$D,"<="&D22)),"") | Z22: 24.3031 | AA22: =IFERROR(AVERAGEIF($F$2:F22,F22,$N$2:N22),"") -> 24.3031 | AE22: 0.995 | AF22: 0.995 | AO22: 1618.3 | AP22: 1802.7705
A23: =A22+1 -> 22 | B23: =B11 -> January | C23: =C11 -> 1 | D23: 45658 | E23: =YEAR(D23) -> 2025 | F23: FY25 | G23: =DAY(EOMONTH(D23,0)) -> 31 | H23: =H11 -> 155.6 | I23: =I11 -> 210.5 | K23: =K11 -> 23.04 | M23: =SUM(AO23+AP23) -> 3585.4976 | N23: 24.3031 | O23: =IFERROR(M23/I23/N23,"") -> 0.70086708 | P23: =IFERROR(I23/G23,"") -> 6.7903226 | Q23: =COUNTIFS('Daily KPI'!$D:$D,D23,'Daily KPI'!$I:$I,">0") -> 0 | R23: =I23/G23*Q23 -> 0 | S23: =SUMIF($F$2:F23,F23,$R$2:R23) -> 0 | T23: =M23/G23 -> 115.66121 | U23: =M23/G23*Q23 -> 0 | V23: =SUMIF($F$2:F23,F23,$U$2:U23) -> 0 | W23: =IFERROR(T23/(24*N23),"") -> 0.1982964 | X23: =IFERROR(U23/(24*N23*Q23),"") | Y23: =IFERROR(V23/(24*N23*SUMIFS($Q:$Q,$F:$F,$F23,$D:$D,"<="&D23)),"") | Z23: 24.3031 | AA23: =IFERROR(AVERAGEIF($F$2:F23,F23,$N$2:N23),"") -> 24.3031 | AE23: 0.995 | AF23: 0.995 | AO23: 1682 | AP23: 1903.4976
A24: =A23+1 -> 23 | B24: =B12 -> February | C24: =C12 -> 2 | D24: 45689 | E24: =YEAR(D24) -> 2025 | F24: FY25 | G24: =DAY(EOMONTH(D24,0)) -> 28 | H24: =H12 -> 157.9 | I24: =I12 -> 193 | K24: =K12 -> 25.46 | M24: =SUM(AO24+AP24) -> 3338.5224 | N24: 24.3031 | O24: =IFERROR(M24/I24/N24,"") -> 0.71176283 | P24: =IFERROR(I24/G24,"") -> 6.8928571 | Q24: =COUNTIFS('Daily KPI'!$D:$D,D24,'Daily KPI'!$I:$I,">0") -> 0 | R24: =I24/G24*Q24 -> 0 | S24: =SUMIF($F$2:F24,F24,$R$2:R24) -> 0 | T24: =M24/G24 -> 119.23294 | U24: =M24/G24*Q24 -> 0 | V24: =SUMIF($F$2:F24,F24,$U$2:U24) -> 0 | W24: =IFERROR(T24/(24*N24),"") -> 0.20441998 | X24: =IFERROR(U24/(24*N24*Q24),"") | Y24: =IFERROR(V24/(24*N24*SUMIFS($Q:$Q,$F:$F,$F24,$D:$D,"<="&D24)),"") | Z24: 24.3031 | AA24: =IFERROR(AVERAGEIF($F$2:F24,F24,$N$2:N24),"") -> 24.3031 | AE24: 0.995 | AF24: 0.995 | AO24: 1507.7 | AP24: 1830.8224
A25: =A24+1 -> 24 | B25: =B13 -> March | C25: =C13 -> 3 | D25: 45717 | E25: =YEAR(D25) -> 2025 | F25: FY25 | G25: =DAY(EOMONTH(D25,0)) -> 31 | H25: =H13 -> 197.2 | I25: =I13 -> 213.9 | K25: =K13 -> 29.58 | M25: =SUM(AO25+AP25) -> 3999.443 | N25: 24.3031 | O25: =IFERROR(M25/I25/N25,"") -> 0.76935548 | P25: =IFERROR(I25/G25,"") -> 6.9 | Q25: =COUNTIFS('Daily KPI'!$D:$D,D25,'Daily KPI'!$I:$I,">0") -> 3 | R25: =I25/G25*Q25 -> 20.7 | S25: =SUMIF($F$2:F37,F25,$R$2:R37) -> 20.7 | T25: =M25/G25 -> 129.01429 | U25: =M25/G25*Q25 -> 387.04287 | V25: =SUMIF($F$2:F37,F25,$U$2:U37) -> 387.04287 | W25: =IFERROR(T25/(24*N25),"") -> 0.2211897 | X25: =IFERROR(U25/(24*N25*Q25),"") -> 0.2211897 | Y25: =IFERROR(V25/(24*N25*SUMIFS($Q:$Q,$F:$F,$F25,$D:$D,"<="&D25)),"") -> 0.2211897 | Z25: 24.3031 | AA25: =IFERROR(AVERAGEIF($F$2:F37,F25,$N$2:N37),"") -> 24.3031 | AE25: 0.995 | AF25: 0.995 | AO25: 1649.3 | AP25: 2350.143
A26: =A25+1 -> 25 | B26: =B14 -> April | C26: =C14 -> 4 | D26: 45748 | E26: =YEAR(D26) -> 2025 | F26: FY26 | G26: =DAY(EOMONTH(D26,0)) -> 30 | H26: =H14 -> 197.1 | I26: =I14 -> 198.7 | K26: =K14 -> 31.76 | M26: =SUM(AO26+AP26) -> 3614.9982 | N26: 24.3031 | O26: =IFERROR(M26/I26/N26,"") -> 0.7485978 | P26: =IFERROR(I26/G26,"") -> 6.6233333 | Q26: =COUNTIFS('Daily KPI'!$D:$D,D26,'Daily KPI'!$I:$I,">0") -> 30 | R26: =I26/G26*Q26 -> 198.7 | S26: =SUMIF($F$2:F26,F26,$R$2:R26) -> 198.7 | T26: =M26/G26 -> 120.49994 | U26: =M26/G26*Q26 -> 3614.9982 | V26: =SUMIF($F$2:F26,F26,$U$2:U26) -> 3614.9982 | W26: =IFERROR(T26/(24*N26),"") -> 0.2065922 | X26: =IFERROR(U26/(24*N26*Q26),"") -> 0.2065922 | Y26: =IFERROR(V26/(24*N26*SUMIFS($Q:$Q,$F:$F,$F26,$D:$D,"<="&D26)),"") -> 0.2065922 | Z26: =IFERROR(AVERAGEIF('Daily KPI'!$D:$D,New_Modelling[[#This Row],[Month]],'Daily KPI'!$AB:$AB),"") -> 24.3031 | AA26: =IFERROR(AVERAGEIF($F$2:F26,F26,$N$2:N26),"") -> 24.3031 | AE26: 0.995 | AF26: 0.995 | AO26: 1518.3717 | AP26: 2096.6265
A27: =A26+1 -> 26 | B27: =B15 -> May | C27: =C15 -> 5 | D27: 45778 | E27: =YEAR(D27) -> 2025 | F27: FY26 | G27: =DAY(EOMONTH(D27,0)) -> 31 | H27: =H15 -> 204.3 | I27: =I15 -> 202.4 | K27: =K15 -> 30.53 | M27: =SUM(AO27+AP27) -> 3717.0772 | N27: 24.3031 | O27: =IFERROR(M27/I27/N27,"") -> 0.75566517 | P27: =IFERROR(I27/G27,"") -> 6.5290323 | Q27: =COUNTIFS('Daily KPI'!$D:$D,D27,'Daily KPI'!$I:$I,">0") -> 31 | R27: =I27/G27*Q27 -> 202.4 | S27: =SUMIF($F$2:F27,F27,$R$2:R27) -> 401.1 | T27: =M27/G27 -> 119.90572 | U27: =M27/G27*Q27 -> 3717.0772 | V27: =SUMIF($F$2:F27,F27,$U$2:U27) -> 7332.0754 | W27: =IFERROR(T27/(24*N27),"") -> 0.20557343 | X27: =IFERROR(U27/(24*N27*Q27),"") -> 0.20557343 | Y27: =IFERROR(V27/(24*N27*SUMIFS($Q:$Q,$F:$F,$F27,$D:$D,"<="&D27)),"") -> 0.20607446 | Z27: =IFERROR(AVERAGEIF('Daily KPI'!$D:$D,New_Modelling[[#This Row],[Month]],'Daily KPI'!$AB:$AB),"") -> 24.3031 | AA27: =IFERROR(AVERAGEIF($F$2:F27,F27,$N$2:N27),"") -> 24.3031 | AE27: 0.995 | AF27: 0.995 | AO27: 1562.5454 | AP27: 2154.5319
A28: =A27+1 -> 27 | B28: =B16 -> June | C28: =C16 -> 6 | D28: 45809 | E28: =YEAR(D28) -> 2025 | F28: FY26 | G28: =DAY(EOMONTH(D28,0)) -> 30 | H28: =H16 -> 156 | I28: =I16 -> 153.7 | K28: =K16 -> 26.96 | M28: =SUM(AO28+AP28) -> 2732.7507 | N28: 24.3031 | O28: =IFERROR(M28/I28/N28,"") -> 0.73158447 | P28: =IFERROR(I28/G28,"") -> 5.1233333 | Q28: =COUNTIFS('Daily KPI'!$D:$D,D28,'Daily KPI'!$I:$I,">0") -> 30 | R28: =I28/G28*Q28 -> 153.7 | S28: =SUMIF($F$2:F28,F28,$R$2:R28) -> 554.8 | T28: =M28/G28 -> 91.091691 | U28: =M28/G28*Q28 -> 2732.7507 | V28: =SUMIF($F$2:F28,F28,$U$2:U28) -> 10064.826 | W28: =IFERROR(T28/(24*N28),"") -> 0.15617296 | X28: =IFERROR(U28/(24*N28*Q28),"") -> 0.15617296 | Y28: =IFERROR(V28/(24*N28*SUMIFS($Q:$Q,$F:$F,$F28,$D:$D,"<="&D28)),"") -> 0.18962342 | Z28: =IFERROR(AVERAGEIF('Daily KPI'!$D:$D,New_Modelling[[#This Row],[Month]],'Daily KPI'!$AB:$AB),"") -> 24.3031 | AA28: =IFERROR(AVERAGEIF($F$2:F28,F28,$N$2:N28),"") -> 24.3031 | AE28: 0.995 | AF28: 0.995 | AO28: 1227.6925 | AP28: 1505.0583
A29: =A28+1 -> 28 | B29: =B17 -> July | C29: =C17 -> 7 | D29: 45839 | E29: =YEAR(D29) -> 2025 | F29: FY26 | G29: =DAY(EOMONTH(D29,0)) -> 31 | H29: =H17 -> 138 | I29: =I17 -> 136.6 | K29: =K17 -> 25.04 | M29: =SUM(AO29+AP29) -> 2401.7797 | N29: 24.3031 | O29: =IFERROR(M29/I29/N29,"") -> 0.72347044 | P29: =IFERROR(I29/G29,"") -> 4.4064516 | Q29: =COUNTIFS('Daily KPI'!$D:$D,D29,'Daily KPI'!$I:$I,">0") -> 31 | R29: =I29/G29*Q29 -> 136.6 | S29: =SUMIF($F$2:F29,F29,$R$2:R29) -> 691.4 | T29: =M29/G29 -> 77.476763 | U29: =M29/G29*Q29 -> 2401.7797 | V29: =SUMIF($F$2:F29,F29,$U$2:U29) -> 12466.606 | W29: =IFERROR(T29/(24*N29),"") -> 0.13283073 | X29: =IFERROR(U29/(24*N29*Q29),"") -> 0.13283073 | Y29: =IFERROR(V29/(24*N29*SUMIFS($Q:$Q,$F:$F,$F29,$D:$D,"<="&D29)),"") -> 0.17519249 | Z29: =IFERROR(AVERAGEIF('Daily KPI'!$D:$D,New_Modelling[[#This Row],[Month]],'Daily KPI'!$AB:$AB),"") -> 24.3031 | AA29: =IFERROR(AVERAGEIF($F$2:F29,F29,$N$2:N29),"") -> 24.3031 | AE29: 0.995 | AF29: 0.995 | AO29: 1116.3481 | AP29: 1285.4316
A30: =A29+1 -> 29 | B30: =B18 -> August | C30: =C18 -> 8 | D30: 45870 | E30: =YEAR(D30) -> 2025 | F30: FY26 | G30: =DAY(EOMONTH(D30,0)) -> 31 | H30: =H18 -> 129.3 | I30: =I18 -> 129.4 | K30: =K18 -> 24.6 | M30: =SUM(AO30+AP30) -> 2420.0836 | N30: 24.3031 | O30: =IFERROR(M30/I30/N30,"") -> 0.76954571 | P30: =IFERROR(I30/G30,"") -> 4.1741935 | Q30: =COUNTIFS('Daily KPI'!$D:$D,D30,'Daily KPI'!$I:$I,">0") -> 3 | R30: =I30/G30*Q30 -> 12.522581 | S30: =SUMIF($F$2:F30,F30,$R$2:R30) -> 703.92258 | T30: =M30/G30 -> 78.067213 | U30: =M30/G30*Q30 -> 234.20164 | V30: =SUMIF($F$2:F30,F30,$U$2:U30) -> 12700.807 | W30: =IFERROR(T30/(24*N30),"") -> 0.13384303 | X30: =IFERROR(U30/(24*N30*Q30),"") -> 0.13384303 | Y30: =IFERROR(V30/(24*N30*SUMIFS($Q:$Q,$F:$F,$F30,$D:$D,"<="&D30)),"") -> 0.1742001 | Z30: =IFERROR(AVERAGEIF('Daily KPI'!$D:$D,New_Modelling[[#This Row],[Month]],'Daily KPI'!$AB:$AB),"") -> 24.3031 | AA30: =IFERROR(AVERAGEIF($F$2:F30,F30,$N$2:N30),"") -> 24.3031 | AE30: 0.995 | AF30: 0.995 | AO30: 1054.8036 | AP30: 1365.28
A31: =A30+1 -> 30 | B31: =B19 -> September | C31: =C19 -> 9 | D31: 45901 | E31: =YEAR(D31) -> 2025 | F31: FY26 | G31: =DAY(EOMONTH(D31,0)) -> 30 | H31: =H19 -> 145.2 | I31: =I19 -> 148 | K31: =K19 -> 25.31 | M31: =SUM(AO31+AP31) -> 2744.7447 | N31: 24.3031 | O31: =IFERROR(M31/I31/N31,"") -> 0.76309493 | P31: =IFERROR(I31/G31,"") -> 4.9333333 | Q31: =COUNTIFS('Daily KPI'!$D:$D,D31,'Daily KPI'!$I:$I,">0") -> 0 | R31: =I31/G31*Q31 -> 0 | S31: =SUMIF($F$2:F31,F31,$R$2:R31) -> 703.92258 | T31: =M31/G31 -> 91.49149 | U31: =M31/G31*Q31 -> 0 | V31: =SUMIF($F$2:F31,F31,$U$2:U31) -> 12700.807 | W31: =IFERROR(T31/(24*N31),"") -> 0.1568584 | X31: =IFERROR(U31/(24*N31*Q31),"") | Y31: =IFERROR(V31/(24*N31*SUMIFS($Q:$Q,$F:$F,$F31,$D:$D,"<="&D31)),"") -> 0.1742001 | Z31: =IFERROR(AVERAGEIF('Daily KPI'!$D:$D,New_Modelling[[#This Row],[Month]],'Daily KPI'!$AB:$AB),"") | AA31: =IFERROR(AVERAGEIF($F$2:F31,F31,$N$2:N31),"") -> 24.3031 | AE31: 0.995 | AF31: 0.995 | AO31: 1195.2048 | AP31: 1549.5399
A32: =A31+1 -> 31 | B32: =B20 -> October | C32: =C20 -> 10 | D32: 45931 | E32: =YEAR(D32) -> 2025 | F32: FY26 | G32: =DAY(EOMONTH(D32,0)) -> 31 | H32: =H20 -> 160 | I32: =I20 -> 187.1 | K32: =K20 -> 26.6 | M32: =SUM(AO32+AP32) -> 3371.4685 | N32: 24.3031 | O32: =IFERROR(M32/I32/N32,"") -> 0.74145303 | P32: =IFERROR(I32/G32,"") -> 6.0354839 | Q32: =COUNTIFS('Daily KPI'!$D:$D,D32,'Daily KPI'!$I:$I,">0") -> 0 | R32: =I32/G32*Q32 -> 0 | S32: =SUMIF($F$2:F32,F32,$R$2:R32) -> 703.92258 | T32: =M32/G32 -> 108.75705 | U32: =M32/G32*Q32 -> 0 | V32: =SUMIF($F$2:F32,F32,$U$2:U32) -> 12700.807 | W32: =IFERROR(T32/(24*N32),"") -> 0.18645949 | X32: =IFERROR(U32/(24*N32*Q32),"") | Y32: =IFERROR(V32/(24*N32*SUMIFS($Q:$Q,$F:$F,$F32,$D:$D,"<="&D32)),"") -> 0.1742001 | Z32: =IFERROR(AVERAGEIF('Daily KPI'!$D:$D,New_Modelling[[#This Row],[Month]],'Daily KPI'!$AB:$AB),"") | AA32: =IFERROR(AVERAGEIF($F$2:F32,F32,$N$2:N32),"") -> 24.3031 | AE32: 0.995 | AF32: 0.995 | AO32: 1478.7765 | AP32: 1892.692
A33: =A32+1 -> 32 | B33: =B21 -> November | C33: =C21 -> 11 | D33: 45962 | E33: =YEAR(D33) -> 2025 | F33: FY26 | G33: =DAY(EOMONTH(D33,0)) -> 30 | H33: =H21 -> 147.9 | I33: =I21 -> 192.4 | K33: =K21 -> 24.86 | M33: =SUM(AO33+AP33) -> 3300.393 | N33: 24.3031 | O33: =IFERROR(M33/I33/N33,"") -> 0.70582806 | P33: =IFERROR(I33/G33,"") -> 6.4133333 | Q33: =COUNTIFS('Daily KPI'!$D:$D,D33,'Daily KPI'!$I:$I,">0") -> 0 | R33: =I33/G33*Q33 -> 0 | S33: =SUMIF($F$2:F33,F33,$R$2:R33) -> 703.92258 | T33: =M33/G33 -> 110.0131 | U33: =M33/G33*Q33 -> 0 | V33: =SUMIF($F$2:F33,F33,$U$2:U33) -> 12700.807 | W33: =IFERROR(T33/(24*N33),"") -> 0.18861294 | X33: =IFERROR(U33/(24*N33*Q33),"") | Y33: =IFERROR(V33/(24*N33*SUMIFS($Q:$Q,$F:$F,$F33,$D:$D,"<="&D33)),"") -> 0.1742001 | Z33: =IFERROR(AVERAGEIF('Daily KPI'!$D:$D,New_Modelling[[#This Row],[Month]],'Daily KPI'!$AB:$AB),"") | AA33: =IFERROR(AVERAGEIF($F$2:F33,F33,$N$2:N33),"") -> 24.3031 | AE33: 0.995 | AF33: 0.995 | AO33: 1521.7915 | AP33: 1778.6015
A34: =A33+1 -> 33 | B34: =B22 -> December | C34: =C22 -> 12 | D34: 45992 | E34: =YEAR(D34) -> 2025 | F34: FY26 | G34: =DAY(EOMONTH(D34,0)) -> 31 | H34: =H22 -> 144.5 | I34: =I22 -> 200.9 | K34: =K22 -> 22.67 | M34: =SUM(AO34+AP34) -> 3465.9985 | N34: 24.3031 | O34: =IFERROR(M34/I34/N34,"") -> 0.70988298 | P34: =IFERROR(I34/G34,"") -> 6.4806452 | Q34: =COUNTIFS('Daily KPI'!$D:$D,D34,'Daily KPI'!$I:$I,">0") -> 0 | R34: =I34/G34*Q34 -> 0 | S34: =SUMIF($F$2:F34,F34,$R$2:R34) -> 703.92258 | T34: =M34/G34 -> 111.8064 | U34: =M34/G34*Q34 -> 0 | V34: =SUMIF($F$2:F34,F34,$U$2:U34) -> 12700.807 | W34: =IFERROR(T34/(24*N34),"") -> 0.19168749 | X34: =IFERROR(U34/(24*N34*Q34),"") | Y34: =IFERROR(V34/(24*N34*SUMIFS($Q:$Q,$F:$F,$F34,$D:$D,"<="&D34)),"") -> 0.1742001 | Z34: =IFERROR(AVERAGEIF('Daily KPI'!$D:$D,New_Modelling[[#This Row],[Month]],'Daily KPI'!$AB:$AB),"") | AA34: =IFERROR(AVERAGEIF($F$2:F34,F34,$N$2:N34),"") -> 24.3031 | AE34: 0.995 | AF34: 0.995 | AO34: 1606.9942 | AP34: 1859.0044
A35: =A34+1 -> 34 | B35: =B23 -> January | C35: =C23 -> 1 | D35: 46023 | E35: =YEAR(D35) -> 2026 | F35: FY26 | G35: =DAY(EOMONTH(D35,0)) -> 31 | H35: =H23 -> 155.6 | I35: =I23 -> 210.5 | K35: =K23 -> 23.04 | M35: =SUM(AO35+AP35) -> 3553.7359 | N35: 24.3031 | O35: =IFERROR(M35/I35/N35,"") -> 0.69465854 | P35: =IFERROR(I35/G35,"") -> 6.7903226 | Q35: =COUNTIFS('Daily KPI'!$D:$D,D35,'Daily KPI'!$I:$I,">0") -> 0 | R35: =I35/G35*Q35 -> 0 | S35: =SUMIF($F$2:F35,F35,$R$2:R35) -> 703.92258 | T35: =M35/G35 -> 114.63664 | U35: =M35/G35*Q35 -> 0 | V35: =SUMIF($F$2:F35,F35,$U$2:U35) -> 12700.807 | W35: =IFERROR(T35/(24*N35),"") -> 0.19653981 | X35: =IFERROR(U35/(24*N35*Q35),"") | Y35: =IFERROR(V35/(24*N35*SUMIFS($Q:$Q,$F:$F,$F35,$D:$D,"<="&D35)),"") -> 0.1742001 | Z35: =IFERROR(AVERAGEIF('Daily KPI'!$D:$D,New_Modelling[[#This Row],[Month]],'Daily KPI'!$AB:$AB),"") | AA35: =IFERROR(AVERAGEIF($F$2:F35,F35,$N$2:N35),"") -> 24.3031 | AE35: 0.995 | AF35: 0.995 | AO35: 1670.2482 | AP35: 1883.4877
A36: =A35+1 -> 35 | B36: =B24 -> February | C36: =C24 -> 2 | D36: 46054 | E36: =YEAR(D36) -> 2026 | F36: FY26 | G36: =DAY(EOMONTH(D36,0)) -> 28 | H36: =H24 -> 157.9 | I36: =I24 -> 193 | K36: =K24 -> 25.46 | M36: =SUM(AO36+AP36) -> 3209.6434 | N36: 24.3031 | O36: =IFERROR(M36/I36/N36,"") -> 0.68428623 | P36: =IFERROR(I36/G36,"") -> 6.8928571 | Q36: =COUNTIFS('Daily KPI'!$D:$D,D36,'Daily KPI'!$I:$I,">0") -> 0 | R36: =I36/G36*Q36 -> 0 | S36: =SUMIF($F$2:F36,F36,$R$2:R36) -> 703.92258 | T36: =M36/G36 -> 114.63012 | U36: =M36/G36*Q36 -> 0 | V36: =SUMIF($F$2:F36,F36,$U$2:U36) -> 12700.807 | W36: =IFERROR(T36/(24*N36),"") -> 0.19652864 | X36: =IFERROR(U36/(24*N36*Q36),"") | Y36: =IFERROR(V36/(24*N36*SUMIFS($Q:$Q,$F:$F,$F36,$D:$D,"<="&D36)),"") -> 0.1742001 | Z36: =IFERROR(AVERAGEIF('Daily KPI'!$D:$D,New_Modelling[[#This Row],[Month]],'Daily KPI'!$AB:$AB),"") | AA36: =IFERROR(AVERAGEIF($F$2:F36,F36,$N$2:N36),"") -> 24.3031 | AE36: 0.995 | AF36: 0.995 | AO36: 1497.1769 | AP36: 1712.4665
A37: =A36+1 -> 36 | B37: =B25 -> March | C37: =C25 -> 3 | D37: 46082 | E37: =YEAR(D37) -> 2026 | F37: FY26 | G37: =DAY(EOMONTH(D37,0)) -> 31 | H37: =H25 -> 197.2 | I37: =I25 -> 213.9 | K37: =K25 -> 29.58 | M37: =SUM(AO37+AP37) -> 3848.064 | N37: 24.3031 | O37: =IFERROR(M37/I37/N37,"") -> 0.74023536 | P37: =IFERROR(I37/G37,"") -> 6.9 | Q37: =COUNTIFS('Daily KPI'!$D:$D,D37,'Daily KPI'!$I:$I,">0") -> 0 | R37: =I37/G37*Q37 -> 0 | S37: =SUMIF($F$2:F37,F37,$R$2:R37) -> 703.92258 | T37: =M37/G37 -> 124.1311 | U37: =M37/G37*Q37 -> 0 | V37: =SUMIF($F$2:F37,F37,$U$2:U37) -> 12700.807 | W37: =IFERROR(T37/(24*N37),"") -> 0.21281767 | X37: =IFERROR(U37/(24*N37*Q37),"") | Y37: =IFERROR(V37/(24*N37*SUMIFS($Q:$Q,$F:$F,$F37,$D:$D,"<="&D37)),"") -> 0.1742001 | Z37: =IFERROR(AVERAGEIF('Daily KPI'!$D:$D,New_Modelling[[#This Row],[Month]],'Daily KPI'!$AB:$AB),"") | AA37: =IFERROR(AVERAGEIF($F$2:F37,F37,$N$2:N37),"") -> 24.3031 | AE37: 0.995 | AF37: 0.995 | AO37: 1637.7664 | AP37: 2210.2976

Sheet Modelling
B1: Month | D1: GlobHor kWh/m² | E1: DiffHor kWh/m² | F1: T_Amb °C | G1: GlobInc kWh/m² | H1: GlobEff kWh/m² | I1: EArray MWh | J1: E_Grid MWh | K1: PR ratio | L1: Target Enegy | M1: Daily POA Target | P1: DC Capacity | Q1: 11.5031 | R1: =AO1 -> 12.8 | S1: =Q1+R1 -> 24.3031 | Z1: Month | AB1: GlobHor kWh/m² | AC1: DiffHor kWh/m² | AD1: T_Amb °C | AE1: GlobInc kWh/m² | AF1: GlobEff kWh/m² | AG1: EArray MWh | AH1: E_Grid MWh | AJ1: Target Enegy | AK1: Daily POA Target | AN1: DC Capacity | AO1: 12.8 | BE1: Month | BG1: GlobHor kWh/m² | BH1: DiffHor kWh/m² | BI1: T_Amb °C | BJ1: GlobInc kWh/m² | BK1: GlobEff kWh/m² | BL1: EArray MWh | BM1: E_Grid MWh | BO1: Target Enegy | BP1: Daily POA Target | BS1: DC Capacity | BT1: 12.8
A2: 31 | B2: January | C2: 1 | D2: 155.6 | E2: 33.5 | F2: 23.04 | G2: 210.5 | H2: 200.2 | I2: 1895 | J2: 1719.5589 | K2: =J2/G2/$Q$1 -> 0.71014993 | L2: 1730 | M2: =G2/A2 -> 6.7903226 | N2: 1682 | O2: =N2/1000 -> 1.682 | P2: Degradation | Q2: 0.007 | T2: 1707.5219 | Y2: 31 | Z2: January | AA2: 1 | AB2: 152.60005 | AD2: 22.000027 | AE2: 175.43287 | AH2: 1939.8168 | AJ2: =AH2 -> 1939.8168 | AK2: =AE2/Y2 -> 5.6591249 | AL2: 1905.1169 | AN2: Degradation | AO2: 0.0045 | BD2: 31 | BE2: January | BF2: 1 | BG2: 152.60005 | BI2: 22.000027 | BJ2: 175.43287 | BM2: 1939.8168 | BO2: =BM2 -> 1939.8168 | BP2: =BJ2/BD2 -> 5.6591249 | BQ2: =N2+AL2 -> 3587.1169 | BS2: Degradation | BT2: 0.0045
A3: 28 | B3: February | C3: 2 | D3: 157.9 | E3: 36.7 | F3: 25.46 | G3: 193 | H3: 183.2 | I3: 1708 | J3: 1549.8715 | K3: =J3/G3/$Q$1 -> 0.69810941 | L3: 1460 | M3: =G3/A3 -> 6.8928571 | N3: 1507.7 | O3: =N3/1000 -> 1.5077 | P3: Line Loss Addition | Q3: 0 | T3: 1539.0224 | Y3: 28 | Z3: February | AA3: 2 | AB3: 161.49947 | AD3: 24.7 | AE3: 179.59498 | AH3: 1952.3303 | AJ3: 2020 | AK3: =AE3/Y3 -> 6.4141064 | AL3: 1917.7173 | AN3: Line Loss Addition | AO3: 0 | BD3: 28 | BE3: February | BF3: 2 | BG3: 161.49947 | BI3: 24.7 | BJ3: 179.59498 | BM3: 1952.3303 | BO3: =BM3 -> 1952.3303 | BP3: =BJ3/BD3 -> 6.4141064 | BQ3: =N3+AL3 -> 3425.4173 | BS3: Line Loss Addition | BT3: 0
A4: 31 | B4: March | C4: 3 | D4: 197.2 | E4: 48.7 | F4: 29.58 | G4: 213.9 | H4: 202.2 | I4: 1858 | J4: 1685.9844 | K4: =J4/G4/$Q$1 -> 0.68521658 | L4: 1690 | M4: =G4/A4 -> 6.9 | N4: 1649.3 | O4: =N4/1000 -> 1.6493 | T4: 1674.1825 | Y4: 31 | Z4: March | AA4: 3 | AB4: 201.60102 | AD4: 28.299866 | AE4: 213.18882 | AH4: 2276.1272 | AJ4: =AH4 -> 2276.1272 | AK4: =AE4/Y4 -> 6.8770587 | AL4: 2235.6797 | BD4: 31 | BE4: March | BF4: 3 | BG4: 201.60102 | BI4: 28.299866 | BJ4: 213.18882 | BM4: 2276.1272 | BO4: =BM4 -> 2276.1272 | BP4: =BJ4/BD4 -> 6.8770587 | BQ4: =N4+AL4 -> 3884.9797
A5: 30 | B5: April | C5: 4 | D5: 197.1 | E5: 57.9 | F5: 31.76 | G5: 198.7 | H5: 187.5 | I5: 1722 | J5: 1562.5754 | K5: =J5/G5/$Q$1 -> 0.68364118 | L5: 1520 | M5: =G5/A5 -> 6.6233333 | N5: 1529.1 | O5: =N5/1000 -> 1.5291 | T5: 1551.6374 | Y5: 30 | Z5: April | AA5: 4 | AB5: 207.1997 | AD5: 32.300125 | AE5: 208.9574 | AH5: 2210.4497 | AJ5: =AH5 -> 2210.4497 | AK5: =AE5/Y5 -> 6.9652467 | AL5: 2171.4966 | BD5: 30 | BE5: April | BF5: 4 | BG5: 207.1997 | BI5: 32.300125 | BJ5: 208.9574 | BM5: 2210.4497 | BO5: =BM5 -> 2210.4497 | BP5: =BJ5/BD5 -> 6.9652467 | BQ5: =N5+AL5 -> 3700.5966
A6: 31 | B6: May | C6: 5 | D6: 204.3 | E6: 66 | F6: 30.53 | G6: 202.4 | H6: 190.8 | I6: 1773 | J6: 1608.8537 | K6: =J6/G6/$Q$1 -> 0.69102087 | L6: 1620 | M6: =G6/A6 -> 6.5290323 | N6: 1573.6 | O6: =N6/1000 -> 1.5736 | T6: 1597.5918 | Y6: 31 | Z6: May | AA6: 5 | AB6: 212.10053 | AD6: 33.600067 | AE6: 205.74141 | AH6: 2066.2483 | AJ6: =AH6 -> 2066.2483 | AK6: =AE6/Y6 -> 6.6368198 | AL6: 2159.4869 | BD6: 31 | BE6: May | BF6: 5 | BG6: 212.10053 | BI6: 33.600067 | BJ6: 205.74141 | BM6: 2066.2483 | BO6: =BM6 -> 2066.2483 | BP6: =BJ6/BD6 -> 6.6368198 | BQ6: =N6+AL6 -> 3733.0869
A7: 30 | B7: June | C7: 6 | D7: 156 | E7: 72.3 | F7: 26.96 | G7: 153.7 | H7: 144 | I7: 1392 | J7: 1263.1271 | K7: =J7/G7/$Q$1 -> 0.71442773 | L7: 1230 | M7: =G7/A7 -> 5.1233333 | N7: 1236.3 | O7: =N7/1000 -> 1.2363 | T7: 1254.2852 | Y7: 30 | Z7: June | AA7: 6 | AB7: 150.90014 | AD7: 29.699875 | AE7: 144.30213 | AH7: 1587.3331 | AJ7: =AH7 -> 1587.3331 | AK7: =AE7/Y7 -> 4.8100708 | AL7: 1558.8036 | BD7: 30 | BE7: June | BF7: 6 | BG7: 150.90014 | BI7: 29.699875 | BJ7: 144.30213 | BM7: 1587.3331 | BO7: =BM7 -> 1587.3331 | BP7: =BJ7/BD7 -> 4.8100708 | BQ7: =N7+AL7 -> 2795.1036
A8: 31 | B8: July | C8: 7 | D8: 138 | E8: 75 | F8: 25.04 | G8: 136.6 | H8: 127.8 | I8: 1266 | J8: 1148.7924 | K8: =J8/G8/$Q$1 -> 0.73109858 | L8: 1150 | M8: =G8/A8 -> 4.4064516 | N8: 1124.2 | O8: =N8/1000 -> 1.1242 | T8: 1140.7508 | Y8: 31 | Z8: July | AA8: 7 | AB8: 122.2003 | AD8: 27.200094 | AE8: 117.91425 | AH8: 1312.4773 | AJ8: =AH8 -> 1312.4773 | AK8: =AE8/Y8 -> 3.8036856 | AL8: 1288.3878 | BD8: 31 | BE8: July | BF8: 7 | BG8: 122.2003 | BI8: 27.200094 | BJ8: 117.91425 | BM8: 1312.4773 | BO8: =BM8 -> 1312.4773 | BP8: =BJ8/BD8 -> 3.8036856 | BQ8: =N8+AL8 -> 2412.5878
A9: 31 | B9: August | C9: 8 | D9: 129.3 | E9: 72.2 | F9: 24.6 | G9: 129.4 | H9: 121.1 | I9: 1197 | J9: 1086.1804 | K9: =J9/G9/$Q$1 -> 0.72971422 | L9: 1090 | M9: =G9/A9 -> 4.1741935 | N9: 1062.2 | O9: =N9/1000 -> 1.0622 | T9: 1078.5772 | Y9: 31 | Z9: August | AA9: 8 | AB9: 126.89948 | AD9: 26.49996 | AE9: 124.96256 | AH9: 1393.6345 | AJ9: =AH9 -> 1393.6345 | AK9: =AE9/Y9 -> 4.0310503 | AL9: 1368.4199 | BD9: 31 | BE9: August | BF9: 8 | BG9: 126.89948 | BI9: 26.49996 | BJ9: 124.96256 | BM9: 1393.6345 | BO9: =BM9 -> 1393.6345 | BP9: =BJ9/BD9 -> 4.0310503 | BQ9: =N9+AL9 -> 2430.6199
A10: 30 | B10: September | C10: 9 | D10: 145.2 | E10: 63 | F10: 25.31 | G10: 148 | H10: 138.9 | I10: 1356 | J10: 1230.4601 | K10: =J10/G10/$Q$1 -> 0.72275467 | L10: 1200 | M10: =G10/A10 -> 4.9333333 | N10: 1203.6 | O10: =N10/1000 -> 1.2036 | T10: 1221.8468 | Y10: 30 | Z10: September | AA10: 9 | AB10: 144.8991 | AD10: 26.500042 | AE10: 148.18957 | AH10: 1634.4158 | AJ10: =AH10 -> 1634.4158 | AK10: =AE10/Y10 -> 4.9396525 | AL10: 1604.8737 | AM10: 0 | BD10: 30 | BE10: September | BF10: 9 | BG10: 144.8991 | BI10: 26.500042 | BJ10: 148.18957 | BM10: 1634.4158 | BO10: =BM10 -> 1634.4158 | BP10: =BJ10/BD10 -> 4.9396525 | BQ10: =N10+AL10 -> 2808.4737
A11: 31 | B11: October | C11: 10 | D11: 160 | E11: 50.5 | F11: 26.6 | G11: 187.1 | H11: 177 | I11: 1677 | J11: 1521.7415 | K11: =J11/G11/$Q$1 -> 0.70705339 | L11: 1530 | M11: =G11/A11 -> 6.0354839 | N11: 1489.2 | O11: =N11/1000 -> 1.4892 | T11: 1511.0893 | Y11: 31 | Z11: October | AA11: 10 | AB11: 162.49946 | AD11: 26.199919 | AE11: 176.09892 | AH11: 1797.7069 | AJ11: =AH11 -> 1797.7069 | AK11: =AE11/Y11 -> 5.6806105 | AL11: 1897.0448 | BD11: 31 | BE11: October | BF11: 10 | BG11: 162.49946 | BI11: 26.199919 | BJ11: 176.09892 | BM11: 1797.7069 | BO11: =BM11 -> 1797.7069 | BP11: =BJ11/BD11 -> 5.6806105 | BQ11: =N11+AL11 -> 3386.2448
A12: 30 | B12: November | C12: 11 | D12: 147.9 | E12: 36.9 | F12: 24.86 | G12: 192.4 | H12: 182.7 | I12: 1726 | J12: 1566.2051 | K12: =J12/G12/$Q$1 -> 0.70766653 | L12: 1520 | M12: =G12/A12 -> 6.4133333 | N12: 1532.5 | O12: =N12/1000 -> 1.5325 | T12: 1555.2416 | Y12: 30 | Z12: November | AA12: 11 | AB12: 148.69927 | AD12: 24.000069 | AE12: 169.40124 | AH12: 1875.8173 | AJ12: =AH12 -> 1875.8173 | AK12: =AE12/Y12 -> 5.6467081 | AL12: 1842.115 | BD12: 30 | BE12: November | BF12: 11 | BG12: 148.69927 | BI12: 24.000069 | BJ12: 169.40124 | BM12: 1875.8173 | BO12: =BM12 -> 1875.8173 | BP12: =BJ12/BD12 -> 5.6467081 | BQ12: =N12+AL12 -> 3374.615
A13: 31 | B13: December | C13: 12 | D13: 144.5 | E13: 33.2 | F13: 22.67 | G13: 200.9 | H13: 191 | I13: 1819 | J13: 1650.595 | K13: =J13/G13/$Q$1 -> 0.71424251 | L13: 1660 | M13: =G13/A13 -> 6.4806452 | N13: 1618.3 | O13: =N13/1000 -> 1.6183 | T13: 1639.0409 | Y13: 31 | Z13: December | AA13: 12 | AB13: 145.80132 | AD13: 21.788844 | AE13: 170.37202 | AH13: 1805.8565 | AJ13: =AH13 -> 1805.8565 | AK13: =AE13/Y13 -> 5.4958715 | AL13: 1863.2797 | BD13: 31 | BE13: December | BF13: 12 | BG13: 145.80132 | BI13: 21.788844 | BJ13: 170.37202 | BM13: 1805.8565 | BO13: =BM13 -> 1805.8565 | BP13: =BJ13/BD13 -> 5.4958715 | BQ13: =N13+AL13 -> 3481.5797
A14: =SUM(A2:A13) -> 365 | B14: Year | D14: =SUM(D2:D13) -> 1933 | E14: =SUM(E2:E13) -> 645.9 | F14: =AVERAGE(F2:F13) -> 26.3675 | G14: =SUM(G2:G13) -> 2166.6 | J14: =SUM(J2:J13) -> 17593.945 | K14: =J14/G14/$Q$1 -> 0.70594295 | L14: =SUM(L2:L13) -> 17400 | M14: =G14/A14 -> 5.9358904 | T14: 17470.788 | Y14: 365 | Z14: Year | AB14: 1936.8998 | AC14: 0 | AD14: 26.899074 | AE14: 2034.1562 | AH14: 21852.214 | AJ14: =SUM(AJ2:AJ13) -> 21919.883 | AK14: =AE14/Y14 -> 5.5730306 | BD14: 365 | BE14: Year | BG14: 1936.8998 | BH14: 0 | BI14: 26.899074 | BJ14: 2034.1562 | BM14: 21852.214 | BO14: =SUM(BO2:BO13) -> 21852.214 | BP14: =BJ14/BD14 -> 5.5730306 | BQ14: =SUM(BQ2:BQ13) -> 39020.422
B16: 2 | C16: =B16+1 -> 3 | D16: =C16+1 -> 4 | E16: =D16+1 -> 5 | F16: =E16+1 -> 6 | G16: =F16+1 -> 7 | H16: =G16+1 -> 8 | I16: =H16+1 -> 9 | J16: =I16+1 -> 10 | ... U16: =T16+1 -> 21 | Z16: 2 | AA16: =Z16+1 -> 3 | AB16: =AA16+1 -> 4 | AC16: =AB16+1 -> 5 | AD16: =AC16+1 -> 6 | AE16: =AD16+1 -> 7 | AF16: =AE16+1 -> 8 | AG16: =AF16+1 -> 9 | AH16: =AG16+1 -> 10 | ... AS16: =AR16+1 -> 21 | BE16: 2 | BF16: =BE16+1 -> 3 | BG16: =BF16+1 -> 4 | BH16: =BG16+1 -> 5 | BI16: =BH16+1 -> 6 | BJ16: =BI16+1 -> 7 | BK16: =BJ16+1 -> 8 | BL16: =BK16+1 -> 9 | BM16: =BL16+1 -> 10 | ... BX16: =BW16+1 -> 21
A17: Date | B17: Start Month | C17: Finacial Year | D17: Calendor Year | E17: Contrcatual Year | F17: Operating Year | G17: Month Year | H17: Total Days | I17: Month | J17: Target E_Grid daily MWh | K17: Target E_Grid MTD MWh | L17: Target E_Grid YTD MWh | M17: Target POA Daily (KWh/m2) | N17: Target POA MTD (KWh/m2) | O17: Tareget POA YTD (KWh/m2) | P17: Target PR Daily (%) | Q17: Target PR MTD (%) | R17: Target PR YTD (%) | S17: Target CUF Daily (%) | T17: Target CUF MTD (%) | U17: Target CUF YTD (%) | V17: DC Capcity | Y17: Date | Z17: Start Month | AA17: Finacial Year | AB17: Calendor Year | AC17: Contrcatual Year | AD17: Operating Year | AE17: Month Year | AF17: Total Days | AG17: Month | AH17: Target E_Grid daily MWh | AI17: Target E_Grid MTD MWh | AJ17: Target E_Grid YTD MWh | AK17: Target POA Daily (KWh/m2) | AL17: Target POA MTD (KWh/m2) | AM17: Tareget POA YTD (KWh/m2) | AN17: Target PR Daily (%) | AO17: Target PR MTD (%) | AP17: Target PR YTD (%) | AQ17: Target CUF Daily (%) | AR17: Target CUF MTD (%) | AS17: Target CUF YTD (%) | AT17: Comisined DC | AU17: Factor | AV17: MTD DC Capcity | AW17: YTD DC Capcity | BD17: Date | BE17: Start Month | BF17: Finacial Year | BG17: Calendor Year | BH17: Contrcatual Year | BI17: Operating Year | BJ17: Month Year | BK17: Total Days | BL17: Month | BM17: Target E_Grid daily MWh | BN17: Target E_Grid MTD MWh | BO17: Target E_Grid YTD MWh | BP17: Target POA Daily (KWh/m2) | BQ17: Target POA MTD (KWh/m2) | BR17: Tareget POA YTD (KWh/m2) | BS17: Target PR Daily (%) | BT17: Target PR MTD (%) | BU17: Target PR YTD (%) | BV17: Target CUF Daily (%) | BW17: Target CUF MTD (%) | BX17: Target CUF YTD (%) | BY17: Comisined DC | BZ17: Factor | CA17: MTD DC Capcity | CB17: YTD DC Capcity | CG17: MTD Days | CH17: YTD Days
A18: 45017 | B18: =MONTH(Modelling_old[[#This Row],[Date]]) -> 4 | C18: =YEAR(A18)+(MONTH(A18)>=B18) -> 2024 | D18: =YEAR(A18) -> 2023 | E18: Year-2 | F18: Year-2 | G18: 45017 | H18: =DAY(EOMONTH(G18,0)) -> 30 | I18: =MONTH(A18) -> 4 | J18: =VLOOKUP(I18,$C$2:$L$13,10,0)/H18 -> 50.666667 | K18: =SUM($J$18:J18) -> 50.666667 | L18: =SUM($J$18:J18) -> 50.666667 | M18: =VLOOKUP(I18,$C$2:$M$13,11,0) -> 6.6233333 | N18: =SUM($M$18:M18) -> 6.6233333 | O18: =SUM($M$18:M18) -> 6.6233333 | P18: =J18/$Q$1/M18 -> 0.66501406 | Q18: =K18/N18/$Q$1 -> 0.66501406 | R18: =L18/O18/$Q$1 -> 0.66501406 | S18: =J18/(24*$Q$1) -> 0.18352541 | T18: =K18/((COUNT($K$18:K18))*24*$Q$1) -> 0.18352541 | U18: =L18/((COUNT($L$18:L18))*24*$Q$1) -> 0.18352541 | V18: 11.5031 | Y18: =Modelling_old[[#This Row],[Date]] -> 45017 | Z18: =MONTH(Modelling_new[[#This Row],[Date]]) -> 4 | AA18: =YEAR(Y18)+IF(MONTH(Modelling_new[[#This Row],[Date]])>=4,1,0) -> 2024 | AB18: =YEAR(Y18) -> 2023 | AC18: Year-2 | AD18: Year-2 | AE18: 45017 | AF18: =DAY(EOMONTH(AE18,0)) -> 30 | AG18: =MONTH(Y18) -> 4 | AH18: 0 | AI18: 0 | AJ18: 0 | AK18: 0 | AL18: 0 | AM18: 0 | AN18: 0 | AO18: 0 | AP18: 0 | AQ18: 0 | AR18: 0 | AS18: 0 | AT18: 0 | AU18: 0 | AV18: 0 | AW18: 0 | BD18: =Modelling_old[[#This Row],[Date]] -> 45017 | BE18: =MONTH(Modelling[[#This Row],[Date]]) -> 4 | BF18: =YEAR(BD18)+IF(MONTH(Modelling[[#This Row],[Date]])>=4,1,0) -> 2024 | BG18: =YEAR(BD18) -> 2023 | BH18: Year-2 | BI18: Year-2 | BJ18: 45017 | BK18: =DAY(EOMONTH(BJ18,0)) -> 30 | BL18: =MONTH(BD18) -> 4 | BM18: =Modelling_old[[#This Row],[Target E_Grid daily MWh]]+Modelling_new[[#This Row],[Target E_Grid daily MWh]] -> 50.666667 | BN18: =Modelling_old[[#This Row],[Target E_Grid MTD MWh]]+Modelling_new[[#This Row],[Target E_Grid MTD MWh]] -> 50.666667 | BO18: =Modelling_old[[#This Row],[Target E_Grid YTD MWh]]+Modelling_new[[#This Row],[Target E_Grid YTD MWh]] -> 50.666667 | BP18: =IFERROR((Modelling_old[[#This Row],[Target POA Daily (KWh/m2)]]*(Modelling_old[[#This Row],[DC Capcity]]/Modelling[[#This Row],[Comisined DC ]])),"")+IFERROR((Modelling_new[[#This Row],[Target POA Daily (KWh/m2)]]*(Modelling_new[[#This Row],[Comisined DC ]]/Modelling[[#This Row],[Comisined DC ]])),"") -> 6.6233333 | BQ18: =SUMIFS(Modelling[Target POA Daily (KWh/m2)],Modelling[Date],"<="&Modelling[[#This Row],[Date]],Modelling[Month Year],Modelling[[#This Row],[Month Year]]) -> 6.6233333 | BR18: =SUMIFS(Modelling[Target POA Daily (KWh/m2)],Modelling[Date],"<="&Modelling[[#This Row],[Date]],Modelling[Finacial Year],Modelling[[#This Row],[Finacial Year]]) -> 6.6233333 | BS18: =BM18/Modelling[[#This Row],[Comisined DC ]]/BP18 -> 0.66501406 | BT18: =BN18/BQ18/Modelling[[#This Row],[Comisined DC ]] -> 0.66501406 | BU18: =BO18/BR18/Modelling[[#This Row],[Comisined DC ]] -> 0.66501406 | BV18: =BM18/(24*Modelling[[#This Row],[Comisined DC ]]) -> 0.18352541 | BW18: =BN18/((COUNTIFS(Modelling[Date],"<="&Modelling[[#This Row],[Date]],Modelling[Month Year],Modelling[[#This Row],[Month Year]])*24*Modelling[[#This Row],[MTD DC Capcity]])) -> 0.18352541 | BX18: =BO18/((COUNTIFS(Modelling[Date],"<="&Modelling[[#This Row],[Date]],Modelling[Finacial Year],Modelling[[#This Row],[Finacial Year]])*24*Modelling[[#This Row],[MTD DC Capcity]])) -> 0.18352541 | BY18: =Modelling_old[[#This Row],[DC Capcity]]+Modelling_new[[#This Row],[Comisined DC ]] -> 11.5031 | BZ18: 0 | CA18: =AVERAGEIFS(Modelling[[Comisined DC ]],Modelling[Date],"<="&Modelling[[#This Row],[Date]],Modelling[Month Year],Modelling[[#This Row],[Month Year]]) -> 11.5031 | CB18: =AVERAGEIFS(Modelling[[Comisined DC ]],Modelling[Date],"<="&Modelling[[#This Row],[Date]],Modelling[Finacial Year],Modelling[[#This Row],[Finacial Year]]) -> 11.5031 | CG18: 1 | CH18: 1
A19: 45018 | B19: =MONTH(Modelling_old[[#This Row],[Date]]) -> 4 | C19: =YEAR(A19)+(MONTH(A19)>=B19) -> 2024 | D19: =YEAR(A19) -> 2023 | E19: Year-2 | F19: Year-2 | G19: 45017 | H19: =DAY(EOMONTH(G19,0)) -> 30 | I19: =MONTH(A19) -> 4 | J19: =VLOOKUP(I19,$C$2:$L$13,10,0)/H19 -> 50.666667 | K19: =SUM($J$18:J19) -> 101.33333 | L19: =SUM($J$18:J19) -> 101.33333 | M19: =VLOOKUP(I19,$C$2:$M$13,11,0) -> 6.6233333 | N19: =SUM($M$18:M19) -> 13.246667 | O19: =SUM($M$18:M19) -> 13.246667 | P19: =J19/$Q$1/M19 -> 0.66501406 | Q19: =K19/N19/$Q$1 -> 0.66501406 | R19: =L19/O19/$Q$1 -> 0.66501406 | S19: =J19/(24*$Q$1) -> 0.18352541 | T19: =K19/((COUNT($K$18:K19))*24*$Q$1) -> 0.18352541 | U19: =L19/((COUNT($L$18:L19))*24*$Q$1) -> 0.18352541 | V19: 11.5031 | Y19: =Y18+1 -> 45018 | Z19: =MONTH(Modelling_new[[#This Row],[Date]]) -> 4 | AA19: =YEAR(Y19)+IF(MONTH(Modelling_new[[#This Row],[Date]])>=4,1,0) -> 2024 | AB19: =YEAR(Y19) -> 2023 | AC19: Year-2 | AD19: Year-2 | AE19: 45017 | AF19: =DAY(EOMONTH(AE19,0)) -> 30 | AG19: =MONTH(Y19) -> 4 | AH19: 0 | AI19: 0 | AJ19: 0 | AK19: 0 | AL19: 0 | AM19: 0 | AN19: 0 | AO19: 0 | AP19: 0 | AQ19: 0 | AR19: 0 | AS19: 0 | AT19: 0 | AU19: 0 | AV19: 0 | AW19: 0 | BD19: =BD18+1 -> 45018 | BE19: =MONTH(Modelling[[#This Row],[Date]]) -> 4 | BF19: =YEAR(BD19)+IF(MONTH(Modelling[[#This Row],[Date]])>=4,1,0) -> 2024 | BG19: =YEAR(BD19) -> 2023 | BH19: Year-2 | BI19: Year-2 | BJ19: 45017 | BK19: =DAY(EOMONTH(BJ19,0)) -> 30 | BL19: =MONTH(BD19) -> 4 | BM19: =Modelling_old[[#This Row],[Target E_Grid daily MWh]]+Modelling_new[[#This Row],[Target E_Grid daily MWh]] -> 50.666667 | BN19: =Modelling_old[[#This Row],[Target E_Grid MTD MWh]]+Modelling_new[[#This Row],[Target E_Grid MTD MWh]] -> 101.33333 | BO19: =Modelling_old[[#This Row],[Target E_Grid YTD MWh]]+Modelling_new[[#This Row],[Target E_Grid YTD MWh]] -> 101.33333 | BP19: =IFERROR((Modelling_old[[#This Row],[Target POA Daily (KWh/m2)]]*(Modelling_old[[#This Row],[DC Capcity]]/Modelling[[#This Row],[Comisined DC ]])),"")+IFERROR((Modelling_new[[#This Row],[Target POA Daily (KWh/m2)]]*(Modelling_new[[#This Row],[Comisined DC ]]/Modelling[[#This Row],[Comisined DC ]])),"") -> 6.6233333 | BQ19: =SUMIFS(Modelling[Target POA Daily (KWh/m2)],Modelling[Date],"<="&Modelling[[#This Row],[Date]],Modelling[Month Year],Modelling[[#This Row],[Month Year]]) -> 13.246667 | BR19: =SUMIFS(Modelling[Target POA Daily (KWh/m2)],Modelling[Date],"<="&Modelling[[#This Row],[Date]],Modelling[Finacial Year],Modelling[[#This Row],[Finacial Year]]) -> 13.246667 | BS19: =BM19/Modelling[[#This Row],[Comisined DC ]]/BP19 -> 0.66501406 | BT19: =BN19/BQ19/Modelling[[#This Row],[Comisined DC ]] -> 0.66501406 | BU19: =BO19/BR19/Modelling[[#This Row],[Comisined DC ]] -> 0.66501406 | BV19: =BM19/(24*Modelling[[#This Row],[Comisined DC ]]) -> 0.18352541 | BW19: =BN19/((COUNTIFS(Modelling[Date],"<="&Modelling[[#This Row],[Date]],Modelling[Month Year],Modelling[[#This Row],[Month Year]])*24*Modelling[[#This Row],[MTD DC Capcity]])) -> 0.18352541 | BX19: =BO19/((COUNTIFS(Modelling[Date],"<="&Modelling[[#This Row],[Date]],Modelling[Finacial Year],Modelling[[#This Row],[Finacial Year]])*24*Modelling[[#This Row],[MTD DC Capcity]])) -> 0.18352541 | BY19: =Modelling_old[[#This Row],[DC Capcity]]+Modelling_new[[#This Row],[Comisined DC ]] -> 11.5031 | BZ19: 0 | CA19: =AVERAGEIFS(Modelling[[Comisined DC ]],Modelling[Date],"<="&Modelling[[#This Row],[Date]],Modelling[Month Year],Modelling[[#This Row],[Month Year]]) -> 11.5031 | CB19: =AVERAGEIFS(Modelling[[Comisined DC ]],Modelling[Date],"<="&Modelling[[#This Row],[Date]],Modelling[Finacial Year],Modelling[[#This Row],[Finacial Year]]) -> 11.5031 | CG19: =CG18+1 -> 2 | CH19: =CH18+1 -> 2
A20: 45019 | B20: =MONTH(Modelling_old[[#This Row],[Date]]) -> 4 | C20: =YEAR(A20)+(MONTH(A20)>=B20) -> 2024 | D20: =YEAR(A20) -> 2023 | E20: Year-2 | F20: Year-2 | G20: 45017 | H20: =DAY(EOMONTH(G20,0)) -> 30 | I20: =MONTH(A20) -> 4 | J20: =VLOOKUP(I20,$C$2:$L$13,10,0)/H20 -> 50.666667 | K20: =SUM($J$18:J20) -> 152 | L20: =SUM($J$18:J20) -> 152 | M20: =VLOOKUP(I20,$C$2:$M$13,11,0) -> 6.6233333 | N20: =SUM($M$18:M20) -> 19.87 | O20: =SUM($M$18:M20) -> 19.87 | P20: =J20/$Q$1/M20 -> 0.66501406 | Q20: =K20/N20/$Q$1 -> 0.66501406 | R20: =L20/O20/$Q$1 -> 0.66501406 | S20: =J20/(24*$Q$1) -> 0.18352541 | T20: =K20/((COUNT($K$18:K20))*24*$Q$1) -> 0.18352541 | U20: =L20/((COUNT($L$18:L20))*24*$Q$1) -> 0.18352541 | V20: 11.5031 | Y20: =Y19+1 -> 45019 | Z20: =MONTH(Modelling_new[[#This Row],[Date]]) -> 4 | AA20: =YEAR(Y20)+IF(MONTH(Modelling_new[[#This Row],[Date]])>=4,1,0) -> 2024 | AB20: =YEAR(Y20) -> 2023 | AC20: Year-2 | AD20: Year-2 | AE20: 45017 | AF20: =DAY(EOMONTH(AE20,0)) -> 30 | AG20: =MONTH(Y20) -> 4 | AH20: 0 | AI20: 0 | AJ20: 0 | AK20: 0 | AL20: 0 | AM20: 0 | AN20: 0 | AO20: 0 | AP20: 0 | AQ20: 0 | AR20: 0 | AS20: 0 | AT20: 0 | AU20: 0 | AV20: 0 | AW20: 0 | BD20: =BD19+1 -> 45019 | BE20: =MONTH(Modelling[[#This Row],[Date]]) -> 4 | BF20: =YEAR(BD20)+IF(MONTH(Modelling[[#This Row],[Date]])>=4,1,0) -> 2024 | BG20: =YEAR(BD20) -> 2023 | BH20: Year-2 | BI20: Year-2 | BJ20: 45017 | BK20: =DAY(EOMONTH(BJ20,0)) -> 30 | BL20: =MONTH(BD20) -> 4 | BM20: =Modelling_old[[#This Row],[Target E_Grid daily MWh]]+Modelling_new[[#This Row],[Target E_Grid daily MWh]] -> 50.666667 | BN20: =Modelling_old[[#This Row],[Target E_Grid MTD MWh]]+Modelling_new[[#This Row],[Target E_Grid MTD MWh]] -> 152 | BO20: =Modelling_old[[#This Row],[Target E_Grid YTD MWh]]+Modelling_new[[#This Row],[Target E_Grid YTD MWh]] -> 152 | BP20: =IFERROR((Modelling_old[[#This Row],[Target POA Daily (KWh/m2)]]*(Modelling_old[[#This Row],[DC Capcity]]/Modelling[[#This Row],[Comisined DC ]])),"")+IFERROR((Modelling_new[[#This Row],[Target POA Daily (KWh/m2)]]*(Modelling_new[[#This Row],[Comisined DC ]]/Modelling[[#This Row],[Comisined DC ]])),"") -> 6.6233333 | BQ20: =SUMIFS(Modelling[Target POA Daily (KWh/m2)],Modelling[Date],"<="&Modelling[[#This Row],[Date]],Modelling[Month Year],Modelling[[#This Row],[Month Year]]) -> 19.87 | BR20: =SUMIFS(Modelling[Target POA Daily (KWh/m2)],Modelling[Date],"<="&Modelling[[#This Row],[Date]],Modelling[Finacial Year],Modelling[[#This Row],[Finacial Year]]) -> 19.87 | BS20: =BM20/Modelling[[#This Row],[Comisined DC ]]/BP20 -> 0.66501406 | BT20: =BN20/BQ20/Modelling[[#This Row],[Comisined DC ]] -> 0.66501406 | BU20: =BO20/BR20/Modelling[[#This Row],[Comisined DC ]] -> 0.66501406 | BV20: =BM20/(24*Modelling[[#This Row],[Comisined DC ]]) -> 0.18352541 | BW20: =BN20/((COUNTIFS(Modelling[Date],"<="&Modelling[[#This Row],[Date]],Modelling[Month Year],Modelling[[#This Row],[Month Year]])*24*Modelling[[#This Row],[MTD DC Capcity]])) -> 0.18352541 | BX20: =BO20/((COUNTIFS(Modelling[Date],"<="&Modelling[[#This Row],[Date]],Modelling[Finacial Year],Modelling[[#This Row],[Finacial Year]])*24*Modelling[[#This Row],[MTD DC Capcity]])) -> 0.18352541 | BY20: =Modelling_old[[#This Row],[DC Capcity]]+Modelling_new[[#This Row],[Comisined DC ]] -> 11.5031 | BZ20: 0 | CA20: =AVERAGEIFS(Modelling[[Comisined DC ]],Modelling[Date],"<="&Modelling[[#This Row],[Date]],Modelling[Month Year],Modelling[[#This Row],[Month Year]]) -> 11.5031 | CB20: =AVERAGEIFS(Modelling[[Comisined DC ]],Modelling[Date],"<="&Modelling[[#This Row],[Date]],Modelling[Finacial Year],Modelling[[#This Row],[Finacial Year]]) -> 11.5031 | CG20: =CG19+1 -> 3 | CH20: =CH19+1 -> 3
