Workbook

Sheet Dashboard
A1: Performance Summary of JPPL 50 MW Agra as on date and YTD
A2: Month | B2: 45839
A3: Date | B3: 45861
A4: Operation Year | B4: FY26
A5: Year Start Date | B5: 45748
A6: Year End Date | B6: 46112
A8: Sr. No. | B8: Particular | C8: Target | D8: Measured | E8: Deviation | F8: Remarks
A9: 1 | B9: E_Grid Daily (MWh) | C9: =_xlfn.XLOOKUP($B$3,'Daily KPI'!$A:$A,'Daily KPI'!$AD:$AD,0)/1000 -> 224.11207 | D9: =_xlfn.XLOOKUP(B3,'Daily KPI'!$A:$A,'Daily KPI'!$AA:$AA,0)/1000 -> 110.75433 | E9: =-(C9-D9)/C9 -> -0.50580828
B10: E_Grid MTD(MWh) | C10: =Monthly_KPI!E4 -> 5154.5775 | D10: =Monthly_KPI!F4 -> 4981.0177 | E10: =-(C10-D10)/C10 -> -0.033671007
B11: E_Grid YTD (MWh) | C11: =Annual_KPI!E4 -> 33310.432 | D11: =Annual_KPI!F4 -> 31524.436 | E11: =-(C11-D11)/C11 -> -0.053616712
A12: 2 | B12: CUF Daily(%) | C12: =_xlfn.XLOOKUP($B$3,'Daily KPI'!$A:$A,'Daily KPI'!$AF:$AF,0) -> 0.13988469 | D12: =_xlfn.XLOOKUP($B$3,'Daily KPI'!$A:$A,'Daily KPI'!$W:$W,0) -> 0.069135036 | E12: =-(C12-D12)/C12 -> -0.50577126
B13: CUF MTD(%) | C13: =Monthly_KPI!I4 -> 0.13988469 | D13: =Monthly_KPI!J4 -> 0.13517464 | E13: =-(C13-D13)/C13 -> -0.033671007
B14: CUF YTD(%) | C14: =Annual_KPI!I4 -> 0.18238133 | D14: =Annual_KPI!J4 -> 0.17260264 | E14: =-(C14-D14)/C14 -> -0.053616712
A15: 3 | B15: PR_Daily (%) | C15: =_xlfn.XLOOKUP($B$3,'Daily KPI'!$A:$A,'Daily KPI'!$AE:$AE,0) -> 0.77092009 | D15: =_xlfn.XLOOKUP($B$3,'Daily KPI'!$A:$A,'Daily KPI'!$U:$U,0) -> 0.7901147 | E15: =-(C15-D15)/C15 -> 0.02489831
B16: PR_MTD (%) | C16: =Monthly_KPI!G4 -> 0.77092009 | D16: =Monthly_KPI!H4 -> 0.77652616 | E16: =-(C16-D16)/C16 -> 0.0072719205
B17: PR_YTD (%) | C17: =Annual_KPI!G4 -> 0.76117263 | D17: =Annual_KPI!H4 -> 0.76143282 | E17: =-(C17-D17)/C17 -> 0.00034182407
A18: 4 | B18: POA Daily (KWh/m2) | C18: =_xlfn.XLOOKUP($B$3,'Daily KPI'!$A:$A,'Daily KPI'!$AC:$AC,0) -> 4.3548387 | D18: =_xlfn.XLOOKUP($B$3,'Daily KPI'!$A:$A,'Daily KPI'!$I:$I,0) -> 2.1 | E18: =-(C18-D18)/C18 -> -0.51777778
B19: POA MTD(KWh/m2) | C19: =Monthly_KPI!C4 -> 100.16129 | D19: =Monthly_KPI!D4 -> 96.09 | E19: =-(C19-D19)/C19 -> -0.040647343
B20: POA YTD(KWh/m2) | C20: =Annual_KPI!C4 -> 655.56129 | D20: =Annual_KPI!D4 -> 620.20025 | E20: =-(C20-D20)/C20 -> -0.053940098
A21: 5 | B21: PA Daily | C21: =_xlfn.XLOOKUP($B$3,'Daily KPI'!$A:$A,'Daily KPI'!$AG:$AG) -> 0.995 | D21: =_xlfn.XLOOKUP($B$3,'Daily KPI'!$A:$A,'Daily KPI'!$O:$O,0) -> 0.99866903 | E21: =-(C21-D21)/C21 -> 0.003687464
B22: PA MTD | C22: =_xlfn.XLOOKUP($B$2,'Modelling New'!$D:$D,'Modelling New'!$AE:$AE) -> 0.995 | D22: =Monthly_KPI!N4 -> 0.99739878 | E22: =-(C22-D22)/C22 -> 0.002410832
B23: PA YTD | C23: =_xlfn.XLOOKUP($B$2,'Modelling New'!$D:$D,'Modelling New'!$AE:$AE) -> 0.995 | D23: =Annual_KPI!N4 -> 0.98911738 | E23: =-(C23-D23)/C23 -> -0.0059121859
A24: 6 | B24: GA Daily | C24: =_xlfn.XLOOKUP($B$3,'Daily KPI'!$A:$A,'Daily KPI'!$AH:$AH) -> 0.995 | D24: =_xlfn.XLOOKUP($B$3,'Daily KPI'!$A:$A,'Daily KPI'!$R:$R,0) -> 1 | E24: =-(C24-D24)/C24 -> 0.0050251256
B25: GA MTD | C25: =_xlfn.XLOOKUP($B$2,'Modelling New'!$D:$D,'Modelling New'!$AF:$AF) -> 0.995 | D25: =Monthly_KPI!L4 -> 1 | E25: =-(C25-D25)/C25 -> 0.0050251256
B26: GA YTD | C26: =_xlfn.XLOOKUP($B$2,'Modelling New'!$D:$D,'Modelling New'!$AF:$AF) -> 0.995 | D26: =Annual_KPI!L4 -> 1 | E26: =-(C26-D26)/C26 -> 0.0050251256

Sheet Annual_KPI
A1: Till Date | B1: =Dashboard!B3 -> 45861 | C1: =Dashboard!B2 -> 45839
A2: JPPL 50 MW Performance Summary-YTD
A3: Year | B3: Days | C3: Estimated POA(KWh/m2) | D3: Measured POA (KWh/m2) | E3: Budgeted Energy (MWh) | F3: Measured Energy (MWh) | G3: Targt PR (%) | H3: Measured PR(%) | I3: Target DC CUF (%) | J3: Measured DC CUF (%) | K3: Target GA (%) | L3: Measured GA (%) | M3: Target PA (%) | N3: Measured PA (%) | O3: WPR_Eac | P3: WPR_Edc
A4: =YEAR($B$1)+IF(MONTH($B$1)>=4,1,0) -> 2026 | B4: =($B$1-Dashboard!$B$5)+1 -> 114 | C4: =_xlfn.XLOOKUP($C$1,'Modelling New'!$D:$D,'Modelling New'!$S:$S,0) -> 655.56129 | D4: =IFERROR(SUMIFS('Daily KPI'!$I:$I,'Daily KPI'!$B:$B,$A$4),"") -> 620.20025 | E4: =_xlfn.XLOOKUP($C$1,'Modelling New'!$D:$D,'Modelling New'!$V:$V,0) -> 33310.432 | F4: =IFERROR(SUMIFS('Daily KPI'!$AA:$AA,'Daily KPI'!$B:$B,$A$4)/1000,"") -> 31524.436 | G4: =IFERROR(E4/C4/'Modelling New'!$AQ$1,"") -> 0.76117263 | H4: =IFERROR(F4/D4/'Modelling New'!$AQ$1,"") -> 0.76143282 | I4: =IFERROR(E4/(B4*24*'Modelling New'!$AQ$1),"") -> 0.18238133 | J4: =IFERROR(F4/(B4*24*'Modelling New'!$AQ$1),"") -> 0.17260264 | K4: =_xlfn.XLOOKUP($C$1,'Modelling New'!$D:$D,'Modelling New'!$AF:$AF) -> 0.995 | L4: =IFERROR(AVERAGEIFS('Daily KPI'!$R:$R,'Daily KPI'!$B:$B,$A4),"") -> 1 | M4: =_xlfn.XLOOKUP($C$1,'Modelling New'!$D:$D,'Modelling New'!$AE:$AE) -> 0.995 | N4: =IFERROR(AVERAGEIFS('Daily KPI'!$O:$O,'Daily KPI'!$B:$B,$A4,'Daily KPI'!$A:$A,"<="&$B$1),"") -> 0.98911738 | O4: =SUMIFS(Raw_Data!$KO:$KO,Raw_Data!$C:$C,$A$4,Raw_Data!$B:$B,"<="&$B$1,Raw_Data!$B:$B,">="&Dashboard!$B$5)/1000 -> 0 | P4: =SUMIFS(Raw_Data!$KP:$KP,Raw_Data!$C:$C,$A$4,Raw_Data!$B:$B,"<="&$B$1,Raw_Data!$B:$B,">="&Dashboard!$B$5)/1000 -> 0
A7: JPPL 50 MW Performance Summary-Monthwise
A9: Year | B9: Days | C9: Estimated POA(KWh/m2) | D9: Measured POA (KWh/m2) | E9: Budgeted Energy (MWh) | F9: Measured Energy (MWh) | G9: Targt PR (%) | H9: Measured PR(%) | I9: Target DC CUF (%) | J9: Measured DC CUF (%) | K9: Target GA (%) | L9: Measured GA (%) | M9: Target PA (%) | N9: Measured PA (%) | O9: WPR_Eac | P9: WPR_Edc
A10: 45748 | B10: =_xlfn.XLOOKUP($A10,'Modelling New'!$D:$D,'Modelling New'!$Q:$Q) -> 30 | C10: =_xlfn.XLOOKUP($A10,'Modelling New'!$D:$D,'Modelling New'!$R:$R) -> 206.6 | D10: =SUMIF('Daily KPI'!$D:$D,$A10,'Daily KPI'!$I:$I) -> 181.39025 | E10: =_xlfn.XLOOKUP($A10,'Modelling New'!$D:$D,'Modelling New'!$U:$U) -> 10495.263 | F10: =SUMIF('Daily KPI'!$D:$D,A10,'Daily KPI'!$AA:$AA)/1000 -> 9324.465 | G10: =IFERROR(E10/C10/'Modelling New'!$AQ$1,"") -> 0.76099043 | H10: =IFERROR(F10/D10/'Modelling New'!$AQ$1,"") -> 0.77006287 | I10: =IFERROR(E10/(B10*24*'Modelling New'!$AQ$1),"") -> 0.21836198 | J10: =IFERROR(F10/(B10*24*'Modelling New'!$AQ$1),"") -> 0.19400263 | K10: =_xlfn.XLOOKUP($A10,'Modelling New'!$D:$D,'Modelling New'!$AF:$AF) -> 0.995 | L10: =IFERROR(AVERAGEIF('Daily KPI'!$D:$D,$A10,'Daily KPI'!$R:$R),"") -> 1 | M10: =_xlfn.XLOOKUP($A10,'Modelling New'!$D:$D,'Modelling New'!$AE:$AE) -> 0.995 | N10: =IFERROR(AVERAGEIF('Daily KPI'!$D:$D,$A10,'Daily KPI'!$O:$O),"") -> 0.99686749 | O10: =SUMIF(RD[Month Year],A10,RD[WPR_Eac])/1000 -> 0 | P10: =SUMIF(RD[Month Year],A10,RD[WPR_Edc])/1000 -> 0
A11: 45778 | B11: =_xlfn.XLOOKUP($A11,'Modelling New'!$D:$D,'Modelling New'!$Q:$Q) -> 31 | C11: =_xlfn.XLOOKUP($A11,'Modelling New'!$D:$D,'Modelling New'!$R:$R) -> 191.7 | D11: =SUMIF('Daily KPI'!$D:$D,$A11,'Daily KPI'!$I:$I) -> 182.72 | E11: =_xlfn.XLOOKUP($A11,'Modelling New'!$D:$D,'Modelling New'!$U:$U) -> 9688.8168 | F11: =SUMIF('Daily KPI'!$D:$D,A11,'Daily KPI'!$AA:$AA)/1000 -> 8998.9708 | G11: =IFERROR(E11/C11/'Modelling New'!$AQ$1,"") -> 0.7571202 | H11: =IFERROR(F11/D11/'Modelling New'!$AQ$1,"") -> 0.73777333 | I11: =IFERROR(E11/(B11*24*'Modelling New'!$AQ$1),"") -> 0.19508057 | J11: =IFERROR(F11/(B11*24*'Modelling New'!$AQ$1),"") -> 0.18119078 | K11: =_xlfn.XLOOKUP($A11,'Modelling New'!$D:$D,'Modelling New'!$AF:$AF) -> 0.995 | L11: =IFERROR(AVERAGEIF('Daily KPI'!$D:$D,$A11,'Daily KPI'!$R:$R),"") -> 1 | M11: =_xlfn.XLOOKUP($A11,'Modelling New'!$D:$D,'Modelling New'!$AE:$AE) -> 0.995 | N11: =IFERROR(AVERAGEIF('Daily KPI'!$D:$D,$A11,'Daily KPI'!$O:$O),"") -> 0.97376066 | O11: =SUMIF(RD[Month Year],A11,RD[WPR_Eac])/1000 -> 0 | P11: =SUMIF(RD[Month Year],A11,RD[WPR_Edc])/1000 -> 0
A12: 45809 | B12: =_xlfn.XLOOKUP($A12,'Modelling New'!$D:$D,'Modelling New'!$Q:$Q) -> 30 | C12: =_xlfn.XLOOKUP($A12,'Modelling New'!$D:$D,'Modelling New'!$R:$R) -> 157.1 | D12: =SUMIF('Daily KPI'!$D:$D,$A12,'Daily KPI'!$I:$I) -> 160 | E12: =_xlfn.XLOOKUP($A12,'Modelling New'!$D:$D,'Modelling New'!$U:$U) -> 7971.775 | F12: =SUMIF('Daily KPI'!$D:$D,A12,'Daily KPI'!$AA:$AA)/1000 -> 8219.9827 | G12: =IFERROR(E12/C12/'Modelling New'!$AQ$1,"") -> 0.76014256 | H12: =IFERROR(F12/D12/'Modelling New'!$AQ$1,"") -> 0.76960366 | I12: =IFERROR(E12/(B12*24*'Modelling New'!$AQ$1),"") -> 0.16585888 | J12: =IFERROR(F12/(B12*24*'Modelling New'!$AQ$1),"") -> 0.17102303 | K12: =_xlfn.XLOOKUP($A12,'Modelling New'!$D:$D,'Modelling New'!$AF:$AF) -> 0.995 | L12: =IFERROR(AVERAGEIF('Daily KPI'!$D:$D,$A12,'Daily KPI'!$R:$R),"") -> 1 | M12: =_xlfn.XLOOKUP($A12,'Modelling New'!$D:$D,'Modelling New'!$AE:$AE) -> 0.995 | N12: =IFERROR(AVERAGEIF('Daily KPI'!$D:$D,$A12,'Daily KPI'!$O:$O),"") -> 0.99088679 | O12: =SUMIF(RD[Month Year],A12,RD[WPR_Eac])/1000 -> 0 | P12: =SUMIF(RD[Month Year],A12,RD[WPR_Edc])/1000 -> 0
A13: 45839 | B13: =_xlfn.XLOOKUP($A13,'Modelling New'!$D:$D,'Modelling New'!$Q:$Q) -> 23 | C13: =_xlfn.XLOOKUP($A13,'Modelling New'!$D:$D,'Modelling New'!$R:$R) -> 100.16129 | D13: =SUMIF('Daily KPI'!$D:$D,$A13,'Daily KPI'!$I:$I) -> 96.09 | E13: =_xlfn.XLOOKUP($A13,'Modelling New'!$D:$D,'Modelling New'!$U:$U) -> 5154.5775 | F13: =SUMIF('Daily KPI'!$D:$D,A13,'Daily KPI'!$AA:$AA)/1000 -> 4981.0177 | G13: =IFERROR(E13/C13/'Modelling New'!$AQ$1,"") -> 0.77092009 | H13: =IFERROR(F13/D13/'Modelling New'!$AQ$1,"") -> 0.77652616 | I13: =IFERROR(E13/(B13*24*'Modelling New'!$AQ$1),"") -> 0.13988469 | J13: =IFERROR(F13/(B13*24*'Modelling New'!$AQ$1),"") -> 0.13517464 | K13: =_xlfn.XLOOKUP($A13,'Modelling New'!$D:$D,'Modelling New'!$AF:$AF) -> 0.995 | L13: =IFERROR(AVERAGEIF('Daily KPI'!$D:$D,$A13,'Daily KPI'!$R:$R),"") -> 1 | M13: =_xlfn.XLOOKUP($A13,'Modelling New'!$D:$D,'Modelling New'!$AE:$AE) -> 0.995 | N13: =IFERROR(AVERAGEIF('Daily KPI'!$D:$D,$A13,'Daily KPI'!$O:$O),"") -> 0.99739878 | O13: =SUMIF(RD[Month Year],A13,RD[WPR_Eac])/1000 -> 0 | P13: =SUMIF(RD[Month Year],A13,RD[WPR_Edc])/1000 -> 0
A14: 45870 | B14: =_xlfn.XLOOKUP($A14,'Modelling New'!$D:$D,'Modelling New'!$Q:$Q) -> 0 | C14: =_xlfn.XLOOKUP($A14,'Modelling New'!$D:$D,'Modelling New'!$R:$R) -> 0 | D14: =SUMIF('Daily KPI'!$D:$D,$A14,'Daily KPI'!$I:$I) -> 0 | E14: =_xlfn.XLOOKUP($A14,'Modelling New'!$D:$D,'Modelling New'!$U:$U) -> 0 | F14: =SUMIF('Daily KPI'!$D:$D,A14,'Daily KPI'!$AA:$AA)/1000 -> 0 | G14: =IFERROR(E14/C14/'Modelling New'!$AQ$1,"") | H14: =IFERROR(F14/D14/'Modelling New'!$AQ$1,"") | I14: =IFERROR(E14/(B14*24*'Modelling New'!$AQ$1),"") | J14: =IFERROR(F14/(B14*24*'Modelling New'!$AQ$1),"") | K14: =_xlfn.XLOOKUP($A14,'Modelling New'!$D:$D,'Modelling New'!$AF:$AF) -> 0.995 | L14: =IFERROR(AVERAGEIF('Daily KPI'!$D:$D,$A14,'Daily KPI'!$R:$R),"") | M14: =_xlfn.XLOOKUP($A14,'Modelling New'!$D:$D,'Modelling New'!$AE:$AE) -> 0.995 | N14: =IFERROR(AVERAGEIF('Daily KPI'!$D:$D,$A14,'Daily KPI'!$O:$O),"") | O14: =SUMIF(RD[Month Year],A14,RD[WPR_Eac])/1000 -> 0 | P14: =SUMIF(RD[Month Year],A14,RD[WPR_Edc])/1000 -> 0
A15: 45901 | B15: =_xlfn.XLOOKUP($A15,'Modelling New'!$D:$D,'Modelling New'!$Q:$Q) -> 0 | C15: =_xlfn.XLOOKUP($A15,'Modelling New'!$D:$D,'Modelling New'!$R:$R) -> 0 | D15: =SUMIF('Daily KPI'!$D:$D,$A15,'Daily KPI'!$I:$I) -> 0 | E15: =_xlfn.XLOOKUP($A15,'Modelling New'!$D:$D,'Modelling New'!$U:$U) -> 0 | F15: =SUMIF('Daily KPI'!$D:$D,A15,'Daily KPI'!$AA:$AA)/1000 -> 0 | G15: =IFERROR(E15/C15/'Modelling New'!$AQ$1,"") | H15: =IFERROR(F15/D15/'Modelling New'!$AQ$1,"") | I15: =IFERROR(E15/(B15*24*'Modelling New'!$AQ$1),"") | J15: =IFERROR(F15/(B15*24*'Modelling New'!$AQ$1),"") | K15: =_xlfn.XLOOKUP($A15,'Modelling New'!$D:$D,'Modelling New'!$AF:$AF) -> 0.995 | L15: =IFERROR(AVERAGEIF('Daily KPI'!$D:$D,$A15,'Daily KPI'!$R:$R),"") | M15: =_xlfn.XLOOKUP($A15,'Modelling New'!$D:$D,'Modelling New'!$AE:$AE) -> 0.995 | N15: =IFERROR(AVERAGEIF('Daily KPI'!$D:$D,$A15,'Daily KPI'!$O:$O),"") | O15: =SUMIF(RD[Month Year],A15,RD[WPR_Eac])/1000 -> 0 | P15: =SUMIF(RD[Month Year],A15,RD[WPR_Edc])/1000 -> 0
A16: 45931 | B16: =_xlfn.XLOOKUP($A16,'Modelling New'!$D:$D,'Modelling New'!$Q:$Q) -> 0 | C16: =_xlfn.XLOOKUP($A16,'Modelling New'!$D:$D,'Modelling New'!$R:$R) -> 0 | D16: =SUMIF('Daily KPI'!$D:$D,$A16,'Daily KPI'!$I:$I) -> 0 | E16: =_xlfn.XLOOKUP($A16,'Modelling New'!$D:$D,'Modelling New'!$U:$U) -> 0 | F16: =SUMIF('Daily KPI'!$D:$D,A16,'Daily KPI'!$AA:$AA)/1000 -> 0 | G16: =IFERROR(E16/C16/'Modelling New'!$AQ$1,"") | H16: =IFERROR(F16/D16/'Modelling New'!$AQ$1,"") | I16: =IFERROR(E16/(B16*24*'Modelling New'!$AQ$1),"") | J16: =IFERROR(F16/(B16*24*'Modelling New'!$AQ$1),"") | K16: =_xlfn.XLOOKUP($A16,'Modelling New'!$D:$D,'Modelling New'!$AF:$AF) -> 0.995 | L16: =IFERROR(AVERAGEIF('Daily KPI'!$D:$D,$A16,'Daily KPI'!$R:$R),"") | M16: =_xlfn.XLOOKUP($A16,'Modelling New'!$D:$D,'Modelling New'!$AE:$AE) -> 0.995 | N16: =IFERROR(AVERAGEIF('Daily KPI'!$D:$D,$A16,'Daily KPI'!$O:$O),"") | O16: =SUMIF(RD[Month Year],A16,RD[WPR_Eac])/1000 -> 0 | P16: =SUMIF(RD[Month Year],A16,RD[WPR_Edc])/1000 -> 0
A17: 45962 | B17: =_xlfn.XLOOKUP($A17,'Modelling New'!$D:$D,'Modelling New'!$Q:$Q) -> 0 | C17: =_xlfn.XLOOKUP($A17,'Modelling New'!$D:$D,'Modelling New'!$R:$R) -> 0 | D17: =SUMIF('Daily KPI'!$D:$D,$A17,'Daily KPI'!$I:$I) -> 0 | E17: =_xlfn.XLOOKUP($A17,'Modelling New'!$D:$D,'Modelling New'!$U:$U) -> 0 | F17: =SUMIF('Daily KPI'!$D:$D,A17,'Daily KPI'!$AA:$AA)/1000 -> 0 | G17: =IFERROR(E17/C17/'Modelling New'!$AQ$1,"") | H17: =IFERROR(F17/D17/'Modelling New'!$AQ$1,"") | I17: =IFERROR(E17/(B17*24*'Modelling New'!$AQ$1),"") | J17: =IFERROR(F17/(B17*24*'Modelling New'!$AQ$1),"") | K17: =_xlfn.XLOOKUP($A17,'Modelling New'!$D:$D,'Modelling New'!$AF:$AF) -> 0.995 | L17: =IFERROR(AVERAGEIF('Daily KPI'!$D:$D,$A17,'Daily KPI'!$R:$R),"") | M17: =_xlfn.XLOOKUP($A17,'Modelling New'!$D:$D,'Modelling New'!$AE:$AE) -> 0.995 | N17: =IFERROR(AVERAGEIF('Daily KPI'!$D:$D,$A17,'Daily KPI'!$O:$O),"") | O17: =SUMIF(RD[Month Year],A17,RD[WPR_Eac])/1000 -> 0 | P17: =SUMIF(RD[Month Year],A17,RD[WPR_Edc])/1000 -> 0
A18: 45992 | B18: =_xlfn.XLOOKUP($A18,'Modelling New'!$D:$D,'Modelling New'!$Q:$Q) -> 0 | C18: =_xlfn.XLOOKUP($A18,'Modelling New'!$D:$D,'Modelling New'!$R:$R) -> 0 | D18: =SUMIF('Daily KPI'!$D:$D,$A18,'Daily KPI'!$I:$I) -> 0 | E18: =_xlfn.XLOOKUP($A18,'Modelling New'!$D:$D,'Modelling New'!$U:$U) -> 0 | F18: =SUMIF('Daily KPI'!$D:$D,A18,'Daily KPI'!$AA:$AA)/1000 -> 0 | G18: =IFERROR(E18/C18/'Modelling New'!$AQ$1,"") | H18: =IFERROR(F18/D18/'Modelling New'!$AQ$1,"") | I18: =IFERROR(E18/(B18*24*'Modelling New'!$AQ$1),"") | J18: =IFERROR(F18/(B18*24*'Modelling New'!$AQ$1),"") | K18: =_xlfn.XLOOKUP($A18,'Modelling New'!$D:$D,'Modelling New'!$AF:$AF) -> 0.995 | L18: =IFERROR(AVERAGEIF('Daily KPI'!$D:$D,$A18,'Daily KPI'!$R:$R),"") | M18: =_xlfn.XLOOKUP($A18,'Modelling New'!$D:$D,'Modelling New'!$AE:$AE) -> 0.995 | N18: =IFERROR(AVERAGEIF('Daily KPI'!$D:$D,$A18,'Daily KPI'!$O:$O),"") | O18: =SUMIF(RD[Month Year],A18,RD[WPR_Eac])/1000 -> 0 | P18: =SUMIF(RD[Month Year],A18,RD[WPR_Edc])/1000 -> 0
A19: 46023 | B19: =_xlfn.XLOOKUP($A19,'Modelling New'!$D:$D,'Modelling New'!$Q:$Q) -> 0 | C19: =_xlfn.XLOOKUP($A19,'Modelling New'!$D:$D,'Modelling New'!$R:$R) -> 0 | D19: =SUMIF('Daily KPI'!$D:$D,$A19,'Daily KPI'!$I:$I) -> 0 | E19: =_xlfn.XLOOKUP($A19,'Modelling New'!$D:$D,'Modelling New'!$U:$U) -> 0 | F19: =SUMIF('Daily KPI'!$D:$D,A19,'Daily KPI'!$AA:$AA)/1000 -> 0 | G19: =IFERROR(E19/C19/'Modelling New'!$AQ$1,"") | H19: =IFERROR(F19/D19/'Modelling New'!$AQ$1,"") | I19: =IFERROR(E19/(B19*24*'Modelling New'!$AQ$1),"") | J19: =IFERROR(F19/(B19*24*'Modelling New'!$AQ$1),"") | K19: =_xlfn.XLOOKUP($A19,'Modelling New'!$D:$D,'Modelling New'!$AF:$AF) -> 0.995 | L19: =IFERROR(AVERAGEIF('Daily KPI'!$D:$D,$A19,'Daily KPI'!$R:$R),"") | M19: =_xlfn.XLOOKUP($A19,'Modelling New'!$D:$D,'Modelling New'!$AE:$AE) -> 0.995 | N19: =IFERROR(AVERAGEIF('Daily KPI'!$D:$D,$A19,'Daily KPI'!$O:$O),"") | O19: =SUMIF(RD[Month Year],A19,RD[WPR_Eac])/1000 -> 0 | P19: =SUMIF(RD[Month Year],A19,RD[WPR_Edc])/1000 -> 0
A20: 46054 | B20: =_xlfn.XLOOKUP($A20,'Modelling New'!$D:$D,'Modelling New'!$Q:$Q) -> 0 | C20: =_xlfn.XLOOKUP($A20,'Modelling New'!$D:$D,'Modelling New'!$R:$R) -> 0 | D20: =SUMIF('Daily KPI'!$D:$D,$A20,'Daily KPI'!$I:$I) -> 0 | E20: =_xlfn.XLOOKUP($A20,'Modelling New'!$D:$D,'Modelling New'!$U:$U) -> 0 | F20: =SUMIF('Daily KPI'!$D:$D,A20,'Daily KPI'!$AA:$AA)/1000 -> 0 | G20: =IFERROR(E20/C20/'Modelling New'!$AQ$1,"") | H20: =IFERROR(F20/D20/'Modelling New'!$AQ$1,"") | I20: =IFERROR(E20/(B20*24*'Modelling New'!$AQ$1),"") | J20: =IFERROR(F20/(B20*24*'Modelling New'!$AQ$1),"") | K20: =_xlfn.XLOOKUP($A20,'Modelling New'!$D:$D,'Modelling New'!$AF:$AF) -> 0.995 | L20: =IFERROR(AVERAGEIF('Daily KPI'!$D:$D,$A20,'Daily KPI'!$R:$R),"") | M20: =_xlfn.XLOOKUP($A20,'Modelling New'!$D:$D,'Modelling New'!$AE:$AE) -> 0.995 | N20: =IFERROR(AVERAGEIF('Daily KPI'!$D:$D,$A20,'Daily KPI'!$O:$O),"") | O20: =SUMIF(RD[Month Year],A20,RD[WPR_Eac])/1000 -> 0 | P20: =SUMIF(RD[Month Year],A20,RD[WPR_Edc])/1000 -> 0
A21: 46082 | B21: =_xlfn.XLOOKUP($A21,'Modelling New'!$D:$D,'Modelling New'!$Q:$Q) -> 0 | C21: =_xlfn.XLOOKUP($A21,'Modelling New'!$D:$D,'Modelling New'!$R:$R) -> 0 | D21: =SUMIF('Daily KPI'!$D:$D,$A21,'Daily KPI'!$I:$I) -> 0 | E21: =_xlfn.XLOOKUP($A21,'Modelling New'!$D:$D,'Modelling New'!$U:$U) -> 0 | F21: =SUMIF('Daily KPI'!$D:$D,A21,'Daily KPI'!$AA:$AA)/1000 -> 0 | G21: =IFERROR(E21/C21/'Modelling New'!$AQ$1,"") | H21: =IFERROR(F21/D21/'Modelling New'!$AQ$1,"") | I21: =IFERROR(E21/(B21*24*'Modelling New'!$AQ$1),"") | J21: =IFERROR(F21/(B21*24*'Modelling New'!$AQ$1),"") | K21: =_xlfn.XLOOKUP($A21,'Modelling New'!$D:$D,'Modelling New'!$AF:$AF) -> 0.995 | L21: =IFERROR(AVERAGEIF('Daily KPI'!$D:$D,$A21,'Daily KPI'!$R:$R),"") | M21: =_xlfn.XLOOKUP($A21,'Modelling New'!$D:$D,'Modelling New'!$AE:$AE) -> 0.995 | N21: =IFERROR(AVERAGEIF('Daily KPI'!$D:$D,$A21,'Daily KPI'!$O:$O),"") | O21: =SUMIF(RD[Month Year],A21,RD[WPR_Eac])/1000 -> 0 | P21: =SUMIF(RD[Month Year],A21,RD[WPR_Edc])/1000 -> 0

Sheet Monthly_KPI
A1: Till Date | B1: =Dashboard!B3 -> 45861
A2: JPPL 50 MW Performance Summary
A3: Year | B3: Days | C3: Estimated POA(KWh/m2) | D3: Measured POA (KWh/m2) | E3: Budgeted Energy (MWh) | F3: Measured Energy (MWh) | G3: Targt PR (%) | H3: Measured PR(%) | I3: Target DC CUF (%) | J3: Measured DC CUF (%) | K3: Target GA (%) | L3: Measured GA (%) | M3: Target PA (%) | N3: Measured PA (%) | O3: WPR_Eac | P3: WPR_Edc
A4: =Dashboard!B2 -> 45839 | B4: =DAY(B1) -> 23 | C4: =_xlfn.XLOOKUP($A$4,'Modelling New'!$D:$D,'Modelling New'!$R:$R,0) -> 100.16129 | D4: =SUMIF('Daily KPI'!$D:$D,$A4,'Daily KPI'!$I:$I) -> 96.09 | E4: =_xlfn.XLOOKUP($A$4,'Modelling New'!$D:$D,'Modelling New'!$U:$U,0) -> 5154.5775 | F4: =SUMIF('Daily KPI'!$D:$D,$A4,'Daily KPI'!$AA:$AA)/1000 -> 4981.0177 | G4: =IFERROR(E4/C4/'Modelling New'!$AQ$1,"") -> 0.77092009 | H4: =IFERROR(F4/D4/'Modelling New'!$AQ$1,"") -> 0.77652616 | I4: =IFERROR(E4/(B4*24*'Modelling New'!$AQ$1),"") -> 0.13988469 | J4: =IFERROR(F4/(B4*24*'Modelling New'!$AQ$1),"") -> 0.13517464 | K4: =_xlfn.XLOOKUP($A$4,'Modelling New'!$D:$D,'Modelling New'!$AF:$AF) -> 0.995 | L4: =IFERROR(AVERAGEIF('Daily KPI'!$D:$D,$A4,'Daily KPI'!$R:$R),"") -> 1 | M4: =_xlfn.XLOOKUP($A$4,'Modelling New'!$D:$D,'Modelling New'!$AE:$AE) -> 0.995 | N4: =IFERROR(AVERAGEIF('Daily KPI'!$D:$D,$A4,'Daily KPI'!$O:$O),"") -> 0.99739878 | O4: =SUMIF(RD[Month Year],$A4,RD[WPR_Eac]) -> 0 | P4: =SUMIF(RD[Month Year],$A4,RD[WPR_Edc]) -> 0
A7: Start Date | B7: =B8-6 -> 45855
A8: End Date | B8: =B1 -> 45861
A9: JPPL50 MW Performance Summary
A10: Year | B10: Days | C10: Estimated POA(KWh/m2) | D10: Measured POA (KWh/m2) | E10: Budgeted Energy (MWh) | F10: Measured Energy (MWh) | G10: Targt PR (%) | H10: Measured PR(%) | I10: Target DC CUF (%) | J10: Measured DC CUF (%) | K10: Target GA (%) | L10: Measured GA (%) | M10: Target PA (%) | N10: Measured PA (%) | O10: WPR_Eac | P10: WPR_Edc
A11: =A4 -> 45839 | B11: =(B8-B7)+1 -> 7 | C11: =IFERROR(SUMIFS('Daily KPI'!$AC:$AC,'Daily KPI'!$A:$A,">="&$B$7,'Daily KPI'!$A:$A,"<="&$B$8),"") -> 30.483871 | D11: =SUMIFS('Daily KPI'!$I:$I,'Daily KPI'!$A:$A,">="&$B$7,'Daily KPI'!$A:$A,"<="&$B$8) -> 28.27 | E11: =IFERROR(SUMIFS('Daily KPI'!$AD:$AD,'Daily KPI'!$A:$A,">="&$B$7,'Daily KPI'!$A:$A,"<="&$B$8),"")/1000 -> 1568.7845 | F11: =SUMIFS('Daily KPI'!$AA:$AA,'Daily KPI'!$A:$A,">="&$B$7,'Daily KPI'!$A:$A,"<="&$B$8)/1000 -> 1475.4415 | G11: =IFERROR(E11/C11/'Modelling New'!$AQ$1,"") -> 0.77092009 | H11: =IFERROR(F11/D11/'Modelling New'!$AQ$1,"") -> 0.78183007 | I11: =IFERROR(E11/($B$11*24*'Modelling New'!$AQ$1),"") -> 0.13988469 | J11: =IFERROR(F11/($B$11*24*'Modelling New'!$AQ$1),"") -> 0.13156153 | K11: =_xlfn.XLOOKUP($A$11,'Modelling New'!$D:$D,'Modelling New'!$AF:$AF) -> 0.995 | L11: =AVERAGEIFS('Daily KPI'!$R:$R,'Daily KPI'!$A:$A,">="&$B$7,'Daily KPI'!$A:$A,"<="&$B$8) -> 1 | M11: =_xlfn.XLOOKUP($A$11,'Modelling New'!$D:$D,'Modelling New'!$AE:$AE) -> 0.995 | N11: =AVERAGEIFS('Daily KPI'!$O:$O,'Daily KPI'!$A:$A,">="&$B$7,'Daily KPI'!$A:$A,"<="&$B$8) -> 0.99883132 | O11: =SUMIFS(RD[WPR_Eac],RD[Date],">="&$B$7,RD[Date],"<="&$B$8) -> 0 | P11: =SUMIFS(RD[WPR_Edc],RD[Date],">="&$B$7,RD[Date],"<="&$B$8) -> 0

Sheet Grass_Ct
A2: Sr. No. | B2: Date | C2: Finacial Year | D2: Calendor Year | E2: Contrcatual Year | F2: Operating Year | G2: Month Year | H2: Days | I2: Cycle Number | J2: Resources | K2: Blk1 | L2: Blk2 | M2: Blk3 | N2: Blk4 | O2: Blk5 | P2: Blk6 | Q2: Blk7 | R2: Blk8 | S2: Total No.Table GC done | T2: Mrthod of Cutting | U2: Remarks for the day
A3: 1 | B3: 45200 | C3: =YEAR(GC[[#This Row],[Date]])+IF(MONTH(GC[[#This Row],[Date]])>=4,1,0) -> 2024 | D3: =YEAR(GC[[#This Row],[Date]]) -> 2023 | E3: Year_2 | F3: Year_2 | G3: =TEXT(GC[[#This Row],[Date]],"mmm-yy") -> Oct-23 | H3: =DAY(EOMONTH(GC[[#This Row],[Month Year]],0)) -> 31 | S3: =SUM(GC[[#This Row],[Blk1]:[Blk8]]) -> 0 | T3: =PROPER(GC[[#This Row],[Resources]])
A4: 2 | B4: =B3+1 -> 45201 | C4: =YEAR(GC[[#This Row],[Date]])+IF(MONTH(GC[[#This Row],[Date]])>=4,1,0) -> 2024 | D4: =YEAR(GC[[#This Row],[Date]]) -> 2023 | E4: Year_2 | F4: Year_2 | G4: =TEXT(GC[[#This Row],[Date]],"mmm-yy") -> Oct-23 | H4: =DAY(EOMONTH(GC[[#This Row],[Month Year]],0)) -> 31 | S4: =SUM(GC[[#This Row],[Blk1]:[Blk8]]) -> 0 | T4: =PROPER(GC[[#This Row],[Resources]])
A5: 3 | B5: =B4+1 -> 45202 | C5: =YEAR(GC[[#This Row],[Date]])+IF(MONTH(GC[[#This Row],[Date]])>=4,1,0) -> 2024 | D5: =YEAR(GC[[#This Row],[Date]]) -> 2023 | E5: Year_2 | F5: Year_2 | G5: =TEXT(GC[[#This Row],[Date]],"mmm-yy") -> Oct-23 | H5: =DAY(EOMONTH(GC[[#This Row],[Month Year]],0)) -> 31 | S5: =SUM(GC[[#This Row],[Blk1]:[Blk8]]) -> 0 | T5: =PROPER(GC[[#This Row],[Resources]])
A6: 4 | B6: =B5+1 -> 45203 | C6: =YEAR(GC[[#This Row],[Date]])+IF(MONTH(GC[[#This Row],[Date]])>=4,1,0) -> 2024 | D6: =YEAR(GC[[#This Row],[Date]]) -> 2023 | E6: Year_2 | F6: Year_2 | G6: =TEXT(GC[[#This Row],[Date]],"mmm-yy") -> Oct-23 | H6: =DAY(EOMONTH(GC[[#This Row],[Month Year]],0)) -> 31 | S6: =SUM(GC[[#This Row],[Blk1]:[Blk8]]) -> 0 | T6: =PROPER(GC[[#This Row],[Resources]])
A7: 5 | B7: =B6+1 -> 45204 | C7: =YEAR(GC[[#This Row],[Date]])+IF(MONTH(GC[[#This Row],[Date]])>=4,1,0) -> 2024 | D7: =YEAR(GC[[#This Row],[Date]]) -> 2023 | E7: Year_2 | F7: Year_2 | G7: =TEXT(GC[[#This Row],[Date]],"mmm-yy") -> Oct-23 | H7: =DAY(EOMONTH(GC[[#This Row],[Month Year]],0)) -> 31 | S7: =SUM(GC[[#This Row],[Blk1]:[Blk8]]) -> 0 | T7: =PROPER(GC[[#This Row],[Resources]])
A8: 6 | B8: =B7+1 -> 45205 | C8: =YEAR(GC[[#This Row],[Date]])+IF(MONTH(GC[[#This Row],[Date]])>=4,1,0) -> 2024 | D8: =YEAR(GC[[#This Row],[Date]]) -> 2023 | E8: Year_2 | F8: Year_2 | G8: =TEXT(GC[[#This Row],[Date]],"mmm-yy") -> Oct-23 | H8: =DAY(EOMONTH(GC[[#This Row],[Month Year]],0)) -> 31 | S8: =SUM(GC[[#This Row],[Blk1]:[Blk8]]) -> 0 | T8: =PROPER(GC[[#This Row],[Resources]])
A9: 7 | B9: =B8+1 -> 45206 | C9: =YEAR(GC[[#This Row],[Date]])+IF(MONTH(GC[[#This Row],[Date]])>=4,1,0) -> 2024 | D9: =YEAR(GC[[#This Row],[Date]]) -> 2023 | E9: Year_2 | F9: Year_2 | G9: =TEXT(GC[[#This Row],[Date]],"mmm-yy") -> Oct-23 | H9: =DAY(EOMONTH(GC[[#This Row],[Month Year]],0)) -> 31 | S9: =SUM(GC[[#This Row],[Blk1]:[Blk8]]) -> 0 | T9: =PROPER(GC[[#This Row],[Resources]])
A10: 8 | B10: =B9+1 -> 45207 | C10: =YEAR(GC[[#This Row],[Date]])+IF(MONTH(GC[[#This Row],[Date]])>=4,1,0) -> 2024 | D10: =YEAR(GC[[#This Row],[Date]]) -> 2023 | E10: Year_2 | F10: Year_2 | G10: =TEXT(GC[[#This Row],[Date]],"mmm-yy") -> Oct-23 | H10: =DAY(EOMONTH(GC[[#This Row],[Month Year]],0)) -> 31 | S10: =SUM(GC[[#This Row],[Blk1]:[Blk8]]) -> 0 | T10: =PROPER(GC[[#This Row],[Resources]])
A11: 9 | B11: =B10+1 -> 45208 | C11: =YEAR(GC[[#This Row],[Date]])+IF(MONTH(GC[[#This Row],[Date]])>=4,1,0) -> 2024 | D11: =YEAR(GC[[#This Row],[Date]]) -> 2023 | E11: Year_2 | F11: Year_2 | G11: =TEXT(GC[[#This Row],[Date]],"mmm-yy") -> Oct-23 | H11: =DAY(EOMONTH(GC[[#This Row],[Month Year]],0)) -> 31 | S11: =SUM(GC[[#This Row],[Blk1]:[Blk8]]) -> 0 | T11: =PROPER(GC[[#This Row],[Resources]])
A12: 10 | B12: =B11+1 -> 45209 | C12: =YEAR(GC[[#This Row],[Date]])+IF(MONTH(GC[[#This Row],[Date]])>=4,1,0) -> 2024 | D12: =YEAR(GC[[#This Row],[Date]]) -> 2023 | E12: Year_2 | F12: Year_2 | G12: =TEXT(GC[[#This Row],[Date]],"mmm-yy") -> Oct-23 | H12: =DAY(EOMONTH(GC[[#This Row],[Month Year]],0)) -> 31 | S12: =SUM(GC[[#This Row],[Blk1]:[Blk8]]) -> 0 | T12: =PROPER(GC[[#This Row],[Resources]])
A13: 11 | B13: =B12+1 -> 45210 | C13: =YEAR(GC[[#This Row],[Date]])+IF(MONTH(GC[[#This Row],[Date]])>=4,1,0) -> 2024 | D13: =YEAR(GC[[#This Row],[Date]]) -> 2023 | E13: Year_2 | F13: Year_2 | G13: =TEXT(GC[[#This Row],[Date]],"mmm-yy") -> Oct-23 | H13: =DAY(EOMONTH(GC[[#This Row],[Month Year]],0)) -> 31 | S13: =SUM(GC[[#This Row],[Blk1]:[Blk8]]) -> 0 | T13: =PROPER(GC[[#This Row],[Resources]])
A14: 12 | B14: =B13+1 -> 45211 | C14: =YEAR(GC[[#This Row],[Date]])+IF(MONTH(GC[[#This Row],[Date]])>=4,1,0) -> 2024 | D14: =YEAR(GC[[#This Row],[Date]]) -> 2023 | E14: Year_2 | F14: Year_2 | G14: =TEXT(GC[[#This Row],[Date]],"mmm-yy") -> Oct-23 | H14: =DAY(EOMONTH(GC[[#This Row],[Month Year]],0)) -> 31 | S14: =SUM(GC[[#This Row],[Blk1]:[Blk8]]) -> 0 | T14: =PROPER(GC[[#This Row],[Resources]])
A15: 13 | B15: =B14+1 -> 45212 | C15: =YEAR(GC[[#This Row],[Date]])+IF(MONTH(GC[[#This Row],[Date]])>=4,1,0) -> 2024 | D15: =YEAR(GC[[#This Row],[Date]]) -> 2023 | E15: Year_2 | F15: Year_2 | G15: =TEXT(GC[[#This Row],[Date]],"mmm-yy") -> Oct-23 | H15: =DAY(EOMONTH(GC[[#This Row],[Month Year]],0)) -> 31 | S15: =SUM(GC[[#This Row],[Blk1]:[Blk8]]) -> 0 | T15: =PROPER(GC[[#This Row],[Resources]])
... A155: 153 | B155: =B154+1 -> 45352 | C155: =YEAR(GC[[#This Row],[Date]])+IF(MONTH(GC[[#This Row],[Date]])>=4,1,0) -> 2024 | D155: =YEAR(GC[[#This Row],[Date]]) -> 2024 | E155: Year_2 | F155: Year_2 | G155: =TEXT(GC[[#This Row],[Date]],"mmm-yy") -> Mar-24 | H155: =DAY(EOMONTH(GC[[#This Row],[Month Year]],0)) -> 31 | S155: =SUM(GC[[#This Row],[Blk1]:[Blk8]]) -> 0 | T155: =PROPER(GC[[#This Row],[Resources]])
A156: 154 | B156: =B155+1 -> 45353 | C156: =YEAR(GC[[#This Row],[Date]])+IF(MONTH(GC[[#This Row],[Date]])>=4,1,0) -> 2024 | D156: =YEAR(GC[[#This Row],[Date]]) -> 2024 | E156: Year_2 | F156: Year_2 | G156: =TEXT(GC[[#This Row],[Date]],"mmm-yy") -> Mar-24 | H156: =DAY(EOMONTH(GC[[#This Row],[Month Year]],0)) -> 31 | S156: =SUM(GC[[#This Row],[Blk1]:[Blk8]]) -> 0 | T156: =PROPER(GC[[#This Row],[Resources]]) | U156: Grass cutting in Block 8 by Rotavator
A157: 155 | B157: =B156+1 -> 45354 | C157: =YEAR(GC[[#This Row],[Date]])+IF(MONTH(GC[[#This Row],[Date]])>=4,1,0) -> 2024 | D157: =YEAR(GC[[#This Row],[Date]]) -> 2024 | E157: Year_2 | F157: Year_2 | G157: =TEXT(GC[[#This Row],[Date]],"mmm-yy") -> Mar-24 | H157: =DAY(EOMONTH(GC[[#This Row],[Month Year]],0)) -> 31 | S157: =SUM(GC[[#This Row],[Blk1]:[Blk8]]) -> 0 | T157: =PROPER(GC[[#This Row],[Resources]]) | U157: Grass cutting in Block 8 by Rotavator
A158: 156 | B158: =B157+1 -> 45355 | C158: =YEAR(GC[[#This Row],[Date]])+IF(MONTH(GC[[#This Row],[Date]])>=4,1,0) -> 2024 | D158: =YEAR(GC[[#This Row],[Date]]) -> 2024 | E158: Year_2 | F158: Year_2 | G158: =TEXT(GC[[#This Row],[Date]],"mmm-yy") -> Mar-24 | H158: =DAY(EOMONTH(GC[[#This Row],[Month Year]],0)) -> 31 | S158: =SUM(GC[[#This Row],[Blk1]:[Blk8]]) -> 0 | T158: =PROPER(GC[[#This Row],[Resources]]) | U158: Grass cutting in Block 8 by Rotavator
A159: 157 | B159: =B158+1 -> 45356 | C159: =YEAR(GC[[#This Row],[Date]])+IF(MONTH(GC[[#This Row],[Date]])>=4,1,0) -> 2024 | D159: =YEAR(GC[[#This Row],[Date]]) -> 2024 | E159: Year_2 | F159: Year_2 | G159: =TEXT(GC[[#This Row],[Date]],"mmm-yy") -> Mar-24 | H159: =DAY(EOMONTH(GC[[#This Row],[Month Year]],0)) -> 31 | S159: =SUM(GC[[#This Row],[Blk1]:[Blk8]]) -> 0 | T159: =PROPER(GC[[#This Row],[Resources]]) | U159: Grass cutting in Block 8 by Rotavator
A160: 158 | B160: =B159+1 -> 45357 | C160: =YEAR(GC[[#This Row],[Date]])+IF(MONTH(GC[[#This Row],[Date]])>=4,1,0) -> 2024 | D160: =YEAR(GC[[#This Row],[Date]]) -> 2024 | E160: Year_2 | F160: Year_2 | G160: =TEXT(GC[[#This Row],[Date]],"mmm-yy") -> Mar-24 | H160: =DAY(EOMONTH(GC[[#This Row],[Month Year]],0)) -> 31 | S160: =SUM(GC[[#This Row],[Blk1]:[Blk8]]) -> 0 | T160: =PROPER(GC[[#This Row],[Resources]]) | U160: Grass cutting in Block 8 by Rotavator
A161: 159 | B161: =B160+1 -> 45358 | C161: =YEAR(GC[[#This Row],[Date]])+IF(MONTH(GC[[#This Row],[Date]])>=4,1,0) -> 2024 | D161: =YEAR(GC[[#This Row],[Date]]) -> 2024 | E161: Year_2 | F161: Year_2 | G161: =TEXT(GC[[#This Row],[Date]],"mmm-yy") -> Mar-24 | H161: =DAY(EOMONTH(GC[[#This Row],[Month Year]],0)) -> 31 | S161: =SUM(GC[[#This Row],[Blk1]:[Blk8]]) -> 0 | T161: =PROPER(GC[[#This Row],[Resources]]) | U161: Grass cutting in Block 8 by Rotavator
A162: 160 | B162: =B161+1 -> 45359 | C162: =YEAR(GC[[#This Row],[Date]])+IF(MONTH(GC[[#This Row],[Date]])>=4,1,0) -> 2024 | D162: =YEAR(GC[[#This Row],[Date]]) -> 2024 | E162: Year_2 | F162: Year_2 | G162: =TEXT(GC[[#This Row],[Date]],"mmm-yy") -> Mar-24 | H162: =DAY(EOMONTH(GC[[#This Row],[Month Year]],0)) -> 31 | S162: =SUM(GC[[#This Row],[Blk1]:[Blk8]]) -> 0 | T162: =PROPER(GC[[#This Row],[Resources]])
A163: 161 | B163: =B162+1 -> 45360 | C163: =YEAR(GC[[#This Row],[Date]])+IF(MONTH(GC[[#This Row],[Date]])>=4,1,0) -> 2024 | D163: =YEAR(GC[[#This Row],[Date]]) -> 2024 | E163: Year_2 | F163: Year_2 | G163: =TEXT(GC[[#This Row],[Date]],"mmm-yy") -> Mar-24 | H163: =DAY(EOMONTH(GC[[#This Row],[Month Year]],0)) -> 31 | S163: =SUM(GC[[#This Row],[Blk1]:[Blk8]]) -> 0 | T163: =PROPER(GC[[#This Row],[Resources]])
A164: 162 | B164: =B163+1 -> 45361 | C164: =YEAR(GC[[#This Row],[Date]])+IF(MONTH(GC[[#This Row],[Date]])>=4,1,0) -> 2024 | D164: =YEAR(GC[[#This Row],[Date]]) -> 2024 | E164: Year_2 | F164: Year_2 | G164: =TEXT(GC[[#This Row],[Date]],"mmm-yy") -> Mar-24 | H164: =DAY(EOMONTH(GC[[#This Row],[Month Year]],0)) -> 31 | S164: =SUM(GC[[#This Row],[Blk1]:[Blk8]]) -> 0 | T164: =PROPER(GC[[#This Row],[Resources]])
A165: 163 | B165: =B164+1 -> 45362 | C165: =YEAR(GC[[#This Row],[Date]])+IF(MONTH(GC[[#This Row],[Date]])>=4,1,0) -> 2024 | D165: =YEAR(GC[[#This Row],[Date]]) -> 2024 | E165: Year_2 | F165: Year_2 | G165: =TEXT(GC[[#This Row],[Date]],"mmm-yy") -> Mar-24 | H165: =DAY(EOMONTH(GC[[#This Row],[Month Year]],0)) -> 31 | S165: =SUM(GC[[#This Row],[Blk1]:[Blk8]]) -> 0 | T165: =PROPER(GC[[#This Row],[Resources]])
A166: 164 | B166: =B165+1 -> 45363 | C166: =YEAR(GC[[#This Row],[Date]])+IF(MONTH(GC[[#This Row],[Date]])>=4,1,0) -> 2024 | D166: =YEAR(GC[[#This Row],[Date]]) -> 2024 | E166: Year_2 | F166: Year_2 | G166: =TEXT(GC[[#This Row],[Date]],"mmm-yy") -> Mar-24 | H166: =DAY(EOMONTH(GC[[#This Row],[Month Year]],0)) -> 31 | S166: =SUM(GC[[#This Row],[Blk1]:[Blk8]]) -> 0 | T166: =PROPER(GC[[#This Row],[Resources]])
A167: 165 | B167: =B166+1 -> 45364 | C167: =YEAR(GC[[#This Row],[Date]])+IF(MONTH(GC[[#This Row],[Date]])>=4,1,0) -> 2024 | D167: =YEAR(GC[[#This Row],[Date]]) -> 2024 | E167: Year_2 | F167: Year_2 | G167: =TEXT(GC[[#This Row],[Date]],"mmm-yy") -> Mar-24 | H167: =DAY(EOMONTH(GC[[#This Row],[Month Year]],0)) -> 31 | S167: =SUM(GC[[#This Row],[Blk1]:[Blk8]]) -> 0 | T167: =PROPER(GC[[#This Row],[Resources]])
A168: 166 | B168: =B167+1 -> 45365 | C168: =YEAR(GC[[#This Row],[Date]])+IF(MONTH(GC[[#This Row],[Date]])>=4,1,0) -> 2024 | D168: =YEAR(GC[[#This Row],[Date]]) -> 2024 | E168: Year_2 | F168: Year_2 | G168: =TEXT(GC[[#This Row],[Date]],"mmm-yy") -> Mar-24 | H168: =DAY(EOMONTH(GC[[#This Row],[Month Year]],0)) -> 31 | S168: =SUM(GC[[#This Row],[Blk1]:[Blk8]]) -> 0 | T168: =PROPER(GC[[#This Row],[Resources]])
A169: 167 | B169: =B168+1 -> 45366 | C169: =YEAR(GC[[#This Row],[Date]])+IF(MONTH(GC[[#This Row],[Date]])>=4,1,0) -> 2024 | D169: =YEAR(GC[[#This Row],[Date]]) -> 2024 | E169: Year_2 | F169: Year_2 | G169: =TEXT(GC[[#This Row],[Date]],"mmm-yy") -> Mar-24 | H169: =DAY(EOMONTH(GC[[#This Row],[Month Year]],0)) -> 31 | S169: =SUM(GC[[#This Row],[Blk1]:[Blk8]]) -> 0 | T169: =PROPER(GC[[#This Row],[Resources]])
A170: 168 | B170: =B169+1 -> 45367 | C170: =YEAR(GC[[#This Row],[Date]])+IF(MONTH(GC[[#This Row],[Date]])>=4,1,0) -> 2024 | D170: =YEAR(GC[[#This Row],[Date]]) -> 2024 | E170: Year_2 | F170: Year_2 | G170: =TEXT(GC[[#This Row],[Date]],"mmm-yy") -> Mar-24 | H170: =DAY(EOMONTH(GC[[#This Row],[Month Year]],0)) -> 31 | S170: =SUM(GC[[#This Row],[Blk1]:[Blk8]]) -> 0 | T170: =PROPER(GC[[#This Row],[Resources]])
A171: 169 | B171: =B170+1 -> 45368 | C171: =YEAR(GC[[#This Row],[Date]])+IF(MONTH(GC[[#This Row],[Date]])>=4,1,0) -> 2024 | D171: =YEAR(GC[[#This Row],[Date]]) -> 2024 | E171: Year_2 | F171: Year_2 | G171: =TEXT(GC[[#This Row],[Date]],"mmm-yy") -> Mar-24 | H171: =DAY(EOMONTH(GC[[#This Row],[Month Year]],0)) -> 31 | S171: =SUM(GC[[#This Row],[Blk1]:[Blk8]]) -> 0 | T171: =PROPER(GC[[#This Row],[Resources]])
A172: 170 | B172: =B171+1 -> 45369 | C172: =YEAR(GC[[#This Row],[Date]])+IF(MONTH(GC[[#This Row],[Date]])>=4,1,0) -> 2024 | D172: =YEAR(GC[[#This Row],[Date]]) -> 2024 | E172: Year_2 | F172: Year_2 | G172: =TEXT(GC[[#This Row],[Date]],"mmm-yy") -> Mar-24 | H172: =DAY(EOMONTH(GC[[#This Row],[Month Year]],0)) -> 31 | S172: =SUM(GC[[#This Row],[Blk1]:[Blk8]]) -> 0 | T172: =PROPER(GC[[#This Row],[Resources]])
A173: 171 | B173: =B172+1 -> 45370 | C173: =YEAR(GC[[#This Row],[Date]])+IF(MONTH(GC[[#This Row],[Date]])>=4,1,0) -> 2024 | D173: =YEAR(GC[[#This Row],[Date]]) -> 2024 | E173: Year_2 | F173: Year_2 | G173: =TEXT(GC[[#This Row],[Date]],"mmm-yy") -> Mar-24 | H173: =DAY(EOMONTH(GC[[#This Row],[Month Year]],0)) -> 31 | S173: =SUM(GC[[#This Row],[Blk1]:[Blk8]]) -> 0 | T173: =PROPER(GC[[#This Row],[Resources]])
... A185: 183 | B185: =B184+1 -> 45382 | C185: =YEAR(GC[[#This Row],[Date]])+IF(MONTH(GC[[#This Row],[Date]])>=4,1,0) -> 2024 | D185: =YEAR(GC[[#This Row],[Date]]) -> 2024 | E185: Year_2 | F185: Year_2 | G185: =TEXT(GC[[#This Row],[Date]],"mmm-yy") -> Mar-24 | H185: =DAY(EOMONTH(GC[[#This Row],[Month Year]],0)) -> 31 | S185: =SUM(GC[[#This Row],[Blk1]:[Blk8]]) -> 0 | T185: =PROPER(GC[[#This Row],[Resources]])
A186: 184 | B186: =B185+1 -> 45383 | C186: 2024 | D186: =YEAR(GC[[#This Row],[Date]]) -> 2024 | E186: Year_2 | F186: Year_2 | G186: =TEXT(GC[[#This Row],[Date]],"mmm-yy") -> Apr-24 | H186: =DAY(EOMONTH(GC[[#This Row],[Month Year]],0)) -> 30 | S186: =SUM(GC[[#This Row],[Blk1]:[Blk8]]) -> 0 | T186: =PROPER(GC[[#This Row],[Resources]])
A187: 185 | B187: =B186+1 -> 45384 | C187: 2024 | D187: =YEAR(GC[[#This Row],[Date]]) -> 2024 | E187: Year_2 | F187: Year_2 | G187: =TEXT(GC[[#This Row],[Date]],"mmm-yy") -> Apr-24 | H187: =DAY(EOMONTH(GC[[#This Row],[Month Year]],0)) -> 30 | S187: =SUM(GC[[#This Row],[Blk1]:[Blk8]]) -> 0 | T187: =PROPER(GC[[#This Row],[Resources]])
A188: 186 | B188: =B187+1 -> 45385 | C188: 2024 | D188: =YEAR(GC[[#This Row],[Date]]) -> 2024 | E188: Year_2 | F188: Year_2 | G188: =TEXT(GC[[#This Row],[Date]],"mmm-yy") -> Apr-24 | H188: =DAY(EOMONTH(GC[[#This Row],[Month Year]],0)) -> 30 | S188: =SUM(GC[[#This Row],[Blk1]:[Blk8]]) -> 0 | T188: =PROPER(GC[[#This Row],[Resources]])
A189: 187 | B189: =B188+1 -> 45386 | C189: 2024 | D189: =YEAR(GC[[#This Row],[Date]]) -> 2024 | E189: Year_2 | F189: Year_2 | G189: =TEXT(GC[[#This Row],[Date]],"mmm-yy") -> Apr-24 | H189: =DAY(EOMONTH(GC[[#This Row],[Month Year]],0)) -> 30 | S189: =SUM(GC[[#This Row],[Blk1]:[Blk8]]) -> 0 | T189: =PROPER(GC[[#This Row],[Resources]])
A190: 188 | B190: =B189+1 -> 45387 | C190: 2024 | D190: =YEAR(GC[[#This Row],[Date]]) -> 2024 | E190: Year_2 | F190: Year_2 | G190: =TEXT(GC[[#This Row],[Date]],"mmm-yy") -> Apr-24 | H190: =DAY(EOMONTH(GC[[#This Row],[Month Year]],0)) -> 30 | S190: =SUM(GC[[#This Row],[Blk1]:[Blk8]]) -> 0 | T190: =PROPER(GC[[#This Row],[Resources]])
A191: 189 | B191: =B190+1 -> 45388 | C191: 2024 | D191: =YEAR(GC[[#This Row],[Date]]) -> 2024 | E191: Year_2 | F191: Year_2 | G191: =TEXT(GC[[#This Row],[Date]],"mmm-yy") -> Apr-24 | H191: =DAY(EOMONTH(GC[[#This Row],[Month Year]],0)) -> 30 | S191: =SUM(GC[[#This Row],[Blk1]:[Blk8]]) -> 0 | T191: =PROPER(GC[[#This Row],[Resources]])
A192: 190 | B192: =B191+1 -> 45389 | C192: 2024 | D192: =YEAR(GC[[#This Row],[Date]]) -> 2024 | E192: Year_2 | F192: Year_2 | G192: =TEXT(GC[[#This Row],[Date]],"mmm-yy") -> Apr-24 | H192: =DAY(EOMONTH(GC[[#This Row],[Month Year]],0)) -> 30 | S192: =SUM(GC[[#This Row],[Blk1]:[Blk8]]) -> 0 | T192: =PROPER(GC[[#This Row],[Resources]])
A193: 191 | B193: =B192+1 -> 45390 | C193: 2024 | D193: =YEAR(GC[[#This Row],[Date]]) -> 2024 | E193: Year_2 | F193: Year_2 | G193: =TEXT(GC[[#This Row],[Date]],"mmm-yy") -> Apr-24 | H193: =DAY(EOMONTH(GC[[#This Row],[Month Year]],0)) -> 30 | S193: =SUM(GC[[#This Row],[Blk1]:[Blk8]]) -> 0 | T193: =PROPER(GC[[#This Row],[Resources]])
A194: 192 | B194: =B193+1 -> 45391 | C194: 2024 | D194: =YEAR(GC[[#This Row],[Date]]) -> 2024 | E194: Year_2 | F194: Year_2 | G194: =TEXT(GC[[#This Row],[Date]],"mmm-yy") -> Apr-24 | H194: =DAY(EOMONTH(GC[[#This Row],[Month Year]],0)) -> 30 | S194: =SUM(GC[[#This Row],[Blk1]:[Blk8]]) -> 0 | T194: =PROPER(GC[[#This Row],[Resources]])
A195: 193 | B195: =B194+1 -> 45392 | C195: 2024 | D195: =YEAR(GC[[#This Row],[Date]]) -> 2024 | E195: Year_2 | F195: Year_2 | G195: =TEXT(GC[[#This Row],[Date]],"mmm-yy") -> Apr-24 | H195: =DAY(EOMONTH(GC[[#This Row],[Month Year]],0)) -> 30 | S195: =SUM(GC[[#This Row],[Blk1]:[Blk8]]) -> 0 | T195: =PROPER(GC[[#This Row],[Resources]])
A196: 194 | B196: =B195+1 -> 45393 | C196: 2024 | D196: =YEAR(GC[[#This Row],[Date]]) -> 2024 | E196: Year_2 | F196: Year_2 | G196: =TEXT(GC[[#This Row],[Date]],"mmm-yy") -> Apr-24 | H196: =DAY(EOMONTH(GC[[#This Row],[Month Year]],0)) -> 30 | S196: =SUM(GC[[#This Row],[Blk1]:[Blk8]]) -> 0 | T196: =PROPER(GC[[#This Row],[Resources]])
A197: 195 | B197: =B196+1 -> 45394 | C197: 2024 | D197: =YEAR(GC[[#This Row],[Date]]) -> 2024 | E197: Year_2 | F197: Year_2 | G197: =TEXT(GC[[#This Row],[Date]],"mmm-yy") -> Apr-24 | H197: =DAY(EOMONTH(GC[[#This Row],[Month Year]],0)) -> 30 | S197: =SUM(GC[[#This Row],[Blk1]:[Blk8]]) -> 0 | T197: =PROPER(GC[[#This Row],[Resources]])
... A231: 229 | B231: =B230+1 -> 45428 | C231: 2024 | D231: =YEAR(GC[[#This Row],[Date]]) -> 2024 | E231: Year_2 | F231: Year_2 | G231: =TEXT(GC[[#This Row],[Date]],"mmm-yy") -> May-24 | H231: =DAY(EOMONTH(GC[[#This Row],[Month Year]],0)) -> 31 | S231: =SUM(GC[[#This Row],[Blk1]:[Blk8]]) -> 0 | T231: =PROPER(GC[[#This Row],[Resources]])
A232: 230 | B232: =B231+1 -> 45429 | C232: 2024 | D232: =YEAR(GC[[#This Row],[Date]]) -> 2024 | E232: Year_2 | F232: Year_2 | G232: =TEXT(GC[[#This Row],[Date]],"mmm-yy") -> May-24 | H232: =DAY(EOMONTH(GC[[#This Row],[Month Year]],0)) -> 31 | S232: 130 | T232: =PROPER(GC[[#This Row],[Resources]])
A233: 231 | B233: =B232+1 -> 45430 | C233: 2024 | D233: =YEAR(GC[[#This Row],[Date]]) -> 2024 | E233: Year_2 | F233: Year_2 | G233: =TEXT(GC[[#This Row],[Date]],"mmm-yy") -> May-24 | H233: =DAY(EOMONTH(GC[[#This Row],[Month Year]],0)) -> 31 | S233: =SUM(GC[[#This Row],[Blk1]:[Blk8]]) -> 0 | T233: =PROPER(GC[[#This Row],[Resources]])
A234: 232 | B234: =B233+1 -> 45431 | C234: 2024 | D234: =YEAR(GC[[#This Row],[Date]]) -> 2024 | E234: Year_2 | F234: Year_2 | G234: =TEXT(GC[[#This Row],[Date]],"mmm-yy") -> May-24 | H234: =DAY(EOMONTH(GC[[#This Row],[Month Year]],0)) -> 31 | S234: =SUM(GC[[#This Row],[Blk1]:[Blk8]]) -> 0 | T234: =PROPER(GC[[#This Row],[Resources]])
A235: 233 | B235: =B234+1 -> 45432 | C235: 2024 | D235: =YEAR(GC[[#This Row],[Date]]) -> 2024 | E235: Year_2 | F235: Year_2 | G235: =TEXT(GC[[#This Row],[Date]],"mmm-yy") -> May-24 | H235: =DAY(EOMONTH(GC[[#This Row],[Month Year]],0)) -> 31 | S235: =SUM(GC[[#This Row],[Blk1]:[Blk8]]) -> 0 | T235: =PROPER(GC[[#This Row],[Resources]])
A236: 234 | B236: =B235+1 -> 45433 | C236: 2024 | D236: =YEAR(GC[[#This Row],[Date]]) -> 2024 | E236: Year_2 | F236: Year_2 | G236: =TEXT(GC[[#This Row],[Date]],"mmm-yy") -> May-24 | H236: =DAY(EOMONTH(GC[[#This Row],[Month Year]],0)) -> 31 | S236: =SUM(GC[[#This Row],[Blk1]:[Blk8]]) -> 0 | T236: =PROPER(GC[[#This Row],[Resources]])
A237: 235 | B237: =B236+1 -> 45434 | C237: 2024 | D237: =YEAR(GC[[#This Row],[Date]]) -> 2024 | E237: Year_2 | F237: Year_2 | G237: =TEXT(GC[[#This Row],[Date]],"mmm-yy") -> May-24 | H237: =DAY(EOMONTH(GC[[#This Row],[Month Year]],0)) -> 31 | S237: =SUM(GC[[#This Row],[Blk1]:[Blk8]]) -> 0 | T237: =PROPER(GC[[#This Row],[Resources]])
A238: 236 | B238: =B237+1 -> 45435 | C238: 2024 | D238: =YEAR(GC[[#This Row],[Date]]) -> 2024 | E238: Year_2 | F238: Year_2 | G238: =TEXT(GC[[#This Row],[Date]],"mmm-yy") -> May-24 | H238: =DAY(EOMONTH(GC[[#This Row],[Month Year]],0)) -> 31 | S238: =SUM(GC[[#This Row],[Blk1]:[Blk8]]) -> 0 | T238: =PROPER(GC[[#This Row],[Resources]])
A239: 237 | B239: =B238+1 -> 45436 | C239: 2024 | D239: =YEAR(GC[[#This Row],[Date]]) -> 2024 | E239: Year_2 | F239: Year_2 | G239: =TEXT(GC[[#This Row],[Date]],"mmm-yy") -> May-24 | H239: =DAY(EOMONTH(GC[[#This Row],[Month Year]],0)) -> 31 | S239: =SUM(GC[[#This Row],[Blk1]:[Blk8]]) -> 0 | T239: =PROPER(GC[[#This Row],[Resources]])
A240: 238 | B240: =B239+1 -> 45437 | C240: 2024 | D240: =YEAR(GC[[#This Row],[Date]]) -> 2024 | E240: Year_2 | F240: Year_2 | G240: =TEXT(GC[[#This Row],[Date]],"mmm-yy") -> May-24 | H240: =DAY(EOMONTH(GC[[#This Row],[Month Year]],0)) -> 31 | S240: =SUM(GC[[#This Row],[Blk1]:[Blk8]]) -> 0 | T240: =PROPER(GC[[#This Row],[Resources]])
A241: 239 | B241: =B240+1 -> 45438 | C241: 2024 | D241: =YEAR(GC[[#This Row],[Date]]) -> 2024 | E241: Year_2 | F241: Year_2 | G241: =TEXT(GC[[#This Row],[Date]],"mmm-yy") -> May-24 | H241: =DAY(EOMONTH(GC[[#This Row],[Month Year]],0)) -> 31 | S241: =SUM(GC[[#This Row],[Blk1]:[Blk8]]) -> 0 | T241: =PROPER(GC[[#This Row],[Resources]])
A242: 240 | B242: =B241+1 -> 45439 | C242: 2024 | D242: =YEAR(GC[[#This Row],[Date]]) -> 2024 | E242: Year_2 | F242: Year_2 | G242: =TEXT(GC[[#This Row],[Date]],"mmm-yy") -> May-24 | H242: =DAY(EOMONTH(GC[[#This Row],[Month Year]],0)) -> 31 | S242: =SUM(GC[[#This Row],[Blk1]:[Blk8]]) -> 0 | T242: =PROPER(GC[[#This Row],[Resources]])
A243: 241 | B243: =B242+1 -> 45440 | C243: 2024 | D243: =YEAR(GC[[#This Row],[Date]]) -> 2024 | E243: Year_2 | F243: Year_2 | G243: =TEXT(GC[[#This Row],[Date]],"mmm-yy") -> May-24 | H243: =DAY(EOMONTH(GC[[#This Row],[Month Year]],0)) -> 31 | S243: =SUM(GC[[#This Row],[Blk1]:[Blk8]]) -> 0 | T243: =PROPER(GC[[#This Row],[Resources]])
A244: 242 | B244: =B243+1 -> 45441 | C244: 2024 | D244: =YEAR(GC[[#This Row],[Date]]) -> 2024 | E244: Year_2 | F244: Year_2 | G244: =TEXT(GC[[#This Row],[Date]],"mmm-yy") -> May-24 | H244: =DAY(EOMONTH(GC[[#This Row],[Month Year]],0)) -> 31 | S244: =SUM(GC[[#This Row],[Blk1]:[Blk8]]) -> 0 | T244: =PROPER(GC[[#This Row],[Resources]])
... A281: 279 | B281: =B280+1 -> 45478 | C281: 2024 | D281: =YEAR(GC[[#This Row],[Date]]) -> 2024 | E281: Year_2 | F281: Year_2 | G281: =TEXT(GC[[#This Row],[Date]],"mmm-yy") -> Jul-24 | H281: =DAY(EOMONTH(GC[[#This Row],[Month Year]],0)) -> 31 | S281: =SUM(GC[[#This Row],[Blk1]:[Blk8]]) -> 0 | T281: =PROPER(GC[[#This Row],[Resources]])
A282: 280 | B282: =B281+1 -> 45479 | C282: 2024 | D282: =YEAR(GC[[#This Row],[Date]]) -> 2024 | E282: Year_2 | F282: Year_2 | G282: =TEXT(GC[[#This Row],[Date]],"mmm-yy") -> Jul-24 | H282: =DAY(EOMONTH(GC[[#This Row],[Month Year]],0)) -> 31 | S282: =SUM(GC[[#This Row],[Blk1]:[Blk8]]) -> 0 | U282: It was raining so grass could not be harvested
A283: 281 | B283: =B282+1 -> 45480 | C283: 2024 | D283: =YEAR(GC[[#This Row],[Date]]) -> 2024 | E283: Year_2 | F283: Year_2 | G283: =TEXT(GC[[#This Row],[Date]],"mmm-yy") -> Jul-24 | H283: =DAY(EOMONTH(GC[[#This Row],[Month Year]],0)) -> 31 | S283: =SUM(GC[[#This Row],[Blk1]:[Blk8]]) -> 0 | T283: =PROPER(GC[[#This Row],[Resources]]) | U283: It was raining so grass could not be harvested
A284: 282 | B284: =B283+1 -> 45481 | C284: 2024 | D284: =YEAR(GC[[#This Row],[Date]]) -> 2024 | E284: Year_2 | F284: Year_2 | G284: =TEXT(GC[[#This Row],[Date]],"mmm-yy") -> Jul-24 | H284: =DAY(EOMONTH(GC[[#This Row],[Month Year]],0)) -> 31 | S284: =SUM(GC[[#This Row],[Blk1]:[Blk8]]) -> 0 | T284: =PROPER(GC[[#This Row],[Resources]]) | U284: It was raining so grass could not be harvested
A285: 283 | B285: =B284+1 -> 45482 | C285: 2024 | D285: =YEAR(GC[[#This Row],[Date]]) -> 2024 | E285: Year_2 | F285: Year_2 | G285: =TEXT(GC[[#This Row],[Date]],"mmm-yy") -> Jul-24 | H285: =DAY(EOMONTH(GC[[#This Row],[Month Year]],0)) -> 31 | S285: =SUM(GC[[#This Row],[Blk1]:[Blk8]]) -> 0 | T285: =PROPER(GC[[#This Row],[Resources]])
A286: 284 | B286: =B285+1 -> 45483 | C286: 2024 | D286: =YEAR(GC[[#This Row],[Date]]) -> 2024 | E286: Year_2 | F286: Year_2 | G286: =TEXT(GC[[#This Row],[Date]],"mmm-yy") -> Jul-24 | H286: =DAY(EOMONTH(GC[[#This Row],[Month Year]],0)) -> 31 | S286: =SUM(GC[[#This Row],[Blk1]:[Blk8]]) -> 0 | T286: =PROPER(GC[[#This Row],[Resources]])
A287: 285 | B287: =B286+1 -> 45484 | C287: 2024 | D287: =YEAR(GC[[#This Row],[Date]]) -> 2024 | E287: Year_2 | F287: Year_2 | G287: =TEXT(GC[[#This Row],[Date]],"mmm-yy") -> Jul-24 | H287: =DAY(EOMONTH(GC[[#This Row],[Month Year]],0)) -> 31 | S287: =SUM(GC[[#This Row],[Blk1]:[Blk8]]) -> 0 | T287: =PROPER(GC[[#This Row],[Resources]])
A288: 286 | B288: =B287+1 -> 45485 | C288: 2024 | D288: =YEAR(GC[[#This Row],[Date]]) -> 2024 | E288: Year_2 | F288: Year_2 | G288: =TEXT(GC[[#This Row],[Date]],"mmm-yy") -> Jul-24 | H288: =DAY(EOMONTH(GC[[#This Row],[Month Year]],0)) -> 31 | S288: =SUM(GC[[#This Row],[Blk1]:[Blk8]]) -> 0 | T288: =PROPER(GC[[#This Row],[Resources]])
A289: 287 | B289: =B288+1 -> 45486 | C289: 2024 | D289: =YEAR(GC[[#This Row],[Date]]) -> 2024 | E289: Year_2 | F289: Year_2 | G289: =TEXT(GC[[#This Row],[Date]],"mmm-yy") -> Jul-24 | H289: =DAY(EOMONTH(GC[[#This Row],[Month Year]],0)) -> 31 | S289: =SUM(GC[[#This Row],[Blk1]:[Blk8]]) -> 0 | T289: =PROPER(GC[[#This Row],[Resources]])
A290: 288 | B290: =B289+1 -> 45487 | C290: 2024 | D290: =YEAR(GC[[#This Row],[Date]]) -> 2024 | E290: Year_2 | F290: Year_2 | G290: =TEXT(GC[[#This Row],[Date]],"mmm-yy") -> Jul-24 | H290: =DAY(EOMONTH(GC[[#This Row],[Month Year]],0)) -> 31 | S290: =SUM(GC[[#This Row],[Blk1]:[Blk8]]) -> 0 | T290: =PROPER(GC[[#This Row],[Resources]])
A291: 289 | B291: =B290+1 -> 45488 | C291: 2024 | D291: =YEAR(GC[[#This Row],[Date]]) -> 2024 | E291: Year_2 | F291: Year_2 | G291: =TEXT(GC[[#This Row],[Date]],"mmm-yy") -> Jul-24 | H291: =DAY(EOMONTH(GC[[#This Row],[Month Year]],0)) -> 31 | S291: =SUM(GC[[#This Row],[Blk1]:[Blk8]]) -> 0 | T291: =PROPER(GC[[#This Row],[Resources]])
A292: 290 | B292: =B291+1 -> 45489 | C292: 2024 | D292: =YEAR(GC[[#This Row],[Date]]) -> 2024 | E292: Year_2 | F292: Year_2 | G292: =TEXT(GC[[#This Row],[Date]],"mmm-yy") -> Jul-24 | H292: =DAY(EOMONTH(GC[[#This Row],[Month Year]],0)) -> 31 | S292: =SUM(GC[[#This Row],[Blk1]:[Blk8]]) -> 0 | T292: =PROPER(GC[[#This Row],[Resources]])
A293: 291 | B293: =B292+1 -> 45490 | C293: 2024 | D293: =YEAR(GC[[#This Row],[Date]]) -> 2024 | E293: Year_2 | F293: Year_2 | G293: =TEXT(GC[[#This Row],[Date]],"mmm-yy") -> Jul-24 | H293: =DAY(EOMONTH(GC[[#This Row],[Month Year]],0)) -> 31 | S293: =SUM(GC[[#This Row],[Blk1]:[Blk8]]) -> 0 | T293: =PROPER(GC[[#This Row],[Resources]])
A294: 292 | B294: =B293+1 -> 45491 | C294: 2024 | D294: =YEAR(GC[[#This Row],[Date]]) -> 2024 | E294: Year_2 | F294: Year_2 | G294: =TEXT(GC[[#This Row],[Date]],"mmm-yy") -> Jul-24 | H294: =DAY(EOMONTH(GC[[#This Row],[Month Year]],0)) -> 31 | S294: =SUM(GC[[#This Row],[Blk1]:[Blk8]]) -> 0 | T294: =PROPER(GC[[#This Row],[Resources]])
A295: 293 | B295: =B294+1 -> 45492 | C295: 2024 | D295: =YEAR(GC[[#This Row],[Date]]) -> 2024 | E295: Year_2 | F295: Year_2 | G295: =TEXT(GC[[#This Row],[Date]],"mmm-yy") -> Jul-24 | H295: =DAY(EOMONTH(GC[[#This Row],[Month Year]],0)) -> 31 | S295: =SUM(GC[[#This Row],[Blk1]:[Blk8]]) -> 0 | T295: =PROPER(GC[[#This Row],[Resources]])
A296: 294 | B296: =B295+1 -> 45493 | C296: 2024 | D296: =YEAR(GC[[#This Row],[Date]]) -> 2024 | E296: Year_2 | F296: Year_2 | G296: =TEXT(GC[[#This Row],[Date]],"mmm-yy") -> Jul-24 | H296: =DAY(EOMONTH(GC[[#This Row],[Month Year]],0)) -> 31 | S296: =SUM(GC[[#This Row],[Blk1]:[Blk8]]) -> 0 | T296: =PROPER(GC[[#This Row],[Resources]])
... A471: 469 | B471: =B470+1 -> 45668 | C471: 2024 | D471: =YEAR(GC[[#This Row],[Date]]) -> 2025 | E471: Year_2 | F471: Year_2 | G471: =TEXT(GC[[#This Row],[Date]],"mmm-yy") -> Jan-25 | H471: =DAY(EOMONTH(GC[[#This Row],[Month Year]],0)) -> 31 | S471: =SUM(GC[[#This Row],[Blk1]:[Blk8]]) -> 0 | T471: =PROPER(GC[[#This Row],[Resources]])
A472: 470 | B472: =B471+1 -> 45669 | C472: 2024 | D472: =YEAR(GC[[#This Row],[Date]]) -> 2025 | E472: Year_2 | F472: Year_2 | G472: =TEXT(GC[[#This Row],[Date]],"mmm-yy") -> Jan-25 | H472: =DAY(EOMONTH(GC[[#This Row],[Month Year]],0)) -> 31 | S472: =SUM(GC[[#This Row],[Blk1]:[Blk8]]) -> 0 | T472: =PROPER(GC[[#This Row],[Resources]]) | U472: The grass cutting has been completed in the entire ICR area.
A473: 471 | B473: =B472+1 -> 45670 | C473: 2024 | D473: =YEAR(GC[[#This Row],[Date]]) -> 2025 | E473: Year_2 | F473: Year_2 | G473: =TEXT(GC[[#This Row],[Date]],"mmm-yy") -> Jan-25 | H473: =DAY(EOMONTH(GC[[#This Row],[Month Year]],0)) -> 31 | S473: =SUM(GC[[#This Row],[Blk1]:[Blk8]]) -> 0 | T473: =PROPER(GC[[#This Row],[Resources]]) | U473: The grass cutting has been completed in the entire ICR area.
A474: 472 | B474: =B473+1 -> 45671 | C474: 2024 | D474: =YEAR(GC[[#This Row],[Date]]) -> 2025 | E474: Year_2 | F474: Year_2 | G474: =TEXT(GC[[#This Row],[Date]],"mmm-yy") -> Jan-25 | H474: =DAY(EOMONTH(GC[[#This Row],[Month Year]],0)) -> 31 | S474: =SUM(GC[[#This Row],[Blk1]:[Blk8]]) -> 0 | T474: =PROPER(GC[[#This Row],[Resources]]) | U474: The grass cutting has been completed in the entire ICR area.
A475: 473 | B475: =B474+1 -> 45672 | C475: 2024 | D475: =YEAR(GC[[#This Row],[Date]]) -> 2025 | E475: Year_2 | F475: Year_2 | G475: =TEXT(GC[[#This Row],[Date]],"mmm-yy") -> Jan-25 | H475: =DAY(EOMONTH(GC[[#This Row],[Month Year]],0)) -> 31 | S475: =SUM(GC[[#This Row],[Blk1]:[Blk8]]) -> 0 | T475: =PROPER(GC[[#This Row],[Resources]]) | U475: The grass cutting has been completed in the entire ICR area.
A476: 474 | B476: =B475+1 -> 45673 | C476: 2024 | D476: =YEAR(GC[[#This Row],[Date]]) -> 2025 | E476: Year_2 | F476: Year_2 | G476: =TEXT(GC[[#This Row],[Date]],"mmm-yy") -> Jan-25 | H476: =DAY(EOMONTH(GC[[#This Row],[Month Year]],0)) -> 31 | S476: =SUM(GC[[#This Row],[Blk1]:[Blk8]]) -> 0 | T476: =PROPER(GC[[#This Row],[Resources]]) | U476: The grass cutting has been completed in the entire ICR area.
A477: 475 | B477: =B476+1 -> 45674 | C477: 2024 | D477: =YEAR(GC[[#This Row],[Date]]) -> 2025 | E477: Year_2 | F477: Year_2 | G477: =TEXT(GC[[#This Row],[Date]],"mmm-yy") -> Jan-25 | H477: =DAY(EOMONTH(GC[[#This Row],[Month Year]],0)) -> 31 | S477: =SUM(GC[[#This Row],[Blk1]:[Blk8]]) -> 0 | T477: =PROPER(GC[[#This Row],[Resources]]) | U477: The grass cutting has been completed in the entire ICR area.
A478: 476 | B478: =B477+1 -> 45675 | C478: 2024 | D478: =YEAR(GC[[#This Row],[Date]]) -> 2025 | E478: Year_2 | F478: Year_2 | G478: =TEXT(GC[[#This Row],[Date]],"mmm-yy") -> Jan-25 | H478: =DAY(EOMONTH(GC[[#This Row],[Month Year]],0)) -> 31 | S478: =SUM(GC[[#This Row],[Blk1]:[Blk8]]) -> 0 | T478: =PROPER(GC[[#This Row],[Resources]]) | U478: The grass cutting has been completed in the entire ICR area.
A479: 477 | B479: =B478+1 -> 45676 | C479: 2024 | D479: =YEAR(GC[[#This Row],[Date]]) -> 2025 | E479: Year_2 | F479: Year_2 | G479: =TEXT(GC[[#This Row],[Date]],"mmm-yy") -> Jan-25 | H479: =DAY(EOMONTH(GC[[#This Row],[Month Year]],0)) -> 31 | S479: =SUM(GC[[#This Row],[Blk1]:[Blk8]]) -> 0 | T479: =PROPER(GC[[#This Row],[Resources]]) | U479: The grass cutting has been completed in the entire ICR area.
A480: 478 | B480: =B479+1 -> 45677 | C480: 2024 | D480: =YEAR(GC[[#This Row],[Date]]) -> 2025 | E480: Year_2 | F480: Year_2 | G480: =TEXT(GC[[#This Row],[Date]],"mmm-yy") -> Jan-25 | H480: =DAY(EOMONTH(GC[[#This Row],[Month Year]],0)) -> 31 | S480: =SUM(GC[[#This Row],[Blk1]:[Blk8]]) -> 0 | T480: =PROPER(GC[[#This Row],[Resources]]) | U480: The grass cutting has been completed in the entire ICR area.
A481: 479 | B481: =B480+1 -> 45678 | C481: 2024 | D481: =YEAR(GC[[#This Row],[Date]]) -> 2025 | E481: Year_2 | F481: Year_2 | G481: =TEXT(GC[[#This Row],[Date]],"mmm-yy") -> Jan-25 | H481: =DAY(EOMONTH(GC[[#This Row],[Month Year]],0)) -> 31 | S481: =SUM(GC[[#This Row],[Blk1]:[Blk8]]) -> 0 | T481: =PROPER(GC[[#This Row],[Resources]])
A482: 480 | B482: =B481+1 -> 45679 | C482: 2024 | D482: =YEAR(GC[[#This Row],[Date]]) -> 2025 | E482: Year_2 | F482: Year_2 | G482: =TEXT(GC[[#This Row],[Date]],"mmm-yy") -> Jan-25 | H482: =DAY(EOMONTH(GC[[#This Row],[Month Year]],0)) -> 31 | S482: =SUM(GC[[#This Row],[Blk1]:[Blk8]]) -> 0 | T482: =PROPER(GC[[#This Row],[Resources]])
A483: 481 | B483: =B482+1 -> 45680 | C483: 2024 | D483: =YEAR(GC[[#This Row],[Date]]) -> 2025 | E483: Year_2 | F483: Year_2 | G483: =TEXT(GC[[#This Row],[Date]],"mmm-yy") -> Jan-25 | H483: =DAY(EOMONTH(GC[[#This Row],[Month Year]],0)) -> 31 | S483: =SUM(GC[[#This Row],[Blk1]:[Blk8]]) -> 0 | T483: =PROPER(GC[[#This Row],[Resources]]) | U483: The grass cutting happened near MCR area.
A484: 482 | B484: =B483+1 -> 45681 | C484: 2024 | D484: =YEAR(GC[[#This Row],[Date]]) -> 2025 | E484: Year_2 | F484: Year_2 | G484: =TEXT(GC[[#This Row],[Date]],"mmm-yy") -> Jan-25 | H484: =DAY(EOMONTH(GC[[#This Row],[Month Year]],0)) -> 31 | S484: =SUM(GC[[#This Row],[Blk1]:[Blk8]]) -> 0 | T484: =PROPER(GC[[#This Row],[Resources]]) | U484: The grass cutting happened near MCR area.
A485: 483 | B485: =B484+1 -> 45682 | C485: 2024 | D485: =YEAR(GC[[#This Row],[Date]]) -> 2025 | E485: Year_2 | F485: Year_2 | G485: =TEXT(GC[[#This Row],[Date]],"mmm-yy") -> Jan-25 | H485: =DAY(EOMONTH(GC[[#This Row],[Month Year]],0)) -> 31 | S485: =SUM(GC[[#This Row],[Blk1]:[Blk8]]) -> 0 | T485: =PROPER(GC[[#This Row],[Resources]])
A486: 484 | B486: =B485+1 -> 45683 | C486: 2024 | D486: =YEAR(GC[[#This Row],[Date]]) -> 2025 | E486: Year_2 | F486: Year_2 | G486: =TEXT(GC[[#This Row],[Date]],"mmm-yy") -> Jan-25 | H486: =DAY(EOMONTH(GC[[#This Row],[Month Year]],0)) -> 31 | S486: =SUM(GC[[#This Row],[Blk1]:[Blk8]]) -> 0 | T486: =PROPER(GC[[#This Row],[Resources]])
A487: 485 | B487: =B486+1 -> 45684 | C487: 2024 | D487: =YEAR(GC[[#This Row],[Date]]) -> 2025 | E487: Year_2 | F487: Year_2 | G487: =TEXT(GC[[#This Row],[Date]],"mmm-yy") -> Jan-25 | H487: =DAY(EOMONTH(GC[[#This Row],[Month Year]],0)) -> 31 | S487: =SUM(GC[[#This Row],[Blk1]:[Blk8]]) -> 0 | T487: =PROPER(GC[[#This Row],[Resources]])
A488: 486 | B488: =B487+1 -> 45685 | C488: 2024 | D488: =YEAR(GC[[#This Row],[Date]]) -> 2025 | E488: Year_2 | F488: Year_2 | G488: =TEXT(GC[[#This Row],[Date]],"mmm-yy") -> Jan-25 | H488: =DAY(EOMONTH(GC[[#This Row],[Month Year]],0)) -> 31 | S488: =SUM(GC[[#This Row],[Blk1]:[Blk8]]) -> 0 | T488: =PROPER(GC[[#This Row],[Resources]])
A489: 487 | B489: =B488+1 -> 45686 | C489: 2024 | D489: =YEAR(GC[[#This Row],[Date]]) -> 2025 | E489: Year_2 | F489: Year_2 | G489: =TEXT(GC[[#This Row],[Date]],"mmm-yy") -> Jan-25 | H489: =DAY(EOMONTH(GC[[#This Row],[Month Year]],0)) -> 31 | S489: =SUM(GC[[#This Row],[Blk1]:[Blk8]]) -> 0 | T489: =PROPER(GC[[#This Row],[Resources]])
A490: 488 | B490: =B489+1 -> 45687 | C490: 2024 | D490: =YEAR(GC[[#This Row],[Date]]) -> 2025 | E490: Year_2 | F490: Year_2 | G490: =TEXT(GC[[#This Row],[Date]],"mmm-yy") -> Jan-25 | H490: =DAY(EOMONTH(GC[[#This Row],[Month Year]],0)) -> 31 | S490: =SUM(GC[[#This Row],[Blk1]:[Blk8]]) -> 0 | T490: =PROPER(GC[[#This Row],[Resources]])
A491: 489 | B491: =B490+1 -> 45688 | C491: 2024 | D491: =YEAR(GC[[#This Row],[Date]]) -> 2025 | E491: Year_2 | F491: Year_2 | G491: =TEXT(GC[[#This Row],[Date]],"mmm-yy") -> Jan-25 | H491: =DAY(EOMONTH(GC[[#This Row],[Month Year]],0)) -> 31 | S491: =SUM(GC[[#This Row],[Blk1]:[Blk8]]) -> 0 | T491: =PROPER(GC[[#This Row],[Resources]])
A492: 490 | B492: =B491+1 -> 45689 | C492: 2024 | D492: =YEAR(GC[[#This Row],[Date]]) -> 2025 | E492: Year_2 | F492: Year_2 | G492: =TEXT(GC[[#This Row],[Date]],"mmm-yy") -> Feb-25 | H492: =DAY(EOMONTH(GC[[#This Row],[Month Year]],0)) -> 28 | S492: =SUM(GC[[#This Row],[Blk1]:[Blk8]]) -> 0 | T492: =PROPER(GC[[#This Row],[Resources]])
A493: 491 | B493: =B492+1 -> 45690 | C493: 2024 | D493: =YEAR(GC[[#This Row],[Date]]) -> 2025 | E493: Year_2 | F493: Year_2 | G493: =TEXT(GC[[#This Row],[Date]],"mmm-yy") -> Feb-25 | H493: =DAY(EOMONTH(GC[[#This Row],[Month Year]],0)) -> 28 | S493: =SUM(GC[[#This Row],[Blk1]:[Blk8]]) -> 0 | T493: =PROPER(GC[[#This Row],[Resources]])
A494: 492 | B494: =B493+1 -> 45691 | C494: 2024 | D494: =YEAR(GC[[#This Row],[Date]]) -> 2025 | E494: Year_2 | F494: Year_2 | G494: =TEXT(GC[[#This Row],[Date]],"mmm-yy") -> Feb-25 | H494: =DAY(EOMONTH(GC[[#This Row],[Month Year]],0)) -> 28 | S494: =SUM(GC[[#This Row],[Blk1]:[Blk8]]) -> 0 | T494: =PROPER(GC[[#This Row],[Resources]])
...

Sheet Mod_CL
A2: Sr. No. | B2: Date | C2: Finacial Year | D2: Calendor Year | E2: Contrcatual Year | F2: Operating Year | G2: Month Year | H2: Days | I2: Cycle Number | J2: Resources | K2: Blk1 | L2: Blk2 | M2: Blk3 | N2: Blk4 | O2: Blk5 | P2: Blk6 | Q2: Blk7 | R2: Blk8 | S2: Total NO. Module cleaned | T2: Morning Start Time | U2: Morning End Time | V2: Evening Start Time | W2: Evening End time | X2: Brush/MOP Replcemnet | Y2: Water Test Report | Z2: Remarks for the day
A3: 1 | B3: 45200 | C3: =YEAR(MC[[#This Row],[Date]])+IF(MONTH(MC[[#This Row],[Date]])>=4,1,0) -> 2024 | D3: =YEAR(MC[[#This Row],[Date]]) -> 2023 | E3: Year_2 | F3: Year_2 | G3: =TEXT(MC[[#This Row],[Date]],"mmm-yy") -> Oct-23 | H3: =DAY(EOMONTH(MC[[#This Row],[Month Year]],0)) -> 31 | R3: =120*50 -> 6000 | S3: =SUM(MC[[#This Row],[Blk1]:[Blk8]]) -> 6000
A4: 2 | B4: =B3+1 -> 45201 | C4: =YEAR(MC[[#This Row],[Date]])+IF(MONTH(MC[[#This Row],[Date]])>=4,1,0) -> 2024 | D4: =YEAR(MC[[#This Row],[Date]]) -> 2023 | E4: Year_2 | F4: Year_2 | G4: =TEXT(MC[[#This Row],[Date]],"mmm-yy") -> Oct-23 | H4: =DAY(EOMONTH(MC[[#This Row],[Month Year]],0)) -> 31 | R4: =120*50 -> 6000 | S4: =SUM(MC[[#This Row],[Blk1]:[Blk8]]) -> 6000
A5: 3 | B5: =B4+1 -> 45202 | C5: =YEAR(MC[[#This Row],[Date]])+IF(MONTH(MC[[#This Row],[Date]])>=4,1,0) -> 2024 | D5: =YEAR(MC[[#This Row],[Date]]) -> 2023 | E5: Year_2 | F5: Year_2 | G5: =TEXT(MC[[#This Row],[Date]],"mmm-yy") -> Oct-23 | H5: =DAY(EOMONTH(MC[[#This Row],[Month Year]],0)) -> 31 | R5: =120*50 -> 6000 | S5: =SUM(MC[[#This Row],[Blk1]:[Blk8]]) -> 6000
A6: 4 | B6: =B5+1 -> 45203 | C6: =YEAR(MC[[#This Row],[Date]])+IF(MONTH(MC[[#This Row],[Date]])>=4,1,0) -> 2024 | D6: =YEAR(MC[[#This Row],[Date]]) -> 2023 | E6: Year_2 | F6: Year_2 | G6: =TEXT(MC[[#This Row],[Date]],"mmm-yy") -> Oct-23 | H6: =DAY(EOMONTH(MC[[#This Row],[Month Year]],0)) -> 31 | R6: =120*50 -> 6000 | S6: =SUM(MC[[#This Row],[Blk1]:[Blk8]]) -> 6000
A7: 5 | B7: =B6+1 -> 45204 | C7: =YEAR(MC[[#This Row],[Date]])+IF(MONTH(MC[[#This Row],[Date]])>=4,1,0) -> 2024 | D7: =YEAR(MC[[#This Row],[Date]]) -> 2023 | E7: Year_2 | F7: Year_2 | G7: =TEXT(MC[[#This Row],[Date]],"mmm-yy") -> Oct-23 | H7: =DAY(EOMONTH(MC[[#This Row],[Month Year]],0)) -> 31 | R7: =120*50 -> 6000 | S7: =SUM(MC[[#This Row],[Blk1]:[Blk8]]) -> 6000
A8: 6 | B8: =B7+1 -> 45205 | C8: =YEAR(MC[[#This Row],[Date]])+IF(MONTH(MC[[#This Row],[Date]])>=4,1,0) -> 2024 | D8: =YEAR(MC[[#This Row],[Date]]) -> 2023 | E8: Year_2 | F8: Year_2 | G8: =TEXT(MC[[#This Row],[Date]],"mmm-yy") -> Oct-23 | H8: =DAY(EOMONTH(MC[[#This Row],[Month Year]],0)) -> 31 | R8: =120*50 -> 6000 | S8: =SUM(MC[[#This Row],[Blk1]:[Blk8]]) -> 6000
A9: 7 | B9: =B8+1 -> 45206 | C9: =YEAR(MC[[#This Row],[Date]])+IF(MONTH(MC[[#This Row],[Date]])>=4,1,0) -> 2024 | D9: =YEAR(MC[[#This Row],[Date]]) -> 2023 | E9: Year_2 | F9: Year_2 | G9: =TEXT(MC[[#This Row],[Date]],"mmm-yy") -> Oct-23 | H9: =DAY(EOMONTH(MC[[#This Row],[Month Year]],0)) -> 31 | R9: =120*50 -> 6000 | S9: =SUM(MC[[#This Row],[Blk1]:[Blk8]]) -> 6000
A10: 8 | B10: =B9+1 -> 45207 | C10: =YEAR(MC[[#This Row],[Date]])+IF(MONTH(MC[[#This Row],[Date]])>=4,1,0) -> 2024 | D10: =YEAR(MC[[#This Row],[Date]]) -> 2023 | E10: Year_2 | F10: Year_2 | G10: =TEXT(MC[[#This Row],[Date]],"mmm-yy") -> Oct-23 | H10: =DAY(EOMONTH(MC[[#This Row],[Month Year]],0)) -> 31 | R10: =120*50 -> 6000 | S10: =SUM(MC[[#This Row],[Blk1]:[Blk8]]) -> 6000
A11: 9 | B11: =B10+1 -> 45208 | C11: =YEAR(MC[[#This Row],[Date]])+IF(MONTH(MC[[#This Row],[Date]])>=4,1,0) -> 2024 | D11: =YEAR(MC[[#This Row],[Date]]) -> 2023 | E11: Year_2 | F11: Year_2 | G11: =TEXT(MC[[#This Row],[Date]],"mmm-yy") -> Oct-23 | H11: =DAY(EOMONTH(MC[[#This Row],[Month Year]],0)) -> 31 | R11: =120*50 -> 6000 | S11: =SUM(MC[[#This Row],[Blk1]:[Blk8]]) -> 6000
A12: 10 | B12: =B11+1 -> 45209 | C12: =YEAR(MC[[#This Row],[Date]])+IF(MONTH(MC[[#This Row],[Date]])>=4,1,0) -> 2024 | D12: =YEAR(MC[[#This Row],[Date]]) -> 2023 | E12: Year_2 | F12: Year_2 | G12: =TEXT(MC[[#This Row],[Date]],"mmm-yy") -> Oct-23 | H12: =DAY(EOMONTH(MC[[#This Row],[Month Year]],0)) -> 31 | R12: =120*50 -> 6000 | S12: =SUM(MC[[#This Row],[Blk1]:[Blk8]]) -> 6000
A13: 11 | B13: =B12+1 -> 45210 | C13: =YEAR(MC[[#This Row],[Date]])+IF(MONTH(MC[[#This Row],[Date]])>=4,1,0) -> 2024 | D13: =YEAR(MC[[#This Row],[Date]]) -> 2023 | E13: Year_2 | F13: Year_2 | G13: =TEXT(MC[[#This Row],[Date]],"mmm-yy") -> Oct-23 | H13: =DAY(EOMONTH(MC[[#This Row],[Month Year]],0)) -> 31 | R13: =120*50 -> 6000 | S13: =SUM(MC[[#This Row],[Blk1]:[Blk8]]) -> 6000
A14: 12 | B14: =B13+1 -> 45211 | C14: =YEAR(MC[[#This Row],[Date]])+IF(MONTH(MC[[#This Row],[Date]])>=4,1,0) -> 2024 | D14: =YEAR(MC[[#This Row],[Date]]) -> 2023 | E14: Year_2 | F14: Year_2 | G14: =TEXT(MC[[#This Row],[Date]],"mmm-yy") -> Oct-23 | H14: =DAY(EOMONTH(MC[[#This Row],[Month Year]],0)) -> 31 | R14: =120*50 -> 6000 | S14: =SUM(MC[[#This Row],[Blk1]:[Blk8]]) -> 6000
A15: 13 | B15: =B14+1 -> 45212 | C15: =YEAR(MC[[#This Row],[Date]])+IF(MONTH(MC[[#This Row],[Date]])>=4,1,0) -> 2024 | D15: =YEAR(MC[[#This Row],[Date]]) -> 2023 | E15: Year_2 | F15: Year_2 | G15: =TEXT(MC[[#This Row],[Date]],"mmm-yy") -> Oct-23 | H15: =DAY(EOMONTH(MC[[#This Row],[Month Year]],0)) -> 31 | R15: =120*50 -> 6000 | S15: =SUM(MC[[#This Row],[Blk1]:[Blk8]]) -> 6000
... A129: 127 | B129: =B128+1 -> 45326 | C129: =YEAR(MC[[#This Row],[Date]])+IF(MONTH(MC[[#This Row],[Date]])>=4,1,0) -> 2024 | D129: =YEAR(MC[[#This Row],[Date]]) -> 2024 | E129: Year_2 | F129: Year_2 | G129: =TEXT(MC[[#This Row],[Date]],"mmm-yy") -> Feb-24 | H129: =DAY(EOMONTH(MC[[#This Row],[Month Year]],0)) -> 28 | R129: =120*50 -> 6000 | S129: =SUM(MC[[#This Row],[Blk1]:[Blk8]]) -> 6000
A130: 127 | B130: =B129+1 -> 45327 | C130: =YEAR(MC[[#This Row],[Date]])+IF(MONTH(MC[[#This Row],[Date]])>=4,1,0) -> 2024 | D130: =YEAR(MC[[#This Row],[Date]]) -> 2024 | E130: Year_2 | F130: Year_2 | G130: =TEXT(MC[[#This Row],[Date]],"mmm-yy") -> Feb-24 | H130: =DAY(EOMONTH(MC[[#This Row],[Month Year]],0)) -> 28 | R130: =120*50 -> 6000 | S130: =SUM(MC[[#This Row],[Blk1]:[Blk8]]) -> 6000 | V130: 0.16666667 | W130: 0.375 | X130: MOP
A131: 127 | B131: =B130+1 -> 45328 | C131: =YEAR(MC[[#This Row],[Date]])+IF(MONTH(MC[[#This Row],[Date]])>=4,1,0) -> 2024 | D131: =YEAR(MC[[#This Row],[Date]]) -> 2024 | E131: Year_2 | F131: Year_2 | G131: =TEXT(MC[[#This Row],[Date]],"mmm-yy") -> Feb-24 | H131: =DAY(EOMONTH(MC[[#This Row],[Month Year]],0)) -> 28 | R131: =120*50 -> 6000 | S131: =SUM(MC[[#This Row],[Blk1]:[Blk8]]) -> 6000 | V131: 0.16666667 | W131: 0.375 | X131: MOP
A132: 127 | B132: =B131+1 -> 45329 | C132: =YEAR(MC[[#This Row],[Date]])+IF(MONTH(MC[[#This Row],[Date]])>=4,1,0) -> 2024 | D132: =YEAR(MC[[#This Row],[Date]]) -> 2024 | E132: Year_2 | F132: Year_2 | G132: =TEXT(MC[[#This Row],[Date]],"mmm-yy") -> Feb-24 | H132: =DAY(EOMONTH(MC[[#This Row],[Month Year]],0)) -> 28 | R132: =120*50 -> 6000 | S132: =SUM(MC[[#This Row],[Blk1]:[Blk8]]) -> 6000 | V132: 0.16666667 | W132: 0.375 | X132: MOP
A133: 127 | B133: =B132+1 -> 45330 | C133: =YEAR(MC[[#This Row],[Date]])+IF(MONTH(MC[[#This Row],[Date]])>=4,1,0) -> 2024 | D133: =YEAR(MC[[#This Row],[Date]]) -> 2024 | E133: Year_2 | F133: Year_2 | G133: =TEXT(MC[[#This Row],[Date]],"mmm-yy") -> Feb-24 | H133: =DAY(EOMONTH(MC[[#This Row],[Month Year]],0)) -> 28 | R133: =120*50 -> 6000 | S133: =SUM(MC[[#This Row],[Blk1]:[Blk8]]) -> 6000 | V133: 0.16666667 | W133: 0.375 | X133: MOP
A134: 127 | B134: =B133+1 -> 45331 | C134: =YEAR(MC[[#This Row],[Date]])+IF(MONTH(MC[[#This Row],[Date]])>=4,1,0) -> 2024 | D134: =YEAR(MC[[#This Row],[Date]]) -> 2024 | E134: Year_2 | F134: Year_2 | G134: =TEXT(MC[[#This Row],[Date]],"mmm-yy") -> Feb-24 | H134: =DAY(EOMONTH(MC[[#This Row],[Month Year]],0)) -> 28 | R134: =120*50 -> 6000 | S134: =SUM(MC[[#This Row],[Blk1]:[Blk8]]) -> 6000 | V134: 0.16666667 | W134: 0.375 | X134: MOP
A135: 127 | B135: =B134+1 -> 45332 | C135: =YEAR(MC[[#This Row],[Date]])+IF(MONTH(MC[[#This Row],[Date]])>=4,1,0) -> 2024 | D135: =YEAR(MC[[#This Row],[Date]]) -> 2024 | E135: Year_2 | F135: Year_2 | G135: =TEXT(MC[[#This Row],[Date]],"mmm-yy") -> Feb-24 | H135: =DAY(EOMONTH(MC[[#This Row],[Month Year]],0)) -> 28 | R135: =120*50 -> 6000 | S135: =SUM(MC[[#This Row],[Blk1]:[Blk8]]) -> 6000 | V135: 0.16666667 | W135: 0.375 | X135: MOP
A136: 127 | B136: =B135+1 -> 45333 | C136: =YEAR(MC[[#This Row],[Date]])+IF(MONTH(MC[[#This Row],[Date]])>=4,1,0) -> 2024 | D136: =YEAR(MC[[#This Row],[Date]]) -> 2024 | E136: Year_2 | F136: Year_2 | G136: =TEXT(MC[[#This Row],[Date]],"mmm-yy") -> Feb-24 | H136: =DAY(EOMONTH(MC[[#This Row],[Month Year]],0)) -> 28 | R136: =120*50 -> 6000 | S136: =SUM(MC[[#This Row],[Blk1]:[Blk8]]) -> 6000 | V136: 0.16666667 | W136: 0.375 | X136: MOP | Z136: Cleaning Stop due to Fanbalt Broken
A137: 127 | B137: =B136+1 -> 45334 | C137: =YEAR(MC[[#This Row],[Date]])+IF(MONTH(MC[[#This Row],[Date]])>=4,1,0) -> 2024 | D137: =YEAR(MC[[#This Row],[Date]]) -> 2024 | E137: Year_2 | F137: Year_2 | G137: =TEXT(MC[[#This Row],[Date]],"mmm-yy") -> Feb-24 | H137: =DAY(EOMONTH(MC[[#This Row],[Month Year]],0)) -> 28 | R137: =120*50 -> 6000 | S137: =SUM(MC[[#This Row],[Blk1]:[Blk8]]) -> 6000 | V137: 0.16666667 | W137: 0.375 | X137: MOP
A138: 127 | B138: =B137+1 -> 45335 | C138: =YEAR(MC[[#This Row],[Date]])+IF(MONTH(MC[[#This Row],[Date]])>=4,1,0) -> 2024 | D138: =YEAR(MC[[#This Row],[Date]]) -> 2024 | E138: Year_2 | F138: Year_2 | G138: =TEXT(MC[[#This Row],[Date]],"mmm-yy") -> Feb-24 | H138: =DAY(EOMONTH(MC[[#This Row],[Month Year]],0)) -> 28 | R138: =120*50 -> 6000 | S138: =SUM(MC[[#This Row],[Blk1]:[Blk8]]) -> 6000 | V138: 0.16666667 | W138: 0.375 | X138: MOP
A139: 127 | B139: =B138+1 -> 45336 | C139: =YEAR(MC[[#This Row],[Date]])+IF(MONTH(MC[[#This Row],[Date]])>=4,1,0) -> 2024 | D139: =YEAR(MC[[#This Row],[Date]]) -> 2024 | E139: Year_2 | F139: Year_2 | G139: =TEXT(MC[[#This Row],[Date]],"mmm-yy") -> Feb-24 | H139: =DAY(EOMONTH(MC[[#This Row],[Month Year]],0)) -> 28 | R139: =120*50 -> 6000 | S139: =SUM(MC[[#This Row],[Blk1]:[Blk8]]) -> 6000 | Z139: Cleaning not done due to marriage in vendor's family
A140: 127 | B140: =B139+1 -> 45337 | C140: =YEAR(MC[[#This Row],[Date]])+IF(MONTH(MC[[#This Row],[Date]])>=4,1,0) -> 2024 | D140: =YEAR(MC[[#This Row],[Date]]) -> 2024 | E140: Year_2 | F140: Year_2 | G140: =TEXT(MC[[#This Row],[Date]],"mmm-yy") -> Feb-24 | H140: =DAY(EOMONTH(MC[[#This Row],[Month Year]],0)) -> 28 | R140: =120*50 -> 6000 | S140: =SUM(MC[[#This Row],[Blk1]:[Blk8]]) -> 6000 | Z140: Cleaning not done due to marriage in vendor's family
A141: 139 | B141: =B140+1 -> 45338 | C141: =YEAR(MC[[#This Row],[Date]])+IF(MONTH(MC[[#This Row],[Date]])>=4,1,0) -> 2024 | D141: =YEAR(MC[[#This Row],[Date]]) -> 2024 | E141: Year_2 | F141: Year_2 | G141: =TEXT(MC[[#This Row],[Date]],"mmm-yy") -> Feb-24 | H141: =DAY(EOMONTH(MC[[#This Row],[Month Year]],0)) -> 28 | R141: =120*50 -> 6000 | S141: =SUM(MC[[#This Row],[Blk1]:[Blk8]]) -> 6000 | V141: 0.16666667 | W141: 0.375 | X141: MOP | Z141: Cleaning stop due to Tractor pulli Broken
A142: 140 | B142: =B141+1 -> 45339 | C142: =YEAR(MC[[#This Row],[Date]])+IF(MONTH(MC[[#This Row],[Date]])>=4,1,0) -> 2024 | D142: =YEAR(MC[[#This Row],[Date]]) -> 2024 | E142: Year_2 | F142: Year_2 | G142: =TEXT(MC[[#This Row],[Date]],"mmm-yy") -> Feb-24 | H142: =DAY(EOMONTH(MC[[#This Row],[Month Year]],0)) -> 28 | R142: =120*50 -> 6000 | S142: =SUM(MC[[#This Row],[Blk1]:[Blk8]]) -> 6000 | Z142: Cleaning Stop due to Tractor under breakdown
A143: 141 | B143: =B142+1 -> 45340 | C143: =YEAR(MC[[#This Row],[Date]])+IF(MONTH(MC[[#This Row],[Date]])>=4,1,0) -> 2024 | D143: =YEAR(MC[[#This Row],[Date]]) -> 2024 | E143: Year_2 | F143: Year_2 | G143: =TEXT(MC[[#This Row],[Date]],"mmm-yy") -> Feb-24 | H143: =DAY(EOMONTH(MC[[#This Row],[Month Year]],0)) -> 28 | R143: =120*50 -> 6000 | S143: =SUM(MC[[#This Row],[Blk1]:[Blk8]]) -> 6000 | Z143: Cleaning Stop due to Tractor under breakdown
A144: 142 | B144: =B143+1 -> 45341 | C144: =YEAR(MC[[#This Row],[Date]])+IF(MONTH(MC[[#This Row],[Date]])>=4,1,0) -> 2024 | D144: =YEAR(MC[[#This Row],[Date]]) -> 2024 | E144: Year_2 | F144: Year_2 | G144: =TEXT(MC[[#This Row],[Date]],"mmm-yy") -> Feb-24 | H144: =DAY(EOMONTH(MC[[#This Row],[Month Year]],0)) -> 28 | R144: =120*50 -> 6000 | S144: =SUM(MC[[#This Row],[Blk1]:[Blk8]]) -> 6000 | V144: 0.16666667 | W144: 0.375 | X144: MOP
A145: 143 | B145: =B144+1 -> 45342 | C145: =YEAR(MC[[#This Row],[Date]])+IF(MONTH(MC[[#This Row],[Date]])>=4,1,0) -> 2024 | D145: =YEAR(MC[[#This Row],[Date]]) -> 2024 | E145: Year_2 | F145: Year_2 | G145: =TEXT(MC[[#This Row],[Date]],"mmm-yy") -> Feb-24 | H145: =DAY(EOMONTH(MC[[#This Row],[Month Year]],0)) -> 28 | R145: =120*50 -> 6000 | S145: =SUM(MC[[#This Row],[Blk1]:[Blk8]]) -> 6000 | V145: 0.20833333 | W145: 0.45833333 | X145: MOP
A146: 144 | B146: =B145+1 -> 45343 | C146: =YEAR(MC[[#This Row],[Date]])+IF(MONTH(MC[[#This Row],[Date]])>=4,1,0) -> 2024 | D146: =YEAR(MC[[#This Row],[Date]]) -> 2024 | E146: Year_2 | F146: Year_2 | G146: =TEXT(MC[[#This Row],[Date]],"mmm-yy") -> Feb-24 | H146: =DAY(EOMONTH(MC[[#This Row],[Month Year]],0)) -> 28 | R146: =120*50 -> 6000 | S146: =SUM(MC[[#This Row],[Blk1]:[Blk8]]) -> 6000 | T146: 0.22916667 | U146: 0.39583333 | V146: 0.6875 | W146: 0.95833333 | X146: MOP
A147: 145 | B147: =B146+1 -> 45344 | C147: =YEAR(MC[[#This Row],[Date]])+IF(MONTH(MC[[#This Row],[Date]])>=4,1,0) -> 2024 | D147: =YEAR(MC[[#This Row],[Date]]) -> 2024 | E147: Year_2 | F147: Year_2 | G147: =TEXT(MC[[#This Row],[Date]],"mmm-yy") -> Feb-24 | H147: =DAY(EOMONTH(MC[[#This Row],[Month Year]],0)) -> 28 | R147: =120*50 -> 6000 | S147: =SUM(MC[[#This Row],[Blk1]:[Blk8]]) -> 6000 | T147: 0.22916667 | U147: 0.39583333 | V147: 0.6875 | W147: 0.95833333 | X147: MOP
A148: 146 | B148: =B147+1 -> 45345 | C148: =YEAR(MC[[#This Row],[Date]])+IF(MONTH(MC[[#This Row],[Date]])>=4,1,0) -> 2024 | D148: =YEAR(MC[[#This Row],[Date]]) -> 2024 | E148: Year_2 | F148: Year_2 | G148: =TEXT(MC[[#This Row],[Date]],"mmm-yy") -> Feb-24 | H148: =DAY(EOMONTH(MC[[#This Row],[Month Year]],0)) -> 28 | R148: =120*50 -> 6000 | S148: =SUM(MC[[#This Row],[Blk1]:[Blk8]]) -> 6000 | T148: 0.22916667 | U148: 0.39583333 | V148: 0.6875 | W148: 0.95833333 | X148: MOP
A149: 147 | B149: =B148+1 -> 45346 | C149: =YEAR(MC[[#This Row],[Date]])+IF(MONTH(MC[[#This Row],[Date]])>=4,1,0) -> 2024 | D149: =YEAR(MC[[#This Row],[Date]]) -> 2024 | E149: Year_2 | F149: Year_2 | G149: =TEXT(MC[[#This Row],[Date]],"mmm-yy") -> Feb-24 | H149: =DAY(EOMONTH(MC[[#This Row],[Month Year]],0)) -> 28 | R149: =120*50 -> 6000 | S149: =SUM(MC[[#This Row],[Blk1]:[Blk8]]) -> 6000 | T149: 0.22916667 | U149: 0.39583333 | V149: 0.6875 | W149: 0.95833333 | X149: MOP
A150: 148 | B150: =B149+1 -> 45347 | C150: =YEAR(MC[[#This Row],[Date]])+IF(MONTH(MC[[#This Row],[Date]])>=4,1,0) -> 2024 | D150: =YEAR(MC[[#This Row],[Date]]) -> 2024 | E150: Year_2 | F150: Year_2 | G150: =TEXT(MC[[#This Row],[Date]],"mmm-yy") -> Feb-24 | H150: =DAY(EOMONTH(MC[[#This Row],[Month Year]],0)) -> 28 | R150: =120*50 -> 6000 | S150: =SUM(MC[[#This Row],[Blk1]:[Blk8]]) -> 6000 | T150: 0.22916667 | U150: 0.39583333 | V150: 0.6875 | W150: 0.95833333 | X150: MOP
A151: 149 | B151: =B150+1 -> 45348 | C151: =YEAR(MC[[#This Row],[Date]])+IF(MONTH(MC[[#This Row],[Date]])>=4,1,0) -> 2024 | D151: =YEAR(MC[[#This Row],[Date]]) -> 2024 | E151: Year_2 | F151: Year_2 | G151: =TEXT(MC[[#This Row],[Date]],"mmm-yy") -> Feb-24 | H151: =DAY(EOMONTH(MC[[#This Row],[Month Year]],0)) -> 28 | R151: =120*50 -> 6000 | S151: =SUM(MC[[#This Row],[Blk1]:[Blk8]]) -> 6000 | T151: 0.22916667 | U151: 0.39583333 | V151: 0.6875 | W151: 0.95833333 | X151: MOP
A152: 150 | B152: =B151+1 -> 45349 | C152: =YEAR(MC[[#This Row],[Date]])+IF(MONTH(MC[[#This Row],[Date]])>=4,1,0) -> 2024 | D152: =YEAR(MC[[#This Row],[Date]]) -> 2024 | E152: Year_2 | F152: Year_2 | G152: =TEXT(MC[[#This Row],[Date]],"mmm-yy") -> Feb-24 | H152: =DAY(EOMONTH(MC[[#This Row],[Month Year]],0)) -> 28 | R152: =120*50 -> 6000 | S152: =SUM(MC[[#This Row],[Blk1]:[Blk8]]) -> 6000 | T152: 0.22916667 | U152: 0.39583333 | V152: 0.6875 | W152: 0.95833333 | X152: MOP
A153: 151 | B153: =B152+1 -> 45350 | C153: =YEAR(MC[[#This Row],[Date]])+IF(MONTH(MC[[#This Row],[Date]])>=4,1,0) -> 2024 | D153: =YEAR(MC[[#This Row],[Date]]) -> 2024 | E153: Year_2 | F153: Year_2 | G153: =TEXT(MC[[#This Row],[Date]],"mmm-yy") -> Feb-24 | H153: =DAY(EOMONTH(MC[[#This Row],[Month Year]],0)) -> 28 | R153: =120*50 -> 6000 | S153: =SUM(MC[[#This Row],[Blk1]:[Blk8]]) -> 6000 | T153: 0.22916667 | U153: 0.39583333 | V153: 0.6875 | W153: 0.95833333 | X153: MOP
A154: 152 | B154: =B153+1 -> 45351 | C154: =YEAR(MC[[#This Row],[Date]])+IF(MONTH(MC[[#This Row],[Date]])>=4,1,0) -> 2024 | D154: =YEAR(MC[[#This Row],[Date]]) -> 2024 | E154: Year_2 | F154: Year_2 | G154: =TEXT(MC[[#This Row],[Date]],"mmm-yy") -> Feb-24 | H154: =DAY(EOMONTH(MC[[#This Row],[Month Year]],0)) -> 28 | R154: =120*50 -> 6000 | S154: =SUM(MC[[#This Row],[Blk1]:[Blk8]]) -> 6000 | T154: 0.22916667 | U154: 0.39583333 | V154: 0.6875 | W154: 0.95833333 | X154: MOP
A155: 153 | B155: =B154+1 -> 45352 | C155: =YEAR(MC[[#This Row],[Date]])+IF(MONTH(MC[[#This Row],[Date]])>=4,1,0) -> 2024 | D155: =YEAR(MC[[#This Row],[Date]]) -> 2024 | E155: Year_2 | F155: Year_2 | G155: =TEXT(MC[[#This Row],[Date]],"mmm-yy") -> Mar-24 | H155: =DAY(EOMONTH(MC[[#This Row],[Month Year]],0)) -> 31 | R155: =120*50 -> 6000 | S155: =SUM(MC[[#This Row],[Blk1]:[Blk8]]) -> 6000 | T155: 0.22916667 | U155: 0.39583333 | V155: 0.6875 | W155: 0.95833333 | X155: MOP
A156: 154 | B156: =B155+1 -> 45353 | C156: =YEAR(MC[[#This Row],[Date]])+IF(MONTH(MC[[#This Row],[Date]])>=4,1,0) -> 2024 | D156: =YEAR(MC[[#This Row],[Date]]) -> 2024 | E156: Year_2 | F156: Year_2 | G156: =TEXT(MC[[#This Row],[Date]],"mmm-yy") -> Mar-24 | H156: =DAY(EOMONTH(MC[[#This Row],[Month Year]],0)) -> 31 | R156: =120*50 -> 6000 | S156: =SUM(MC[[#This Row],[Blk1]:[Blk8]]) -> 6000 | T156: 0.22916667 | U156: 0.39583333 | V156: 0.6875 | W156: 0.95833333 | X156: MOP
A157: 155 | B157: =B156+1 -> 45354 | C157: =YEAR(MC[[#This Row],[Date]])+IF(MONTH(MC[[#This Row],[Date]])>=4,1,0) -> 2024 | D157: =YEAR(MC[[#This Row],[Date]]) -> 2024 | E157: Year_2 | F157: Year_2 | G157: =TEXT(MC[[#This Row],[Date]],"mmm-yy") -> Mar-24 | H157: =DAY(EOMONTH(MC[[#This Row],[Month Year]],0)) -> 31 | R157: =120*50 -> 6000 | S157: =SUM(MC[[#This Row],[Blk1]:[Blk8]]) -> 6000 | T157: 0.22916667 | U157: 0.39583333 | V157: 0.6875 | W157: 0.95833333 | X157: MOP
... A161: 159 | B161: =B160+1 -> 45358 | C161: =YEAR(MC[[#This Row],[Date]])+IF(MONTH(MC[[#This Row],[Date]])>=4,1,0) -> 2024 | D161: =YEAR(MC[[#This Row],[Date]]) -> 2024 | E161: Year_2 | F161: Year_2 | G161: =TEXT(MC[[#This Row],[Date]],"mmm-yy") -> Mar-24 | H161: =DAY(EOMONTH(MC[[#This Row],[Month Year]],0)) -> 31 | R161: =120*50 -> 6000 | S161: =SUM(MC[[#This Row],[Blk1]:[Blk8]]) -> 6000 | T161: 0.22916667 | U161: 0.39583333 | V161: 0.6875 | W161: 0.95833333 | X161: MOP
A162: 160 | B162: =B161+1 -> 45359 | C162: =YEAR(MC[[#This Row],[Date]])+IF(MONTH(MC[[#This Row],[Date]])>=4,1,0) -> 2024 | D162: =YEAR(MC[[#This Row],[Date]]) -> 2024 | E162: Year_2 | F162: Year_2 | G162: =TEXT(MC[[#This Row],[Date]],"mmm-yy") -> Mar-24 | H162: =DAY(EOMONTH(MC[[#This Row],[Month Year]],0)) -> 31 | R162: =120*50 -> 6000 | S162: =SUM(MC[[#This Row],[Blk1]:[Blk8]]) -> 6000 | Z162: Module cleaning stopped by vendor due to festival yesterday.
A163: 161 | B163: =B162+1 -> 45360 | C163: =YEAR(MC[[#This Row],[Date]])+IF(MONTH(MC[[#This Row],[Date]])>=4,1,0) -> 2024 | D163: =YEAR(MC[[#This Row],[Date]]) -> 2024 | E163: Year_2 | F163: Year_2 | G163: =TEXT(MC[[#This Row],[Date]],"mmm-yy") -> Mar-24 | H163: =DAY(EOMONTH(MC[[#This Row],[Month Year]],0)) -> 31 | R163: =120*50 -> 6000 | S163: =SUM(MC[[#This Row],[Blk1]:[Blk8]]) -> 6000 | V163: 0.6875 | W163: 0.95833333 | X163: MOP | Z163: Venders absent
A164: 162 | B164: =B163+1 -> 45361 | C164: =YEAR(MC[[#This Row],[Date]])+IF(MONTH(MC[[#This Row],[Date]])>=4,1,0) -> 2024 | D164: =YEAR(MC[[#This Row],[Date]]) -> 2024 | E164: Year_2 | F164: Year_2 | G164: =TEXT(MC[[#This Row],[Date]],"mmm-yy") -> Mar-24 | H164: =DAY(EOMONTH(MC[[#This Row],[Month Year]],0)) -> 31 | R164: =120*50 -> 6000 | S164: =SUM(MC[[#This Row],[Blk1]:[Blk8]]) -> 6000 | V164: 0.6875 | W164: 0.95833333 | X164: MOP | Z164: Venders absent
A165: 163 | B165: =B164+1 -> 45362 | C165: =YEAR(MC[[#This Row],[Date]])+IF(MONTH(MC[[#This Row],[Date]])>=4,1,0) -> 2024 | D165: =YEAR(MC[[#This Row],[Date]]) -> 2024 | E165: Year_2 | F165: Year_2 | G165: =TEXT(MC[[#This Row],[Date]],"mmm-yy") -> Mar-24 | H165: =DAY(EOMONTH(MC[[#This Row],[Month Year]],0)) -> 31 | R165: =120*50 -> 6000 | S165: =SUM(MC[[#This Row],[Blk1]:[Blk8]]) -> 6000 | V165: 0.6875 | W165: 0.95833333 | X165: MOP | Z165: Venders absent
A166: 164 | B166: =B165+1 -> 45363 | C166: =YEAR(MC[[#This Row],[Date]])+IF(MONTH(MC[[#This Row],[Date]])>=4,1,0) -> 2024 | D166: =YEAR(MC[[#This Row],[Date]]) -> 2024 | E166: Year_2 | F166: Year_2 | G166: =TEXT(MC[[#This Row],[Date]],"mmm-yy") -> Mar-24 | H166: =DAY(EOMONTH(MC[[#This Row],[Month Year]],0)) -> 31 | R166: =120*50 -> 6000 | S166: =SUM(MC[[#This Row],[Blk1]:[Blk8]]) -> 6000 | V166: 0.6875 | W166: 0.95833333 | X166: MOP | Z166: Venders absent
A167: 165 | B167: =B166+1 -> 45364 | C167: =YEAR(MC[[#This Row],[Date]])+IF(MONTH(MC[[#This Row],[Date]])>=4,1,0) -> 2024 | D167: =YEAR(MC[[#This Row],[Date]]) -> 2024 | E167: Year_2 | F167: Year_2 | G167: =TEXT(MC[[#This Row],[Date]],"mmm-yy") -> Mar-24 | H167: =DAY(EOMONTH(MC[[#This Row],[Month Year]],0)) -> 31 | R167: =120*50 -> 6000 | S167: =SUM(MC[[#This Row],[Blk1]:[Blk8]]) -> 6000 | V167: 0.6875 | W167: 0.95833333 | X167: MOP | Z167: Venders absent
A168: 166 | B168: =B167+1 -> 45365 | C168: =YEAR(MC[[#This Row],[Date]])+IF(MONTH(MC[[#This Row],[Date]])>=4,1,0) -> 2024 | D168: =YEAR(MC[[#This Row],[Date]]) -> 2024 | E168: Year_2 | F168: Year_2 | G168: =TEXT(MC[[#This Row],[Date]],"mmm-yy") -> Mar-24 | H168: =DAY(EOMONTH(MC[[#This Row],[Month Year]],0)) -> 31 | R168: =120*50 -> 6000 | S168: =SUM(MC[[#This Row],[Blk1]:[Blk8]]) -> 6000 | T168: 0.22916667 | U168: 0.39583333 | V168: 0.6875 | W168: 0.95833333 | X168: MOP
A169: 167 | B169: =B168+1 -> 45366 | C169: =YEAR(MC[[#This Row],[Date]])+IF(MONTH(MC[[#This Row],[Date]])>=4,1,0) -> 2024 | D169: =YEAR(MC[[#This Row],[Date]]) -> 2024 | E169: Year_2 | F169: Year_2 | G169: =TEXT(MC[[#This Row],[Date]],"mmm-yy") -> Mar-24 | H169: =DAY(EOMONTH(MC[[#This Row],[Month Year]],0)) -> 31 | R169: =120*50 -> 6000 | S169: =SUM(MC[[#This Row],[Blk1]:[Blk8]]) -> 6000 | T169: 0.22916667 | U169: 0.39583333 | V169: 0.6875 | W169: 0.95833333 | X169: MOP
A170: 168 | B170: =B169+1 -> 45367 | C170: =YEAR(MC[[#This Row],[Date]])+IF(MONTH(MC[[#This Row],[Date]])>=4,1,0) -> 2024 | D170: =YEAR(MC[[#This Row],[Date]]) -> 2024 | E170: Year_2 | F170: Year_2 | G170: =TEXT(MC[[#This Row],[Date]],"mmm-yy") -> Mar-24 | H170: =DAY(EOMONTH(MC[[#This Row],[Month Year]],0)) -> 31 | R170: =120*50 -> 6000 | S170: =SUM(MC[[#This Row],[Blk1]:[Blk8]]) -> 6000 | T170: 0.22916667 | U170: 0.39583333 | V170: 0.6875 | W170: 0.95833333 | X170: MOP
A171: 169 | B171: =B170+1 -> 45368 | C171: =YEAR(MC[[#This Row],[Date]])+IF(MONTH(MC[[#This Row],[Date]])>=4,1,0) -> 2024 | D171: =YEAR(MC[[#This Row],[Date]]) -> 2024 | E171: Year_2 | F171: Year_2 | G171: =TEXT(MC[[#This Row],[Date]],"mmm-yy") -> Mar-24 | H171: =DAY(EOMONTH(MC[[#This Row],[Month Year]],0)) -> 31 | R171: =120*50 -> 6000 | S171: =SUM(MC[[#This Row],[Blk1]:[Blk8]]) -> 6000 | T171: 0.22916667 | U171: 0.39583333 | V171: 0.6875 | W171: 0.95833333 | X171: MOP
A172: 170 | B172: =B171+1 -> 45369 | C172: =YEAR(MC[[#This Row],[Date]])+IF(MONTH(MC[[#This Row],[Date]])>=4,1,0) -> 2024 | D172: =YEAR(MC[[#This Row],[Date]]) -> 2024 | E172: Year_2 | F172: Year_2 | G172: =TEXT(MC[[#This Row],[Date]],"mmm-yy") -> Mar-24 | H172: =DAY(EOMONTH(MC[[#This Row],[Month Year]],0)) -> 31 | R172: =120*50 -> 6000 | S172: =SUM(MC[[#This Row],[Blk1]:[Blk8]]) -> 6000 | T172: 0.22916667 | U172: 0.39583333 | V172: 0.6875 | W172: 0.95833333 | X172: MOP
A173: 171 | B173: =B172+1 -> 45370 | C173: =YEAR(MC[[#This Row],[Date]])+IF(MONTH(MC[[#This Row],[Date]])>=4,1,0) -> 2024 | D173: =YEAR(MC[[#This Row],[Date]]) -> 2024 | E173: Year_2 | F173: Year_2 | G173: =TEXT(MC[[#This Row],[Date]],"mmm-yy") -> Mar-24 | H173: =DAY(EOMONTH(MC[[#This Row],[Month Year]],0)) -> 31 | R173: =120*50 -> 6000 | S173: =SUM(MC[[#This Row],[Blk1]:[Blk8]]) -> 6000 | T173: 0.22916667 | U173: 0.39583333 | V173: 0.6875 | W173: 0.95833333 | X173: MOP
A174: 172 | B174: =B173+1 -> 45371 | C174: =YEAR(MC[[#This Row],[Date]])+IF(MONTH(MC[[#This Row],[Date]])>=4,1,0) -> 2024 | D174: =YEAR(MC[[#This Row],[Date]]) -> 2024 | E174: Year_2 | F174: Year_2 | G174: =TEXT(MC[[#This Row],[Date]],"mmm-yy") -> Mar-24 | H174: =DAY(EOMONTH(MC[[#This Row],[Month Year]],0)) -> 31 | R174: =120*50 -> 6000 | S174: =SUM(MC[[#This Row],[Blk1]:[Blk8]]) -> 6000 | T174: 0.22916667 | U174: 0.39583333 | V174: 0.6875 | W174: 0.95833333 | X174: MOP
A175: 173 | B175: =B174+1 -> 45372 | C175: =YEAR(MC[[#This Row],[Date]])+IF(MONTH(MC[[#This Row],[Date]])>=4,1,0) -> 2024 | D175: =YEAR(MC[[#This Row],[Date]]) -> 2024 | E175: Year_2 | F175: Year_2 | G175: =TEXT(MC[[#This Row],[Date]],"mmm-yy") -> Mar-24 | H175: =DAY(EOMONTH(MC[[#This Row],[Month Year]],0)) -> 31 | R175: =120*50 -> 6000 | S175: =SUM(MC[[#This Row],[Blk1]:[Blk8]]) -> 6000 | T175: 0.22916667 | U175: 0.39583333 | V175: 0.6875 | W175: 0.95833333 | X175: MOP
A176: 174 | B176: =B175+1 -> 45373 | C176: =YEAR(MC[[#This Row],[Date]])+IF(MONTH(MC[[#This Row],[Date]])>=4,1,0) -> 2024 | D176: =YEAR(MC[[#This Row],[Date]]) -> 2024 | E176: Year_2 | F176: Year_2 | G176: =TEXT(MC[[#This Row],[Date]],"mmm-yy") -> Mar-24 | H176: =DAY(EOMONTH(MC[[#This Row],[Month Year]],0)) -> 31 | R176: =120*50 -> 6000 | S176: =SUM(MC[[#This Row],[Blk1]:[Blk8]]) -> 6000 | T176: 0.22916667 | U176: 0.39583333 | V176: 0.6875 | W176: 0.95833333 | X176: MOP
A177: 175 | B177: =B176+1 -> 45374 | C177: =YEAR(MC[[#This Row],[Date]])+IF(MONTH(MC[[#This Row],[Date]])>=4,1,0) -> 2024 | D177: =YEAR(MC[[#This Row],[Date]]) -> 2024 | E177: Year_2 | F177: Year_2 | G177: =TEXT(MC[[#This Row],[Date]],"mmm-yy") -> Mar-24 | H177: =DAY(EOMONTH(MC[[#This Row],[Month Year]],0)) -> 31 | R177: =120*50 -> 6000 | S177: =SUM(MC[[#This Row],[Blk1]:[Blk8]]) -> 6000 | T177: 0.22916667 | U177: 0.39583333 | V177: 0.6875 | W177: 0.95833333 | X177: MOP
A178: 176 | B178: =B177+1 -> 45375 | C178: =YEAR(MC[[#This Row],[Date]])+IF(MONTH(MC[[#This Row],[Date]])>=4,1,0) -> 2024 | D178: =YEAR(MC[[#This Row],[Date]]) -> 2024 | E178: Year_2 | F178: Year_2 | G178: =TEXT(MC[[#This Row],[Date]],"mmm-yy") -> Mar-24 | H178: =DAY(EOMONTH(MC[[#This Row],[Month Year]],0)) -> 31 | R178: =120*50 -> 6000 | S178: =SUM(MC[[#This Row],[Blk1]:[Blk8]]) -> 6000 | Z178: Cleaning Stop due to Festival
A179: 177 | B179: =B178+1 -> 45376 | C179: =YEAR(MC[[#This Row],[Date]])+IF(MONTH(MC[[#This Row],[Date]])>=4,1,0) -> 2024 | D179: =YEAR(MC[[#This Row],[Date]]) -> 2024 | E179: Year_2 | F179: Year_2 | G179: =TEXT(MC[[#This Row],[Date]],"mmm-yy") -> Mar-24 | H179: =DAY(EOMONTH(MC[[#This Row],[Month Year]],0)) -> 31 | R179: =120*50 -> 6000 | S179: =SUM(MC[[#This Row],[Blk1]:[Blk8]]) -> 6000 | Z179: Cleaning Stop due to Festival
A180: 177 | B180: =B179+1 -> 45377 | C180: =YEAR(MC[[#This Row],[Date]])+IF(MONTH(MC[[#This Row],[Date]])>=4,1,0) -> 2024 | D180: =YEAR(MC[[#This Row],[Date]]) -> 2024 | E180: Year_2 | F180: Year_2 | G180: =TEXT(MC[[#This Row],[Date]],"mmm-yy") -> Mar-24 | H180: =DAY(EOMONTH(MC[[#This Row],[Month Year]],0)) -> 31 | R180: =120*50 -> 6000 | S180: =SUM(MC[[#This Row],[Blk1]:[Blk8]]) -> 6000 | V180: 0.6875 | W180: 0.95833333 | X180: MOP
A181: 179 | B181: =B180+1 -> 45378 | C181: =YEAR(MC[[#This Row],[Date]])+IF(MONTH(MC[[#This Row],[Date]])>=4,1,0) -> 2024 | D181: =YEAR(MC[[#This Row],[Date]]) -> 2024 | E181: Year_2 | F181: Year_2 | G181: =TEXT(MC[[#This Row],[Date]],"mmm-yy") -> Mar-24 | H181: =DAY(EOMONTH(MC[[#This Row],[Month Year]],0)) -> 31 | R181: =120*50 -> 6000 | S181: =SUM(MC[[#This Row],[Blk1]:[Blk8]]) -> 6000 | V181: 0.6875 | W181: 0.95833333 | X181: MOP | Z181: Cleaning happed only evening due to tractor breadown on 26 March night.
A182: 180 | B182: =B181+1 -> 45379 | C182: =YEAR(MC[[#This Row],[Date]])+IF(MONTH(MC[[#This Row],[Date]])>=4,1,0) -> 2024 | D182: =YEAR(MC[[#This Row],[Date]]) -> 2024 | E182: Year_2 | F182: Year_2 | G182: =TEXT(MC[[#This Row],[Date]],"mmm-yy") -> Mar-24 | H182: =DAY(EOMONTH(MC[[#This Row],[Month Year]],0)) -> 31 | R182: =120*50 -> 6000 | S182: =SUM(MC[[#This Row],[Blk1]:[Blk8]]) -> 6000 | V182: 0.6875 | W182: 0.95833333 | X182: MOP
A183: 181 | B183: =B182+1 -> 45380 | C183: =YEAR(MC[[#This Row],[Date]])+IF(MONTH(MC[[#This Row],[Date]])>=4,1,0) -> 2024 | D183: =YEAR(MC[[#This Row],[Date]]) -> 2024 | E183: Year_2 | F183: Year_2 | G183: =TEXT(MC[[#This Row],[Date]],"mmm-yy") -> Mar-24 | H183: =DAY(EOMONTH(MC[[#This Row],[Month Year]],0)) -> 31 | R183: =120*50 -> 6000 | S183: =SUM(MC[[#This Row],[Blk1]:[Blk8]]) -> 6000 | V183: 0.6875 | W183: 0.95833333 | X183: MOP
A184: 182 | B184: =B183+1 -> 45381 | C184: =YEAR(MC[[#This Row],[Date]])+IF(MONTH(MC[[#This Row],[Date]])>=4,1,0) -> 2024 | D184: =YEAR(MC[[#This Row],[Date]]) -> 2024 | E184: Year_2 | F184: Year_2 | G184: =TEXT(MC[[#This Row],[Date]],"mmm-yy") -> Mar-24 | H184: =DAY(EOMONTH(MC[[#This Row],[Month Year]],0)) -> 31 | R184: =120*50 -> 6000 | S184: =SUM(MC[[#This Row],[Blk1]:[Blk8]]) -> 6000 | V184: 0.6875 | W184: 0.95833333 | X184: MOP
A185: 183 | B185: =B184+1 -> 45382 | C185: =YEAR(MC[[#This Row],[Date]])+IF(MONTH(MC[[#This Row],[Date]])>=4,1,0) -> 2024 | D185: =YEAR(MC[[#This Row],[Date]]) -> 2024 | E185: Year_2 | F185: Year_2 | G185: =TEXT(MC[[#This Row],[Date]],"mmm-yy") -> Mar-24 | H185: =DAY(EOMONTH(MC[[#This Row],[Month Year]],0)) -> 31 | R185: =120*50 -> 6000 | S185: =SUM(MC[[#This Row],[Blk1]:[Blk8]]) -> 6000 | V185: 0.6875 | W185: 0.95833333 | X185: MOP
A186: 184 | B186: =B185+1 -> 45383 | C186: 2024 | D186: =YEAR(MC[[#This Row],[Date]]) -> 2024 | E186: Year_2 | F186: Year_2 | G186: =TEXT(MC[[#This Row],[Date]],"mmm-yy") -> Apr-24 | H186: =DAY(EOMONTH(MC[[#This Row],[Month Year]],0)) -> 30 | R186: =120*50 -> 6000 | S186: =SUM(MC[[#This Row],[Blk1]:[Blk8]]) -> 6000 | V186: 0.6875 | W186: 0.95833333 | X186: MOP
A187: 185 | B187: =B186+1 -> 45384 | C187: 2024 | D187: =YEAR(MC[[#This Row],[Date]]) -> 2024 | E187: Year_2 | F187: Year_2 | G187: =TEXT(MC[[#This Row],[Date]],"mmm-yy") -> Apr-24 | H187: =DAY(EOMONTH(MC[[#This Row],[Month Year]],0)) -> 30 | R187: =120*50 -> 6000 | S187: =SUM(MC[[#This Row],[Blk1]:[Blk8]]) -> 6000 | T187: 0.22916667 | U187: 0.39583333 | V187: 0.6875 | W187: 0.95833333 | X187: MOP
A188: 186 | B188: =B187+1 -> 45385 | C188: 2024 | D188: =YEAR(MC[[#This Row],[Date]]) -> 2024 | E188: Year_2 | F188: Year_2 | G188: =TEXT(MC[[#This Row],[Date]],"mmm-yy") -> Apr-24 | H188: =DAY(EOMONTH(MC[[#This Row],[Month Year]],0)) -> 30 | R188: =120*50 -> 6000 | S188: =SUM(MC[[#This Row],[Blk1]:[Blk8]]) -> 6000 | T188: 0.22916667 | U188: 0.39583333 | V188: 0.6875 | W188: 0.95833333 | X188: MOP
A189: 187 | B189: =B188+1 -> 45386 | C189: 2024 | D189: =YEAR(MC[[#This Row],[Date]]) -> 2024 | E189: Year_2 | F189: Year_2 | G189: =TEXT(MC[[#This Row],[Date]],"mmm-yy") -> Apr-24 | H189: =DAY(EOMONTH(MC[[#This Row],[Month Year]],0)) -> 30 | R189: =120*50 -> 6000 | S189: =SUM(MC[[#This Row],[Blk1]:[Blk8]]) -> 6000 | T189: 0.22916667 | U189: 0.39583333 | V189: 0.6875 | W189: 0.95833333 | X189: MOP
A190: 188 | B190: =B189+1 -> 45387 | C190: 2024 | D190: =YEAR(MC[[#This Row],[Date]]) -> 2024 | E190: Year_2 | F190: Year_2 | G190: =TEXT(MC[[#This Row],[Date]],"mmm-yy") -> Apr-24 | H190: =DAY(EOMONTH(MC[[#This Row],[Month Year]],0)) -> 30 | R190: =120*50 -> 6000 | S190: =SUM(MC[[#This Row],[Blk1]:[Blk8]]) -> 6000 | T190: 0.22916667 | U190: 0.39583333 | V190: 0.6875 | W190: 0.95833333 | X190: MOP
A191: 189 | B191: =B190+1 -> 45388 | C191: 2024 | D191: =YEAR(MC[[#This Row],[Date]]) -> 2024 | E191: Year_2 | F191: Year_2 | G191: =TEXT(MC[[#This Row],[Date]],"mmm-yy") -> Apr-24 | H191: =DAY(EOMONTH(MC[[#This Row],[Month Year]],0)) -> 30 | R191: =120*50 -> 6000 | S191: =SUM(MC[[#This Row],[Blk1]:[Blk8]]) -> 6000 | T191: 0.22916667 | U191: 0.39583333 | V191: 0.6875 | W191: 0.95833333 | X191: MOP
A192: 190 | B192: =B191+1 -> 45389 | C192: 2024 | D192: =YEAR(MC[[#This Row],[Date]]) -> 2024 | E192: Year_2 | F192: Year_2 | G192: =TEXT(MC[[#This Row],[Date]],"mmm-yy") -> Apr-24 | H192: =DAY(EOMONTH(MC[[#This Row],[Month Year]],0)) -> 30 | R192: =120*50 -> 6000 | S192: =SUM(MC[[#This Row],[Blk1]:[Blk8]]) -> 6000 | T192: 0.22916667 | U192: 0.39583333 | V192: 0.6875 | W192: 0.95833333 | X192: MOP
A193: 191 | B193: =B192+1 -> 45390 | C193: 2024 | D193: =YEAR(MC[[#This Row],[Date]]) -> 2024 | E193: Year_2 | F193: Year_2 | G193: =TEXT(MC[[#This Row],[Date]],"mmm-yy") -> Apr-24 | H193: =DAY(EOMONTH(MC[[#This Row],[Month Year]],0)) -> 30 | R193: =120*50 -> 6000 | S193: =SUM(MC[[#This Row],[Blk1]:[Blk8]]) -> 6000 | T193: 0.22916667 | U193: 0.39583333 | V193: 0.6875 | W193: 0.95833333 | X193: MOP
A194: 192 | B194: =B193+1 -> 45391 | C194: 2024 | D194: =YEAR(MC[[#This Row],[Date]]) -> 2024 | E194: Year_2 | F194: Year_2 | G194: =TEXT(MC[[#This Row],[Date]],"mmm-yy") -> Apr-24 | H194: =DAY(EOMONTH(MC[[#This Row],[Month Year]],0)) -> 30 | R194: =120*50 -> 6000 | S194: =SUM(MC[[#This Row],[Blk1]:[Blk8]]) -> 6000 | T194: 0.22916667 | U194: 0.39583333 | V194: 0.6875 | W194: 0.95833333 | X194: MOP
A195: 193 | B195: =B194+1 -> 45392 | C195: 2024 | D195: =YEAR(MC[[#This Row],[Date]]) -> 2024 | E195: Year_2 | F195: Year_2 | G195: =TEXT(MC[[#This Row],[Date]],"mmm-yy") -> Apr-24 | H195: =DAY(EOMONTH(MC[[#This Row],[Month Year]],0)) -> 30 | R195: =120*50 -> 6000 | S195: =SUM(MC[[#This Row],[Blk1]:[Blk8]]) -> 6000 | T195: 0.22916667 | U195: 0.39583333 | V195: 0.6875 | W195: 0.95833333 | X195: MOP
A196: 194 | B196: =B195+1 -> 45393 | C196: 2024 | D196: =YEAR(MC[[#This Row],[Date]]) -> 2024 | E196: Year_2 | F196: Year_2 | G196: =TEXT(MC[[#This Row],[Date]],"mmm-yy") -> Apr-24 | H196: =DAY(EOMONTH(MC[[#This Row],[Month Year]],0)) -> 30 | R196: =120*50 -> 6000 | S196: =SUM(MC[[#This Row],[Blk1]:[Blk8]]) -> 6000 | T196: 0.22916667 | U196: 0.39583333 | V196: 0.6875 | W196: 0.95833333 | X196: MOP
A197: 195 | B197: =B196+1 -> 45394 | C197: 2024 | D197: =YEAR(MC[[#This Row],[Date]]) -> 2024 | E197: Year_2 | F197: Year_2 | G197: =TEXT(MC[[#This Row],[Date]],"mmm-yy") -> Apr-24 | H197: =DAY(EOMONTH(MC[[#This Row],[Month Year]],0)) -> 30 | R197: =120*50 -> 6000 | S197: =SUM(MC[[#This Row],[Blk1]:[Blk8]]) -> 6000 | T197: 0.22916667 | U197: 0.39583333 | V197: 0.6875 | W197: 0.95833333 | X197: MOP
A198: 196 | B198: =B197+1 -> 45395 | C198: 2024 | D198: =YEAR(MC[[#This Row],[Date]]) -> 2024 | E198: Year_2 | F198: Year_2 | G198: =TEXT(MC[[#This Row],[Date]],"mmm-yy") -> Apr-24 | H198: =DAY(EOMONTH(MC[[#This Row],[Month Year]],0)) -> 30 | R198: =120*50 -> 6000 | S198: =SUM(MC[[#This Row],[Blk1]:[Blk8]]) -> 6000 | T198: 0.22916667 | U198: 0.39583333 | V198: 0.6875 | W198: 0.95833333 | X198: MOP
... A216: 214 | B216: =B215+1 -> 45413 | C216: 2024 | D216: =YEAR(MC[[#This Row],[Date]]) -> 2024 | E216: Year_2 | F216: Year_2 | G216: =TEXT(MC[[#This Row],[Date]],"mmm-yy") -> May-24 | H216: =DAY(EOMONTH(MC[[#This Row],[Month Year]],0)) -> 31 | R216: =120*50 -> 6000 | S216: =SUM(MC[[#This Row],[Blk1]:[Blk8]]) -> 6000 | T216: 0.22916667 | U216: 0.39583333 | V216: 0.6875 | W216: 0.95833333 | X216: MOP
A217: 215 | B217: =B216+1 -> 45414 | C217: 2024 | D217: =YEAR(MC[[#This Row],[Date]]) -> 2024 | E217: Year_2 | F217: Year_2 | G217: =TEXT(MC[[#This Row],[Date]],"mmm-yy") -> May-24 | H217: =DAY(EOMONTH(MC[[#This Row],[Month Year]],0)) -> 31 | R217: =120*50 -> 6000 | S217: =SUM(MC[[#This Row],[Blk1]:[Blk8]]) -> 6000 | T217: 0.22916667 | U217: 0.39583333 | X217: MOP | Z217: One tractor breakdown
A218: 216 | B218: =B217+1 -> 45415 | C218: 2024 | D218: =YEAR(MC[[#This Row],[Date]]) -> 2024 | E218: Year_2 | F218: Year_2 | G218: =TEXT(MC[[#This Row],[Date]],"mmm-yy") -> May-24 | H218: =DAY(EOMONTH(MC[[#This Row],[Month Year]],0)) -> 31 | R218: =120*50 -> 6000 | S218: =SUM(MC[[#This Row],[Blk1]:[Blk8]]) -> 6000 | T218: 0.22916667 | U218: 0.39583333 | V218: 0.6875 | W218: 0.95833333 | X218: MOP
A219: 217 | B219: =B218+1 -> 45416 | C219: 2024 | D219: =YEAR(MC[[#This Row],[Date]]) -> 2024 | E219: Year_2 | F219: Year_2 | G219: =TEXT(MC[[#This Row],[Date]],"mmm-yy") -> May-24 | H219: =DAY(EOMONTH(MC[[#This Row],[Month Year]],0)) -> 31 | R219: =120*50 -> 6000 | S219: =SUM(MC[[#This Row],[Blk1]:[Blk8]]) -> 6000 | T219: 0.22916667 | U219: 0.39583333 | V219: 0.6875 | W219: 0.95833333 | X219: MOP
A220: 218 | B220: =B219+1 -> 45417 | C220: 2024 | D220: =YEAR(MC[[#This Row],[Date]]) -> 2024 | E220: Year_2 | F220: Year_2 | G220: =TEXT(MC[[#This Row],[Date]],"mmm-yy") -> May-24 | H220: =DAY(EOMONTH(MC[[#This Row],[Month Year]],0)) -> 31 | R220: =120*50 -> 6000 | S220: =SUM(MC[[#This Row],[Blk1]:[Blk8]]) -> 6000 | T220: 0.22916667 | U220: 0.39583333 | X220: MOP | Z220: One tractor breakdown
A221: 219 | B221: =B220+1 -> 45418 | C221: 2024 | D221: =YEAR(MC[[#This Row],[Date]]) -> 2024 | E221: Year_2 | F221: Year_2 | G221: =TEXT(MC[[#This Row],[Date]],"mmm-yy") -> May-24 | H221: =DAY(EOMONTH(MC[[#This Row],[Month Year]],0)) -> 31 | R221: =120*50 -> 6000 | S221: =SUM(MC[[#This Row],[Blk1]:[Blk8]]) -> 6000 | T221: 0.22916667 | U221: 0.39583333 | V221: 0.6875 | W221: 0.95833333 | X221: MOP
A222: 220 | B222: =B221+1 -> 45419 | C222: 2024 | D222: =YEAR(MC[[#This Row],[Date]]) -> 2024 | E222: Year_2 | F222: Year_2 | G222: =TEXT(MC[[#This Row],[Date]],"mmm-yy") -> May-24 | H222: =DAY(EOMONTH(MC[[#This Row],[Month Year]],0)) -> 31 | R222: =120*50 -> 6000 | S222: =SUM(MC[[#This Row],[Blk1]:[Blk8]]) -> 6000 | T222: 0.22916667 | U222: 0.39583333 | V222: 0.6875 | W222: 0.95833333 | X222: MOP
A223: 221 | B223: =B222+1 -> 45420 | C223: 2024 | D223: =YEAR(MC[[#This Row],[Date]]) -> 2024 | E223: Year_2 | F223: Year_2 | G223: =TEXT(MC[[#This Row],[Date]],"mmm-yy") -> May-24 | H223: =DAY(EOMONTH(MC[[#This Row],[Month Year]],0)) -> 31 | R223: =120*50 -> 6000 | S223: =SUM(MC[[#This Row],[Blk1]:[Blk8]]) -> 6000 | T223: 0.22916667 | U223: 0.39583333 | V223: 0.6875 | W223: 0.95833333 | X223: MOP
A224: 222 | B224: =B223+1 -> 45421 | C224: 2024 | D224: =YEAR(MC[[#This Row],[Date]]) -> 2024 | E224: Year_2 | F224: Year_2 | G224: =TEXT(MC[[#This Row],[Date]],"mmm-yy") -> May-24 | H224: =DAY(EOMONTH(MC[[#This Row],[Month Year]],0)) -> 31 | R224: =120*50 -> 6000 | S224: =SUM(MC[[#This Row],[Blk1]:[Blk8]]) -> 6000 | T224: 0.22916667 | U224: 0.39583333 | X224: MOP | Z224: One tractor breakdown
A225: 223 | B225: =B224+1 -> 45422 | C225: 2024 | D225: =YEAR(MC[[#This Row],[Date]]) -> 2024 | E225: Year_2 | F225: Year_2 | G225: =TEXT(MC[[#This Row],[Date]],"mmm-yy") -> May-24 | H225: =DAY(EOMONTH(MC[[#This Row],[Month Year]],0)) -> 31 | R225: =120*50 -> 6000 | S225: 14950 | T225: 0.22916667 | U225: 0.39583333 | V225: 0.6875 | W225: 0.95833333 | X225: MOP
A226: 224 | B226: =B225+1 -> 45423 | C226: 2024 | D226: =YEAR(MC[[#This Row],[Date]]) -> 2024 | E226: Year_2 | F226: Year_2 | G226: =TEXT(MC[[#This Row],[Date]],"mmm-yy") -> May-24 | H226: =DAY(EOMONTH(MC[[#This Row],[Month Year]],0)) -> 31 | R226: =120*50 -> 6000 | S226: =SUM(MC[[#This Row],[Blk1]:[Blk8]]) -> 6000 | T226: 0.22916667 | U226: 0.39583333 | V226: 0.6875 | W226: 0.95833333 | X226: MOP
A227: 225 | B227: =B226+1 -> 45424 | C227: 2024 | D227: =YEAR(MC[[#This Row],[Date]]) -> 2024 | E227: Year_2 | F227: Year_2 | G227: =TEXT(MC[[#This Row],[Date]],"mmm-yy") -> May-24 | H227: =DAY(EOMONTH(MC[[#This Row],[Month Year]],0)) -> 31 | R227: =120*50 -> 6000 | S227: =SUM(MC[[#This Row],[Blk1]:[Blk8]]) -> 6000 | T227: 0.22916667 | U227: 0.39583333 | V227: 0.6875 | W227: 0.95833333 | X227: MOP
A228: 226 | B228: =B227+1 -> 45425 | C228: 2024 | D228: =YEAR(MC[[#This Row],[Date]]) -> 2024 | E228: Year_2 | F228: Year_2 | G228: =TEXT(MC[[#This Row],[Date]],"mmm-yy") -> May-24 | H228: =DAY(EOMONTH(MC[[#This Row],[Month Year]],0)) -> 31 | R228: =120*50 -> 6000 | S228: =SUM(MC[[#This Row],[Blk1]:[Blk8]]) -> 6000 | T228: 0.22916667 | U228: 0.39583333 | V228: 0.6875 | W228: 0.95833333 | X228: MOP
A229: 227 | B229: =B228+1 -> 45426 | C229: 2024 | D229: =YEAR(MC[[#This Row],[Date]]) -> 2024 | E229: Year_2 | F229: Year_2 | G229: =TEXT(MC[[#This Row],[Date]],"mmm-yy") -> May-24 | H229: =DAY(EOMONTH(MC[[#This Row],[Month Year]],0)) -> 31 | R229: =120*50 -> 6000 | S229: =SUM(MC[[#This Row],[Blk1]:[Blk8]]) -> 6000 | T229: 0.22916667 | U229: 0.39583333 | V229: 0.6875 | W229: 0.95833333 | X229: MOP
A230: 228 | B230: =B229+1 -> 45427 | C230: 2024 | D230: =YEAR(MC[[#This Row],[Date]]) -> 2024 | E230: Year_2 | F230: Year_2 | G230: =TEXT(MC[[#This Row],[Date]],"mmm-yy") -> May-24 | H230: =DAY(EOMONTH(MC[[#This Row],[Month Year]],0)) -> 31 | R230: =120*50 -> 6000 | S230: =SUM(MC[[#This Row],[Blk1]:[Blk8]]) -> 6000 | T230: 0.22916667 | U230: 0.39583333 | V230: 0.6875 | W230: 0.95833333 | X230: MOP
A231: 229 | B231: =B230+1 -> 45428 | C231: 2024 | D231: =YEAR(MC[[#This Row],[Date]]) -> 2024 | E231: Year_2 | F231: Year_2 | G231: =TEXT(MC[[#This Row],[Date]],"mmm-yy") -> May-24 | H231: =DAY(EOMONTH(MC[[#This Row],[Month Year]],0)) -> 31 | R231: =120*50 -> 6000 | S231: =SUM(MC[[#This Row],[Blk1]:[Blk8]]) -> 6000 | T231: 0.22916667 | U231: 0.39583333 | V231: 0.6875 | W231: 0.95833333 | X231: MOP
A232: 230 | B232: =B231+1 -> 45429 | C232: 2024 | D232: =YEAR(MC[[#This Row],[Date]]) -> 2024 | E232: Year_2 | F232: Year_2 | G232: =TEXT(MC[[#This Row],[Date]],"mmm-yy") -> May-24 | H232: =DAY(EOMONTH(MC[[#This Row],[Month Year]],0)) -> 31 | R232: =120*50 -> 6000 | S232: =SUM(MC[[#This Row],[Blk1]:[Blk8]]) -> 6000 | T232: 0.22916667 | U232: 0.39583333 | V232: 0.6875 | W232: 0.95833333 | X232: MOP
A233: 231 | B233: =B232+1 -> 45430 | C233: 2024 | D233: =YEAR(MC[[#This Row],[Date]]) -> 2024 | E233: Year_2 | F233: Year_2 | G233: =TEXT(MC[[#This Row],[Date]],"mmm-yy") -> May-24 | H233: =DAY(EOMONTH(MC[[#This Row],[Month Year]],0)) -> 31 | R233: =120*50 -> 6000 | S233: =SUM(MC[[#This Row],[Blk1]:[Blk8]]) -> 6000 | T233: 0.22916667 | U233: 0.39583333 | V233: 0.6875 | W233: 0.95833333 | X233: MOP
A234: 232 | B234: =B233+1 -> 45431 | C234: 2024 | D234: =YEAR(MC[[#This Row],[Date]]) -> 2024 | E234: Year_2 | F234: Year_2 | G234: =TEXT(MC[[#This Row],[Date]],"mmm-yy") -> May-24 | H234: =DAY(EOMONTH(MC[[#This Row],[Month Year]],0)) -> 31 | R234: =120*50 -> 6000 | S234: =SUM(MC[[#This Row],[Blk1]:[Blk8]]) -> 6000 | T234: 0.22916667 | U234: 0.39583333 | V234: 0.6875 | W234: 0.95833333 | X234: MOP
...

Sheet Raw_Data
B2: 1 | C2: =B2+1 -> 2 | D2: =C2+1 -> 3 | E2: =D2+1 -> 4 | F2: =E2+1 -> 5 | G2: =F2+1 -> 6 | H2: =G2+1 -> 7 | I2: =H2+1 -> 8 | J2: =I2+1 -> 9 | ... BV2: =BU2+1 -> 73 | BW2: 74 | BX2: 75 | BY2: =BX2+1 -> 76 | BZ2: =BY2+1 -> 77 | CA2: =BZ2+1 -> 78 | CB2: =CA2+1 -> 79 | CC2: =CB2+1 -> 80 | CD2: =CC2+1 -> 81 | CE2: =CD2+1 -> 82 | CF2: =CE2+1 -> 83 | ... KQ2: =KP2+1 -> 302
B3: Date | C3: Finacial Year | D3: Calendor Year | E3: Contrcatual Year | F3: Operating Year | G3: Month Year | H3: Days | I3: Plant DC Capcity (MW) | J3: Sunrise Time (POA>20 W/m2) | K3: Sunset Time (POA<20 W/m2) | L3: BLK1_INV1 | M3: BLK1_INV2 | N3: BLK1_INV3 | O3: BLK1_INV4 | P3: BLK1_INV5 | Q3: BLK1_INV6 | R3: BLK1_INV7 | S3: BLK1_INV8 | T3: BLK1_INV9 | U3: BLK1_INV10 | V3: BLK1_INV11 | W3: BLK1_INV12 | X3: BLK1_INV13 | Y3: BLK1_INV14 | Z3: BLK1_INV15 | AA3: BLK1_INV16 | AB3: BLK1_INV17 | AC3: BLK1_INV18 | AD3: BLK1_INV19 | AE3: BLK1_INV20 | AF3: BLK1_INV21 | AG3: BLK1_INV22 | AH3: BLK1_INV23 | AI3: BLK1_INV24 | AJ3: BLK1_INV25 | AK3: BLK1_INV26 | AL3: BLK1_INV27 | AM3: BLK1_INV28 | AN3: BLK1_INV29 | AO3: BLK1_INV30 | AP3: BLK1_INV31 | AQ3: BLK1_INV32 | AR3: BLK2_INV1 | AS3: BLK2_INV2 | AT3: BLK2_INV3 | AU3: BLK2_INV4 | AV3: BLK2_INV5 | AW3: BLK2_INV6 | AX3: BLK2_INV7 | AY3: BLK2_INV8 | AZ3: BLK2_INV9 | BA3: BLK2_INV10 | BB3: BLK2_INV11 | BC3: BLK2_INV12 | BD3: BLK2_INV13 | BE3: BLK2_INV14 | BF3: BLK2_INV15 | BG3: BLK2_INV16 | BH3: BLK2_INV17 | BI3: BLK2_INV18 | BJ3: BLK2_INV19 | BK3: BLK2_INV20 | BL3: BLK2_INV21 | BM3: BLK2_INV22 | BN3: BLK2_INV23 | BO3: BLK2_INV24 | BP3: BLK2_INV25 | BQ3: BLK2_INV26 | BR3: BLK2_INV27 | BS3: BLK2_INV28 | BT3: BLK2_INV29 | BU3: BLK2_INV30 | BV3: BLK2_INV31 | BW3: BLK2_INV32 | BX3: BLK3_INV1 | BY3: BLK3_INV2 | BZ3: BLK3_INV3 | CA3: BLK3_INV4 | CB3: BLK3_INV5 | CC3: BLK3_INV6 | CD3: BLK3_INV7 | CE3: BLK3_INV8 | CF3: BLK3_INV9 | CG3: BLK3_INV10 | CH3: BLK3_INV11 | CI3: BLK3_INV12 | CJ3: BLK3_INV13 | CK3: BLK3_INV14 | CL3: BLK3_INV15 | CM3: BLK3_INV16 | CN3: BLK3_INV17 | CO3: BLK3_INV18 | CP3: BLK3_INV19 | CQ3: BLK3_INV20 | CR3: BLK3_INV21 | CS3: BLK3_INV22 | CT3: BLK3_INV23 | CU3: BLK3_INV24 | CV3: BLK3_INV25 | CW3: BLK3_INV26 | CX3: BLK3_INV27 | CY3: BLK3_INV28 | CZ3: BLK3_INV29 | DA3: BLK3_INV30 | DB3: BLK3_INV31 | DC3: BLK4_INV1 | DD3: BLK4_INV2 | DE3: BLK4_INV3 | DF3: BLK4_INV4 | DG3: BLK4_INV5 | DH3: BLK4_INV6 | DI3: BLK4_INV7 | DJ3: BLK4_INV8 | DK3: BLK4_INV9 | DL3: BLK4_INV10 | DM3: BLK4_INV11 | DN3: BLK4_INV12 | DO3: BLK4_INV13 | DP3: BLK4_INV14 | DQ3: BLK4_INV15 | DR3: BLK4_INV16 | DS3: BLK4_INV17 | DT3: BLK4_INV18 | DU3: BLK4_INV19 | DV3: BLK4_INV20 | DW3: BLK4_INV21 | DX3: BLK4_INV22 | DY3: BLK4_INV23 | DZ3: BLK4_INV24 | EA3: BLK4_INV25 | EB3: BLK4_INV26 | EC3: BLK4_INV27 | ED3: BLK4_INV28 | EE3: BLK4_INV29 | EF3: BLK4_INV30 | EG3: BLK4_INV31 | EH3: BLK5_INV1 | EI3: BLK5_INV2 | EJ3: BLK5_INV3 | EK3: BLK5_INV4 | EL3: BLK5_INV5 | EM3: BLK5_INV6 | EN3: BLK5_INV7 | EO3: BLK5_INV8 | EP3: BLK5_INV9 | EQ3: BLK5_INV10 | ER3: BLK5_INV11 | ES3: BLK5_INV12 | ET3: BLK5_INV13 | EU3: BLK5_INV14 | EV3: BLK5_INV15 | EW3: BLK5_INV16 | EX3: BLK5_INV17 | EY3: BLK5_INV18 | EZ3: BLK5_INV19 | FA3: BLK5_INV20 | FB3: BLK5_INV21 | FC3: BLK5_INV22 | FD3: BLK5_INV23 | FE3: BLK5_INV24 | FF3: BLK5_INV25 | FG3: BLK5_INV26 | FH3: BLK5_INV27 | FI3: BLK5_INV28 | FJ3: BLK5_INV29 | FK3: BLK5_INV30 | FL3: BLK5_INV31 | FM3: BLK5_INV32 | FN3: BLK6_INV1 | FO3: BLK6_INV2 | FP3: BLK6_INV3 | FQ3: BLK6_INV4 | FR3: BLK6_INV5 | FS3: BLK6_INV6 | FT3: BLK6_INV7 | FU3: BLK6_INV8 | FV3: BLK6_INV9 | FW3: BLK6_INV10 | FX3: BLK6_INV11 | FY3: BLK6_INV12 | FZ3: BLK6_INV13 | GA3: BLK6_INV14 | GB3: BLK6_INV15 | GC3: BLK6_INV16 | GD3: BLK6_INV17 | GE3: BLK6_INV18 | GF3: BLK6_INV19 | GG3: BLK6_INV20 | GH3: BLK6_INV21 | GI3: BLK6_INV22 | GJ3: BLK6_INV23 | GK3: BLK6_INV24 | GL3: BLK6_INV25 | GM3: BLK6_INV26 | GN3: BLK6_INV27 | GO3: BLK6_INV28 | GP3: BLK6_INV29 | GQ3: BLK6_INV30 | GR3: BLK6_INV31 | GS3: BLK6_INV32 | GT3: BLK7_INV1 | GU3: BLK7_INV2 | GV3: BLK7_INV3 | GW3: BLK7_INV4 | GX3: BLK7_INV5 | GY3: BLK7_INV6 | GZ3: BLK7_INV7 | HA3: BLK7_INV8 | HB3: BLK7_INV9 | HC3: BLK7_INV10 | HD3: BLK7_INV11 | HE3: BLK7_INV12 | HF3: BLK7_INV13 | HG3: BLK7_INV14 | HH3: BLK7_INV15 | HI3: BLK7_INV16 | HJ3: BLK7_INV17 | HK3: BLK7_INV18 | HL3: BLK7_INV19 | HM3: BLK7_INV20 | HN3: BLK7_INV21 | HO3: BLK7_INV22 | HP3: BLK7_INV23 | HQ3: BLK7_INV24 | HR3: BLK7_INV25 | HS3: BLK7_INV26 | HT3: BLK7_INV27 | HU3: BLK7_INV28 | HV3: BLK7_INV29 | HW3: BLK7_INV30 | HX3: BLK7_INV31 | HY3: BLK7_INV32 | HZ3: BLK8_INV1 | IA3: BLK8_INV2 | IB3: BLK8_INV3 | IC3: BLK8_INV4 | ID3: BLK8_INV5 | IE3: BLK8_INV6 | IF3: BLK8_INV7 | IG3: BLK8_INV8 | IH3: BLK8_INV9 | II3: BLK8_INV10 | IJ3: BLK8_INV11 | IK3: BLK8_INV12 | IL3: BLK8_INV13 | IM3: BLK8_INV14 | IN3: BLK8_INV15 | IO3: BLK8_INV16 | IP3: BLK8_INV17 | IQ3: BLK8_INV18 | IR3: BLK8_INV19 | IS3: BLK8_INV20 | IT3: BLK8_INV21 | IU3: BLK8_INV22 | IV3: BLK8_INV23 | IW3: BLK8_INV24 | IX3: BLK8_INV25 | IY3: BLK8_INV26 | IZ3: BLK8_INV27 | JA3: BLK8_INV28 | JB3: AT (°C) 14 Hours | JC3: MT (°C) Gen. Hours | JD3: WS_Avg (m/s) (24 Hours) | JE3: WS_Max (m/s) | JF3: Rain (mm) | JG3: GHI | JH3: POA | JI3: GHI_Lost | JJ3: POA_Lost | JK3: 33kV_IC1_ExPort | JL3: 33kV_IC1_Import | JM3: 33kV_IC2_ExPort | JN3: 33kV_IC2_Import | JO3: 33kV_IC3_ExPort | JP3: 33kV_IC3_Import | JQ3: 33kV_IC4_ExPort | JR3: 33kV_IC4_Import | JT3: I31kV_PQM_Im | JU3: 33kV_IC1_ExPort(KWh) | JV3: 33kV_IC1_Import(KWh) | JW3: 33kV_IC2_ExPort(KWh) | JX3: 33kV_IC2_Import(KWh) | JY3: 33kV_IC3_ExPort(KWh) | JZ3: 33kV_IC3_Import(KWh) | KA3: 33kV_IC4_ExPort(kWh) | KB3: 33kV_IC4_Import(KWh) | KC3: 132kV_PQM_Ex(KWh) | KD3: 132kV_PQM_Im(KWh) | KE3: 33kV_Net_Ex (kWh) | KF3: 132kV_Net_Ex (kWh) | KG3: Operating Hours | KH3: GHI (KWh/m2)2 | KI3: POA(KWh/m2)2 | KJ3: Amm_Temp(°C) | KK3: Mod_Temp(°C) | KL3: WS_Avg(m/s) | KM3: WS_Max(m/s) | KN3: Inv_Exp(KWh) | KO3: WPR_Eac | KP3: WPR_Edc | KQ3: WPR
B4: 45745 | C4: =YEAR(RD[[#This Row],[Date]])+IF(MONTH(RD[[#This Row],[Date]])>=4,1,0) -> 2025 | D4: =YEAR(B4) -> 2025 | G4: =TEXT(RD[[#This Row],[Date]],"mmm-yy") -> Mar-25 | H4: =DAY(EOMONTH(B4,0)) -> 31 | I4: ='Basic Data '!$S$2 -> 66750 | J4: 0.29166667 | K4: 0.79166667 | JR4: 54996.705 | JS4: 3.0624684e+08 | JT4: 81683.233 | JU4: =IF((JK4-#REF!)<0,"",(JK4-#REF!)) -> #REF! | JV4: =IF((JL4-#REF!)<0,"",(JL4-#REF!)) -> #REF! | JW4: =IF((JM4-#REF!)<0,"",(JM4-#REF!)) -> #REF! | JX4: =IF((JN4-#REF!)<0,"",(JN4-#REF!)) -> #REF! | JY4: =IF((JO4-#REF!)<0,"",(JO4-#REF!)) -> #REF! | JZ4: =IF((JP4-#REF!)<0,"",(JP4-#REF!)) -> #REF! | KA4: =IF((JQ4-#REF!)<0,"",(JQ4-#REF!)) -> #REF! | KB4: =IF((JR4-#REF!)<0,"",(JR4-#REF!)) -> #REF! | ... KD4: =IF((JT4-#REF!)<0,"",(JT4-#REF!)) -> #REF! | KE4: =IFERROR(SUM(RD[[#This Row],[33kV_IC1_ExPort(KWh)]],RD[[#This Row],[33kV_IC2_ExPort(KWh)]],RD[[#This Row],[33kV_IC3_ExPort(KWh)]],RD[[#This Row],[33kV_IC4_ExPort(kWh)]])-SUM(RD[[#This Row],[33kV_IC1_Import(KWh)]],RD[[#This Row],[33kV_IC2_Import(KWh)]],RD[[#This Row],[33kV_IC3_Import(KWh)]],RD[[#This Row],[33kV_IC4_Import(KWh)]]),"") | KF4: =IFERROR(KC4-KD4,"") | KG4: =(RD[[#This Row],[Sunset Time (POA<20 W/m2)]]-RD[[#This Row],[Sunrise Time (POA>20 W/m2)]])*24 -> 12 | KH4: =RD[[#This Row],[GHI ]] -> 0 | KI4: =RD[[#This Row],[POA]] -> 0 | KJ4: =RD[[#This Row],[AT (°C) 14 Hours]] -> 0 | KK4: =RD[[#This Row],[MT (°C) Gen. Hours]] -> 0 | KL4: =RD[[#This Row],[WS_Avg (m/s) (24 Hours)]] -> 0 | KM4: =RD[[#This Row],[WS_Max (m/s)]] -> 0 | KN4: =SUM(RD[[#This Row],[BLK1_INV1]:[BLK8_INV27]]) -> 0 | KQ4: =IFERROR(RD[[#This Row],[WPR_Eac]]/RD[[#This Row],[WPR_Edc]],"")
B5: =B4+1 -> 45746 | C5: =YEAR(RD[[#This Row],[Date]])+IF(MONTH(RD[[#This Row],[Date]])>=4,1,0) -> 2025 | D5: =YEAR(B5) -> 2025 | G5: =TEXT(RD[[#This Row],[Date]],"mmm-yy") -> Mar-25 | H5: =DAY(EOMONTH(B5,0)) -> 31 | I5: ='Basic Data '!$S$2 -> 66750 | J5: 0.29166667 | K5: 0.79166667 | JR5: 55011.744 | JS5: 3.0659047e+08 | JT5: 81745.162 | JU5: =IF((JK5-JK4)<0,"",(JK5-JK4)) -> 0 | JV5: =IF((JL5-JL4)<0,"",(JL5-JL4)) -> 0 | JW5: =IF((JM5-JM4)<0,"",(JM5-JM4)) -> 0 | JX5: =IF((JN5-JN4)<0,"",(JN5-JN4)) -> 0 | JY5: =IF((JO5-JO4)<0,"",(JO5-JO4)) -> 0 | JZ5: =IF((JP5-JP4)<0,"",(JP5-JP4)) -> 0 | KA5: =IF((JQ5-JQ4)<0,"",(JQ5-JQ4)) -> 0 | KB5: =IF((JR5-JR4)<0,"",(JR5-JR4)) -> 15.039 | ... KD5: =IF((JT5-JT4)<0,"",(JT5-JT4)) -> 61.929286 | KE5: =IFERROR(SUM(RD[[#This Row],[33kV_IC1_ExPort(KWh)]],RD[[#This Row],[33kV_IC2_ExPort(KWh)]],RD[[#This Row],[33kV_IC3_ExPort(KWh)]],RD[[#This Row],[33kV_IC4_ExPort(kWh)]])-SUM(RD[[#This Row],[33kV_IC1_Import(KWh)]],RD[[#This Row],[33kV_IC2_Import(KWh)]],RD[[#This Row],[33kV_IC3_Import(KWh)]],RD[[#This Row],[33kV_IC4_Import(KWh)]]),"") -> -15.039 | KF5: =IFERROR(KC5-KD5,"") -> 343561.96 | KG5: =(RD[[#This Row],[Sunset Time (POA<20 W/m2)]]-RD[[#This Row],[Sunrise Time (POA>20 W/m2)]])*24 -> 12 | KH5: =RD[[#This Row],[GHI ]] -> 0 | KI5: =RD[[#This Row],[POA]] -> 0 | KJ5: =RD[[#This Row],[AT (°C) 14 Hours]] -> 0 | KK5: =RD[[#This Row],[MT (°C) Gen. Hours]] -> 0 | KL5: =RD[[#This Row],[WS_Avg (m/s) (24 Hours)]] -> 0 | KM5: =RD[[#This Row],[WS_Max (m/s)]] -> 0 | KN5: =SUM(RD[[#This Row],[BLK1_INV1]:[BLK8_INV27]]) -> 0 | KQ5: =IFERROR(RD[[#This Row],[WPR_Eac]]/RD[[#This Row],[WPR_Edc]],"")
B6: =B5+1 -> 45747 | C6: =YEAR(RD[[#This Row],[Date]])+IF(MONTH(RD[[#This Row],[Date]])>=4,1,0) -> 2025 | D6: =YEAR(B6) -> 2025 | G6: =TEXT(RD[[#This Row],[Date]],"mmm-yy") -> Mar-25 | H6: =DAY(EOMONTH(B6,0)) -> 31 | I6: ='Basic Data '!$S$2 -> 66750 | J6: 0.29166667 | K6: 0.79166667 | L6: 1590.1 | M6: 1625.2 | N6: 1522.4 | O6: 1520.1 | P6: 1598.4 | Q6: 1485.5 | R6: 1544.3 | S6: 1555.5 | T6: 1580.5 | U6: 1513.2 | V6: 1550.6 | W6: 1573 | X6: 1569.8 | Y6: 1408.7 | Z6: 1504.6 | AA6: 1484.1 | AB6: 1452.9 | AC6: 1468 | AD6: 1589.1 | AE6: 1590.5 | AF6: 1596.5 | AG6: 1494.7 | AH6: 1541.1 | AI6: 1529.8 | AJ6: 1509.6 | AK6: 1605.5 | AL6: 1593.4 | AM6: 1625.1 | AN6: 1594.9 | AO6: 1646.2 | AP6: 1616.2 | AQ6: 1543.3 | AR6: 1387.5 | AS6: 1817.1 | AT6: 1398.5 | AU6: 1593.3 | AV6: 1512.2 | AW6: 1457.7 | AX6: 1508.8 | AY6: 1471.4 | AZ6: 1478.6 | BA6: 1456.7 | BB6: 1512.4 | BC6: 1529.3 | BD6: 1535.4 | BE6: 1547.8 | BF6: 1567.5 | BG6: 1472.3 | BH6: 1542.2 | BI6: 1494.4 | BJ6: 1431.4 | BK6: 1453.4 | BL6: 1610.5 | BM6: 1732.5 | BN6: 1563.5 | BO6: 1613.1 | BP6: 1633.3 | BQ6: 1544.4 | BR6: 1634.4 | BS6: 1601.2 | BT6: 1478.6 | BU6: 1625 | BV6: 1455 | BW6: 1300.5 | BX6: 1644.7 | BY6: 1649.7 | BZ6: 1648.2 | CA6: 1654.1 | CB6: 1502.1 | CC6: 1508.6 | CD6: 1506.5 | CE6: 1492.4 | CF6: 1471.1 | CG6: 1522.5 | CH6: 1602.1 | CI6: 1694.3 | CJ6: 1724.1 | CK6: 1445.1 | CL6: 1482.4 | CM6: 1604.5 | CN6: 1541.1 | CO6: 1529.1 | CP6: 1512.1 | CQ6: 1523.2 | CR6: 1542.2 | CS6: 1492.5 | CT6: 1529.5 | CU6: 1451.4 | CV6: 1470.1 | CW6: 1472.5 | CX6: 1548.5 | CY6: 1574.5 | CZ6: 1540.3 | DA6: 1462.6 | DB6: 1631.5 | DC6: 1470.1 | DD6: 1492 | DE6: 1511.1 | DF6: 1515.1 | DG6: 1505.1 | DH6: 1538.2 | DI6: 1498.1 | DJ6: 1522.1 | DK6: 1474.1 | DL6: 1679.1 | DM6: 1565.1 | DN6: 1740.2 | DO6: 1676.5 | DP6: 1471.4 | DQ6: 1613.2 | DR6: 1559.1 | DS6: 1572.4 | DT6: 1620.1 | DU6: 1710.4 | DV6: 1510.4 | DW6: 1484.3 | DX6: 1660.1 | DY6: 1624.2 | DZ6: 1628.1 | EA6: 1543.3 | EB6: 1506.1 | EC6: 1645.2 | ED6: 1616.2 | EE6: 1546.4 | EF6: 1456.7 | EG6: 1621.1 | EH6: 0 | EI6: 1403.4 | EJ6: 1717.1 | EK6: 1629 | EL6: 1560.1 | EM6: 1589.2 | EN6: 1582.2 | EO6: 1356.6 | EP6: 1602 | EQ6: 1575.4 | ER6: 1561.2 | ES6: 1548.5 | ET6: 1623.5 | EU6: 1304.5 | EV6: 1635.6 | EW6: 1562.3 | EX6: 1544.4 | EY6: 1524 | EZ6: 1317 | FA6: 1563.3 | FB6: 1427.7 | FC6: 1449.8 | FD6: 1605.7 | FE6: 1550.5 | FF6: 1650.6 | FG6: 1502.2 | FH6: 1561.5 | FI6: 1507.5 | FJ6: 1489.4 | FK6: 1448.5 | FL6: 1461.4 | FM6: 1440.4 | FN6: 1320 | FO6: 1285 | FP6: 1540 | FQ6: 1371 | FR6: 1305 | FS6: 1408 | FT6: 1512 | FU6: 1406 | FV6: 1360 | FW6: 1421 | FX6: 1462 | FY6: 1375 | FZ6: 1422 | GA6: 1430 | GB6: 1597 | GC6: 1512 | GD6: 1626 | GE6: 1413 | GF6: 1433 | GG6: 1280 | GH6: 1732 | GI6: 1526 | GJ6: 1495 | GK6: 1584 | GL6: 1525 | GM6: 1568 | GN6: 1524 | GO6: 1576 | GP6: 1508 | GQ6: 1524 | GR6: 1510 | GS6: 1437 | GT6: 1419 | GU6: 1450 | GV6: 1436 | GW6: 1429 | GX6: 1549 | GY6: 1397 | GZ6: 1292 | HA6: 1565 | HD6: 1262 | HE6: 1064 | HF6: 1532 | HH6: 1659 | HI6: 1454 | HJ6: 1514 | HK6: 1472 | HL6: 1495 | HM6: 1511 | HN6: 1521 | HO6: 1531 | HP6: 1533 | HQ6: 1537 | HR6: 1550 | HS6: 1546 | HT6: 1521 | HU6: 1729 | HV6: 1306 | HW6: 1295 | HX6: 1033 | HY6: 908 | HZ6: 1084 | IA6: 1279 | IB6: 1486 | IC6: 1676 | ID6: 1472 | IE6: 1533 | IF6: 1555 | IG6: 1551 | IH6: 1593 | II6: 1618 | IJ6: 1178 | IK6: 1422 | IL6: 1293 | IM6: 1409 | IN6: 1141 | IP6: 1843 | IQ6: 1480 | IR6: 564 | IS6: 1371 | IT6: 1421 | IW6: 1266 | IX6: 1268 | IY6: 1417 | IZ6: 1250 | JA6: 1154 | JB6: 30.32 | JC6: 40.28 | JD6: 1.71 | JE6: 6.3 | JG6: 0 | JH6: 7.31 | JK6: 80931089 | JL6: 281250.3 | JM6: 54078352 | JN6: 61052.203 | JO6: 81718078 | JP6: 185254.51 | JQ6: 59077703 | JR6: 55026.783 | JS6: 3.0693409e+08 | JT6: 81807.092 | JU6: =IF((JK6-JK5)<0,"",(JK6-JK5)) -> 80931089 | JV6: =IF((JL6-JL5)<0,"",(JL6-JL5)) -> 281250.3 | JW6: =IF((JM6-JM5)<0,"",(JM6-JM5)) -> 54078352 | JX6: =IF((JN6-JN5)<0,"",(JN6-JN5)) -> 61052.203 | JY6: =IF((JO6-JO5)<0,"",(JO6-JO5)) -> 81718078 | JZ6: =IF((JP6-JP5)<0,"",(JP6-JP5)) -> 185254.51 | KA6: =IF((JQ6-JQ5)<0,"",(JQ6-JQ5)) -> 59077703 | KB6: =IF((JR6-JR5)<0,"",(JR6-JR5)) -> 15.039 | ... KD6: =IF((JT6-JT5)<0,"",(JT6-JT5)) -> 61.929286 | KE6: =IFERROR(SUM(RD[[#This Row],[33kV_IC1_ExPort(KWh)]],RD[[#This Row],[33kV_IC2_ExPort(KWh)]],RD[[#This Row],[33kV_IC3_ExPort(KWh)]],RD[[#This Row],[33kV_IC4_ExPort(kWh)]])-SUM(RD[[#This Row],[33kV_IC1_Import(KWh)]],RD[[#This Row],[33kV_IC2_Import(KWh)]],RD[[#This Row],[33kV_IC3_Import(KWh)]],RD[[#This Row],[33kV_IC4_Import(KWh)]]),"") -> 2.7527765e+08 | KF6: =IFERROR(KC6-KD6,"") -> 343561.96 | KG6: =(RD[[#This Row],[Sunset Time (POA<20 W/m2)]]-RD[[#This Row],[Sunrise Time (POA>20 W/m2)]])*24 -> 12 | KH6: =RD[[#This Row],[GHI ]] -> 0 | KI6: =RD[[#This Row],[POA]] -> 7.31 | KJ6: =RD[[#This Row],[AT (°C) 14 Hours]] -> 30.32 | KK6: =RD[[#This Row],[MT (°C) Gen. Hours]] -> 40.28 | KL6: =RD[[#This Row],[WS_Avg (m/s) (24 Hours)]] -> 1.71 | KM6: =RD[[#This Row],[WS_Max (m/s)]] -> 6.3 | KN6: =SUM(RD[[#This Row],[BLK1_INV1]:[BLK8_INV27]]) -> 364093.2 | KQ6: =IFERROR(RD[[#This Row],[WPR_Eac]]/RD[[#This Row],[WPR_Edc]],"")
B7: =B6+1 -> 45748 | C7: =YEAR(RD[[#This Row],[Date]])+IF(MONTH(RD[[#This Row],[Date]])>=4,1,0) -> 2026 | D7: =YEAR(B7) -> 2025 | G7: =TEXT(RD[[#This Row],[Date]],"mmm-yy") -> Apr-25 | H7: =DAY(EOMONTH(B7,0)) -> 30 | I7: ='Basic Data '!$S$2 -> 66750 | J7: 0.29166667 | K7: 0.79166667 | L7: 1577 | M7: 1616 | N7: 1507 | O7: 1509 | P7: 1568 | Q7: 1462 | R7: 1505 | S7: 1498 | T7: 1469 | U7: 1476 | V7: 1539 | W7: 1533 | X7: 1529 | Y7: 1371 | Z7: 1508 | AA7: 1488 | AB7: 1398 | AC7: 1410 | AD7: 1535 | AE7: 1600 | AF7: 1519 | AG7: 1458 | AH7: 1565 | AI7: 1487 | AJ7: 1592 | AK7: 1580 | AL7: 1565 | AM7: 1592 | AN7: 1557 | AO7: 1609 | AP7: 1590 | AQ7: 1504 | AR7: 1400 | AS7: 1797 | AT7: 1399 | AU7: 1602 | AV7: 1507 | AW7: 1442 | AX7: 1467 | AY7: 1420 | AZ7: 1465 | BA7: 1435 | BB7: 1473 | BC7: 1487 | BD7: 1492 | BE7: 1503 | BF7: 1621 | BG7: 1432 | BH7: 1510 | BI7: 1470 | BJ7: 1398 | BK7: 1420 | BL7: 1560 | BM7: 1698 | BN7: 1488 | BO7: 1598 | BP7: 1560 | BQ7: 1490 | BR7: 1590 | BS7: 1590 | BT7: 1348 | BU7: 1610 | BV7: 1390 | BW7: 1290 | BX7: 1350 | BY7: 1611 | BZ7: 1616 | CA7: 1423 | CB7: 1484 | CC7: 1489 | CD7: 1263 | CE7: 1353 | CF7: 1448 | CG7: 1511 | CH7: 1467 | CI7: 1657 | CJ7: 1680 | CK7: 1402 | CL7: 1439 | CM7: 1565 | CN7: 1498 | CO7: 1485 | CP7: 1468 | CQ7: 1478 | CR7: 1498 | CS7: 1457 | CT7: 1487 | CU7: 1411 | CV7: 1410 | CW7: 1434 | CX7: 1510 | CY7: 1510 | CZ7: 1502 | DA7: 1390 | DB7: 1610 | DC7: 1425 | DD7: 1446 | DE7: 1469 | DF7: 1470 | DG7: 1363 | DH7: 1496 | DI7: 1451 | DJ7: 1474 | DK7: 1427 | DL7: 1641 | DM7: 1321 | DN7: 1692 | DO7: 1630 | DP7: 1427 | DQ7: 1631 | DR7: 1516 | DS7: 1594 | DT7: 1637 | DU7: 1672 | DV7: 1453 | DW7: 1495 | DX7: 1626 | DY7: 1546 | DZ7: 1594 | EA7: 1476 | EB7: 1503 | EC7: 1591 | ED7: 1536 | EE7: 1414 | EF7: 1496 | EG7: 1590 | EH7: 0 | EI7: 1377 | EJ7: 1680 | EK7: 1678 | EL7: 1531 | EM7: 1554 | EN7: 1533 | EO7: 1190 | EP7: 1591 | EQ7: 1481 | ER7: 1564 | ES7: 1514 | ET7: 1580 | EU7: 1367 | EV7: 1406 | EW7: 1483 | EX7: 1488 | EY7: 1506 | EZ7: 1285 | FA7: 1676 | FB7: 1474 | FC7: 1340 | FD7: 1556 | FE7: 1563 | FF7: 1603 | FG7: 1461 | FH7: 1611 | FI7: 1509 | FJ7: 1427 | FK7: 1410 | FL7: 1410 | FM7: 1403 | FN7: 1291 | FO7: 1257 | FP7: 1498 | FQ7: 1334 | FR7: 1271 | FS7: 1370 | FT7: 1490 | FU7: 1390 | FV7: 1337 | FW7: 1580 | FX7: 1430 | FY7: 1336 | FZ7: 1386 | GA7: 1391 | GB7: 1556 | GC7: 1471 | GD7: 1591 | GE7: 1470 | GF7: 1453 | GG7: 1311 | GH7: 1720 | GI7: 1521 | GJ7: 1502 | GK7: 1547 | GL7: 1481 | GM7: 1526 | GN7: 1548 | GO7: 1544 | GP7: 1544 | GQ7: 1548 | GR7: 1469 | GS7: 1396 | GT7: 1372 | GU7: 1404 | GV7: 1390 | GW7: 1381 | GX7: 1505 | GY7: 1354 | GZ7: 1255 | HA7: 1525 | HD7: 1299 | HE7: 1048 | HF7: 1492 | HH7: 1618 | HI7: 1390 | HJ7: 1468 | HK7: 1417 | HL7: 1461 | HM7: 1462 | HN7: 1476 | HO7: 1488 | HP7: 1488 | HQ7: 1496 | HR7: 1506 | HS7: 1501 | HT7: 1478 | HU7: 1691 | HV7: 1338 | HW7: 1257 | HX7: 1080 | HY7: 930 | HZ7: 998 | IA7: 1181 | IB7: 1368 | IC7: 1550 | ID7: 1350 | IE7: 1406 | IF7: 1490 | IG7: 1520 | IH7: 1480 | II7: 1491 | IJ7: 1111 | IK7: 1313 | IL7: 1188 | IM7: 1298 | IN7: 1052 | IP7: 1760 | IQ7: 1470 | IR7: 590 | IS7: 1380 | IT7: 1298 | IW7: 1385 | IX7: 1184 | IY7: 1410 | IZ7: 1230 | JA7: 1150 | JB7: 25.08 | JC7: 40.95 | JD7: 1.76 | JE7: 5.3 | JG7: 0 | JH7: 7.18 | JK7: 81024220 | JL7: 281265.89 | JM7: 54170029 | JN7: 61064.408 | JO7: 81809918 | JP7: 185283 | JQ7: 59149543 | JR7: 55041.822 | JS7: 3.0727771e+08 | JT7: 81869.021 | JU7: =IF((JK7-JK6)<0,"",(JK7-JK6)) -> 93131.473 | JV7: =IF((JL7-JL6)<0,"",(JL7-JL6)) -> 15.588 | JW7: =IF((JM7-JM6)<0,"",(JM7-JM6)) -> 91677.624 | JX7: =IF((JN7-JN6)<0,"",(JN7-JN6)) -> 12.205 | JY7: =IF((JO7-JO6)<0,"",(JO7-JO6)) -> 91840.114 | JZ7: =IF((JP7-JP6)<0,"",(JP7-JP6)) -> 28.492 | KA7: =IF((JQ7-JQ6)<0,"",(JQ7-JQ6)) -> 71840.381 | KB7: =IF((JR7-JR6)<0,"",(JR7-JR6)) -> 15.039 | ... KD7: =IF((JT7-JT6)<0,"",(JT7-JT6)) -> 61.929286 | KE7: =IFERROR(SUM(RD[[#This Row],[33kV_IC1_ExPort(KWh)]],RD[[#This Row],[33kV_IC2_ExPort(KWh)]],RD[[#This Row],[33kV_IC3_ExPort(KWh)]],RD[[#This Row],[33kV_IC4_ExPort(kWh)]])-SUM(RD[[#This Row],[33kV_IC1_Import(KWh)]],RD[[#This Row],[33kV_IC2_Import(KWh)]],RD[[#This Row],[33kV_IC3_Import(KWh)]],RD[[#This Row],[33kV_IC4_Import(KWh)]]),"") -> 348418.27 | KF7: =IFERROR(KC7-KD7,"") -> 343561.96 | KG7: =(RD[[#This Row],[Sunset Time (POA<20 W/m2)]]-RD[[#This Row],[Sunrise Time (POA>20 W/m2)]])*24 -> 12 | KH7: =RD[[#This Row],[GHI ]] -> 0 | KI7: =RD[[#This Row],[POA]] -> 7.18 | KJ7: =RD[[#This Row],[AT (°C) 14 Hours]] -> 25.08 | KK7: =RD[[#This Row],[MT (°C) Gen. Hours]] -> 40.95 | KL7: =RD[[#This Row],[WS_Avg (m/s) (24 Hours)]] -> 1.76 | KM7: =RD[[#This Row],[WS_Max (m/s)]] -> 5.3 | KN7: =SUM(RD[[#This Row],[BLK1_INV1]:[BLK8_INV27]]) -> 354559 | KQ7: =IFERROR(RD[[#This Row],[WPR_Eac]]/RD[[#This Row],[WPR_Edc]],"")
B8: =B7+1 -> 45749 | C8: =YEAR(RD[[#This Row],[Date]])+IF(MONTH(RD[[#This Row],[Date]])>=4,1,0) -> 2026 | D8: =YEAR(B8) -> 2025 | G8: =TEXT(RD[[#This Row],[Date]],"mmm-yy") -> Apr-25 | H8: =DAY(EOMONTH(B8,0)) -> 30 | I8: ='Basic Data '!$S$2 -> 66750 | J8: 0.29166667 | K8: 0.79166667 | L8: 1496 | M8: 1535 | N8: 1432 | O8: 1434 | P8: 1510 | Q8: 1388 | R8: 1470 | S8: 1398 | T8: 1390 | U8: 1404 | V8: 1498 | W8: 1454 | X8: 1451 | Y8: 1304 | Z8: 1370 | AA8: 1415 | AB8: 1352 | AC8: 1360 | AD8: 1511 | AE8: 1547 | AF8: 1439 | AG8: 1384 | AH8: 1583 | AI8: 1480 | AJ8: 1562 | AK8: 1558 | AL8: 1551 | AM8: 1580 | AN8: 1546 | AO8: 1599 | AP8: 1526 | AQ8: 1490 | AR8: 1330 | AS8: 1703 | AT8: 1370 | AU8: 1522 | AV8: 1467 | AW8: 1380 | AX8: 1409 | AY8: 1449 | AZ8: 1402 | BA8: 1381 | BB8: 1414 | BC8: 1427 | BD8: 1418 | BE8: 1439 | BF8: 1538 | BG8: 1358 | BH8: 1480 | BI8: 1410 | BJ8: 1370 | BK8: 1378 | BL8: 1507 | BM8: 1561 | BN8: 1480 | BO8: 1490 | BP8: 1510 | BQ8: 1404 | BR8: 1568 | BS8: 1520 | BT8: 1413 | BU8: 1563 | BV8: 1340 | BW8: 1300 | BX8: 1410 | BY8: 1573 | BZ8: 1581 | CA8: 1410 | CB8: 1436 | CC8: 1444 | CD8: 1278 | CE8: 1319 | CF8: 1390 | CG8: 1464 | CH8: 1498 | CI8: 1571 | CJ8: 1594 | CK8: 1333 | CL8: 1364 | CM8: 1499 | CN8: 1418 | CO8: 1406 | CP8: 1390 | CQ8: 1402 | CR8: 1423 | CS8: 1389 | CT8: 1438 | CU8: 1361 | CV8: 1420 | CW8: 1394 | CX8: 1490 | CY8: 1490 | CZ8: 1456 | DA8: 1300 | DB8: 1582 | DC8: 1351 | DD8: 1371 | DE8: 1399 | DF8: 1393 | DG8: 1340 | DH8: 1417 | DI8: 1374 | DJ8: 1397 | DK8: 1355 | DL8: 1583 | DM8: 1290 | DN8: 1623 | DO8: 1547 | DP8: 1351 | DQ8: 1581 | DR8: 1472 | DS8: 1511 | DT8: 1562 | DU8: 1586 | DV8: 1381 | DW8: 1416 | DX8: 1544 | DY8: 1519 | DZ8: 1543 | EA8: 1432 | EB8: 1468 | EC8: 1549 | ED8: 1507 | EE8: 1387 | EF8: 1456 | EG8: 1577 | EH8: 0 | EI8: 1341 | EJ8: 1646 | EK8: 1631 | EL8: 1498 | EM8: 1510 | EN8: 1488 | EO8: 1178 | EP8: 1507 | EQ8: 1490 | ER8: 1482 | ES8: 1387 | ET8: 1495 | EU8: 1292 | EV8: 1398 | EW8: 1411 | EX8: 1413 | EY8: 1426 | EZ8: 1278 | FA8: 1586 | FB8: 1396 | FC8: 1274 | FD8: 1492 | FE8: 1487 | FF8: 1529 | FG8: 1414 | FH8: 1531 | FI8: 1422 | FJ8: 1391 | FK8: 1369 | FL8: 1387 | FM8: 1333 | FN8: 1290 | FO8: 1292 | FP8: 1445 | FQ8: 1282 | FR8: 1360 | FS8: 1378 | FT8: 1478 | FU8: 1398 | FV8: 1335 | FW8: 1501 | FX8: 1398 | FY8: 1378 | FZ8: 1390 | GA8: 1321 | GB8: 1477 | GC8: 1397 | GD8: 1508 | GE8: 1392 | GF8: 1373 | GG8: 1242 | GH8: 1630 | GI8: 1441 | GJ8: 1419 | GK8: 1464 | GL8: 1505 | GM8: 1445 | GN8: 1467 | GO8: 1510 | GP8: 1460 | GQ8: 1467 | GR8: 1393 | GS8: 1410 | GT8: 1296 | GU8: 1320 | GV8: 1313 | GW8: 1305 | GX8: 1425 | GY8: 1282 | GZ8: 1188 | HA8: 1446 | HD8: 1265 | HE8: 990 | HF8: 1410 | HH8: 1534 | HI8: 1310 | HJ8: 1390 | HK8: 1339 | HL8: 1387 | HM8: 1387 | HN8: 1401 | HO8: 1412 | HP8: 1411 | HQ8: 1422 | HR8: 1470 | HS8: 1490 | HT8: 1460 | HU8: 1710 | HV8: 1272 | HW8: 1186 | HX8: `1031 | HY8: 910 | HZ8: 992 | IA8: 1173 | IB8: 1363 | IC8: 1546 | ID8: 1344 | IE8: 1400 | IF8: 1510 | IG8: 1498 | IH8: 1472 | II8: 1489 | IJ8: 1123 | IK8: 1303 | IL8: 1177 | IM8: 1289 | IN8: 1043 | IP8: 1175 | IQ8: 1450 | IR8: 690 | IS8: 1310 | IT8: 1290 | IW8: 1368 | IX8: 1012 | IY8: 1390 | IZ8: 1190 | JA8: 1158 | JB8: 26.5 | JC8: 39.7 | JD8: 1.9 | JE8: 5.9 | JG8: 0 | JH8: 6.87 | JK8: 81114929 | JL8: 281280.78 | JM8: 54257593 | JN8: 61077.806 | JO8: 81897650 | JP8: 185319.83 | JQ8: 59218661 | JR8: 55054.694 | JS8: 3.0761242e+08 | JT8: 81927.037 | JU8: =IF((JK8-JK7)<0,"",(JK8-JK7)) -> 90708.769 | JV8: =IF((JL8-JL7)<0,"",(JL8-JL7)) -> 14.891 | JW8: =IF((JM8-JM7)<0,"",(JM8-JM7)) -> 87563.608 | JX8: =IF((JN8-JN7)<0,"",(JN8-JN7)) -> 13.398 | JY8: =IF((JO8-JO7)<0,"",(JO8-JO7)) -> 87731.982 | JZ8: =IF((JP8-JP7)<0,"",(JP8-JP7)) -> 36.829 | KA8: =IF((JQ8-JQ7)<0,"",(JQ8-JQ7)) -> 69117.178 | KB8: =IF((JR8-JR7)<0,"",(JR8-JR7)) -> 12.872 | ... KD8: =IF((JT8-JT7)<0,"",(JT8-JT7)) -> 58.016 | KE8: =IFERROR(SUM(RD[[#This Row],[33kV_IC1_ExPort(KWh)]],RD[[#This Row],[33kV_IC2_ExPort(KWh)]],RD[[#This Row],[33kV_IC3_ExPort(KWh)]],RD[[#This Row],[33kV_IC4_ExPort(kWh)]])-SUM(RD[[#This Row],[33kV_IC1_Import(KWh)]],RD[[#This Row],[33kV_IC2_Import(KWh)]],RD[[#This Row],[33kV_IC3_Import(KWh)]],RD[[#This Row],[33kV_IC4_Import(KWh)]]),"") -> 335043.55 | KF8: =IFERROR(KC8-KD8,"") -> 334650.35 | KG8: =(RD[[#This Row],[Sunset Time (POA<20 W/m2)]]-RD[[#This Row],[Sunrise Time (POA>20 W/m2)]])*24 -> 12 | KH8: =RD[[#This Row],[GHI ]] -> 0 | KI8: =RD[[#This Row],[POA]] -> 6.87 | KJ8: =RD[[#This Row],[AT (°C) 14 Hours]] -> 26.5 | KK8: =RD[[#This Row],[MT (°C) Gen. Hours]] -> 39.7 | KL8: =RD[[#This Row],[WS_Avg (m/s) (24 Hours)]] -> 1.9 | KM8: =RD[[#This Row],[WS_Max (m/s)]] -> 5.9 | KN8: =SUM(RD[[#This Row],[BLK1_INV1]:[BLK8_INV27]]) -> 341179 | KQ8: =IFERROR(RD[[#This Row],[WPR_Eac]]/RD[[#This Row],[WPR_Edc]],"")
B9: =B8+1 -> 45750 | C9: =YEAR(RD[[#This Row],[Date]])+IF(MONTH(RD[[#This Row],[Date]])>=4,1,0) -> 2026 | D9: =YEAR(B9) -> 2025 | G9: =TEXT(RD[[#This Row],[Date]],"mmm-yy") -> Apr-25 | H9: =DAY(EOMONTH(B9,0)) -> 30 | I9: ='Basic Data '!$S$2 -> 66750 | J9: 0.29166667 | K9: 0.79166667 | L9: 1342 | M9: 1375 | N9: 1283 | O9: 1281 | P9: 1292 | Q9: 1245 | R9: 1134 | S9: 1189 | T9: 1199 | U9: 1258 | V9: 1313 | W9: 1304 | X9: 1299 | Y9: 1163 | Z9: 1230 | AA9: 1265 | AB9: 1211 | AC9: 1229 | AD9: 1379 | AE9: 1401 | AF9: 1308 | AG9: 1283 | AH9: 1422 | AI9: 1304 | AJ9: 1409 | AK9: 1404 | AL9: 1397 | AM9: 1423 | AN9: 1405 | AO9: 1447 | AP9: 1387 | AQ9: 1391 | AR9: 1197 | AS9: 1534 | AT9: 1194 | AU9: 1444 | AV9: 1226 | AW9: 1243 | AX9: 1283 | AY9: 1315 | AZ9: 1263 | BA9: 1248 | BB9: 1296 | BC9: 1302 | BD9: 1295 | BE9: 1321 | BF9: 1398 | BG9: 1221 | BH9: 1203 | BI9: 1218 | BJ9: 1166 | BK9: 1155 | BL9: 1331 | BM9: 1406 | BN9: 1187 | BO9: 1362 | BP9: 1231 | BQ9: 1264 | BR9: 1411 | BS9: 1355 | BT9: 1272 | BU9: 1406 | BV9: 1300 | BW9: 1280 | BX9: 1156 | BY9: 1405 | BZ9: 1439 | CA9: 1253 | CB9: 1289 | CC9: 1294 | CD9: 1078 | CE9: 1191 | CF9: 1257 | CG9: 1315 | CH9: 1285 | CI9: 1450 | CJ9: 1467 | CK9: 1202 | CL9: 1249 | CM9: 1382 | CN9: 1301 | CO9: 1305 | CP9: 1298 | CQ9: 1309 | CR9: 1303 | CS9: 1268 | CT9: 1315 | CU9: 1247 | CV9: 1154 | CW9: 1274 | CX9: 1324 | CY9: 690 | CZ9: 1331 | DA9: 1125 | DB9: 1393 | DC9: 1248 | DD9: 1258 | DE9: 1284 | DF9: 1251 | DG9: 1184 | DH9: 1318 | DI9: 1285 | DJ9: 1306 | DK9: 1273 | DL9: 1448 | DM9: 1152 | DN9: 1497 | DO9: 1365 | DP9: 1244 | DQ9: 1448 | DR9: 1363 | DS9: 1358 | DT9: 1409 | DU9: 1422 | DV9: 1262 | DW9: 1272 | DX9: 1388 | DY9: 1373 | DZ9: 1420 | EA9: 1286 | EB9: 1321 | EC9: 1395 | ED9: 1356 | EE9: 1254 | EF9: 1327 | EG9: 1431 | EH9: 521 | EI9: 775 | EJ9: 1490 | EK9: 1460 | EL9: 1322 | EM9: 1326 | EN9: 1306 | EO9: 975 | EP9: 1346 | EQ9: 1178 | ER9: 1325 | ES9: 1240 | ET9: 1338 | EU9: 1175 | EV9: 1196 | EW9: 1296 | EX9: 1265 | EY9: 1274 | EZ9: 1108 | FA9: 1449 | FB9: 1293 | FC9: 1181 | FD9: 1372 | FE9: 1384 | FF9: 1412 | FG9: 1291 | FH9: 1375 | FI9: 1291 | FJ9: 1265 | FK9: 1251 | FL9: 1261 | FM9: 1202 | FN9: 1151 | FO9: 1157 | FP9: 1293 | FQ9: 1145 | FR9: 1076 | FS9: 1165 | FT9: 1144 | FU9: 966 | FV9: 1197 | FW9: 1343 | FX9: 1215 | FY9: 1137 | FZ9: 1184 | GA9: 1185 | GB9: 1323 | GC9: 1248 | GD9: 1345 | GE9: 1242 | GF9: 1228 | GG9: 1109 | GH9: 1456 | GI9: 1286 | GJ9: 1267 | GK9: 1313 | GL9: 1249 | GM9: 1290 | GN9: 1310 | GO9: 1308 | GP9: 1303 | GQ9: 1308 | GR9: 1246 | GS9: 1184 | GT9: 1164 | GU9: 1194 | GV9: 1178 | GW9: 1173 | GX9: 1284 | GY9: 1153 | GZ9: 1070 | HA9: 1302 | HD9: 1146 | HE9: 895 | HF9: 1273 | HH9: 1389 | HI9: 1124 | HJ9: 1250 | HK9: 1203 | HL9: 1252 | HM9: 1249 | HN9: 1259 | HO9: 1269 | HP9: 1269 | HQ9: 1278 | HR9: 1279 | HS9: 1277 | HT9: 1271 | HU9: 1444 | HV9: 1143 | HW9: 1062 | HX9: 919 | HY9: 762 | HZ9: 894 | IA9: 1057 | IB9: 1225 | IC9: 1391 | ID9: 1207 | IE9: 1256 | IF9: 1400 | IG9: 1385 | IH9: 1338 | II9: 1346 | IJ9: 1041 | IK9: 1174 | IL9: 1058 | IM9: 1162 | IN9: 939 | IP9: 1265 | IQ9: 1180 | IR9: 700 | IS9: 1087 | IT9: 1186 | IW9: 1012 | IX9: 815 | IY9: 1049 | IZ9: 1180 | JA9: 1110 | JB9: 25.78 | JC9: 32 | JD9: 2.63 | JE9: 5.3 | JG9: 0 | JK9: 81196826 | JL9: 281293.34 | JM9: 54337502 | JN9: 61098.808 | JO9: 81976933 | JP9: 185359.42 | JQ9: 59281082 | JR9: 55074.059 | JS9: 3.0791554e+08 | JT9: 81986.655 | JU9: =IF((JK9-JK8)<0,"",(JK9-JK8)) -> 81896.707 | JV9: =IF((JL9-JL8)<0,"",(JL9-JL8)) -> 12.555 | JW9: =IF((JM9-JM8)<0,"",(JM9-JM8)) -> 79909.386 | JX9: =IF((JN9-JN8)<0,"",(JN9-JN8)) -> 21.002 | JY9: =IF((JO9-JO8)<0,"",(JO9-JO8)) -> 79283.378 | JZ9: =IF((JP9-JP8)<0,"",(JP9-JP8)) -> 39.592 | KA9: =IF((JQ9-JQ8)<0,"",(JQ9-JQ8)) -> 62421.753 | KB9: =IF((JR9-JR8)<0,"",(JR9-JR8)) -> 19.365 | ... KD9: =IF((JT9-JT8)<0,"",(JT9-JT8)) -> 59.618 | KE9: =(JU9+JW9)-(JV9+JX9) -> 161772.54 | KF9: =IFERROR(KC9-KD9,"") -> 303057.91 | KG9: =(RD[[#This Row],[Sunset Time (POA<20 W/m2)]]-RD[[#This Row],[Sunrise Time (POA>20 W/m2)]])*24 -> 12 | KH9: =RD[[#This Row],[GHI ]] -> 0 | KI9: =RD[[#This Row],[POA]] -> 0 | KJ9: =RD[[#This Row],[AT (°C) 14 Hours]] -> 25.78 | KK9: =RD[[#This Row],[MT (°C) Gen. Hours]] -> 32 | KL9: =RD[[#This Row],[WS_Avg (m/s) (24 Hours)]] -> 2.63 | KM9: =RD[[#This Row],[WS_Max (m/s)]] -> 5.3 | KN9: =SUM(RD[[#This Row],[BLK1_INV1]:[BLK8_INV27]]) -> 305040 | KQ9: =IFERROR(RD[[#This Row],[WPR_Eac]]/RD[[#This Row],[WPR_Edc]],"")
B10: =B9+1 -> 45751 | C10: =YEAR(RD[[#This Row],[Date]])+IF(MONTH(RD[[#This Row],[Date]])>=4,1,0) -> 2026 | D10: =YEAR(B10) -> 2025 | G10: =TEXT(RD[[#This Row],[Date]],"mmm-yy") -> Apr-25 | H10: =DAY(EOMONTH(B10,0)) -> 30 | I10: ='Basic Data '!$S$2 -> 66750 | J10: 0.29166667 | K10: 0.79166667 | L10: 1401 | M10: 1428 | N10: 1331 | O10: 1332 | P10: 1354 | Q10: 1301 | R10: 1170 | S10: 1235 | T10: 1243 | U10: 1311 | V10: 1368 | W10: 1770 | X10: 1355 | Y10: 1216 | Z10: 1282 | AA10: 1320 | AB10: 1250 | AC10: 1273 | AD10: 1420 | AE10: 1445 | AF10: 1349 | AG10: 1296 | AH10: 1476 | AI10: 1345 | AJ10: 1450 | AK10: 1445 | AL10: 1435 | AM10: 1472 | AN10: 1440 | AO10: 1489 | AP10: 1460 | AQ10: 1389 | AR10: 1241 | AS10: 1624 | AT10: 1226 | AU10: 1393 | AV10: 1267 | AW10: 1272 | AX10: 1302 | AY10: 1378 | AZ10: 1289 | BA10: 1273 | BB10: 1311 | BC10: 1318 | BD10: 1424 | BE10: 1349 | BF10: 1441 | BG10: 1256 | BH10: 1264 | BI10: 1286 | BJ10: 1232 | BK10: 1195 | BL10: 1373 | BM10: 1478 | BN10: 1241 | BO10: 1438 | BP10: 1263 | BQ10: 1306 | BR10: 1442 | BS10: 1384 | BT10: 1290 | BU10: 1449 | BV10: 1350 | BW10: 1380 | BX10: 1192 | BY10: 1446 | BZ10: 1474 | CA10: 1311 | CB10: 1322 | CC10: 1329 | CD10: 1123 | CE10: 1222 | CF10: 1314 | CG10: 1351 | CH10: 1357 | CI10: 1517 | CJ10: 1532 | CK10: 1277 | CL10: 1314 | CN10: 1348 | CO10: 1353 | CP10: 1336 | CQ10: 1345 | CR10: 1327 | CS10: 1321 | CT10: 1348 | CU10: 1276 | CV10: 1214 | CW10: 1303 | CX10: 1376 | CY10: 1303 | CZ10: 1367 | DA10: 1152 | DB10: 1410 | DC10: 1304 | DD10: 1314 | DE10: 1359 | DF10: 1290 | DG10: 1264 | DH10: 1379 | DI10: 1331 | DJ10: 1348 | DK10: 1303 | DL10: 1504 | DM10: 1209 | DN10: 1528 | DO10: 1443 | DP10: 1307 | DQ10: 1488 | DR10: 1413 | DS10: 1465 | DT10: 1518 | DU10: 1533 | DV10: 1337 | DW10: 1379 | DX10: 1505 | DY10: 1405 | DZ10: 1472 | EA10: 1329 | EB10: 1363 | EC10: 1439 | ED10: 1405 | EE10: 1291 | EF10: 1366 | EG10: 1478 | EH10: 1237 | EI10: 1243 | EJ10: 1525 | EK10: 1503 | EL10: 1363 | EM10: 1400 | EN10: 1374 | EO10: 1017 | EP10: 1402 | EQ10: 1212 | ER10: 1365 | ES10: 1236 | ET10: 1406 | EU10: 1207 | EV10: 1253 | EW10: 1337 | EX10: 1318 | EY10: 1335 | EZ10: 1140 | FA10: 1489 | FB10: 1301 | FC10: 1217 | FD10: 1408 | FE10: 1424 | FF10: 1449 | FG10: 1322 | FH10: 1432 | FI10: 1363 | FJ10: 1294 | FK10: 1280 | FL10: 1278 | FM10: 1287 | FN10: 1183 | FO10: 1196 | FP10: 1340 | FQ10: 1202 | FR10: 1134 | FS10: 1218 | FT10: 1205 | FU10: 1017 | FV10: 1227 | FW10: 1419 | FX10: 1273 | FY10: 1190 | FZ10: 1237 | GA10: 1242 | GB10: 1393 | GC10: 1319 | GD10: 1405 | GE10: 1273 | GF10: 1255 | GG10: 1132 | GH10: 1493 | GI10: 1317 | GJ10: 1299 | GK10: 1373 | GL10: 1298 | GM10: 1352 | GN10: 1340 | GO10: 1359 | GP10: 1337 | GQ10: 1346 | GR10: 1311 | GS10: 1239 | GT10: 1231 | GU10: 1271 | GV10: 1226 | GW10: 1226 | GX10: 1327 | GY10: 1199 | GZ10: 1117 | HA10: 1353 | HD10: 1032 | HE10: 923 | HF10: 1323 | HH10: 1458 | HI10: 1164 | HJ10: 1316 | HK10: 1270 | HL10: 1310 | HM10: 1312 | HN10: 1326 | HO10: 1335 | HP10: 1336 | HQ10: 1342 | HR10: 1350 | HS10: 1370 | HT10: 1359 | HU10: 1543 | HV10: 1231 | HW10: 1148 | HX10: 1020 | HY10: 798 | HZ10: 979 | IA10: 1148 | IB10: 1337 | IC10: 1483 | ID10: 1310 | IE10: 1374 | IF10: 1510 | IG10: 1470 | IH10: 1447 | II10: 1446 | IJ10: 1095 | IK10: 1240 | IL10: 1114 | IM10: 1230 | IN10: 1000 | IP10: 1175 | IQ10: 1250 | IR10: 677 | IS10: 990 | IT10: 1243 | IW10: 1143 | IX10: 910 | IY10: 1120 | IZ10: 1272 | JA10: 1090 | JB10: 35.1 | JC10: 50.1 | JD10: 1.5 | JE10: 4.3 | JG10: 0 | JH10: 6.1 | JK10: 81281719 | JL10: 281316.67 | JM10: 54421148 | JN10: 61118.521 | JO10: 82060118 | JP10: 185405.86 | JQ10: 59347307 | JR10: 55089.676 | JS10: 3.0823309e+08 | JT10: 82048.512 | JU10: =IF((JK10-JK9)<0,"",(JK10-JK9)) -> 84893.039 | JV10: =IF((JL10-JL9)<0,"",(JL10-JL9)) -> 23.329 | JW10: =IF((JM10-JM9)<0,"",(JM10-JM9)) -> 83645.745 | JX10: =IF((JN10-JN9)<0,"",(JN10-JN9)) -> 19.713 | JY10: =IF((JO10-JO9)<0,"",(JO10-JO9)) -> 83185.05 | JZ10: =IF((JP10-JP9)<0,"",(JP10-JP9)) -> 46.441 | KA10: =IF((JQ10-JQ9)<0,"",(JQ10-JQ9)) -> 66224.362 | KB10: =IF((JR10-JR9)<0,"",(JR10-JR9)) -> 15.617 | ... KD10: =IF((JT10-JT9)<0,"",(JT10-JT9)) -> 61.857 | KE10: =(JU10+JW10)-(JV10+JX10) -> 168495.74 | KF10: =IFERROR(KC10-KD10,"") -> 317491.81 | KG10: =(RD[[#This Row],[Sunset Time (POA<20 W/m2)]]-RD[[#This Row],[Sunrise Time (POA>20 W/m2)]])*24 -> 12 | KH10: =RD[[#This Row],[GHI ]] -> 0 | KI10: =RD[[#This Row],[POA]] -> 6.1 | KJ10: =RD[[#This Row],[AT (°C) 14 Hours]] -> 35.1 | KK10: =RD[[#This Row],[MT (°C) Gen. Hours]] -> 50.1 | KL10: =RD[[#This Row],[WS_Avg (m/s) (24 Hours)]] -> 1.5 | KM10: =RD[[#This Row],[WS_Max (m/s)]] -> 4.3 | KN10: =SUM(RD[[#This Row],[BLK1_INV1]:[BLK8_INV27]]) -> 318035 | KQ10: =IFERROR(RD[[#This Row],[WPR_Eac]]/RD[[#This Row],[WPR_Edc]],"")
B11: =B10+1 -> 45752 | C11: =YEAR(RD[[#This Row],[Date]])+IF(MONTH(RD[[#This Row],[Date]])>=4,1,0) -> 2026 | D11: =YEAR(B11) -> 2025 | G11: =TEXT(RD[[#This Row],[Date]],"mmm-yy") -> Apr-25 | H11: =DAY(EOMONTH(B11,0)) -> 30 | I11: ='Basic Data '!$S$2 -> 66750 | J11: 0.29166667 | K11: 0.79166667 | L11: 1504.6 | M11: 1533.2 | N11: 1434.3 | O11: 1430 | P11: 1445 | Q11: 1391.2 | R11: 1356.7 | S11: 1317.3 | T11: 1381.6 | U11: 1387.3 | V11: 1455.5 | W11: 1454.2 | X11: 1440.4 | Y11: 1292.1 | Z11: 1355.1 | AA11: 1394 | AB11: 1331.7 | AC11: 1348.9 | AD11: 1501.1 | AE11: 1530.4 | AF11: 1546.5 | AG11: 1371.2 | AH11: 1560.1 | AI11: 1454.4 | AJ11: 1534.3 | AK11: 1532.5 | AL11: 1531.3 | AM11: 1556.2 | AN11: 1527.9 | AO11: 1570.5 | AP11: 1505.5 | AQ11: 1470.6 | AR11: 1313.6 | AS11: 1720.1 | AT11: 1297.8 | AU11: 1377.2 | AV11: 1345.7 | AW11: 1374.3 | AX11: 1377.6 | AY11: 1415.6 | AZ11: 1362.5 | BA11: 1347.5 | BB11: 1385 | BC11: 1394.4 | BD11: 1407.1 | BE11: 1428.5 | BF11: 1531 | BG11: 1333.2 | BH11: 1335.4 | BI11: 1362.9 | BJ11: 1293.4 | BK11: 1251.3 | BL11: 1435.5 | BM11: 1343.4 | BN11: 1343.5 | BO11: 1484.5 | BP11: 1393 | BQ11: 1358.5 | BR11: 1493.6 | BS11: 1333.7 | BT11: 1336.2 | BU11: 1499.5 | BV11: 1330 | BW11: 1395 | BX11: 1228.2 | BY11: 1532.6 | BZ11: 1556.8 | CA11: 1350.6 | CB11: 1398.8 | CC11: 1407.9 | CD11: 1155.1 | CE11: 1292.6 | CF11: 1352.3 | CG11: 1432.4 | CH11: 1406.4 | CI11: 1606.7 | CJ11: 1626.1 | CK11: 1350.6 | CL11: 1390.2 | CM11: 1511.4 | CN11: 1330 | CO11: 1433.2 | CP11: 1416.4 | CQ11: 1424.6 | CR11: 1408.1 | CS11: 1373.2 | CT11: 1428.1 | CU11: 1353.6 | CV11: 1261.8 | CW11: 1373.2 | CX11: 1445.8 | CY11: 1376.7 | CZ11: 1448.3 | DA11: 1178.7 | DB11: 1335.9 | DC11: 1379.4 | DD11: 1391.1 | DE11: 1416.3 | DF11: 1364.5 | DG11: 1307.3 | DH11: 1407.6 | DI11: 1412.5 | DJ11: 1353.5 | DK11: 1383.5 | DL11: 1585.5 | DM11: 1249.3 | DN11: 1625.4 | DO11: 1526.1 | DP11: 1387.9 | DQ11: 1584.4 | DR11: 1465.9 | DS11: 1561.4 | DT11: 1594.4 | DU11: 1626 | DV11: 1388.8 | DW11: 1473.8 | DX11: 1592.9 | DY11: 1492.1 | DZ11: 1537.2 | EA11: 1431.1 | EB11: 1447.2 | EC11: 1531.9 | ED11: 1473.6 | EE11: 1370.8 | EF11: 1451.2 | EG11: 1552.8 | EH11: 1306.1 | EI11: 1312.9 | EJ11: 1614.4 | EK11: 1593.2 | EL11: 1447.4 | EM11: 1484.4 | EN11: 1451.1 | EO11: 1099.1 | EP11: 1502.4 | EQ11: 1283.3 | ER11: 1499.9 | ES11: 1288.7 | ET11: 1498.1 | EU11: 1287.1 | EV11: 1328.6 | EW11: 1418.7 | EX11: 1403.1 | EY11: 1421.5 | EZ11: 1217 | FA11: 1590.5 | FB11: 1425.6 | FC11: 1295.5 | FD11: 1495.1 | FE11: 1511.4 | FF11: 1542.1 | FG11: 1403.5 | FH11: 1418.5 | FI11: 1401 | FJ11: 1470.4 | FK11: 1351.9 | FL11: 1352.2 | FM11: 1358.2 | FN11: 1260.1 | FO11: 1267.4 | FP11: 1420.8 | FQ11: 1278.4 | FR11: 1204.2 | FS11: 1290.1 | FT11: 1275.9 | FU11: 1071.1 | FV11: 1297 | FW11: 1495.6 | FX11: 1347.2 | FY11: 1256.5 | FZ11: 1304.3 | GA11: 1310.9 | GB11: 1471.5 | GC11: 1394.5 | GD11: 1532.6 | GE11: 1363.3 | GF11: 1339.4 | GG11: 1214.8 | GH11: 1587.4 | GI11: 1414.3 | GJ11: 1383.9 | GK11: 1456.3 | GL11: 1382.3 | GM11: 1489.4 | GN11: 1433.9 | GO11: 1459 | GP11: 1438.5 | GQ11: 1348.5 | GR11: 1388.4 | GS11: 1313.8 | GT11: 1306.3 | GU11: 1356.6 | GV11: 1317.1 | GW11: 1306.6 | GX11: 1420.1 | GY11: 1307.2 | GZ11: 1211.5 | HA11: 1468.8 | HD11: 1255 | HE11: 961.6 | HF11: 1405.3 | HH11: 1536.5 | HI11: 1228.2 | HJ11: 1427.6 | HK11: 1380.2 | HL11: 1379.5 | HM11: 1421.6 | HN11: 1440.7 | HO11: 1446.3 | HP11: 1448.2 | HQ11: 1447.2 | HR11: 1467.8 | HS11: 1470.2 | HT11: 1421.8 | HU11: 1651.1 | HV11: 1307.4 | HW11: 1216.5 | HX11: 1054.2 | HY11: 886.9 | HZ11: 976.1 | IA11: 1125.9 | IB11: 1296.6 | IC11: 1452.6 | ID11: 1280.3 | IE11: 1343.2 | IF11: 1345.4 | IG11: 1350.3 | IH11: 1382 | II11: 1407 | IJ11: 1368.9 | IK11: 1237.2 | IL11: 1020.7 | IM11: 1222.8 | IN11: 1112 | IP11: 1357.6 | IQ11: 1431.1 | IR11: 664.3 | IS11: 1326.3 | IT11: 1213.4 | IW11: 1352.3 | IX11: 1156.6 | IY11: 1200 | IZ11: 1239.6 | JA11: 1315.3 | JB11: 37.8 | JC11: 58.63 | JD11: 1.48 | JE11: 7.5 | JG11: 0 | JH11: 5.9 | JK11: 81371403 | JL11: 281330.58 | JM11: 54509150 | JN11: 61128.592 | JO11: 82148517 | JP11: 185452.89 | JQ11: 59414773 | JR11: 55101.734 | JS11: 3.0856627e+08 | JT11: 82104.15 | JU11: =IF((JK11-JK10)<0,"",(JK11-JK10)) -> 89684.133 | JV11: =IF((JL11-JL10)<0,"",(JL11-JL10)) -> 13.909 | JW11: =IF((JM11-JM10)<0,"",(JM11-JM10)) -> 88001.607 | JX11: =IF((JN11-JN10)<0,"",(JN11-JN10)) -> 10.071 | JY11: =IF((JO11-JO10)<0,"",(JO11-JO10)) -> 88399.444 | JZ11: =IF((JP11-JP10)<0,"",(JP11-JP10)) -> 47.034 | KA11: =IF((JQ11-JQ10)<0,"",(JQ11-JQ10)) -> 67466.668 | KB11: =IF((JR11-JR10)<0,"",(JR11-JR10)) -> 12.058 | ... KD11: =IF((JT11-JT10)<0,"",(JT11-JT10)) -> 55.638 | KE11: =(JU11+JW11)-(JV11+JX11) -> 177661.76 | KF11: =IFERROR(KC11-KD11,"") -> 333124.68 | KG11: =(RD[[#This Row],[Sunset Time (POA<20 W/m2)]]-RD[[#This Row],[Sunrise Time (POA>20 W/m2)]])*24 -> 12 | KH11: =RD[[#This Row],[GHI ]] -> 0 | KI11: =RD[[#This Row],[POA]] -> 5.9 | KJ11: =RD[[#This Row],[AT (°C) 14 Hours]] -> 37.8 | KK11: =RD[[#This Row],[MT (°C) Gen. Hours]] -> 58.63 | KL11: =RD[[#This Row],[WS_Avg (m/s) (24 Hours)]] -> 1.48 | KM11: =RD[[#This Row],[WS_Max (m/s)]] -> 7.5 | KN11: =SUM(RD[[#This Row],[BLK1_INV1]:[BLK8_INV27]]) -> 336772.2 | KQ11: =IFERROR(RD[[#This Row],[WPR_Eac]]/RD[[#This Row],[WPR_Edc]],"")
B12: =B11+1 -> 45753 | C12: =YEAR(RD[[#This Row],[Date]])+IF(MONTH(RD[[#This Row],[Date]])>=4,1,0) -> 2026 | D12: =YEAR(B12) -> 2025 | G12: =TEXT(RD[[#This Row],[Date]],"mmm-yy") -> Apr-25 | H12: =DAY(EOMONTH(B12,0)) -> 30 | I12: ='Basic Data '!$S$2 -> 66750 | J12: 0.29166667 | K12: 0.79166667 | L12: 1483.7 | M12: 1507.4 | N12: 1390.6 | O12: 1398.6 | P12: 1408.1 | Q12: 1355.9 | R12: 1384.8 | S12: 1284.1 | T12: 1385.7 | U12: 1350.6 | V12: 1418.7 | W12: 1416.1 | X12: 1404.9 | Y12: 1259.1 | Z12: 1321.8 | AA12: 1359.1 | AB12: 1288 | AC12: 1315.5 | AD12: 1451.8 | AE12: 1491 | AF12: 1390.3 | AG12: 1335.5 | AH12: 1520.9 | AI12: 1442 | AJ12: 1495.9 | AK12: 1491.9 | AL12: 1482.8 | AM12: 1512.8 | AN12: 1484.6 | AO12: 1525.3 | AP12: 1420.3 | AQ12: 1423.9 | AR12: 1281.8 | AS12: 1680.4 | AT12: 1266 | AU12: 1439.6 | AV12: 1311.6 | AW12: 1314.3 | AX12: 1342.3 | AY12: 1379.1 | AZ12: 1330.4 | BA12: 1315.1 | BB12: 1351.1 | BC12: 1360.9 | BD12: 1367.2 | BE12: 1392.8 | BF12: 1401.6 | BG12: 1297.1 | BH12: 1335.7 | BI12: 1369.1 | BJ12: 1287.3 | BK12: 1247.5 | BL12: 1430.7 | BM12: 1539 | BN12: 1396 | BO12: 1484 | BP12: 1406.3 | BQ12: 1355.5 | BR12: 1490.3 | BS12: 1428 | BT12: 1401 | BU12: 1494.7 | BV12: 1330 | BW12: 1240 | BX12: 1290 | BY12: 1492.7 | BZ12: 1521 | CA12: 1380.5 | CB12: 1361.5 | CC12: 1371.4 | CD12: 1186 | CE12: 1254.6 | CF12: 1292 | CG12: 1384.8 | CH12: 1390.5 | CI12: 1568.8 | CJ12: 1584.7 | CK12: 1318.2 | CL12: 1354.2 | CM12: 1466.8 | CN12: 1392.7 | CO12: 1396.5 | CP12: 1379.4 | CQ12: 1386.8 | CR12: 1371.7 | CS12: 1320 | CT12: 1391.2 | CU12: 1320.6 | CV12: 1190 | CW12: 1336.6 | CX12: 1400 | CY12: 1327.1 | CZ12: 1411.7 | DA12: 1132 | DB12: 1311.5 | DC12: 1343.4 | DD12: 1354.1 | DE12: 1356.8 | DF12: 1329.4 | DG12: 1291.2 | DH12: 1422.7 | DI12: 1375.3 | DJ12: 1392.6 | DK12: 1344.3 | DL12: 1547.1 | DM12: 1184.1 | DN12: 1579.4 | DO12: 1489.2 | DP12: 1350.9 | DQ12: 1536 | DR12: 1419.3 | DS12: 1522.7 | DT12: 1545.1 | DU12: 1587.3 | DV12: 1335.4 | DW12: 1343.4 | DX12: 1555.8 | DY12: 1448.9 | DZ12: 1404.1 | EA12: 1378.2 | EB12: 1408.2 | EC12: 1480.4 | ED12: 1421 | EE12: 1334 | EF12: 1402 | EG12: 1474 | EH12: 1280.9 | EI12: 1285.1 | EJ12: 1631.8 | EK12: 1558.2 | EL12: 1414.7 | EM12: 1491.6 | EN12: 1419.5 | EO12: 1075 | EP12: 1459.2 | EQ12: 1255.6 | ER12: 1412.5 | ES12: 1258.4 | ET12: 1461.4 | EU12: 1256.3 | EV12: 1298.5 | EW12: 1388.3 | EX12: 1368.9 | EY12: 1388.3 | EZ12: 1187 | FA12: 1553.6 | FB12: 1393.8 | FC12: 1263.7 | FD12: 1460.7 | FE12: 1476.7 | FF12: 1505.2 | FG12: 1371.8 | FH12: 1481.4 | FI12: 1357.2 | FJ12: 1339.9 | FK12: 1323.9 | FL12: 1325.2 | FM12: 1330.4 | FN12: 1231 | FO12: 1240.3 | FP12: 1425 | FQ12: 1281 | FR12: 1226.7 | FS12: 1352 | FT12: 1257.6 | FU12: 1044.9 | FV12: 1265.9 | FW12: 1460.2 | FX12: 1317 | FY12: 1229.5 | FZ12: 1274.1 | GA12: 1297.8 | GB12: 1433.1 | GC12: 1365.5 | GD12: 1544.3 | GE12: 1365.1 | GF12: 1357.1 | GG12: 1225.7 | GH12: 1500 | GI12: 1416.6 | GJ12: 1394.3 | GK12: 1448.1 | GL12: 1403 | GM12: 1471.9 | GN12: 1439.5 | GO12: 1455 | GP12: 1444.6 | GQ12: 1444.5 | GR12: 1393.3 | GS12: 1327.1 | GT12: 1359.2 | GU12: 1359.1 | GV12: 1314.7 | GW12: 1345.6 | GX12: 1408.7 | GY12: 1267.8 | GZ12: 1163.3 | HA12: 1428 | HD12: 1244.9 | HE12: 955.3 | HF12: 1397 | HH12: 1559.7 | HI12: 1228 | HJ12: 1408.2 | HK12: 1357.1 | HL12: 1340.5 | HM12: 1405.4 | HN12: 1413.7 | HO12: 1419.4 | HP12: 1422.7 | HQ12: 1443.7 | HR12: 1435 | HS12: 1430.4 | HT12: 1382.3 | HU12: 1613.2 | HV12: 1272.7 | HW12: 1185.7 | HX12: 1040 | HY12: 855 | HZ12: 988.1 | IA12: 1154 | IB12: 1354.8 | IC12: 1534.6 | ID12: 1334.7 | IE12: 1407 | IF12: 1405 | IG12: 1402 | IH12: 1416.5 | II12: 1470.3 | IJ12: 1098.5 | IK12: 1277.1 | IL12: 1167.1 | IM12: 1276.3 | IN12: 1026.3 | IP12: 1176.1 | IQ12: 1407.9 | IR12: 758.9 | IS12: 1223.4 | IT12: 1213.7 | IW12: 1391.4 | IX12: 1280.4 | IY12: 1195 | IZ12: 1190.5 | JA12: 1310 | JB12: 39.3 | JC12: 47.4 | JD12: 1.2 | JE12: 5.33 | JG12: 0 | JH12: 6.92 | JK12: 81459682 | JL12: 281344.87 | JM12: 54594618 | JN12: 61137.77 | JO12: 82235620 | JP12: 185501.96 | JQ12: 59483445 | JR12: 55113.894 | JS12: 3.0889539e+08 | JT12: 82159.511 | JU12: =IF((JK12-JK11)<0,"",(JK12-JK11)) -> 88279.545 | JV12: =IF((JL12-JL11)<0,"",(JL12-JL11)) -> 14.292 | JW12: =IF((JM12-JM11)<0,"",(JM12-JM11)) -> 85468.695 | JX12: =IF((JN12-JN11)<0,"",(JN12-JN11)) -> 9.178 | JY12: =IF((JO12-JO11)<0,"",(JO12-JO11)) -> 87102.508 | JZ12: =IF((JP12-JP11)<0,"",(JP12-JP11)) -> 49.068 | KA12: =IF((JQ12-JQ11)<0,"",(JQ12-JQ11)) -> 68671.865 | KB12: =IF((JR12-JR11)<0,"",(JR12-JR11)) -> 12.16 | ... KD12: =IF((JT12-JT11)<0,"",(JT12-JT11)) -> 55.361 | KE12: =(JU12+JW12)-(JV12+JX12) -> 173724.77 | KF12: =IFERROR(KC12-KD12,"") -> 329057.21 | KG12: =(RD[[#This Row],[Sunset Time (POA<20 W/m2)]]-RD[[#This Row],[Sunrise Time (POA>20 W/m2)]])*24 -> 12 | KH12: =RD[[#This Row],[GHI ]] -> 0 | KI12: =RD[[#This Row],[POA]] -> 6.92 | KJ12: =RD[[#This Row],[AT (°C) 14 Hours]] -> 39.3 | KK12: =RD[[#This Row],[MT (°C) Gen. Hours]] -> 47.4 | KL12: =RD[[#This Row],[WS_Avg (m/s) (24 Hours)]] -> 1.2 | KM12: =RD[[#This Row],[WS_Max (m/s)]] -> 5.33 | KN12: =SUM(RD[[#This Row],[BLK1_INV1]:[BLK8_INV27]]) -> 331522.2 | KQ12: =IFERROR(RD[[#This Row],[WPR_Eac]]/RD[[#This Row],[WPR_Edc]],"")
B13: =B12+1 -> 45754 | C13: =YEAR(RD[[#This Row],[Date]])+IF(MONTH(RD[[#This Row],[Date]])>=4,1,0) -> 2026 | D13: =YEAR(B13) -> 2025 | G13: =TEXT(RD[[#This Row],[Date]],"mmm-yy") -> Apr-25 | H13: =DAY(EOMONTH(B13,0)) -> 30 | I13: ='Basic Data '!$S$2 -> 66750 | J13: 0.29166667 | K13: 0.79166667 | L13: 1422 | M13: 1445 | N13: 1333 | O13: 1339 | P13: 1390 | Q13: 1300 | R13: 1328 | S13: 1280 | T13: 1328 | U13: 1340 | V13: 1358 | W13: 1356 | X13: 1344 | Y13: 1204 | Z13: 1262 | AA13: 1299 | AB13: 1290 | AC13: 1256 | AD13: 1400 | AE13: 1422 | AF13: 1328 | AG13: 1276 | AH13: 1452 | AI13: 1420 | AJ13: 1427 | AK13: 1421 | AL13: 1414 | AM13: 1440 | AN13: 1411 | AO13: 1444 | AP13: 1478 | AQ13: 1390 | AR13: 1226 | AS13: 1612 | AT13: 1280 | AU13: 1410 | AV13: 1296 | AW13: 1259 | AX13: 1286 | AY13: 1322 | AZ13: 1276 | BA13: 1262 | BB13: 1294 | BC13: 1303 | BD13: 1310 | BE13: 1334 | BF13: 1429 | BG13: 1297 | BH13: 1310 | BI13: 1314 | BJ13: 1260 | BK13: 1230 | BL13: 1398 | BM13: 1476 | BN13: 1388 | BO13: 1426 | BP13: 1424 | BQ13: 1301 | BR13: 1427 | BS13: 1394 | BT13: 1301 | BU13: 1435 | BV13: 1340 | BW13: 1310 | BX13: 1440 | BY13: 1430 | BZ13: 1456 | CA13: 1299 | CB13: 1302 | CC13: 1315 | CD13: 1328 | CE13: 1210 | CF13: 1250 | CG13: 1332 | CH13: 1350 | CI13: 1502 | CJ13: 1519 | CK13: 1320 | CL13: 1300 | CM13: 1406 | CN13: 1334 | CO13: 1338 | CP13: 1322 | CQ13: 1330 | CR13: 1315 | CS13: 1297 | CT13: 1333 | CU13: 1317 | CV13: 1296 | CW13: 1281 | CX13: 1342 | CY13: 1376 | CZ13: 1353 | DA13: 1191 | DB13: 1410 | DC13: 1289 | DD13: 1300 | DE13: 1299 | DF13: 1276 | DG13: 1260 | DH13: 1364 | DI13: 1319 | DJ13: 1336 | DK13: 1293 | DL13: 1487 | DM13: 1200 | DN13: 1514 | DO13: 1425 | DP13: 1295 | DQ13: 1473 | DR13: 1390 | DS13: 1460 | DT13: 1472 | DU13: 1519 | DV13: 1269 | DW13: 1374 | DX13: 1488 | DY13: 1420 | DZ13: 1406 | EA13: 1331 | EB13: 1353 | EC13: 1420 | ED13: 1390 | EE13: 1282 | EF13: 1354 | EG13: 1478 | EH13: 1260 | EI13: 1280 | EJ13: 1513 | EK13: 1491 | EL13: 1396 | EM13: 1392 | EN13: 1398 | EO13: 1100 | EP13: 1404 | EQ13: 1299 | ER13: 1391 | ES13: 1260 | ET13: 1394 | EU13: 1280 | EV13: 1290 | EW13: 1388 | EX13: 1307 | EY13: 1399 | EZ13: 1189 | FA13: 1484 | FB13: 1331 | FC13: 1211 | FD13: 1400 | FE13: 1415 | FF13: 1439 | FG13: 1316 | FH13: 1421 | FI13: 1312 | FJ13: 1286 | FK13: 1271 | FL13: 1310 | FM13: 1274 | FN13: 1287 | FO13: 1303 | FP13: 1433 | FQ13: 1269 | FR13: 1280 | FS13: 1372 | FT13: 1311 | FU13: 1099 | FV13: 1242 | FW13: 1430 | FX13: 1307 | FY13: 1299 | FZ13: 1298 | GA13: 1296 | GB13: 1427 | GC13: 1341 | GD13: 1528 | GE13: 1337 | GF13: 1314 | GG13: 1230 | GH13: 1543 | GI13: 1364 | GJ13: 1355 | GK13: 1403 | GL13: 1395 | GM13: 1430 | GN13: 1409 | GO13: 1475 | GP13: 1393 | GQ13: 1402 | GR13: 1369 | GS13: 1306 | GT13: 1304 | GU13: 1304 | GV13: 1258 | GW13: 1291 | GX13: 1353 | GY13: 1211 | GZ13: 1116 | HA13: 1354 | HD13: 1220 | HE13: 939 | HF13: 1360 | HH13: 1488 | HI13: 1230 | HJ13: 1350 | HK13: 1301 | HL13: 1275 | HM13: 1339 | HN13: 1357 | HO13: 1357 | HP13: 1365 | HQ13: 1378 | HR13: 1384 | HS13: 1372 | HT13: 1320 | HU13: 1552 | HV13: 1224 | HW13: 1135 | HX13: 1020 | HY13: 910 | HZ13: 972 | IA13: 1145 | IB13: 1336 | IC13: 1510 | ID13: 1314 | IE13: 1386 | IF13: 1410 | IG13: 1378 | IH13: 1387 | II13: 1459 | IJ13: 1200 | IK13: 1256 | IL13: 1155 | IM13: 1268 | IN13: 1150 | IP13: 1700 | IQ13: 1410 | IR13: 600 | IS13: 1210 | IT13: 1245 | IW13: 1178 | IX13: 1300 | IY13: 1300 | IZ13: 1130 | JA13: 1098 | JB13: 41.9 | JC13: 51.1 | JD13: 1.1 | JE13: 3.13 | JG13: 0 | JH13: 6.5256667 | JK13: 81544203 | JL13: 281359.7 | JM13: 54676517 | JN13: 61149.622 | JO13: 82320466 | JP13: 185544.89 | JQ13: 59549914 | JR13: 55125.834 | JS13: 3.0921277e+08 | JT13: 82213.909 | JU13: =IF((JK13-JK12)<0,"",(JK13-JK12)) -> 84520.394 | JV13: =IF((JL13-JL12)<0,"",(JL13-JL12)) -> 14.832 | JW13: =IF((JM13-JM12)<0,"",(JM13-JM12)) -> 81898.777 | JX13: =IF((JN13-JN12)<0,"",(JN13-JN12)) -> 11.852 | JY13: =IF((JO13-JO12)<0,"",(JO13-JO12)) -> 84845.648 | JZ13: =IF((JP13-JP12)<0,"",(JP13-JP12)) -> 42.928 | KA13: =IF((JQ13-JQ12)<0,"",(JQ13-JQ12)) -> 66469.022 | KB13: =IF((JR13-JR12)<0,"",(JR13-JR12)) -> 11.94 | ... KD13: =IF((JT13-JT12)<0,"",(JT13-JT12)) -> 54.398 | KE13: =(JU13+JW13)-(JV13+JX13) -> 166392.49 | KF13: =IFERROR(KC13-KD13,"") -> 317332.6 | KG13: =(RD[[#This Row],[Sunset Time (POA<20 W/m2)]]-RD[[#This Row],[Sunrise Time (POA>20 W/m2)]])*24 -> 12 | KH13: =RD[[#This Row],[GHI ]] -> 0 | KI13: =RD[[#This Row],[POA]] -> 6.5256667 | KJ13: =RD[[#This Row],[AT (°C) 14 Hours]] -> 41.9 | KK13: =RD[[#This Row],[MT (°C) Gen. Hours]] -> 51.1 | KL13: =RD[[#This Row],[WS_Avg (m/s) (24 Hours)]] -> 1.1 | KM13: =RD[[#This Row],[WS_Max (m/s)]] -> 3.13 | KN13: =SUM(RD[[#This Row],[BLK1_INV1]:[BLK8_INV27]]) -> 324271 | KQ13: =IFERROR(RD[[#This Row],[WPR_Eac]]/RD[[#This Row],[WPR_Edc]],"")
B14: =B13+1 -> 45755 | C14: =YEAR(RD[[#This Row],[Date]])+IF(MONTH(RD[[#This Row],[Date]])>=4,1,0) -> 2026 | D14: =YEAR(B14) -> 2025 | G14: =TEXT(RD[[#This Row],[Date]],"mmm-yy") -> Apr-25 | H14: =DAY(EOMONTH(B14,0)) -> 30 | I14: ='Basic Data '!$S$2 -> 66750 | J14: 0.29166667 | K14: 0.79166667 | L14: 1318.6 | M14: 1341.3 | N14: 1243.2 | O14: 1247 | P14: 1320.2 | Q14: 1214.4 | R14: 1280.2 | S14: 1243.7 | T14: 1300.1 | U14: 1272.5 | V14: 1269.5 | W14: 1258.1 | X14: 1280 | Y14: 1177.2 | Z14: 1212.7 | AA14: 1230 | AB14: 1240 | AC14: 1245 | AD14: 1380 | AE14: 1324 | AF14: 1335.1 | AG14: 1240.1 | AH14: 1340.2 | AI14: 1430 | AJ14: 1324.4 | AK14: 1313.7 | AL14: 1380 | AM14: 1388 | AN14: 1382.3 | AO14: 1395.6 | AP14: 1390.6 | AQ14: 1325.8 | AR14: 1190 | AS14: 1600.1 | AT14: 1248.6 | AU14: 1391.3 | AV14: 1275.2 | AW14: 1230.4 | AX14: 1280.2 | AY14: 1237.1 | AZ14: 1290 | BA14: 1250 | BB14: 1240 | BC14: 1219.6 | BD14: 1228.8 | BE14: 1245.6 | BF14: 1341.3 | BG14: 1287.8 | BH14: 1301.9 | BI14: 1300.9 | BJ14: 1278.2 | BK14: 1272.1 | BL14: 1390.9 | BM14: 1396.9 | BN14: 1345.9 | BO14: 1420.1 | BP14: 1420.7 | BQ14: 1290.3 | BR14: 1448.3 | BS14: 1377.7 | BT14: 1249.4 | BU14: 1420 | BV14: 1308 | BW14: 1215.9 | BX14: 1333.8 | BY14: 1331.1 | BZ14: 1352.3 | CA14: 1270.2 | CB14: 1280.4 | CC14: 1312.7 | CD14: 1239.3 | CE14: 1219.4 | CF14: 1243.7 | CG14: 1246.1 | CH14: 1333.5 | CI14: 1408.1 | CJ14: 1423.7 | CK14: 1235.4 | CL14: 1292.2 | CM14: 1401.8 | CN14: 1250.3 | CO14: 1254.3 | CP14: 1238.3 | CQ14: 1245.2 | CR14: 1239.6 | CS14: 1277.3 | CT14: 1243.8 | CU14: 1280.5 | CV14: 1290.2 | CW14: 1280.5 | CX14: 1336.9 | CY14: 1350.1 | CZ14: 1265.5 | DA14: 1232.5 | DB14: 1360.4 | DC14: 1280.9 | DD14: 1290.7 | DE14: 1288.9 | DF14: 1240.4 | DG14: 1255.4 | DH14: 1253.8 | DI14: 1232 | DJ14: 1248.8 | DK14: 1280.1 | DL14: 1395.2 | DM14: 1230.9 | DN14: 1413.9 | DO14: 1420.8 | DP14: 1289.4 | DQ14: 1430.5 | DR14: 1370.5 | DS14: 1369 | DT14: 1396.3 | DU14: 1427.1 | DV14: 1250.6 | DW14: 1301.5 | DX14: 1405.5 | DY14: 1401.3 | DZ14: 1399.4 | EA14: 1254.3 | EB14: 1268.5 | EC14: 1390.1 | ED14: 1368.2 | EE14: 1290.5 | EF14: 1268.5 | EG14: 1463.7 | EH14: 1247.1 | EI14: 1252.4 | EJ14: 1419 | EK14: 1399.3 | EL14: 1372.1 | EM14: 1390.7 | EN14: 1376 | EO14: 1090 | EP14: 1398.1 | EQ14: 1290.3 | ER14: 1366 | ES14: 1300.5 | ET14: 1310.7 | EU14: 1227.4 | EV14: 1265.5 | EW14: 1352 | EX14: 1324.9 | EY14: 1388.5 | EZ14: 1190 | FA14: 1395.2 | FB14: 1299.5 | FC14: 1190.8 | FD14: 1390.3 | FE14: 1428.4 | FF14: 1399 | FG14: 1331 | FH14: 1426.6 | FI14: 1264 | FJ14: 1299.3 | FK14: 1289.5 | FL14: 1295.9 | FM14: 1292.9 | FN14: 1276 | FO14: 1244.6 | FP14: 1477.1 | FQ14: 1266.3 | FR14: 1328.3 | FS14: 1397 | FT14: 1423.5 | FU14: 1230.5 | FV14: 1277.5 | FW14: 1380.6 | FX14: 1249.5 | FY14: 1300.4 | FZ14: 1299.9 | GA14: 1290.3 | GB14: 1410.4 | GC14: 1364.3 | GD14: 1454 | GE14: 1278.8 | GF14: 1281.5 | GG14: 1250.5 | GH14: 1475.3 | GI14: 1305.3 | GJ14: 1366.5 | GK14: 1400.8 | GL14: 1388.2 | GM14: 1420 | GN14: 1388 | GO14: 1405.5 | GP14: 1339.6 | GQ14: 1329.6 | GR14: 1310.6 | GS14: 1343.2 | GT14: 1288.1 | GU14: 1322.6 | GV14: 1250 | GW14: 1280 | GX14: 1270.9 | GY14: 1235.8 | GZ14: 1052.1 | HA14: 1272.5 | HD14: 1204.6 | HE14: 930.1 | HF14: 1270.3 | HH14: 1452.5 | HI14: 1212.5 | HJ14: 1261.4 | HK14: 1287.9 | HL14: 1272.6 | HM14: 1280.9 | HN14: 1287.5 | HO14: 1295.7 | HP14: 1297 | HQ14: 1317.5 | HR14: 1290.5 | HS14: 1282.4 | HT14: 1324.1 | HU14: 1454.9 | HV14: 1144.9 | HW14: 1120.5 | HX14: 916.4 | HY14: 760.2 | HZ14: 970.5 | IA14: 1177.5 | IB14: 1352.4 | IC14: 1415.5 | ID14: 1300 | IE14: 1296 | IF14: 1295.8 | IG14: 1280.2 | IH14: 1380.8 | II14: 1471.4 | IJ14: 1190.3 | IK14: 1250.5 | IL14: 1187 | IM14: 1250.8 | IN14: 1092.1 | IP14: 1708.5 | IQ14: 1400.2 | IR14: 550.8 | IS14: 1210.9 | IT14: 1212.7 | IW14: 1162.8 | IX14: 1288.5 | IY14: 1315.2 | IZ14: 1140.2 | JA14: 1115.2 | JB14: 43.9 | JC14: 51.1 | JD14: 1.1 | JE14: 3.13 | JG14: 0 | JH14: 6.0577667 | JK14: 81623457 | JL14: 281374.68 | JM14: 54753444 | JN14: 61162.416 | JO14: 82400732 | JP14: 185586.94 | JQ14: 59612531 | JR14: 55139.475 | JS14: 3.0951154e+08 | JT14: 82271.483 | JU14: =IF((JK14-JK13)<0,"",(JK14-JK13)) -> 79253.87 | JV14: =IF((JL14-JL13)<0,"",(JL14-JL13)) -> 14.976 | JW14: =IF((JM14-JM13)<0,"",(JM14-JM13)) -> 76927.468 | JX14: =IF((JN14-JN13)<0,"",(JN14-JN13)) -> 12.794 | JY14: =IF((JO14-JO13)<0,"",(JO14-JO13)) -> 80266.236 | JZ14: =IF((JP14-JP13)<0,"",(JP14-JP13)) -> 42.053 | KA14: =IF((JQ14-JQ13)<0,"",(JQ14-JQ13)) -> 62616.914 | KB14: =IF((JR14-JR13)<0,"",(JR14-JR13)) -> 13.641 | ... KD14: =IF((JT14-JT13)<0,"",(JT14-JT13)) -> 57.574 | KE14: =(JU14+JW14)-(JV14+JX14) -> 156153.57 | KF14: =IFERROR(KC14-KD14,"") -> 298705.17 | KG14: =(RD[[#This Row],[Sunset Time (POA<20 W/m2)]]-RD[[#This Row],[Sunrise Time (POA>20 W/m2)]])*24 -> 12 | KH14: =RD[[#This Row],[GHI ]] -> 0 | KI14: =RD[[#This Row],[POA]] -> 6.0577667 | KJ14: =RD[[#This Row],[AT (°C) 14 Hours]] -> 43.9 | KK14: =RD[[#This Row],[MT (°C) Gen. Hours]] -> 51.1 | KL14: =RD[[#This Row],[WS_Avg (m/s) (24 Hours)]] -> 1.1 | KM14: =RD[[#This Row],[WS_Max (m/s)]] -> 3.13 | KN14: =SUM(RD[[#This Row],[BLK1_INV1]:[BLK8_INV27]]) -> 315636 | KQ14: =IFERROR(RD[[#This Row],[WPR_Eac]]/RD[[#This Row],[WPR_Edc]],"")
B15: =B14+1 -> 45756 | C15: =YEAR(RD[[#This Row],[Date]])+IF(MONTH(RD[[#This Row],[Date]])>=4,1,0) -> 2026 | D15: =YEAR(B15) -> 2025 | G15: =TEXT(RD[[#This Row],[Date]],"mmm-yy") -> Apr-25 | H15: =DAY(EOMONTH(B15,0)) -> 30 | I15: ='Basic Data '!$S$2 -> 66750 | J15: 0.29166667 | K15: 0.79166667 | L15: 1233 | M15: 1254 | N15: 1180 | O15: 1165 | P15: 1222 | Q15: 1133 | R15: 1158 | S15: 1172 | T15: 1199 | U15: 1188 | V15: 1189 | W15: 1184 | X15: 1173 | Y15: 1040 | Z15: 1098 | AA15: 1130 | AB15: 1120 | AC15: 1130 | AD15: 1219 | AE15: 1232 | AF15: 1150 | AG15: 1130 | AH15: 1248 | AI15: 1250 | AJ15: 1231 | AK15: 1222 | AL15: 1290 | AM15: 1250 | AN15: 1255 | AO15: 1250 | AP15: 1300 | AQ15: 1242 | AR15: 1073 | AS15: 351 | AT15: 1114 | AU15: 1208 | AV15: 1150 | AW15: 1102 | AX15: 1124 | AY15: 1155 | AZ15: 1160 | BA15: 1160 | BB15: 1132 | BC15: 1141 | BD15: 1146 | BE15: 1164 | BF15: 1252 | BG15: 1136 | BH15: 1188 | BI15: 1178 | BJ15: 1150 | BK15: 1171 | BL15: 1336 | BM15: 1329 | BN15: 1250 | BO15: 1278 | BP15: 1280 | BQ15: 1171 | BR15: 1281 | BS15: 1270 | BT15: 1149 | BU15: 1291 | BV15: 1220 | BW15: 1080 | BX15: 1246 | BY15: 1244 | BZ15: 1264 | CA15: 1190 | CB15: 1148 | CC15: 1143 | CD15: 1158 | CE15: 1132 | CF15: 1140 | CG15: 1166 | CH15: 1277 | CI15: 1316 | CJ15: 1330 | CK15: 1154 | CL15: 1138 | CM15: 1250 | CN15: 1168 | CO15: 1172 | CP15: 1156 | CQ15: 1164 | CR15: 1148 | CS15: 1155 | CT15: 1162 | CU15: 1143 | CV15: 1129 | CW15: 1140 | CX15: 1180 | CY15: 1310 | CZ15: 1182 | DA15: 1160 | DB15: 1398 | DC15: 1125 | DD15: 1135 | DE15: 1162 | DF15: 1160 | DG15: 1150 | DH15: 1195 | DI15: 1153 | DJ15: 1170 | DK15: 1131 | DL15: 1304 | DM15: 1140 | DN15: 1325 | DO15: 1302 | DP15: 1180 | DQ15: 1290 | DR15: 1222 | DS15: 1281 | DT15: 1325 | DU15: 1334 | DV15: 1140 | DW15: 1205 | DX15: 1310 | DY15: 1319 | DZ15: 1262 | EA15: 1178 | EB15: 1187 | EC15: 1298 | ED15: 1240 | EE15: 1123 | EF15: 1186 | EG15: 1498 | EH15: 1167 | EI15: 1140 | EJ15: 1321 | EK15: 1303 | EL15: 1240 | EM15: 1218 | EN15: 1230 | EO15: 1000 | EP15: 1225 | EQ15: 1245 | ER15: 1199 | ES15: 1200 | ET15: 1215 | EU15: 1150 | EV15: 1199 | EW15: 1240 | EX15: 1138 | EY15: 1230 | EZ15: 1100 | FA15: 1298 | FB15: 1134 | FC15: 1057 | FD15: 1260 | FE15: 1239 | FF15: 1253 | FG15: 1147 | FH15: 1290 | FI15: 1141 | FJ15: 1120 | FK15: 1108 | FL15: 1198 | FM15: 1140 | FN15: 1098 | FO15: 1162 | FP15: 1293 | FQ15: 1146 | FR15: 1230 | FS15: 1280 | FT15: 1270 | FU15: 1160 | FV15: 1129 | FW15: 1297 | FX15: 1179 | FY15: 1200 | FZ15: 1162 | GA15: 1166 | GB15: 1280 | GC15: 1207 | GD15: 1359 | GE15: 1195 | GF15: 1200 | GG15: 1176 | GH15: 1386 | GI15: 1218 | GJ15: 1226 | GK15: 1259 | GL15: 1290 | GM15: 1300 | GN15: 1256 | GO15: 1327 | GP15: 1252 | GQ15: 1243 | GR15: 1232 | GS15: 1240 | GT15: 1153 | GU15: 1156 | GV15: 1130 | GW15: 1139 | GX15: 1220 | GY15: 1150 | GZ15: 1009 | HA15: 1233 | HD15: 1198 | HE15: 898 | HF15: 1280 | HH15: 1250 | HI15: 1278 | HJ15: 1182 | HK15: 1172 | HL15: 1149 | HM15: 1209 | HN15: 1214 | HO15: 1233 | HP15: 1230 | HQ15: 1244 | HR15: 1213 | HS15: 1201 | HT15: 1230 | HU15: 1365 | HV15: 1072 | HW15: 1110 | HX15: 860 | HY15: 810 | HZ15: 910 | IA15: 1011 | IB15: 1213 | IC15: 1372 | ID15: 1198 | IE15: 1244 | IF15: 1298 | IG15: 1278 | IH15: 1287 | II15: 1300 | IJ15: 1099 | IK15: 1219 | IL15: 1099 | IM15: 1124 | IN15: 1010 | IP15: 1498 | IQ15: 1398 | IR15: 450 | IS15: 1198 | IT15: 1123 | IW15: 1098 | IX15: 1298 | IY15: 1199 | IZ15: 1110 | JA15: 1110 | JB15: 39.9 | JC15: 50.1 | JD15: 1.1 | JE15: 3.4 | JG15: 0 | JH15: =337609/60000 -> 5.6268167 | JK15: 81698640 | JL15: 281383.07 | JM15: 54825971 | JN15: 61171.181 | JO15: 82476110 | JP15: 185620.07 | JQ15: 59671742 | JR15: 55149.599 | JS15: 3.0979355e+08 | JT15: 82309.564 | JU15: =IF((JK15-JK14)<0,"",(JK15-JK14)) -> 75183.551 | JV15: =IF((JL15-JL14)<0,"",(JL15-JL14)) -> 8.391 | JW15: =IF((JM15-JM14)<0,"",(JM15-JM14)) -> 72526.636 | JX15: =IF((JN15-JN14)<0,"",(JN15-JN14)) -> 8.765 | JY15: =IF((JO15-JO14)<0,"",(JO15-JO14)) -> 75378.439 | JZ15: =IF((JP15-JP14)<0,"",(JP15-JP14)) -> 33.122 | KA15: =IF((JQ15-JQ14)<0,"",(JQ15-JQ14)) -> 59210.456 | KB15: =IF((JR15-JR14)<0,"",(JR15-JR14)) -> 10.124 | ... KD15: =IF((JT15-JT14)<0,"",(JT15-JT14)) -> 38.081 | KE15: =(JU15+JW15)-(JV15+JX15) -> 147693.03 | KF15: =IFERROR(KC15-KD15,"") -> 281980.78 | KG15: =(RD[[#This Row],[Sunset Time (POA<20 W/m2)]]-RD[[#This Row],[Sunrise Time (POA>20 W/m2)]])*24 -> 12 | KH15: =RD[[#This Row],[GHI ]] -> 0 | KI15: =RD[[#This Row],[POA]] -> 5.6268167 | KJ15: =RD[[#This Row],[AT (°C) 14 Hours]] -> 39.9 | KK15: =RD[[#This Row],[MT (°C) Gen. Hours]] -> 50.1 | KL15: =RD[[#This Row],[WS_Avg (m/s) (24 Hours)]] -> 1.1 | KM15: =RD[[#This Row],[WS_Max (m/s)]] -> 3.4 | KN15: =SUM(RD[[#This Row],[BLK1_INV1]:[BLK8_INV27]]) -> 289705 | KQ15: =IFERROR(RD[[#This Row],[WPR_Eac]]/RD[[#This Row],[WPR_Edc]],"")
B16: =B15+1 -> 45757 | C16: =YEAR(RD[[#This Row],[Date]])+IF(MONTH(RD[[#This Row],[Date]])>=4,1,0) -> 2026 | D16: =YEAR(B16) -> 2025 | G16: =TEXT(RD[[#This Row],[Date]],"mmm-yy") -> Apr-25 | H16: =DAY(EOMONTH(B16,0)) -> 30 | I16: ='Basic Data '!$S$2 -> 66750 | J16: 0.29166667 | K16: 0.79166667 | L16: 971 | M16: 984 | N16: 912 | O16: 911 | P16: 965 | Q16: 892 | R16: 901 | S16: 932 | T16: 990 | U16: 940 | V16: 926 | W16: 922 | X16: 910 | Y16: 818 | Z16: 854 | AA16: 882 | AB16: 940 | AC16: 940 | AD16: 952 | AE16: 963 | AF16: 896 | AG16: 920 | AH16: 981 | AI16: 960 | AJ16: 963 | AK16: 954 | AL16: 999 | AM16: 950 | AN16: 935 | AO16: 954 | AP16: 990 | AQ16: 1000 | AR16: 835 | AS16: 1105 | AT16: 888 | AU16: 940 | AV16: 898 | AW16: 857 | AX16: 874 | AY16: 890 | AZ16: 899 | BA16: 899 | BB16: 888 | BC16: 883 | BD16: 893 | BE16: 908 | BF16: 978 | BG16: 884 | BH16: 898 | BI16: 976 | BJ16: 925 | BK16: 864 | BL16: 990 | BM16: 980 | BN16: 950 | BO16: 997 | BP16: 988 | BQ16: 860 | BR16: 999 | BS16: 990 | BT16: 943 | BU16: 1010 | BV16: 910 | BW16: 898 | BX16: 968 | BY16: 964 | BZ16: 980 | CA16: 950 | CB16: 884 | CC16: 885 | CD16: 898 | CE16: 881 | CF16: 862 | CG16: 902 | CH16: 1010 | CI16: 1020 | CJ16: 1030 | CK16: 893 | CL16: 899 | CM16: 968 | CN16: 904 | CO16: 906 | CQ16: 900 | CR16: 889 | CS16: 899 | CT16: 907 | CU16: 895 | CV16: 883 | CW16: 898 | CX16: 917 | CY16: 992 | CZ16: 918 | DA16: 892 | DB16: 978 | DC16: 868 | DD16: 876 | DE16: 897 | DF16: 896 | DG16: 949 | DH16: 926 | DI16: 895 | DJ16: 908 | DK16: 950 | DL16: 1008 | DM16: 909 | DN16: 1021 | DO16: 1005 | DP16: 914 | DQ16: 1000 | DR16: 947 | DS16: 989 | DT16: 1032 | DU16: 1031 | DV16: 883 | DW16: 933 | DX16: 1012 | DY16: 961 | DZ16: 972 | EA16: 938 | EB16: 960 | EC16: 978 | ED16: 943 | EE16: 894 | EF16: 919 | EG16: 1010 | EH16: 826 | EI16: 833 | EJ16: 1022 | EK16: 1010 | EL16: 920 | EM16: 949 | EN16: 927 | EO16: 805 | EP16: 958 | EQ16: 913 | ER16: 916 | ES16: 809 | ET16: 949 | EU16: 929 | EV16: 946 | EW16: 915 | EX16: 850 | EY16: 960 | EZ16: 931 | FA16: 928 | FB16: 840 | FC16: 784 | FD16: 904 | FE16: 921 | FF16: 928 | FG16: 847 | FH16: 1010 | FI16: 845 | FJ16: 831 | FK16: 822 | FL16: 910 | FM16: 922 | FN16: 862 | FO16: 916 | FP16: 1009 | FQ16: 893 | FR16: 933 | FS16: 968 | FT16: 1002 | FU16: 945 | FV16: 883 | FW16: 1007 | FX16: 932 | FY16: 961 | FZ16: 919 | GA16: 913 | GB16: 1015 | GC16: 954 | GD16: 1053 | GE16: 924 | GF16: 928 | GG16: 931 | GH16: 1068 | GI16: 942 | GJ16: 945 | GK16: 970 | GL16: 952 | GM16: 1009 | GN16: 971 | GO16: 1031 | GP16: 969 | GQ16: 965 | GR16: 957 | GS16: 920 | GT16: 899 | GU16: 994 | GV16: 851 | GW16: 886 | GX16: 946 | GY16: 853 | GZ16: 796 | HA16: 964 | HD16: 840 | HE16: 646 | HF16: 940 | HH16: 1012 | HI16: 929 | HJ16: 912 | HK16: 897 | HL16: 890 | HM16: 932 | HN16: 945 | HO16: 947 | HP16: 948 | HQ16: 958 | HR16: 970 | HS16: 950 | HT16: 954 | HU16: 1101 | HV16: 834 | HW16: 767 | HX16: 620 | HY16: 610 | HZ16: 653 | IA16: 760 | IB16: 895 | IC16: 1014 | ID16: 943 | IE16: 929 | IF16: 978 | IG16: 998 | IH16: 967 | II16: 949 | IJ16: 913 | IK16: 932 | IL16: 846 | IM16: 934 | IN16: 773 | IP16: 1175 | IQ16: 950 | IR16: 426 | IS16: 862 | IT16: 815 | IW16: 898 | IX16: 978 | IY16: 1010 | IZ16: 898 | JA16: 810 | JB16: 34.9 | JC16: 49 | JD16: 3 | JE16: 5 | JG16: 0 | JH16: 4.36 | JK16: 81756528 | JL16: 281390.02 | JM16: 54882722 | JN16: 61177.887 | JO16: 82534835 | JP16: 185649.09 | JQ16: 59717471 | JR16: 55158.877 | JS16: 3.1001242e+08 | JT16: 82339.924 | JU16: =IF((JK16-JK15)<0,"",(JK16-JK15)) -> 57887.482 | JV16: =IF((JL16-JL15)<0,"",(JL16-JL15)) -> 6.954 | JW16: =IF((JM16-JM15)<0,"",(JM16-JM15)) -> 56751.344 | JX16: =IF((JN16-JN15)<0,"",(JN16-JN15)) -> 6.706 | JY16: =IF((JO16-JO15)<0,"",(JO16-JO15)) -> 58724.891 | JZ16: =IF((JP16-JP15)<0,"",(JP16-JP15)) -> 29.028 | KA16: =IF((JQ16-JQ15)<0,"",(JQ16-JQ15)) -> 45729.479 | KB16: =IF((JR16-JR15)<0,"",(JR16-JR15)) -> 9.278 | ... KD16: =IF((JT16-JT15)<0,"",(JT16-JT15)) -> 30.36 | KE16: =(JU16+JW16)-(JV16+JX16) -> 114625.17 | KF16: =IFERROR(KC16-KD16,"") -> 218836.04 | KG16: 12 | KH16: =RD[[#This Row],[GHI ]] -> 0 | KI16: =RD[[#This Row],[POA]] -> 4.36 | KJ16: =RD[[#This Row],[AT (°C) 14 Hours]] -> 34.9 | KK16: =RD[[#This Row],[MT (°C) Gen. Hours]] -> 49 | KL16: =RD[[#This Row],[WS_Avg (m/s) (24 Hours)]] -> 3 | KM16: =RD[[#This Row],[WS_Max (m/s)]] -> 5 | KN16: =SUM(RD[[#This Row],[BLK1_INV1]:[BLK8_INV27]]) -> 223694 | KQ16: =IFERROR(RD[[#This Row],[WPR_Eac]]/RD[[#This Row],[WPR_Edc]],"")
B17: =B16+1 -> 45758 | C17: =YEAR(RD[[#This Row],[Date]])+IF(MONTH(RD[[#This Row],[Date]])>=4,1,0) -> 2026 | D17: =YEAR(B17) -> 2025 | G17: =TEXT(RD[[#This Row],[Date]],"mmm-yy") -> Apr-25 | H17: =DAY(EOMONTH(B17,0)) -> 30 | I17: ='Basic Data '!$S$2 -> 66750 | J17: 0.29166667 | K17: 0.79166667 | L17: 1107 | M17: 1131 | N17: 1048 | O17: 1046 | P17: 1110 | Q17: 1025 | R17: 1029 | S17: 1010 | T17: 1041 | U17: 1024 | V17: 1059 | W17: 1057 | X17: 1043 | Y17: 938 | Z17: 1012 | AA17: 1049 | AB17: 963 | AC17: 996 | AD17: 1092 | AE17: 1126 | AF17: 1059 | AG17: 1022 | AH17: 1171 | AI17: 1093 | AJ17: 1113 | AK17: 1110 | AL17: 1097 | AM17: 1120 | AN17: 1091 | AO17: 1121 | AP17: 1200 | AQ17: 1098 | AR17: 961 | AS17: 1283 | AT17: 908 | AU17: 1079 | AV17: 986 | AW17: 987 | AX17: 1033 | AY17: 1057 | AZ17: 989 | BA17: 989 | BB17: 1029 | BC17: 1044 | BD17: 1025 | BE17: 1049 | BF17: 1122 | BG17: 1040 | BH17: 1035 | BI17: 1060 | BJ17: 1004 | BK17: 1050 | BL17: 1201 | BM17: 1188 | BN17: 1087 | BO17: 1154 | BP17: 1143 | BQ17: 1040 | BR17: 1149 | BS17: 1106 | BT17: 1034 | BU17: 1163 | BV17: 1210 | BW17: 1098 | BX17: 1128 | BY17: 1120 | BZ17: 1150 | CA17: 1099 | CB17: 1027 | CC17: 1031 | CD17: 1069 | CE17: 1059 | CF17: 1046 | CG17: 1049 | CH17: 1170 | CI17: 1170 | CJ17: 1184 | CK17: 1017 | CL17: 1007 | CM17: 1122 | CN17: 1040 | CO17: 1040 | CP17: 1038 | CQ17: 1039 | CR17: 1026 | CS17: 1036 | CT17: 1084 | CU17: 1074 | CV17: 1044 | CW17: 1041 | CX17: 1067 | CY17: 1078 | CZ17: 1082 | DA17: 1024 | DB17: 1200 | DC17: 1002 | DD17: 1032 | DE17: 1063 | DF17: 1038 | DG17: 1041 | DH17: 1079 | DI17: 1035 | DJ17: 1066 | DK17: 1036 | DL17: 1198 | DM17: 1044 | DN17: 1186 | DO17: 1175 | DP17: 1068 | DQ17: 1187 | DR17: 1146 | DS17: 1140 | DT17: 1201 | DU17: 1189 | DV17: 1048 | DW17: 1074 | DX17: 1172 | DY17: 1114 | DZ17: 1175 | EA17: 1064 | EB17: 1094 | EC17: 1133 | ED17: 1114 | EE17: 1030 | EF17: 1081 | EG17: 1478 | EH17: 950 | EI17: 968 | EJ17: 1165 | EK17: 1154 | EL17: 1059 | EM17: 1083 | EN17: 1051 | EO17: 898 | EP17: 1104 | EQ17: 1098 | ER17: 1051 | ES17: 978 | ET17: 1059 | EU17: 1004 | EV17: 988 | EW17: 1046 | EX17: 1024 | EY17: 1094 | EZ17: 999 | FA17: 1168 | FB17: 1006 | FC17: 942 | FD17: 1093 | FE17: 1113 | FF17: 1126 | FG17: 1026 | FH17: 1119 | FI17: 1024 | FJ17: 1001 | FK17: 988 | FL17: 1050 | FM17: 1178 | FN17: 966 | FO17: 1025 | FP17: 1130 | FQ17: 1001 | FR17: 1039 | FS17: 1088 | FT17: 1125 | FU17: 1055 | FV17: 983 | FW17: 1137 | FX17: 1040 | FY17: 999 | FZ17: 1025 | GA17: 1019 | GB17: 1140 | GC17: 1068 | GD17: 1201 | GE17: 1044 | GF17: 1043 | GG17: 931 | GH17: 1199 | GI17: 1059 | GJ17: 1068 | GK17: 1096 | GL17: 1076 | GM17: 1159 | GN17: 1100 | GO17: 1172 | GP17: 1089 | GQ17: 1104 | GR17: 1069 | GS17: 1034 | GT17: 1021 | GU17: 1016 | GV17: 977 | GW17: 1005 | GX17: 1064 | GY17: 962 | GZ17: 900 | HA17: 1086 | HD17: 944 | HE17: 738 | HF17: 1059 | HH17: 1165 | HI17: 1132 | HJ17: 1051 | HK17: 1020 | HL17: 1045 | HM17: 1058 | HN17: 1065 | HO17: 1072 | HP17: 1069 | HQ17: 1083 | HR17: 1086 | HS17: 1080 | HT17: 1149 | HU17: 1235 | HV17: 975 | HW17: 894 | HX17: 790 | HY17: 640 | HZ17: 781 | IA17: 913 | IB17: 999 | IC17: 1200 | ID17: 1018 | IE17: 1100 | IF17: 1098 | IG17: 1097 | IH17: 1186 | II17: 1141 | IJ17: 975 | IK17: 994 | IL17: 900 | IM17: 997 | IN17: 960 | IP17: 1250 | IQ17: 1068 | IR17: 398 | IS17: 985 | IT17: 918 | IW17: 1000 | IX17: 1000 | IY17: 1088 | IZ17: 945 | JA17: 913 | JB17: 36.6 | JC17: 55.86 | JD17: 2.52 | JE17: 13.1 | JG17: 0 | JH17: 4.88 | JK17: 81824612 | JL17: 281411.61 | JM17: 54949789 | JN17: 61214.424 | JO17: 82601901 | JP17: 185683.78 | JQ17: 59770603 | JR17: 55201.359 | JS17: 3.102675e+08 | JT17: 82401.977 | JU17: =IF((JK17-JK16)<0,"",(JK17-JK16)) -> 68084.777 | JV17: =IF((JL17-JL16)<0,"",(JL17-JL16)) -> 21.59 | JW17: =IF((JM17-JM16)<0,"",(JM17-JM16)) -> 67066.949 | JX17: =IF((JN17-JN16)<0,"",(JN17-JN16)) -> 36.537 | JY17: =IF((JO17-JO16)<0,"",(JO17-JO16)) -> 67066.01 | JZ17: =IF((JP17-JP16)<0,"",(JP17-JP16)) -> 34.684 | KA17: =IF((JQ17-JQ16)<0,"",(JQ17-JQ16)) -> 53131.435 | KB17: =IF((JR17-JR16)<0,"",(JR17-JR16)) -> 42.482 | ... KD17: =IF((JT17-JT16)<0,"",(JT17-JT16)) -> 62.053 | KE17: =(JU17+JW17)-(JV17+JX17) -> 135093.6 | KF17: =IFERROR(KC17-KD17,"") -> 255012.84 | KG17: =(RD[[#This Row],[Sunset Time (POA<20 W/m2)]]-RD[[#This Row],[Sunrise Time (POA>20 W/m2)]])*24 -> 12 | KH17: =RD[[#This Row],[GHI ]] -> 0 | KI17: =RD[[#This Row],[POA]] -> 4.88 | KJ17: =RD[[#This Row],[AT (°C) 14 Hours]] -> 36.6 | KK17: =RD[[#This Row],[MT (°C) Gen. Hours]] -> 55.86 | KL17: =RD[[#This Row],[WS_Avg (m/s) (24 Hours)]] -> 2.52 | KM17: =RD[[#This Row],[WS_Max (m/s)]] -> 13.1 | KN17: =SUM(RD[[#This Row],[BLK1_INV1]:[BLK8_INV27]]) -> 257651 | KQ17: =IFERROR(RD[[#This Row],[WPR_Eac]]/RD[[#This Row],[WPR_Edc]],"")
B18: =B17+1 -> 45759 | C18: =YEAR(RD[[#This Row],[Date]])+IF(MONTH(RD[[#This Row],[Date]])>=4,1,0) -> 2026 | D18: =YEAR(B18) -> 2025 | G18: =TEXT(RD[[#This Row],[Date]],"mmm-yy") -> Apr-25 | H18: =DAY(EOMONTH(B18,0)) -> 30 | I18: ='Basic Data '!$S$2 -> 66750 | J18: 0.29166667 | K18: 0.79166667 | L18: 1392 | M18: 1415 | N18: 1315 | O18: 1313 | P18: 1396 | Q18: 1287 | R18: 1302 | S18: 1199 | T18: 1310 | U18: 1288 | V18: 1332 | W18: 1330 | X18: 1311 | Y18: 1180 | Z18: 1282 | AA18: 1324 | AB18: 1249 | AC18: 1276 | AD18: 1409 | AE18: 1442 | AF18: 1345 | AG18: 1293 | AH18: 1481 | AI18: 1303 | AJ18: 1448 | AK18: 1440 | AL18: 1433 | AM18: 1457 | AN18: 1386 | AO18: 1425 | AP18: 1350 | AQ18: 1378 | AR18: 1215 | AS18: 1600 | AT18: 1148 | AU18: 1364 | AV18: 1263 | AW18: 1294 | AX18: 1315 | AY18: 1346 | AZ18: 1296 | BA18: 1283 | BB18: 1310 | BC18: 1327 | BD18: 1323 | BE18: 1325 | BF18: 1442 | BG18: 1332 | BH18: 1230 | BI18: 1260 | BJ18: 1210 | BK18: 1198 | BL18: 1388 | BM18: 1330 | BN18: 1202 | BO18: 1275 | BP18: 1255 | BQ18: 1133 | BR18: 1286 | BS18: 1232 | BT18: 1178 | BU18: 1283 | BV18: 1226 | BW18: 1110 | BX18: 1455 | BY18: 1446 | BZ18: 1484 | CA18: 1318 | CB18: 1327 | CC18: 1334 | CD18: 1358 | CE18: 1333 | CF18: 1268 | CG18: 1357 | CH18: 1396 | CI18: 1480 | CJ18: 1496 | CK18: 1286 | CL18: 1271 | CM18: 1422 | CN18: 1315 | CO18: 1316 | CP18: 1314 | CQ18: 1316 | CR18: 1325 | CS18: 1284 | CT18: 1365 | CU18: 1352 | CV18: 1326 | CW18: 1320 | CX18: 1378 | CY18: 1240 | CZ18: 1377 | DA18: 1313 | DB18: 1330 | DC18: 1310 | DD18: 1319 | DE18: 1357 | DF18: 1349 | DG18: 1265 | DH18: 1394 | DI18: 1348 | DJ18: 1370 | DK18: 1321 | DL18: 1518 | DM18: 1220 | DN18: 1501 | DO18: 1505 | DP18: 1370 | DQ18: 1506 | DR18: 1425 | DS18: 1441 | DT18: 1505 | DU18: 1517 | DV18: 1327 | DW18: 1360 | DX18: 1494 | DY18: 1404 | DZ18: 1455 | EA18: 1341 | EB18: 1375 | EC18: 1432 | ED18: 1394 | EE18: 1297 | EF18: 1365 | EG18: 1498 | EH18: 1229 | EI18: 1261 | EJ18: 1478 | EK18: 1470 | EL18: 1398 | EM18: 1378 | EN18: 1335 | EO18: 1131 | EP18: 1432 | EQ18: 1299 | ER18: 1365 | ES18: 1270 | ET18: 1341 | EU18: 1331 | EV18: 1271 | EW18: 1318 | EX18: 1310 | EY18: 1440 | EZ18: 1254 | FA18: 1486 | FB18: 1282 | FC18: 1202 | FD18: 1390 | FE18: 1411 | FF18: 1432 | FG18: 1306 | FH18: 1424 | FI18: 1344 | FJ18: 1272 | FK18: 1254 | FL18: 1190 | FM18: 1245 | FN18: 1213 | FO18: 1288 | FP18: 1419 | FQ18: 1257 | FR18: 1285 | FS18: 1373 | FT18: 1340 | FU18: 1267 | FV18: 1242 | FW18: 1429 | FX18: 1307 | FY18: 1203 | FZ18: 1285 | GA18: 1277 | GB18: 1426 | GC18: 1341 | GD18: 1520 | GE18: 1330 | GF18: 1339 | GG18: 1206 | GH18: 1531 | GI18: 1361 | GJ18: 1374 | GK18: 1404 | GL18: 1367 | GM18: 1452 | GN18: 1399 | GO18: 1481 | GP18: 1401 | GQ18: 1403 | GR18: 1344 | GS18: 1318 | GT18: 1287 | GU18: 1283 | GV18: 1200 | GW18: 1262 | GX18: 1333 | GY18: 1206 | GZ18: 1129 | HA18: 1357 | HD18: 1197 | HE18: 926 | HF18: 1327 | HH18: 1466 | HI18: 1210 | HJ18: 1324 | HK18: 1289 | HL18: 1303 | HM18: 1331 | HN18: 1339 | HO18: 1346 | HP18: 1342 | HQ18: 1362 | HR18: 1365 | HS18: 1361 | HT18: 1361 | HU18: 1553 | HV18: 1225 | HW18: 1138 | HX18: 910 | HY18: 810 | HZ18: 977 | IA18: 1143 | IB18: 1327 | IC18: 1510 | ID18: 1282 | IE18: 1386 | IF18: 1298 | IG18: 1310 | IH18: 1445 | II18: 1432 | IJ18: 1178 | IK18: 1248 | IL18: 1136 | IM18: 1251 | IN18: 1178 | IP18: 1478 | IQ18: 1263 | IR18: 578 | IS18: 1163 | IT18: 1153 | IW18: 1078 | IX18: 1178 | IY18: 1299 | IZ18: 1270 | JA18: 1078 | JB18: 29.88 | JC18: 43.21 | JD18: 1.3 | JE18: 6.1 | JG18: 0 | JH18: 6.15 | JK18: 81907526 | JL18: 281425.06 | JM18: 55034100 | JN18: 61224.371 | JO18: 82686891 | JP18: 185720.49 | JQ18: 59836770 | JR18: 55214.015 | JS18: 3.1058545e+08 | JT18: 82457.052 | JU18: =IF((JK18-JK17)<0,"",(JK18-JK17)) -> 82913.789 | JV18: =IF((JL18-JL17)<0,"",(JL18-JL17)) -> 13.452 | JW18: =IF((JM18-JM17)<0,"",(JM18-JM17)) -> 84310.237 | JX18: =IF((JN18-JN17)<0,"",(JN18-JN17)) -> 9.947 | JY18: =IF((JO18-JO17)<0,"",(JO18-JO17)) -> 84990.259 | JZ18: =IF((JP18-JP17)<0,"",(JP18-JP17)) -> 36.708 | KA18: =IF((JQ18-JQ17)<0,"",(JQ18-JQ17)) -> 66166.972 | KB18: =IF((JR18-JR17)<0,"",(JR18-JR17)) -> 12.656 | ... KD18: =IF((JT18-JT17)<0,"",(JT18-JT17)) -> 55.075 | KE18: =(JU18+JW18)-(JV18+JX18) -> 167200.63 | KF18: =IFERROR(KC18-KD18,"") -> 317897.41 | KG18: =(RD[[#This Row],[Sunset Time (POA<20 W/m2)]]-RD[[#This Row],[Sunrise Time (POA>20 W/m2)]])*24 -> 12 | KH18: =RD[[#This Row],[GHI ]] -> 0 | KI18: =RD[[#This Row],[POA]] -> 6.15 | KJ18: =RD[[#This Row],[AT (°C) 14 Hours]] -> 29.88 | KK18: =RD[[#This Row],[MT (°C) Gen. Hours]] -> 43.21 | KL18: =RD[[#This Row],[WS_Avg (m/s) (24 Hours)]] -> 1.3 | KM18: =RD[[#This Row],[WS_Max (m/s)]] -> 6.1 | KN18: =SUM(RD[[#This Row],[BLK1_INV1]:[BLK8_INV27]]) -> 321089 | KQ18: =IFERROR(RD[[#This Row],[WPR_Eac]]/RD[[#This Row],[WPR_Edc]],"")
B19: =B18+1 -> 45760 | C19: =YEAR(RD[[#This Row],[Date]])+IF(MONTH(RD[[#This Row],[Date]])>=4,1,0) -> 2026 | D19: =YEAR(B19) -> 2025 | G19: =TEXT(RD[[#This Row],[Date]],"mmm-yy") -> Apr-25 | H19: =DAY(EOMONTH(B19,0)) -> 30 | I19: ='Basic Data '!$S$2 -> 66750 | J19: 0.29166667 | K19: 0.79166667 | L19: 1443 | M19: 1470 | N19: 1366 | O19: 1365 | P19: 1450 | Q19: 1339 | R19: 1367 | S19: 1257 | T19: 1372 | U19: 1348 | V19: 1426 | W19: 1416 | X19: 1391 | Y19: 1259 | Z19: 1335 | AA19: 1374 | AB19: 1312 | AC19: 1329 | AD19: 1487 | AE19: 1496 | AF19: 1394 | AG19: 1339 | AH19: 1532 | AI19: 1445 | AJ19: 1504 | AK19: 1493 | AL19: 1486 | AM19: 1516 | AN19: 1473 | AO19: 1510 | AP19: 1310 | AQ19: 1334 | AR19: 1276 | AS19: 1687 | AT19: 1200 | AU19: 1433 | AV19: 1316 | AW19: 1339 | AX19: 1358 | AY19: 1394 | AZ19: 1342 | BA19: 1331 | BB19: 1354 | BC19: 1369 | BD19: 1383 | BE19: 1405 | BF19: 1508 | BG19: 1384 | BH19: 1308 | BI19: 1340 | BJ19: 1266 | BK19: 1331 | BL19: 1518 | BM19: 1502 | BN19: 1388 | BO19: 1478 | BP19: 1445 | BQ19: 1305 | BR19: 1491 | BS19: 1433 | BT19: 1332 | BU19: 1477 | BV19: 1278 | BW19: 1080 | BX19: 1515 | BY19: 1506 | BZ19: 1525 | CA19: 1340 | CB19: 1380 | CC19: 1387 | CD19: 1396 | CE19: 1345 | CF19: 1277 | CG19: 1408 | CH19: 1417 | CI19: 1548 | CJ19: 1570 | CK19: 1370 | CL19: 1363 | CM19: 1486 | CN19: 1403 | CO19: 1402 | CP19: 1397 | CQ19: 1399 | CR19: 1385 | CS19: 1326 | CT19: 1407 | CU19: 1391 | CV19: 1365 | CW19: 1358 | CX19: 1418 | CY19: 1278 | CZ19: 1427 | DA19: 1363 | DB19: 1310 | DC19: 1365 | DD19: 1361 | DE19: 1386 | DF19: 1393 | DG19: 1278 | DH19: 1445 | DI19: 1391 | DJ19: 1413 | DK19: 1364 | DL19: 1564 | DM19: 1198 | DN19: 1568 | DO19: 1563 | DP19: 1425 | DQ19: 1551 | DR19: 1444 | DS19: 1512 | DT19: 1558 | DU19: 1582 | DV19: 1357 | DW19: 1423 | DX19: 1550 | DY19: 1449 | DZ19: 1479 | EA19: 1390 | EB19: 1419 | EC19: 1491 | ED19: 1416 | EE19: 1340 | EF19: 1412 | EG19: 1464 | EH19: 1290 | EI19: 1319 | EJ19: 1546 | EK19: 1539 | EL19: 1463 | EM19: 1446 | EN19: 1402 | EO19: 1195 | EP19: 1532 | EQ19: 1480 | ER19: 1477 | ES19: 1454 | ET19: 1407 | EU19: 1399 | EV19: 1332 | EW19: 1390 | EX19: 1379 | EY19: 1550 | EZ19: 1321 | FA19: 1573 | FB19: 1393 | FC19: 1262 | FD19: 1453 | FE19: 1478 | FF19: 1495 | FG19: 1364 | FH19: 1485 | FI19: 1357 | FJ19: 1326 | FK19: 1312 | FL19: 1178 | FM19: 1326 | FN19: 1265 | FO19: 1341 | FP19: 1518 | FQ19: 1317 | FR19: 1378 | FS19: 1452 | FT19: 1354 | FU19: 1231 | FV19: 1307 | FW19: 1512 | FX19: 1386 | FY19: 1284 | FZ19: 1372 | GA19: 1364 | GB19: 1508 | GC19: 1431 | GD19: 1578 | GE19: 1382 | GF19: 1399 | GG19: 1254 | GH19: 1604 | GI19: 1418 | GJ19: 1437 | GK19: 1471 | GL19: 1442 | GM19: 1505 | GN19: 1453 | GO19: 1544 | GP19: 1454 | GQ19: 1458 | GR19: 1432 | GS19: 1389 | GT19: 1327 | GU19: 1322 | GV19: 1165 | GW19: 1301 | GX19: 1384 | GY19: 1241 | GZ19: 1164 | HA19: 1401 | HD19: 1203 | HE19: 955 | HF19: 1364 | HH19: 1503 | HI19: 1210 | HJ19: 1370 | HK19: 1348 | HL19: 1335 | HM19: 1390 | HN19: 1401 | HO19: 1411 | HP19: 1406 | HQ19: 1426 | HR19: 1408 | HS19: 1417 | HT19: 1365 | HU19: 1601 | HV19: 1273 | HW19: 1182 | HX19: 898 | HY19: 878 | HZ19: 1007 | IA19: 1184 | IB19: 1373 | IC19: 1578 | ID19: 1365 | IE19: 1452 | IF19: 1278 | IG19: 1363 | IH19: 1482 | II19: 1486 | IJ19: 1117 | IK19: 1295 | IL19: 1179 | IM19: 1299 | IN19: 1198 | IP19: 1520 | IQ19: 1365 | IR19: 644 | IS19: 1183 | IT19: 1195 | IW19: 1163 | IX19: 1191 | IY19: 1298 | IZ19: 1263 | JA19: 1191 | JB19: 31.82 | JC19: 40.8 | JD19: 3.02 | JE19: 7.1 | JG19: 0 | JH19: 6.14 | JK19: 81995609 | JL19: 281439.98 | JM19: 55121205 | JN19: 61234.011 | JO19: 82776560 | JP19: 185766.51 | JQ19: 59905210 | JR19: 55227.06 | JS19: 3.1091831e+08 | JT19: 82518.014 | JU19: =IF((JK19-JK18)<0,"",(JK19-JK18)) -> 88082.526 | JV19: =IF((JL19-JL18)<0,"",(JL19-JL18)) -> 14.917 | JW19: =IF((JM19-JM18)<0,"",(JM19-JM18)) -> 87105.872 | JX19: =IF((JN19-JN18)<0,"",(JN19-JN18)) -> 9.64 | JY19: =IF((JO19-JO18)<0,"",(JO19-JO18)) -> 89668.907 | JZ19: =IF((JP19-JP18)<0,"",(JP19-JP18)) -> 46.025 | KA19: =IF((JQ19-JQ18)<0,"",(JQ19-JQ18)) -> 68440.596 | KB19: =IF((JR19-JR18)<0,"",(JR19-JR18)) -> 13.045 | ... KD19: =IF((JT19-JT18)<0,"",(JT19-JT18)) -> 60.962 | KE19: =(JU19+JW19)-(JV19+JX19) -> 175163.84 | KF19: =IFERROR(KC19-KD19,"") -> 332803.44 | KG19: =(RD[[#This Row],[Sunset Time (POA<20 W/m2)]]-RD[[#This Row],[Sunrise Time (POA>20 W/m2)]])*24 -> 12 | KH19: =RD[[#This Row],[GHI ]] -> 0 | KI19: =RD[[#This Row],[POA]] -> 6.14 | KJ19: =RD[[#This Row],[AT (°C) 14 Hours]] -> 31.82 | KK19: =RD[[#This Row],[MT (°C) Gen. Hours]] -> 40.8 | KL19: =RD[[#This Row],[WS_Avg (m/s) (24 Hours)]] -> 3.02 | KM19: =RD[[#This Row],[WS_Max (m/s)]] -> 7.1 | KN19: =SUM(RD[[#This Row],[BLK1_INV1]:[BLK8_INV27]]) -> 335292 | KQ19: =IFERROR(RD[[#This Row],[WPR_Eac]]/RD[[#This Row],[WPR_Edc]],"")
B20: =B19+1 -> 45761 | C20: =YEAR(RD[[#This Row],[Date]])+IF(MONTH(RD[[#This Row],[Date]])>=4,1,0) -> 2026 | D20: =YEAR(B20) -> 2025 | G20: =TEXT(RD[[#This Row],[Date]],"mmm-yy") -> Apr-25 | H20: =DAY(EOMONTH(B20,0)) -> 30 | I20: ='Basic Data '!$S$2 -> 66750 | J20: 0.29166667 | K20: 0.79166667 | L20: 1457 | M20: 1485 | N20: 1383 | O20: 1384 | P20: 1471 | Q20: 1363 | R20: 1382 | S20: 1266 | T20: 1395 | U20: 1362 | V20: 1427 | W20: 1413 | X20: 1392 | Y20: 1266 | Z20: 1323 | AA20: 1363 | AB20: 1295 | AC20: 1314 | AD20: 1471 | AE20: 1480 | AF20: 1380 | AG20: 1326 | AH20: 1521 | AI20: 1432 | AJ20: 1489 | AK20: 1477 | AL20: 1472 | AM20: 1503 | AN20: 1460 | AO20: 1495 | AP20: 1363 | AQ20: 1322 | AR20: 1300 | AS20: 1681 | AT20: 1208 | AU20: 1455 | AV20: 1304 | AW20: 1321 | AX20: 1347 | AY20: 1379 | AZ20: 1324 | BA20: 1311 | BB20: 1336 | BC20: 1351 | BD20: 1355 | BE20: 1388 | BF20: 1491 | BG20: 1378 | BH20: 1306 | BI20: 1336 | BJ20: 1263 | BK20: 1328 | BL20: 1503 | BM20: 1483 | BN20: 1374 | BO20: 1465 | BP20: 1450 | BQ20: 1285 | BR20: 1471 | BS20: 1413 | BT20: 1314 | BU20: 1477 | BV20: 1263 | BW20: 1098 | BX20: 1499 | BY20: 1488 | BZ20: 1509 | CA20: 1330 | CB20: 1365 | CC20: 1371 | CD20: 1381 | CE20: 1331 | CF20: 1270 | CG20: 1392 | CH20: 1398 | CI20: 1557 | CJ20: 1588 | CK20: 1371 | CL20: 1355 | CM20: 1468 | CN20: 1406 | CO20: 1401 | CP20: 1383 | CQ20: 1383 | CR20: 1369 | CS20: 1307 | CT20: 1391 | CU20: 1377 | CV20: 1350 | CW20: 1345 | CX20: 1399 | CY20: 1298 | CZ20: 1412 | DA20: 1349 | DB20: 1298 | DC20: 1348 | DD20: 1344 | DE20: 1373 | DF20: 1376 | DG20: 1266 | DH20: 1424 | DI20: 1373 | DJ20: 1396 | DK20: 1348 | DL20: 1541 | DM20: 1182 | DN20: 1572 | DO20: 1545 | DP20: 1406 | DQ20: 1534 | DR20: 1402 | DS20: 1496 | DT20: 1547 | DU20: 1563 | DV20: 1342 | DW20: 1406 | DX20: 1533 | DY20: 1433 | DZ20: 1456 | EA20: 1377 | EB20: 1403 | EC20: 1478 | ED20: 1398 | EE20: 1324 | EF20: 1394 | EG20: 1478 | EH20: 1276 | EI20: 1297 | EJ20: 1521 | EK20: 1514 | EL20: 1438 | EM20: 1450 | EN20: 1423 | EO20: 1207 | EP20: 1544 | EQ20: 1486 | ER20: 1480 | ES20: 1439 | ET20: 1398 | EU20: 1402 | EV20: 1353 | EW20: 1398 | EX20: 1391 | EY20: 1546 | EZ20: 1328 | FA20: 1565 | FB20: 1356 | FC20: 1251 | FD20: 1446 | FE20: 1470 | FF20: 1480 | FG20: 1353 | FH20: 1495 | FI20: 1345 | FJ20: 1319 | FK20: 1307 | FL20: 1190 | FM20: 1325 | FN20: 1281 | FO20: 1356 | FP20: 1534 | FQ20: 1330 | FR20: 1307 | FS20: 1453 | FT20: 1357 | FU20: 1191 | FV20: 1312 | FW20: 1512 | FX20: 1376 | FY20: 1269 | FZ20: 1361 | GA20: 1349 | GB20: 1379 | GC20: 1417 | GD20: 1548 | GE20: 1357 | GF20: 1378 | GG20: 1233 | GH20: 1578 | GI20: 1394 | GJ20: 1415 | GK20: 1446 | GL20: 1424 | GM20: 1480 | GN20: 1428 | GO20: 1531 | GP20: 1433 | GQ20: 1433 | GR20: 1412 | GS20: 1273 | GT20: 1324 | GU20: 1306 | GV20: 1166 | GW20: 1330 | GX20: 1395 | GY20: 1255 | GZ20: 1168 | HA20: 1419 | HD20: 1188 | HE20: 943 | HF20: 1357 | HH20: 1484 | HI20: 1173 | HJ20: 1353 | HK20: 1339 | HL20: 1334 | HM20: 1382 | HN20: 1399 | HO20: 1406 | HP20: 1403 | HQ20: 1420 | HR20: 1404 | HS20: 1399 | HT20: 1358 | HU20: 1587 | HV20: 1257 | HW20: 1164 | HX20: 963 | HY20: 810 | HZ20: 993 | IA20: 1174 | IB20: 1379 | IC20: 1562 | ID20: 1386 | IE20: 1448 | IF20: 1298 | IG20: 1378 | IH20: 1490 | II20: 1469 | IJ20: 1109 | IK20: 1291 | IL20: 1169 | IM20: 1300 | IN20: 1178 | IP20: 1498 | IQ20: 1382 | IR20: 633 | IS20: 1197 | IT20: 1176 | IW20: 1110 | IX20: 1263 | IY20: 1278 | IZ20: 1210 | JA20: 1163 | JB20: 32.37 | JC20: 45.01 | JD20: 1.79 | JE20: 6.1 | JG20: 0 | JH20: 6.51 | JK20: 82083194 | JL20: 281455.65 | JM20: 55207414 | JN20: 61246.338 | JO20: 82865708 | JP20: 185809.52 | JQ20: 59973320 | JR20: 55239.414 | JS20: 3.1124895e+08 | JT20: 82573.423 | JU20: =IF((JK20-JK19)<0,"",(JK20-JK19)) -> 87585.342 | JV20: =IF((JL20-JL19)<0,"",(JL20-JL19)) -> 15.664 | JW20: =IF((JM20-JM19)<0,"",(JM20-JM19)) -> 86208.044 | JX20: =IF((JN20-JN19)<0,"",(JN20-JN19)) -> 12.327 | JY20: =IF((JO20-JO19)<0,"",(JO20-JO19)) -> 89147.503 | JZ20: =IF((JP20-JP19)<0,"",(JP20-JP19)) -> 43.011 | KA20: =IF((JQ20-JQ19)<0,"",(JQ20-JQ19)) -> 68110.267 | KB20: =IF((JR20-JR19)<0,"",(JR20-JR19)) -> 12.354 | ... KD20: =IF((JT20-JT19)<0,"",(JT20-JT19)) -> 55.409 | KE20: =(JU20+JW20)-(JV20+JX20) -> 173765.4 | KF20: =IFERROR(KC20-KD20,"") -> 330583.43 | KG20: =(RD[[#This Row],[Sunset Time (POA<20 W/m2)]]-RD[[#This Row],[Sunrise Time (POA>20 W/m2)]])*24 -> 12 | KH20: =RD[[#This Row],[GHI ]] -> 0 | KI20: =RD[[#This Row],[POA]] -> 6.51 | KJ20: =RD[[#This Row],[AT (°C) 14 Hours]] -> 32.37 | KK20: =RD[[#This Row],[MT (°C) Gen. Hours]] -> 45.01 | KL20: =RD[[#This Row],[WS_Avg (m/s) (24 Hours)]] -> 1.79 | KM20: =RD[[#This Row],[WS_Max (m/s)]] -> 6.1 | KN20: =SUM(RD[[#This Row],[BLK1_INV1]:[BLK8_INV27]]) -> 333086 | KQ20: =IFERROR(RD[[#This Row],[WPR_Eac]]/RD[[#This Row],[WPR_Edc]],"")
B21: =B20+1 -> 45762 | C21: =YEAR(RD[[#This Row],[Date]])+IF(MONTH(RD[[#This Row],[Date]])>=4,1,0) -> 2026 | D21: =YEAR(B21) -> 2025 | G21: =TEXT(RD[[#This Row],[Date]],"mmm-yy") -> Apr-25 | H21: =DAY(EOMONTH(B21,0)) -> 30 | I21: ='Basic Data '!$S$2 -> 66750 | J21: 0.29166667 | K21: 0.79166667 | L21: 1424 | M21: 1452 | N21: 1351 | O21: 1355 | P21: 1432 | Q21: 1328 | R21: 1333 | S21: 1228 | T21: 1351 | U21: 1319 | V21: 1378 | W21: 1365 | X21: 1343 | Y21: 1222 | Z21: 1274 | AA21: 1315 | AB21: 1276 | AC21: 1273 | AD21: 1433 | AE21: 1422 | AF21: 1325 | AG21: 1272 | AH21: 1460 | AI21: 1364 | AJ21: 1435 | AK21: 1419 | AL21: 1415 | AM21: 1447 | AN21: 1410 | AO21: 1444 | AP21: 1378 | AQ21: 1307 | AR21: 1269 | AS21: 1631 | AT21: 1194 | AU21: 1425 | AV21: 1295 | AW21: 1301 | AX21: 1312 | AY21: 1349 | AZ21: 1308 | BA21: 1290 | BB21: 1301 | BC21: 1315 | BD21: 1322 | BE21: 1345 | BF21: 1444 | BG21: 1333 | BH21: 1288 | BI21: 1318 | BJ21: 1246 | BK21: 1311 | BL21: 1484 | BM21: 1465 | BN21: 1357 | BO21: 1449 | BP21: 1431 | BQ21: 1267 | BR21: 1471 | BS21: 1414 | BT21: 1312 | BU21: 1467 | BV21: 1278 | BW21: 1461 | BX21: 1451 | BY21: 1457 | BZ21: 1289 | CA21: 1318 | CB21: 1326 | CC21: 1335 | CD21: 1290 | CE21: 1229 | CF21: 1346 | CG21: 1377 | CH21: 1525 | CI21: 1545 | CJ21: 1323 | CK21: 1424 | CL21: 1360 | CM21: 1356 | CN21: 1337 | CO21: 1337 | CP21: 1325 | CQ21: 1272 | CR21: 1345 | CS21: 1333 | CT21: 1304 | CU21: 1301 | CV21: 1351 | CW21: 1412 | CX21: 1365 | CY21: 1303 | CZ21: 1410 | DA21: 1363 | DB21: 1278 | DC21: 1302 | DD21: 1311 | DE21: 1332 | DF21: 1337 | DG21: 1234 | DH21: 1379 | DI21: 1333 | DJ21: 1356 | DK21: 1334 | DL21: 1495 | DM21: 1151 | DN21: 1520 | DO21: 1496 | DP21: 1360 | DQ21: 1484 | DR21: 1364 | DS21: 1465 | DT21: 1512 | DU21: 1514 | DV21: 1304 | DW21: 1359 | DX21: 1485 | DY21: 1340 | DZ21: 1413 | EA21: 1345 | EB21: 1376 | EC21: 1437 | ED21: 1362 | EE21: 1281 | EF21: 1348 | EG21: 1463 | EH21: 1259 | EI21: 1279 | EJ21: 1502 | EK21: 1497 | EL21: 1429 | EM21: 1435 | EN21: 1394 | EO21: 1190 | EP21: 1519 | EQ21: 1470 | ER21: 1471 | ES21: 1445 | ET21: 1351 | EU21: 1358 | EV21: 1330 | EW21: 1361 | EX21: 1349 | EY21: 1499 | EZ21: 1286 | FA21: 1510 | FB21: 1315 | FC21: 1214 | FD21: 1401 | FE21: 1428 | FF21: 1435 | FG21: 1316 | FH21: 1458 | FI21: 1314 | FJ21: 1292 | FK21: 1278 | FL21: 1163 | FM21: 1280 | FN21: 1242 | FO21: 1316 | FP21: 1496 | FQ21: 1299 | FR21: 1421 | FS21: 1434 | FT21: 1317 | FU21: 1289 | FV21: 1269 | FW21: 1462 | FX21: 1328 | FY21: 1218 | FZ21: 1314 | GA21: 1299 | GB21: 1292 | GC21: 1364 | GD21: 1499 | GE21: 1313 | GF21: 1332 | GG21: 1194 | GH21: 1524 | GI21: 1348 | GJ21: 1368 | GK21: 1394 | GL21: 1394 | GM21: 1432 | GN21: 1380 | GO21: 1487 | GP21: 1386 | GQ21: 1386 | GR21: 1356 | GS21: 1250 | GT21: 1306 | GU21: 1259 | GV21: 1150 | GW21: 1292 | GX21: 1349 | GY21: 1224 | GZ21: 1144 | HA21: 1376 | HD21: 1157 | HE21: 926 | HF21: 1317 | HH21: 1436 | HI21: 1214 | HJ21: 1307 | HK21: 1292 | HL21: 1294 | HM21: 1336 | HN21: 1353 | HO21: 1359 | HP21: 1356 | HQ21: 1371 | HR21: 1380 | HS21: 1384 | HT21: 1333 | HU21: 1568 | HV21: 1217 | HW21: 1125 | HX21: 925 | HY21: 863 | HZ21: 881 | IA21: 1178 | IB21: 1363 | IC21: 1510 | ID21: 1310 | IE21: 1410 | IF21: 1263 | IG21: 1298 | IH21: 1445 | II21: 1478 | IJ21: 1111 | IK21: 1270 | IL21: 1163 | IM21: 1278 | IN21: 1110 | IP21: 1478 | IQ21: 1351 | IR21: 614 | IS21: 1180 | IT21: 1168 | IW21: 1135 | IX21: 1256 | IY21: 1270 | IZ21: 1225 | JA21: 1135 | JB21: 32.7 | JC21: 43.6 | JD21: 1.6 | JE21: 6.5 | JG21: 0 | JH21: 6.23 | JK21: 82168621 | JL21: 281469 | JM21: 55291405 | JN21: 61256 | JO21: 82952664 | JP21: 185854 | JQ21: 60036190 | JR21: 55251 | JS21: 3.1156784e+08 | JT21: 82626.6 | JU21: =IF((JK21-JK20)<0,"",(JK21-JK20)) -> 85426.859 | JV21: =IF((JL21-JL20)<0,"",(JL21-JL20)) -> 13.355 | JW21: =IF((JM21-JM20)<0,"",(JM21-JM20)) -> 83991.457 | JX21: =IF((JN21-JN20)<0,"",(JN21-JN20)) -> 9.662 | JY21: =IF((JO21-JO20)<0,"",(JO21-JO20)) -> 86956.131 | JZ21: =IF((JP21-JP20)<0,"",(JP21-JP20)) -> 44.478 | KA21: =IF((JQ21-JQ20)<0,"",(JQ21-JQ20)) -> 62869.539 | KB21: =IF((JR21-JR20)<0,"",(JR21-JR20)) -> 11.586 | ... KD21: =IF((JT21-JT20)<0,"",(JT21-JT20)) -> 53.177 | KE21: =(JU21+JW21)-(JV21+JX21) -> 169395.3 | KF21: =IFERROR(KC21-KD21,"") -> 318835.78 | KG21: =(RD[[#This Row],[Sunset Time (POA<20 W/m2)]]-RD[[#This Row],[Sunrise Time (POA>20 W/m2)]])*24 -> 12 | KH21: =RD[[#This Row],[GHI ]] -> 0 | KI21: =RD[[#This Row],[POA]] -> 6.23 | KJ21: =RD[[#This Row],[AT (°C) 14 Hours]] -> 32.7 | KK21: =RD[[#This Row],[MT (°C) Gen. Hours]] -> 43.6 | KL21: =RD[[#This Row],[WS_Avg (m/s) (24 Hours)]] -> 1.6 | KM21: =RD[[#This Row],[WS_Max (m/s)]] -> 6.5 | KN21: =SUM(RD[[#This Row],[BLK1_INV1]:[BLK8_INV28]]) -> 326506 | KQ21: =IFERROR(RD[[#This Row],[WPR_Eac]]/RD[[#This Row],[WPR_Edc]],"")
B22: 45763 | C22: =YEAR(RD[[#This Row],[Date]])+IF(MONTH(RD[[#This Row],[Date]])>=4,1,0) -> 2026 | D22: =YEAR(B22) -> 2025 | G22: =TEXT(RD[[#This Row],[Date]],"mmm-yy") -> Apr-25 | H22: =DAY(EOMONTH(B22,0)) -> 30 | I22: ='Basic Data '!$S$2 -> 66750 | J22: 0.29166667 | K22: 0.79166667 | L22: 1403 | M22: 1428 | N22: 1328 | O22: 1330 | P22: 1407 | Q22: 1310 | R22: 1313 | S22: 1209 | T22: 1330 | U22: 1298 | V22: 1360 | W22: 1346 | X22: 1322 | Y22: 1202 | Z22: 1275 | AA22: 1314 | AB22: 1266 | AC22: 1274 | AD22: 1431 | AE22: 1434 | AF22: 1331 | AG22: 1280 | AH22: 1465 | AI22: 1380 | AJ22: 1432 | AK22: 1413 | AL22: 1413 | AM22: 1430 | AN22: 1380 | AO22: 1409 | AP22: 1363 | AQ22: 1253 | AR22: 1250 | AS22: 1608 | AT22: 1211 | AU22: 1402 | AV22: 1307 | AW22: 1288 | AX22: 1309 | AY22: 1342 | AZ22: 1294 | BA22: 1279 | BB22: 1290 | BC22: 1304 | BD22: 1308 | BE22: 1355 | BF22: 1444 | BG22: 1315 | BH22: 1283 | BI22: 1313 | BJ22: 1247 | BK22: 1312 | BL22: 1495 | BM22: 1480 | BN22: 1355 | BO22: 1437 | BP22: 1411 | BQ22: 1252 | BR22: 1480 | BS22: 1415 | BT22: 1301 | BU22: 1450 | BV22: 1263 | BW22: 1425 | BX22: 1462 | BY22: 1453 | BZ22: 1476 | CA22: 1268 | CB22: 1323 | CC22: 1333 | CD22: 1342 | CE22: 1277 | CF22: 1196 | CG22: 1331 | CH22: 1355 | CI22: 1512 | CJ22: 1525 | CK22: 1301 | CL22: 1288 | CM22: 1396 | CN22: 1338 | CO22: 1335 | CP22: 1314 | CQ22: 1316 | CR22: 1309 | CS22: 1255 | CT22: 1341 | CU22: 1330 | CV22: 1314 | CW22: 1307 | CX22: 1369 | CY22: 1290 | CZ22: 1351 | DA22: 1298 | DB22: 1263 | DC22: 1282 | DD22: 1290 | DE22: 1302 | DF22: 1315 | DG22: 1202 | DH22: 1360 | DI22: 1314 | DJ22: 1337 | DK22: 1315 | DL22: 1478 | DM22: 1124 | DN22: 1497 | DO22: 1472 | DP22: 1340 | DQ22: 1496 | DR22: 1353 | DS22: 1444 | DT22: 1474 | DU22: 1490 | DV22: 1272 | DW22: 1339 | DX22: 1464 | DY22: 1338 | DZ22: 1411 | EA22: 1341 | EB22: 1380 | EC22: 1427 | ED22: 1352 | EE22: 1303 | EF22: 1371 | EG22: 1425 | EH22: 1255 | EI22: 1295 | EJ22: 1510 | EK22: 1509 | EL22: 1428 | EM22: 1425 | EN22: 1371 | EO22: 1168 | EP22: 1491 | EQ22: 1442 | ER22: 1440 | ES22: 1415 | ET22: 1309 | EU22: 1332 | EV22: 1308 | EW22: 1362 | EX22: 1323 | EY22: 1471 | EZ22: 1262 | FA22: 1481 | FB22: 1331 | FC22: 1238 | FD22: 1429 | FE22: 1470 | FF22: 1466 | FG22: 1335 | FH22: 1443 | FI22: 1327 | FJ22: 1304 | FK22: 1296 | FL22: 1098 | FM22: 1259 | FN22: 1225 | FO22: 1298 | FP22: 1478 | FQ22: 1284 | FR22: 1400 | FS22: 1431 | FT22: 1299 | FU22: 1269 | FV22: 1252 | FW22: 1439 | FX22: 1306 | FY22: 1199 | FZ22: 1291 | GA22: 1277 | GB22: 1270 | GC22: 1338 | GD22: 1476 | GE22: 1294 | GF22: 1311 | GG22: 1176 | GH22: 1500 | GI22: 1328 | GJ22: 1348 | GK22: 1376 | GL22: 1411 | GM22: 1411 | GN22: 1361 | GO22: 1466 | GP22: 1362 | GQ22: 1364 | GR22: 1334 | GS22: 1188 | GT22: 1287 | GU22: 1244 | GV22: 1111 | GW22: 1272 | GX22: 1327 | GY22: 1203 | GZ22: 1124 | HA22: 1350 | HD22: 1180 | HE22: 919 | HF22: 1296 | HH22: 1494 | HI22: 1220 | HJ22: 1287 | HK22: 1275 | HL22: 1261 | HM22: 1317 | HN22: 1332 | HO22: 1337 | HP22: 1334 | HQ22: 1350 | HR22: 1360 | HS22: 1363 | HT22: 1300 | HU22: 1546 | HV22: 1199 | HW22: 1105 | HX22: 910 | HY22: 825 | HZ22: 943 | IA22: 1117 | IB22: 1316 | IC22: 1531 | ID22: 1339 | IE22: 1399 | IF22: 1278 | IG22: 1300 | IH22: 1418 | II22: 1366 | IJ22: 1094 | IK22: 1241 | IL22: 1113 | IM22: 1237 | IN22: 996 | IP22: 1175 | IQ22: 1345 | IR22: 604 | IS22: 1261 | IT22: 1214 | IW22: 1098 | IX22: 1234 | IY22: 1301 | IZ22: 1270 | JA22: 1117 | JB22: 34.09 | JC22: 46.02 | JD22: 1.33 | JE22: 6.1 | JG22: 0 | JH22: 6.27 | JK22: 82253458 | JL22: 281482.33 | JM22: 55374252 | JN22: 61264.956 | JO22: 83038924 | JP22: 185897.44 | JQ22: 60101967 | JR22: 55263.176 | JS22: 3.1188718e+08 | JT22: 82681.229 | JU22: =IF((JK22-JK21)<0,"",(JK22-JK21)) -> 84837.237 | JV22: =IF((JL22-JL21)<0,"",(JL22-JL21)) -> 13.329 | JW22: =IF((JM22-JM21)<0,"",(JM22-JM21)) -> 82847.019 | JX22: =IF((JN22-JN21)<0,"",(JN22-JN21)) -> 8.956 | JY22: =IF((JO22-JO21)<0,"",(JO22-JO21)) -> 86259.775 | JZ22: =IF((JP22-JP21)<0,"",(JP22-JP21)) -> 43.441 | KA22: =IF((JQ22-JQ21)<0,"",(JQ22-JQ21)) -> 65777.276 | KB22: =IF((JR22-JR21)<0,"",(JR22-JR21)) -> 12.176 | ... KD22: =IF((JT22-JT21)<0,"",(JT22-JT21)) -> 54.629 | KE22: =(JU22+JW22)-(JV22+JX22) -> 167661.97 | KF22: =IFERROR(KC22-KD22,"") -> 319284.3 | KG22: =(RD[[#This Row],[Sunset Time (POA<20 W/m2)]]-RD[[#This Row],[Sunrise Time (POA>20 W/m2)]])*24 -> 12 | KH22: =RD[[#This Row],[GHI ]] -> 0 | KI22: =RD[[#This Row],[POA]] -> 6.27 | KJ22: =RD[[#This Row],[AT (°C) 14 Hours]] -> 34.09 | KK22: =RD[[#This Row],[MT (°C) Gen. Hours]] -> 46.02 | KL22: =RD[[#This Row],[WS_Avg (m/s) (24 Hours)]] -> 1.33 | KM22: =RD[[#This Row],[WS_Max (m/s)]] -> 6.1 | KN22: =SUM(RD[[#This Row],[BLK1_INV1]:[BLK8_INV28]]) -> 323020 | KQ22: =IFERROR(RD[[#This Row],[WPR_Eac]]/RD[[#This Row],[WPR_Edc]],"")
B23: 45764 | C23: =YEAR(RD[[#This Row],[Date]])+IF(MONTH(RD[[#This Row],[Date]])>=4,1,0) -> 2026 | D23: =YEAR(B23) -> 2025 | G23: =TEXT(RD[[#This Row],[Date]],"mmm-yy") -> Apr-25 | H23: =DAY(EOMONTH(B23,0)) -> 30 | I23: ='Basic Data '!$S$2 -> 66750 | J23: 0.29166667 | K23: 0.79166667 | L23: 1355 | M23: 1375 | N23: 1281 | O23: 1281 | P23: 1360 | Q23: 1265 | R23: 1275 | S23: 1248 | T23: 1295 | U23: 1286 | V23: 1306 | W23: 1318 | X23: 1296 | Y23: 1152 | Z23: 1240 | AA23: 1272 | AB23: 1217 | AC23: 1235 | AD23: 1379 | AE23: 1389 | AF23: 1297 | AG23: 1252 | AH23: 1423 | AI23: 1341 | AJ23: 1381 | AK23: 1389 | AL23: 1379 | AM23: 1411 | AN23: 1370 | AO23: 1395 | AP23: 1310 | AQ23: 1253 | AR23: 1203 | AS23: 1546 | AT23: 1189 | AU23: 1350 | AV23: 1285 | AW23: 1244 | AX23: 1275 | AY23: 1300 | AZ23: 1246 | BA23: 1233 | BB23: 1257 | BC23: 1277 | BD23: 1267 | BE23: 1310 | BF23: 1389 | BG23: 1288 | BH23: 1219 | BI23: 1300 | BJ23: 1208 | BK23: 1369 | BL23: 1450 | BM23: 1400 | BN23: 1314 | BO23: 1309 | BP23: 1400 | BQ23: 1334 | BR23: 1400 | BS23: 1400 | BT23: 1324 | BU23: 1400 | BV23: 1461 | BW23: 1406 | BX23: 1398 | BY23: 1422 | BZ23: 1400 | CA23: 1269 | CB23: 1295 | CC23: 1305 | CD23: 1211 | CE23: 1200 | CF23: 1300 | CG23: 1270 | CH23: 1460 | CI23: 1468 | CJ23: 1500 | CK23: 1266 | CL23: 1360 | CM23: 1301 | CN23: 1308 | CO23: 1299 | CP23: 1303 | CQ23: 1260 | CR23: 1180 | CS23: 1318 | CT23: 1303 | CU23: 1284 | CV23: 1248 | CW23: 1248 | CX23: 1331 | CY23: 1226 | CZ23: 1334 | DA23: 1272 | DB23: 1298 | DC23: 1261 | DD23: 1264 | DE23: 1225 | DF23: 1266 | DG23: 1119 | DH23: 1307 | DI23: 1266 | DJ23: 1294 | DK23: 1290 | DL23: 1452 | DM23: 1045 | DN23: 1499 | DO23: 1413 | DP23: 1289 | DQ23: 1461 | DR23: 1306 | DS23: 1387 | DT23: 1391 | DU23: 1431 | DV23: 1192 | DW23: 1288 | DX23: 1409 | DY23: 1300 | DZ23: 1359 | EA23: 1292 | EB23: 1326 | EC23: 1373 | ED23: 1280 | EE23: 1258 | EF23: 1331 | EG23: 1426 | EH23: 1213 | EI23: 1245 | EJ23: 1451 | EK23: 1450 | EL23: 1376 | EM23: 1375 | EN23: 1318 | EO23: 1122 | EP23: 1436 | EQ23: 1383 | ER23: 1387 | ES23: 1364 | ET23: 1293 | EU23: 1321 | EV23: 1262 | EW23: 1338 | EX23: 1288 | EY23: 1442 | EZ23: 1240 | FA23: 1457 | FB23: 1306 | FC23: 1201 | FD23: 1394 | FE23: 1427 | FF23: 1427 | FG23: 1307 | FH23: 1451 | FI23: 1309 | FJ23: 1286 | FK23: 1269 | FL23: 1026 | FM23: 1232 | FN23: 1178 | FO23: 1243 | FP23: 1423 | FQ23: 1228 | FR23: 1337 | FS23: 1374 | FT23: 1239 | FU23: 1216 | FV23: 1201 | FW23: 1378 | FX23: 1254 | FY23: 1153 | FZ23: 1240 | GA23: 1216 | GB23: 1284 | GC23: 1424 | GD23: 1245 | GE23: 1264 | GF23: 1132 | GG23: 1439 | GH23: 1500 | GI23: 1297 | GJ23: 1323 | GK23: 1361 | GL23: 1400 | GM23: 1408 | GN23: 1316 | GO23: 1400 | GP23: 1284 | GQ23: 1300 | GR23: 1284 | GS23: 1149 | GT23: 1236 | GU23: 1205 | GV23: 1079 | GW23: 1225 | GX23: 1274 | GY23: 1152 | GZ23: 1069 | HA23: 1297 | HD23: 1132 | HE23: 882 | HF23: 1246 | HH23: 1363 | HI23: 1173 | HJ23: 1241 | HK23: 1232 | HL23: 1183 | HM23: 1267 | HN23: 1281 | HO23: 1283 | HP23: 1281 | HQ23: 1299 | HR23: 1308 | HS23: 1311 | HT23: 1215 | HU23: 1483 | HV23: 1152 | HW23: 1062 | HX23: 926 | HY23: 855 | HZ23: 906 | IA23: 1082 | IB23: 1296 | IC23: 1480 | ID23: 1312 | IE23: 1364 | IF23: 1226 | IG23: 1280 | IH23: 1327 | II23: 1331 | IJ23: 1066 | IK23: 1228 | IL23: 1082 | IM23: 1218 | IN23: 984 | IP23: 1175 | IQ23: 1318 | IR23: 585 | IS23: 1285 | IT23: 1178 | IW23: 1185 | IX23: 1251 | IY23: 1299 | IZ23: 1251 | JA23: 1074 | JB23: 35.7 | JC23: 46 | JD23: 0.6 | JE23: 6.78 | JG23: 0 | JH23: 6.11 | JK23: 82335200 | JL23: 281497 | JM23: 55454144 | JN23: 61275 | JO23: 83122389 | JP23: 185944 | JQ23: 60165461 | JR23: 55276 | JS23: 3.1219539e+08 | JT23: 82741.8 | JU23: =IF((JK23-JK22)<0,"",(JK23-JK22)) -> 81741.763 | JV23: =IF((JL23-JL22)<0,"",(JL23-JL22)) -> 14.671 | JW23: =IF((JM23-JM22)<0,"",(JM23-JM22)) -> 79891.981 | JX23: =IF((JN23-JN22)<0,"",(JN23-JN22)) -> 10.044 | JY23: =IF((JO23-JO22)<0,"",(JO23-JO22)) -> 83465.225 | JZ23: =IF((JP23-JP22)<0,"",(JP23-JP22)) -> 46.559 | KA23: =IF((JQ23-JQ22)<0,"",(JQ23-JQ22)) -> 63493.724 | KB23: =IF((JR23-JR22)<0,"",(JR23-JR22)) -> 12.824 | ... KD23: =IF((JT23-JT22)<0,"",(JT23-JT22)) -> 60.571 | KE23: =(JU23+JW23)-(JV23+JX23) -> 161609.03 | KF23: =IFERROR(KC23-KD23,"") -> 308148.7 | KG23: =(RD[[#This Row],[Sunset Time (POA<20 W/m2)]]-RD[[#This Row],[Sunrise Time (POA>20 W/m2)]])*24 -> 12 | KH23: =RD[[#This Row],[GHI ]] -> 0 | KI23: =RD[[#This Row],[POA]] -> 6.11 | KJ23: =RD[[#This Row],[AT (°C) 14 Hours]] -> 35.7 | KK23: =RD[[#This Row],[MT (°C) Gen. Hours]] -> 46 | KL23: =RD[[#This Row],[WS_Avg (m/s) (24 Hours)]] -> 0.6 | KM23: =RD[[#This Row],[WS_Max (m/s)]] -> 6.78 | KN23: =SUM(RD[[#This Row],[BLK1_INV1]:[BLK8_INV28]]) -> 314197 | KQ23: =IFERROR(RD[[#This Row],[WPR_Eac]]/RD[[#This Row],[WPR_Edc]],"")
