Workbook
Name BD_Relation: [1]Basic_Data!$B$3:$B$14
Name Date: [1]Basic_Data!$D$3:$D$33
Name dccap: [2]DGR!$D$7:$D$14
Name Digos: '[3]Basic Data'!#REF!
Name engg: [1]Basic_Data!$L$3:$L$16
Name Equipment: [1]Basic_Data!$F$3:$F$5
Name error: [1]Basic_Data!$M$3:$M$33
Name Gstc: #REF!
Name Gstc: #REF!
Name Gstc: #REF!
Name Gstc: #REF!
Name Gstc: #REF!
Name Inverter: [1]Basic_Data!$H$3:$H$8
Name invlook: [2]DGR!$B$7:$D$14
Name JB: [1]Basic_Data!$I$3:$I$68
Name jbp: [2]Basic_Data!$I$3:$J$66
Name P1_SnW4240: '[3]Basic Data'!#REF!
Name P1SnW4240: '[3]Basic Data'!#REF!
Name P1SnW51: '[3]Basic Data'!#REF!
Name P1SnW68: '[3]Basic Data'!#REF!
Name Pstc: #REF!
Name Pstc: #REF!
Name Pstc: #REF!
Name Pstc: #REF!
Name Pstc: #REF!
Name SCDA: '[3]Basic Data'!#REF!
Name SCDA: '[3]Basic Data'!#REF!
Name status: [1]Basic_Data!$K$3:$K$4
Name stp: [2]Basic_Data!$K$3:$L$32
Name String: [1]Basic_Data!$J$3:$J$1019
Name zzzzz: [4]Basic_Data!$F$3:$F$5

Sheet O2Summary
A2: Performance Summary PWEPL
A3: Month | B3: 45870
A4: Date | B4: 45871
A5: Financial Year | B5: Year-3
A6: Year Start Date | B6: 45748
A7: Year End Date | B7: 46112
A9: Sr. No. | B9: Particular | C9: Target | D9: Measured | E9: Deviation | F9: Remarks
A10: 1 | B10: E_Grid Daily (MWh) | C10: =IFERROR(_xlfn.XLOOKUP($B$4,'Daily KPI'!$A:$A,'Daily KPI'!$AD:$AD)/1000,"") -> 1057.4705 | D10: =IFERROR(_xlfn.XLOOKUP($B$4,'Daily KPI'!$A:$A,'Daily KPI'!$AA:$AA)/1000,"") -> 466.775 | E10: =D10/C10-1 -> -0.55859289
B11: E_Grid MTD(MWh) | C11: =MonthlyKPI!E4 -> 2114.941 | D11: =MonthlyKPI!F4 -> 1202.399 | E11: =D11/C11-1 -> -0.43147397
B12: E_Grid YTD (MWh) | C12: =AnnualKPI!E4 -> 63451.607 | D12: =AnnualKPI!F4 -> 80814.47 | E12: =D12/C12-1 -> 0.27363944
A13: 2 | B13: Wind Speed Daily | C13: =IFERROR(_xlfn.XLOOKUP($B$3,'Modelling New'!$D:$D,'Modelling New'!J:J),"") -> 9.1 | D13: =IFERROR(_xlfn.XLOOKUP($B$4,'Daily KPI'!$A:$A,'Daily KPI'!$M:$M),"") -> 6.5170455 | E13: =(D13-C13)/(C13) -> -0.28384116
B14: Wind Speed MTD | C14: =MonthlyKPI!C4 -> 9.1 | D14: =MonthlyKPI!D4 -> 7.0390909 | E14: =(D14-C14)/(C14) -> -0.22647353
B15: Wind Speed YTD | C15: =AnnualKPI!C4 -> 6.9174962 | D15: =AnnualKPI!D4 -> 7.3157625 | E15: =(D15-C15)/(C15) -> 0.05757376
A16: 3 | B16: PA Daily | C16: =IFERROR(_xlfn.XLOOKUP(B4,'Daily KPI'!$A:$A,'Daily KPI'!$AG:$AG),"") -> 0.9603 | D16: =IFERROR(_xlfn.XLOOKUP($B$4,'Daily KPI'!$A:$A,'Daily KPI'!O:O),"") -> 0.9991994 | E16: =(D16-C16)/(C16) -> 0.040507549
B17: PA MTD | C17: =IFERROR(_xlfn.XLOOKUP($B$3,'Modelling New'!$D:$D,'Modelling New'!AE:AE),"") -> 0.9603 | D17: =MonthlyKPI!P4 -> 0.99856869 | E17: =(D17-C17)/(C17) -> 0.039850769
B18: PA YTD | C18: =IFERROR(_xlfn.XLOOKUP($B$3,'Modelling New'!$D:$D,'Modelling New'!AE:AE),"") -> 0.9603 | D18: =AnnualKPI!P4 -> 0.97532798 | E18: =(D18-C18)/(C18) -> 0.015649257
A19: 4 | B19: EGA Daily | C19: =IFERROR(_xlfn.XLOOKUP(B7,'Daily KPI'!$A:$A,'Daily KPI'!$AH:$AH),"") -> 0.995 | D19: =IFERROR(_xlfn.XLOOKUP($B$4,'Daily KPI'!$A:$A,'Daily KPI'!$R:$R),"") -> 1 | E19: =(D19-C19)/(C19) -> 0.0050251256
B20: EGA MTD | C20: =IFERROR(_xlfn.XLOOKUP($B$3,'Modelling New'!$D:$D,'Modelling New'!$AF:$AF),"") -> 0.995 | D20: =MonthlyKPI!J4 -> 1 | E20: =(D20-C20)/(C20) -> 0.0050251256
B21: EGA YTD | C21: =IFERROR(_xlfn.XLOOKUP($B$3,'Modelling New'!$D:$D,'Modelling New'!$AF:$AF),"") -> 0.995 | D21: =AnnualKPI!J4 -> 0.9944601 | E21: =(D21-C21)/(C21) -> -0.00054261573
A22: 5 | B22: IGA Daily | C22: =IFERROR(_xlfn.XLOOKUP($B$3,'Modelling New'!$D:$D,'Modelling New'!$AI:$AI),"") -> 0.99 | D22: =IFERROR(_xlfn.XLOOKUP($B$4,'Daily KPI'!$A:$A,'Daily KPI'!Q:Q),"") -> 1 | E22: =(D22-C22)/(C22) -> 0.01010101
B23: IGA MTD | C23: =IFERROR(_xlfn.XLOOKUP($B$3,'Modelling New'!$D:$D,'Modelling New'!$AI:$AI),"") -> 0.99 | D23: =MonthlyKPI!N4 -> 1 | E23: =(D23-C23)/(C23) -> 0.01010101
B24: IGA YTD | C24: =IFERROR(_xlfn.XLOOKUP($B$3,'Modelling New'!$D:$D,'Modelling New'!$AI:$AI),"") -> 0.99 | D24: =AnnualKPI!N4 -> 0.98484246 | E24: =(D24-C24)/(C24) -> -0.0052096362
A25: 6 | B25: MA Daily | C25: =IFERROR(_xlfn.XLOOKUP($B$3,'Modelling New'!$D:$D,'Modelling New'!$AH:$AH),"") -> 0.97 | D25: =IFERROR(_xlfn.XLOOKUP($B$4,'Daily KPI'!$A:$A,'Daily KPI'!P:P),"") -> 0.9991994 | E25: =(D25-C25)/(C25) -> 0.030102473
B26: MA MTD | C26: =IFERROR(_xlfn.XLOOKUP($B$3,'Modelling New'!$D:$D,'Modelling New'!$AH:$AH),"") -> 0.97 | D26: =MonthlyKPI!N4 -> 1 | E26: =(D26-C26)/(C26) -> 0.030927835
B27: MA YTD | C27: =IFERROR(_xlfn.XLOOKUP($B$3,'Modelling New'!$D:$D,'Modelling New'!$AH:$AH),"") -> 0.97 | D27: =AnnualKPI!N4 -> 0.98484246 | E27: =(D27-C27)/(C27) -> 0.015301505
A28: 7 | B28: CUF Daily | C28: =IFERROR(_xlfn.XLOOKUP($B$3,'Modelling New'!$D:$D,'Modelling New'!$W:$W),"") -> 0.62587032 | D28: =IFERROR(_xlfn.XLOOKUP($B$4,'Daily KPI'!$A:$A,'Daily KPI'!$W:$W),"") -> 0.27626361 | E28: =(D28-C28)/(C28) -> -0.55859289
B29: CUF MTD | C29: =MonthlyKPI!$G$4 -> 0.62587032 | D29: =MonthlyKPI!$H$4 -> 0.35582357 | E29: =(D29-C29)/(C29) -> -0.43147397
B30: CUF YTD | C30: =AnnualKPI!$G$4 -> 0.3028566 | D30: =AnnualKPI!$H$4 -> 0.38573011 | E30: =(D30-C30)/(C30) -> 0.27363944
A31: 8 | B31: Line Loss Daily | C31: =_xlfn.XLOOKUP($B$3,'Modelling New'!$D:$D,'Modelling New'!AK:AK) -> 0.05 | D31: =_xlfn.XLOOKUP($B$4,'Daily KPI'!$A:$A,'Daily KPI'!$AN:$AN) -> 0 | E31: =-(D31-C31)/(C31) -> 1
B32: Line Loss MTD | C32: =_xlfn.XLOOKUP($B$3,'Modelling New'!$D:$D,'Modelling New'!AK:AK) -> 0.05 | D32: =MonthlyKPI!$U$4 -> 0 | E32: =-(D32-C32)/(C32) -> 1
B33: Line Loss YTD | C33: =_xlfn.XLOOKUP($B$3,'Modelling New'!$D:$D,'Modelling New'!AK:AK) -> 0.05 | D33: =AnnualKPI!$R$4 -> 1.2534776e-17 | E33: =-(D33-C33)/(C33) -> 1
A34: 9 | B34: Reactive Power Daily | C34: =_xlfn.XLOOKUP(B4,'Daily KPI'!$A:$A,'Daily KPI'!AQ:AQ) -> 0.05 | D34: =_xlfn.XLOOKUP($B$4,'Daily KPI'!$A:$A,'Daily KPI'!$AO:$AO) -> 0.00018373001 | E34: =-(D34-C34)/(C34) -> 0.9963254
B35: Reactive Power MTD | C35: =_xlfn.XLOOKUP($B$3,'Modelling New'!$D:$D,'Modelling New'!$AL:$AL) -> 0.05 | D35: =MonthlyKPI!$V$4 -> 0.00018312401 | E35: =-(D35-C35)/(C35) -> 0.99633752
B36: Reactive Power YTD | C36: =_xlfn.XLOOKUP($B$3,'Modelling New'!$D:$D,'Modelling New'!$AL:$AL) -> 0.05 | D36: =AnnualKPI!$S$4 -> 0.00016297161 | E36: =-(D36-C36)/(C36) -> 0.99674057
A37: 10 | B37: Expected Energy Daily | C37: =_xlfn.XLOOKUP($B$4,'Daily KPI'!$A:$A,'Daily KPI'!$AI:$AI) -> 416.51 | D37: =IFERROR(_xlfn.XLOOKUP($B$4,'Daily KPI'!$A:$A,'Daily KPI'!$X:$X)/1000,"") -> 466.775 | E37: =(D37-C37)/(C37) -> 0.12068138
B38: Expected Energy MTD | C38: =MonthlyKPI!$T$4 -> 1081.61 | D38: =IFERROR(SUMIF('Daily KPI'!$D:$D,O2Summary!$B$3,'Daily KPI'!$X:$X)/1000,"") -> 1202.399 | E38: =(D38-C38)/(C38) -> 0.11167519
B39: Expected Energy YTD | C39: =AnnualKPI!$Q$4 -> 80764.02 | D39: =IFERROR(SUMIFS('Daily KPI'!$X:$X,'Daily KPI'!$A:$A,">="&O2Summary!$B$6,'Daily KPI'!$A:$A,"<="&O2Summary!$B$4)/1000,"") -> 80814.47 | E39: =(D39-C39)/(C39) -> 0.00062465935
B483: Feeder4

Sheet MonthlyKPI
A1: Till Date | B1: =O2Summary!B4 -> 45871 | C1: 0 | D1: 0 | E1: 0 | F1: 0
A2: PWEPL Performance Summary (MTD)
A3: Year | B3: Days | C3: Estimated WS(m/s) | D3: Measured WS (m/s) | E3: Budgeted Energy (MWh) | F3: Measured Energy (MWh) | G3: Target CUF (%) | H3: Measured CUF (%) | I3: Target GA (%) | J3: Measured GA (%) | K3: Target MA (%) | L3: Measured MA (%) | M3: Target IGA (%) | N3: Measured IGA (%) | O3: Target PA(%) | P3: Measured PA (%) | Q3: WTG Total (MWh) | R3: Line Losses(%) | S3: E_WS_Corrected | T3: Expected Energy | U3: Loss (%) | V3: Reactive Power (%)
A4: =O2Summary!B3 -> 45870 | B4: =DAY(B1) -> 2 | C4: =IFERROR(_xlfn.XLOOKUP($A$4,'Modelling New'!$D:$D,'Modelling New'!$J:$J),"") -> 9.1 | D4: =IFERROR(AVERAGEIF('Daily KPI'!$D:$D,$A$4,'Daily KPI'!$M:$M),"") -> 7.0390909 | E4: =IFERROR(_xlfn.XLOOKUP($A$4,'Modelling New'!$D:$D,'Modelling New'!$U:$U),"") -> 2114.941 | F4: =IFERROR(SUMIFS('Daily KPI'!$AA:$AA,'Daily KPI'!$D:$D,$A$4)/1000,"") -> 1202.399 | G4: =IFERROR(_xlfn.XLOOKUP($A$4,'Modelling New'!$D:$D,'Modelling New'!X:X),"") -> 0.62587032 | H4: =F4/(24*B4*'Basic Data'!$L$2) -> 0.35582357 | I4: =IFERROR(_xlfn.XLOOKUP($A$4,'Modelling New'!$D:$D,'Modelling New'!AF:AF),"") -> 0.995 | J4: =IFERROR(AVERAGEIFS('Daily KPI'!$R:$R,'Daily KPI'!$A:$A,"<="&MonthlyKPI!$B$1,'Daily KPI'!$D:$D,$A$4),"") -> 1 | K4: =IFERROR(_xlfn.XLOOKUP($A$4,'Modelling New'!$D:$D,'Modelling New'!$AH:$AH),"") -> 0.97 | L4: =IFERROR(AVERAGEIFS('Daily KPI'!$P:$P,'Daily KPI'!$A:$A,"<="&MonthlyKPI!$B$1,'Daily KPI'!$D:$D,$A$4),"") -> 0.99856869 | M4: =IFERROR(_xlfn.XLOOKUP($A$4,'Modelling New'!$D:$D,'Modelling New'!$AI:$AI),"") -> 0.99 | N4: =IFERROR(AVERAGEIFS('Daily KPI'!$Q:$Q,'Daily KPI'!$A:$A,"<="&MonthlyKPI!$B$1,'Daily KPI'!$D:$D,$A$4),"") -> 1 | O4: =IFERROR(_xlfn.XLOOKUP($A$4,'Modelling New'!$D:$D,'Modelling New'!$AE:$AE),"") -> 0.9603 | P4: =L4*N4 -> 0.99856869 | Q4: =SUMIFS('Daily KPI'!$X:$X,'Daily KPI'!$D:$D,$A$4)/1000 -> 1202.399 | R4: =Q4/F4-1 -> 0 | S4: =SUMIFS(Input_Raw!DP:DP,Input_Raw!A:A,">="&A4,Input_Raw!A:A,"<="&B1) -> 1081.61 | T4: =SUMIFS('Daily KPI'!$AI:$AI,'Daily KPI'!$D:$D,$A$4) -> 1081.61 | U4: =AVERAGEIFS('Daily KPI'!$AN:$AN,'Daily KPI'!$A:$A,"<="&MonthlyKPI!$B$1,'Daily KPI'!$D:$D,$A$4) -> 0 | V4: =AVERAGEIFS('Daily KPI'!$AO:$AO,'Daily KPI'!$A:$A,"<="&MonthlyKPI!$B$1,'Daily KPI'!$D:$D,$A$4) -> 0.00018312401
A7: Start Date | B7: =B8-6 -> 45865
A8: End Date | B8: =B1 -> 45871
A9: PWEPL Performance Summary (WTD)
A10: Year | B10: Days | C10: Estimated WS(m/s) | D10: Measured WS (m/s) | E10: Budgeted Energy (MWh) | F10: Measured Energy (MWh) | G10: Target CUF (%) | H10: Measured CUF (%) | I10: Target GA (%) | J10: Measured GA (%) | K10: Target MA (%) | L10: Measured MA (%) | M10: Target IGA (%) | N10: Measured IGA (%) | O10: Target PA(%) | P10: Measured PA (%) | Q10: E_WS_Corrected
A11: =A4 -> 45870 | B11: =(B8-B7)+1 -> 7 | C11: =IFERROR(_xlfn.XLOOKUP($A$11,'Modelling New'!$D:$D,'Modelling New'!$J:$J),"") -> 9.1 | D11: =AVERAGEIFS('Daily KPI'!$M:$M,'Daily KPI'!$A:$A,">="&$B$7,'Daily KPI'!$A:$A,"<="&$B$8) -> 11.111006 | E11: =SUMIFS('Daily KPI'!$AD:$AD,'Daily KPI'!$A:$A,">="&$B$7,'Daily KPI'!$A:$A,"<="&$B$8)/1000 -> 6639.411 | F11: =SUMIFS('Daily KPI'!$AA:$AA,'Daily KPI'!$A:$A,">="&$B$7,'Daily KPI'!$A:$A,"<="&$B$8)/1000 -> 8934.033 | G11: =E11/(24*$B$11*'Basic Data'!$L$2) -> 0.56136795 | H11: =F11/(24*B11*'Basic Data'!$L$2) -> 0.75538023 | I11: =IFERROR(_xlfn.XLOOKUP($A$11,'Modelling New'!$D:$D,'Modelling New'!AF:AF),"") -> 0.995 | J11: =IFERROR(AVERAGEIFS('Daily KPI'!$R:$R,'Daily KPI'!$A:$A,">="&$B$7,'Daily KPI'!$A:$A,"<="&$B$8),"") -> 1 | K11: =IFERROR(_xlfn.XLOOKUP($A$11,'Modelling New'!$D:$D,'Modelling New'!$AH:$AH),"") -> 0.97 | L11: =IFERROR(AVERAGEIFS('Daily KPI'!$P:$P,'Daily KPI'!$A:$A,">="&$B$7,'Daily KPI'!$A:$A,"<="&$B$8),"") -> 0.9883088 | M11: =IFERROR(_xlfn.XLOOKUP($A$11,'Modelling New'!$D:$D,'Modelling New'!$AI:$AI),"") -> 0.99 | N11: =IFERROR(AVERAGEIFS('Daily KPI'!$Q:$Q,'Daily KPI'!$A:$A,">="&$B$7,'Daily KPI'!$A:$A,"<="&$B$8),"") -> 0.9996634 | O11: =IFERROR(_xlfn.XLOOKUP($A$11,'Modelling New'!$D:$D,'Modelling New'!$AE:$AE),"") -> 0.9603 | P11: =L11*N11 -> 0.98797613 | Q11: =SUMIFS(Input_Raw!DP:DP,Input_Raw!A:A,">="&B7,Input_Raw!A:A,"<="&B8) -> 9005.39
A14: Start Date | B14: =B15-29 -> 45842
A15: End Date | B15: =B8 -> 45871
A16: PWEGPL Performance Summary (LTD)
A17: Year | B17: Days | C17: Estimated WS(m/s) | D17: Measured WS (m/s) | E17: Budgeted Energy (MWh) | F17: Measured Energy (MWh) | G17: Target CUF (%) | H17: Measured CUF (%) | I17: Target GA (%) | J17: Measured GA (%) | K17: Target MA (%) | L17: Measured MA (%) | M17: Target IGA (%) | N17: Measured IGA (%) | O17: Target PA(%) | P17: Measured PA (%)
A18: =A11 -> 45870 | B18: =(B15-B14)+1 -> 30 | C18: =_xlfn.XLOOKUP($A$18,'Modelling New'!$D:$D,'Modelling New'!$AC:$AC) -> 9.4530329 | D18: =AVERAGEIFS('Daily KPI'!$M:$M,'Daily KPI'!$A:$A,">="&$B$14,'Daily KPI'!$A:$A,"<="&$B$15) -> 9.5638939 | E18: =SUMIFS('Daily KPI'!$AD:$AD,'Daily KPI'!$A:$A,">="&$B$14,'Daily KPI'!$A:$A,"<="&$B$15)/1000 -> 27451.973 | F18: =SUMIFS('Daily KPI'!$AA:$AA,'Daily KPI'!$A:$A,">="&$B$14,'Daily KPI'!$A:$A,"<="&$B$15)/1000 -> 30955.576 | G18: =E18/(24*$B$18*'Basic Data'!$L$2) -> 0.54158722 | H18: =F18/(24*B18*'Basic Data'!$L$2) -> 0.61070818 | I18: 0.997 | J18: =AVERAGEIFS('Daily KPI'!$AH:$AH,'Daily KPI'!$A:$A,">="&$B$14,'Daily KPI'!$A:$A,"<="&$B$15) -> 0.995 | K18: 0.986 | L18: =AVERAGEIFS('Daily KPI'!$P:$P,'Daily KPI'!$A:$A,">="&$B$14,'Daily KPI'!$A:$A,"<="&$B$15) -> 0.99220953 | M18: 0.995 | N18: =AVERAGEIFS('Daily KPI'!$Q:$Q,'Daily KPI'!$A:$A,">="&$B$14,'Daily KPI'!$A:$A,"<="&$B$15) -> 0.99022388 | O18: =K18*M18 -> 0.98107 | P18: =L18*N18 -> 0.98250956

Sheet AnnualKPI
A1: Till Date | B1: =O2Summary!B4 -> 45871 | C1: =O2Summary!B3 -> 45870
A2: PWEPL Performance Summary-YTD
A3: Year | B3: Days | C3: Estimated WS(m/s) | D3: Measured WS (m/s) | E3: Budgeted Energy (MWh) | F3: Measured Energy (MWh) | G3: Target CUF (%) | H3: Measured CUF (%) | I3: Target GA (%) | J3: Measured GA (%) | K3: Target MA (%) | L3: Measured MA (%) | M3: Target IGA(%) | N3: Measured IGA (%) | O3: Target PA(%) | P3: Measured PA (%) | Q3: Expected Energy | R3: Loss (%) | S3: Reactive Power (%)
A4: =YEAR(B1)+IF(MONTH(B1)>=4,1,0) -> 2026 | B4: =($B$1-O2Summary!$B$6)+1 -> 124 | C4: =IFERROR(_xlfn.XLOOKUP($C$1,'Modelling New'!$D:$D,'Modelling New'!$AD:$AD),"") -> 6.9174962 | D4: =AVERAGEIFS('Daily KPI'!$M:$M,'Daily KPI'!$A:$A,">="&O2Summary!$B$6,'Daily KPI'!$A:$A,"<="&AnnualKPI!$B$1) -> 7.3157625 | E4: =_xlfn.XLOOKUP($C$1,'Modelling New'!$D:$D,'Modelling New'!$V:$V) -> 63451.607 | F4: =SUMIFS('Daily KPI'!$AA:$AA,'Daily KPI'!$A:$A,">="&O2Summary!$B$6,'Daily KPI'!$A:$A,"<="&AnnualKPI!$B$1)/1000 -> 80814.47 | G4: =_xlfn.XLOOKUP($C$1,'Modelling New'!$D:$D,'Modelling New'!$Y:$Y) -> 0.3028566 | H4: =IFERROR(F4/(B4*24*'Basic Data'!$L$2),"") -> 0.38573011 | I4: =IFERROR(_xlfn.XLOOKUP($C$1,'Modelling New'!$D:$D,'Modelling New'!AF:AF),"") -> 0.995 | J4: =AVERAGEIFS('Daily KPI'!$R:$R,'Daily KPI'!$A:$A,">="&O2Summary!$B$6,'Daily KPI'!$A:$A,"<="&AnnualKPI!$B$1) -> 0.9944601 | K4: =IFERROR(_xlfn.XLOOKUP($C$1,'Modelling New'!$D:$D,'Modelling New'!$AH:$AH),"") -> 0.97 | L4: =AVERAGEIFS('Daily KPI'!$P:$P,'Daily KPI'!$A:$A,">="&O2Summary!$B$6,'Daily KPI'!$A:$A,"<="&AnnualKPI!$B$1) -> 0.99033909 | M4: =IFERROR(_xlfn.XLOOKUP($C$1,'Modelling New'!$D:$D,'Modelling New'!$AI:$AI),"") -> 0.99 | N4: =AVERAGEIFS('Daily KPI'!$Q:$Q,'Daily KPI'!$A:$A,">="&O2Summary!$B$6,'Daily KPI'!$A:$A,"<="&AnnualKPI!$B$1) -> 0.98484246 | O4: =K4*M4 -> 0.9603 | P4: =L4*N4 -> 0.97532798 | Q4: =SUMIFS('Daily KPI'!$AI:$AI,'Daily KPI'!$A:$A,">="&O2Summary!$B$6,'Daily KPI'!$A:$A,"<="&AnnualKPI!$B$1) -> 80764.02 | R4: =AVERAGEIFS('Daily KPI'!AN:AN,'Daily KPI'!$A:$A,">="&O2Summary!$B$6,'Daily KPI'!$A:$A,"<="&AnnualKPI!$B$1) -> 1.2534776e-17 | S4: =AVERAGEIFS('Daily KPI'!AO:AO,'Daily KPI'!$A:$A,">="&O2Summary!$B$6,'Daily KPI'!$A:$A,"<="&AnnualKPI!$B$1) -> 0.00016297161

Sheet Analytics
A2: Start Date | B2: =B3-27 -> 45844
A3: End Date | B3: =O2Summary!B4 -> 45871 | C3: =((B3-B2)*1)*24 -> 648 | D3: =MEDIAN(B21:X21) -> 9.2371429
A4: WTG No. | B4: P-01 | C4: P-02 | D4: P-03 | E4: P-04 | F4: P-05 | G4: P-06 | H4: P-07 | I4: P-08 | J4: P-09 | K4: P-10 | L4: P-11 | M4: P-12 | N4: P-13 | O4: P-14 | P4: P-15 | Q4: P-16 | R4: P-17 | S4: P-18 | T4: P-19 | U4: P-20 | V4: P-22 | W4: P-23 | X4: P-25 | Y4: P-26 | Z4: P-27 | AA4: P-28 | AB4: P-31 | AC4: P-32 | AD4: P-34 | AE4: P-37 | AF4: P-38 | AG4: P-40 | AH4: P-41 | AI4: P-42 | AJ4: P-43 | AK4: P-45 | AL4: P-46 | AM4: P-47 | AN4: P-48 | AO4: P-50 | AP4: P-51 | AQ4: P-52 | AR4: P-55 | AS4: P-56
A5: MA | B5: =($C$3-B6)/$C$3 -> 0.99140947 | C5: =($C$3-C6)/$C$3 -> 1 | D5: =($C$3-D6)/$C$3 -> 0.99737654 | E5: =($C$3-E6)/$C$3 -> 0.95100309 | F5: =($C$3-F6)/$C$3 -> 1 | G5: =($C$3-G6)/$C$3 -> 0.98058128 | H5: =($C$3-H6)/$C$3 -> 0.9632716 | I5: =($C$3-I6)/$C$3 -> 0.99459877 | ... AS5: =($C$3-AS6)/$C$3 -> 0.99187243 | AT5: =AVERAGE(B5:AS5) -> 0.99350332
A6: WTG BD Hours | B6: =(SUMIFS(WTG_BD!$T:$T,WTG_BD!$G:$G,Analytics!B$4,WTG_BD!$F:$F,">="&Analytics!$B$2,WTG_BD!$F:$F,"<="&Analytics!$B$3)) -> 5.5666667 | C6: =(SUMIFS(WTG_BD!$T:$T,WTG_BD!$G:$G,Analytics!C$4,WTG_BD!$F:$F,">="&Analytics!$B$2,WTG_BD!$F:$F,"<="&Analytics!$B$3)) -> 0 | D6: =(SUMIFS(WTG_BD!$T:$T,WTG_BD!$G:$G,Analytics!D$4,WTG_BD!$F:$F,">="&Analytics!$B$2,WTG_BD!$F:$F,"<="&Analytics!$B$3)) -> 1.7 | E6: =(SUMIFS(WTG_BD!$T:$T,WTG_BD!$G:$G,Analytics!E$4,WTG_BD!$F:$F,">="&Analytics!$B$2,WTG_BD!$F:$F,"<="&Analytics!$B$3)) -> 31.75 | F6: =(SUMIFS(WTG_BD!$T:$T,WTG_BD!$G:$G,Analytics!F$4,WTG_BD!$F:$F,">="&Analytics!$B$2,WTG_BD!$F:$F,"<="&Analytics!$B$3)) -> 0 | G6: =(SUMIFS(WTG_BD!$T:$T,WTG_BD!$G:$G,Analytics!G$4,WTG_BD!$F:$F,">="&Analytics!$B$2,WTG_BD!$F:$F,"<="&Analytics!$B$3)) -> 12.583333 | H6: =(SUMIFS(WTG_BD!$T:$T,WTG_BD!$G:$G,Analytics!H$4,WTG_BD!$F:$F,">="&Analytics!$B$2,WTG_BD!$F:$F,"<="&Analytics!$B$3)) -> 23.8 | I6: =(SUMIFS(WTG_BD!$T:$T,WTG_BD!$G:$G,Analytics!I$4,WTG_BD!$F:$F,">="&Analytics!$B$2,WTG_BD!$F:$F,"<="&Analytics!$B$3)) -> 3.5 | ... AT6: =(SUMIFS(WTG_BD!$T:$T,WTG_BD!$G:$G,Analytics!AT$4,WTG_BD!$F:$F,">="&Analytics!$B$2,WTG_BD!$F:$F,"<="&Analytics!$B$3)) -> 0
A7: IGA | B7: =($C$3-SUM(B8:B12))/$C$3 -> 0.98045267 | C7: =($C$3-SUM(C8:C12))/$C$3 -> 0.98045267 | D7: =($C$3-SUM(D8:D12))/$C$3 -> 0.98045267 | E7: =($C$3-SUM(E8:E12))/$C$3 -> 0.99891975 | F7: =($C$3-SUM(F8:F12))/$C$3 -> 0.99768519 | G7: =($C$3-SUM(G8:G12))/$C$3 -> 0.99768519 | H7: =($C$3-SUM(H8:H12))/$C$3 -> 0.98045267 | I7: =($C$3-SUM(I8:I12))/$C$3 -> 1 | ... AS7: =($C$3-SUM(AS8:AS12))/$C$3 -> 0.98045267 | AT7: =AVERAGE(B7:AS7) -> 0.99345656
A8: METERING YARD | AT8: =AVERAGE(B8:AS8) -> #DIV/0!
A9: FEEDER | B9: =SUMIFS(IGA_BD!$Q:$Q,IGA_BD!$G:$G,(VLOOKUP(B$4,'Basic Data'!$A:$F,6,0)),IGA_BD!$F:$F,">="&Analytics!$B$2,IGA_BD!$F:$F,"<="&Analytics!$B$3) -> 12.666667 | C9: =SUMIFS(IGA_BD!$Q:$Q,IGA_BD!$G:$G,(VLOOKUP(C$4,'Basic Data'!$A:$F,6,0)),IGA_BD!$F:$F,">="&Analytics!$B$2,IGA_BD!$F:$F,"<="&Analytics!$B$3) -> 12.666667 | D9: =SUMIFS(IGA_BD!$Q:$Q,IGA_BD!$G:$G,(VLOOKUP(D$4,'Basic Data'!$A:$F,6,0)),IGA_BD!$F:$F,">="&Analytics!$B$2,IGA_BD!$F:$F,"<="&Analytics!$B$3) -> 12.666667 | E9: =SUMIFS(IGA_BD!$Q:$Q,IGA_BD!$G:$G,(VLOOKUP(E$4,'Basic Data'!$A:$F,6,0)),IGA_BD!$F:$F,">="&Analytics!$B$2,IGA_BD!$F:$F,"<="&Analytics!$B$3) -> 0.7 | F9: =SUMIFS(IGA_BD!$Q:$Q,IGA_BD!$G:$G,(VLOOKUP(F$4,'Basic Data'!$A:$F,6,0)),IGA_BD!$F:$F,">="&Analytics!$B$2,IGA_BD!$F:$F,"<="&Analytics!$B$3) -> 1.5 | G9: =SUMIFS(IGA_BD!$Q:$Q,IGA_BD!$G:$G,(VLOOKUP(G$4,'Basic Data'!$A:$F,6,0)),IGA_BD!$F:$F,">="&Analytics!$B$2,IGA_BD!$F:$F,"<="&Analytics!$B$3) -> 1.5 | H9: =SUMIFS(IGA_BD!$Q:$Q,IGA_BD!$G:$G,(VLOOKUP(H$4,'Basic Data'!$A:$F,6,0)),IGA_BD!$F:$F,">="&Analytics!$B$2,IGA_BD!$F:$F,"<="&Analytics!$B$3) -> 12.666667 | I9: =SUMIFS(IGA_BD!$Q:$Q,IGA_BD!$G:$G,(VLOOKUP(I$4,'Basic Data'!$A:$F,6,0)),IGA_BD!$F:$F,">="&Analytics!$B$2,IGA_BD!$F:$F,"<="&Analytics!$B$3) -> 0 | ... AT9: =SUMIFS(IGA_BD!$Q:$Q,IGA_BD!$G:$G,(VLOOKUP(AT$4,'Basic Data'!$A:$F,6,0)),IGA_BD!$F:$F,">="&Analytics!$B$2,IGA_BD!$F:$F,"<="&Analytics!$B$3) -> 0
A10: OG | AT10: =AVERAGE(B10:AS10) -> #DIV/0!
A11: TRANSFER | AT11: =AVERAGE(B11:AS11) -> #DIV/0!
A12: USS | AT12: =AVERAGE(B12:AS12) -> #DIV/0!
A13: EGA | B13: =($C$3-B14)/$C$3 -> 0.99830247 | C13: =($C$3-C14)/$C$3 -> 0.99830247 | D13: =($C$3-D14)/$C$3 -> 0.99830247 | E13: =($C$3-E14)/$C$3 -> 1 | F13: =($C$3-F14)/$C$3 -> 0.99742798 | G13: =($C$3-G14)/$C$3 -> 0.99742798 | H13: =($C$3-H14)/$C$3 -> 0.99830247 | I13: =($C$3-I14)/$C$3 -> 1 | ... AS13: =($C$3-AS14)/$C$3 -> 0.99830247 | AT13: =AVERAGE(B13:AS13) -> 0.99897236
A14: External Grid | B14: =SUMIFS(Grid_BD!$R:$R,Grid_BD!$G:$G,(VLOOKUP(B$4,'Basic Data'!$A:$F,6,0)),Grid_BD!$F:$F,">="&Analytics!$B$2,Grid_BD!$F:$F,"<="&Analytics!$B$3) -> 1.1 | C14: =SUMIFS(Grid_BD!$R:$R,Grid_BD!$G:$G,(VLOOKUP(C$4,'Basic Data'!$A:$F,6,0)),Grid_BD!$F:$F,">="&Analytics!$B$2,Grid_BD!$F:$F,"<="&Analytics!$B$3) -> 1.1 | D14: =SUMIFS(Grid_BD!$R:$R,Grid_BD!$G:$G,(VLOOKUP(D$4,'Basic Data'!$A:$F,6,0)),Grid_BD!$F:$F,">="&Analytics!$B$2,Grid_BD!$F:$F,"<="&Analytics!$B$3) -> 1.1 | E14: =SUMIFS(Grid_BD!$R:$R,Grid_BD!$G:$G,(VLOOKUP(E$4,'Basic Data'!$A:$F,6,0)),Grid_BD!$F:$F,">="&Analytics!$B$2,Grid_BD!$F:$F,"<="&Analytics!$B$3) -> 0 | F14: =SUMIFS(Grid_BD!$R:$R,Grid_BD!$G:$G,(VLOOKUP(F$4,'Basic Data'!$A:$F,6,0)),Grid_BD!$F:$F,">="&Analytics!$B$2,Grid_BD!$F:$F,"<="&Analytics!$B$3) -> 1.6666667 | G14: =SUMIFS(Grid_BD!$R:$R,Grid_BD!$G:$G,(VLOOKUP(G$4,'Basic Data'!$A:$F,6,0)),Grid_BD!$F:$F,">="&Analytics!$B$2,Grid_BD!$F:$F,"<="&Analytics!$B$3) -> 1.6666667 | H14: =SUMIFS(Grid_BD!$R:$R,Grid_BD!$G:$G,(VLOOKUP(H$4,'Basic Data'!$A:$F,6,0)),Grid_BD!$F:$F,">="&Analytics!$B$2,Grid_BD!$F:$F,"<="&Analytics!$B$3) -> 1.1 | I14: =SUMIFS(Grid_BD!$R:$R,Grid_BD!$G:$G,(VLOOKUP(I$4,'Basic Data'!$A:$F,6,0)),Grid_BD!$F:$F,">="&Analytics!$B$2,Grid_BD!$F:$F,"<="&Analytics!$B$3) -> 0 | ... AT14: =SUMIFS(Grid_BD!$R:$R,Grid_BD!$G:$G,(VLOOKUP(AT$4,'Basic Data'!$A:$F,6,0)),Grid_BD!$F:$F,">="&Analytics!$B$2,Grid_BD!$F:$F,"<="&Analytics!$B$3) -> 0
A15: Generation | B15: =SUMIFS(Input_Raw!F:F,Input_Raw!$A:$A,">="&Analytics!$B$2,Input_Raw!$A:$A,"<="&Analytics!$B$3) -> 723356 | C15: =SUMIFS(Input_Raw!G:G,Input_Raw!$A:$A,">="&Analytics!$B$2,Input_Raw!$A:$A,"<="&Analytics!$B$3) -> 633204 | D15: =SUMIFS(Input_Raw!H:H,Input_Raw!$A:$A,">="&Analytics!$B$2,Input_Raw!$A:$A,"<="&Analytics!$B$3) -> 615756 | E15: =SUMIFS(Input_Raw!I:I,Input_Raw!$A:$A,">="&Analytics!$B$2,Input_Raw!$A:$A,"<="&Analytics!$B$3) -> 618122 | F15: =SUMIFS(Input_Raw!J:J,Input_Raw!$A:$A,">="&Analytics!$B$2,Input_Raw!$A:$A,"<="&Analytics!$B$3) -> 739816 | G15: =SUMIFS(Input_Raw!K:K,Input_Raw!$A:$A,">="&Analytics!$B$2,Input_Raw!$A:$A,"<="&Analytics!$B$3) -> 654028 | H15: =SUMIFS(Input_Raw!L:L,Input_Raw!$A:$A,">="&Analytics!$B$2,Input_Raw!$A:$A,"<="&Analytics!$B$3) -> 598880 | I15: =SUMIFS(Input_Raw!M:M,Input_Raw!$A:$A,">="&Analytics!$B$2,Input_Raw!$A:$A,"<="&Analytics!$B$3) -> 582088 | J15: =SUMIFS(Input_Raw!N:N,Input_Raw!$A:$A,">="&Analytics!$B$2,Input_Raw!$A:$A,"<="&Analytics!$B$3) -> 485484 | K15: =SUMIFS(Input_Raw!O:O,Input_Raw!$A:$A,">="&Analytics!$B$2,Input_Raw!$A:$A,"<="&Analytics!$B$3) -> 540244 | L15: =SUMIFS(Input_Raw!P:P,Input_Raw!$A:$A,">="&Analytics!$B$2,Input_Raw!$A:$A,"<="&Analytics!$B$3) -> 647054 | M15: =SUMIFS(Input_Raw!Q:Q,Input_Raw!$A:$A,">="&Analytics!$B$2,Input_Raw!$A:$A,"<="&Analytics!$B$3) -> 683012 | N15: =SUMIFS(Input_Raw!R:R,Input_Raw!$A:$A,">="&Analytics!$B$2,Input_Raw!$A:$A,"<="&Analytics!$B$3) -> 646092 | O15: =SUMIFS(Input_Raw!S:S,Input_Raw!$A:$A,">="&Analytics!$B$2,Input_Raw!$A:$A,"<="&Analytics!$B$3) -> 592062 | P15: =SUMIFS(Input_Raw!T:T,Input_Raw!$A:$A,">="&Analytics!$B$2,Input_Raw!$A:$A,"<="&Analytics!$B$3) -> 562630 | Q15: =SUMIFS(Input_Raw!U:U,Input_Raw!$A:$A,">="&Analytics!$B$2,Input_Raw!$A:$A,"<="&Analytics!$B$3) -> 614230 | R15: =SUMIFS(Input_Raw!V:V,Input_Raw!$A:$A,">="&Analytics!$B$2,Input_Raw!$A:$A,"<="&Analytics!$B$3) -> 640014 | S15: =SUMIFS(Input_Raw!W:W,Input_Raw!$A:$A,">="&Analytics!$B$2,Input_Raw!$A:$A,"<="&Analytics!$B$3) -> 624916 | T15: =SUMIFS(Input_Raw!X:X,Input_Raw!$A:$A,">="&Analytics!$B$2,Input_Raw!$A:$A,"<="&Analytics!$B$3) -> 523880 | U15: =SUMIFS(Input_Raw!Y:Y,Input_Raw!$A:$A,">="&Analytics!$B$2,Input_Raw!$A:$A,"<="&Analytics!$B$3) -> 528256 | V15: =SUMIFS(Input_Raw!Z:Z,Input_Raw!$A:$A,">="&Analytics!$B$2,Input_Raw!$A:$A,"<="&Analytics!$B$3) -> 659840 | W15: =SUMIFS(Input_Raw!AA:AA,Input_Raw!$A:$A,">="&Analytics!$B$2,Input_Raw!$A:$A,"<="&Analytics!$B$3) -> 591032 | X15: =SUMIFS(Input_Raw!AB:AB,Input_Raw!$A:$A,">="&Analytics!$B$2,Input_Raw!$A:$A,"<="&Analytics!$B$3) -> 604848 | Y15: =SUMIFS(Input_Raw!AC:AC,Input_Raw!$A:$A,">="&Analytics!$B$2,Input_Raw!$A:$A,"<="&Analytics!$B$3) -> 645624 | Z15: =SUMIFS(Input_Raw!AD:AD,Input_Raw!$A:$A,">="&Analytics!$B$2,Input_Raw!$A:$A,"<="&Analytics!$B$3) -> 655340 | AA15: =SUMIFS(Input_Raw!AE:AE,Input_Raw!$A:$A,">="&Analytics!$B$2,Input_Raw!$A:$A,"<="&Analytics!$B$3) -> 613768 | AB15: =SUMIFS(Input_Raw!AF:AF,Input_Raw!$A:$A,">="&Analytics!$B$2,Input_Raw!$A:$A,"<="&Analytics!$B$3) -> 556026 | AC15: =SUMIFS(Input_Raw!AG:AG,Input_Raw!$A:$A,">="&Analytics!$B$2,Input_Raw!$A:$A,"<="&Analytics!$B$3) -> 546588 | AD15: =SUMIFS(Input_Raw!AH:AH,Input_Raw!$A:$A,">="&Analytics!$B$2,Input_Raw!$A:$A,"<="&Analytics!$B$3) -> 674220 | AE15: =SUMIFS(Input_Raw!AI:AI,Input_Raw!$A:$A,">="&Analytics!$B$2,Input_Raw!$A:$A,"<="&Analytics!$B$3) -> 611120 | AF15: =SUMIFS(Input_Raw!AJ:AJ,Input_Raw!$A:$A,">="&Analytics!$B$2,Input_Raw!$A:$A,"<="&Analytics!$B$3) -> 620028 | AG15: =SUMIFS(Input_Raw!AK:AK,Input_Raw!$A:$A,">="&Analytics!$B$2,Input_Raw!$A:$A,"<="&Analytics!$B$3) -> 534746 | AH15: =SUMIFS(Input_Raw!AL:AL,Input_Raw!$A:$A,">="&Analytics!$B$2,Input_Raw!$A:$A,"<="&Analytics!$B$3) -> 726500 | AI15: =SUMIFS(Input_Raw!AM:AM,Input_Raw!$A:$A,">="&Analytics!$B$2,Input_Raw!$A:$A,"<="&Analytics!$B$3) -> 703996 | AJ15: =SUMIFS(Input_Raw!AN:AN,Input_Raw!$A:$A,">="&Analytics!$B$2,Input_Raw!$A:$A,"<="&Analytics!$B$3) -> 537788 | AK15: =SUMIFS(Input_Raw!AO:AO,Input_Raw!$A:$A,">="&Analytics!$B$2,Input_Raw!$A:$A,"<="&Analytics!$B$3) -> 763904 | AL15: =SUMIFS(Input_Raw!AP:AP,Input_Raw!$A:$A,">="&Analytics!$B$2,Input_Raw!$A:$A,"<="&Analytics!$B$3) -> 760840 | AM15: =SUMIFS(Input_Raw!AQ:AQ,Input_Raw!$A:$A,">="&Analytics!$B$2,Input_Raw!$A:$A,"<="&Analytics!$B$3) -> 718520 | AN15: =SUMIFS(Input_Raw!AR:AR,Input_Raw!$A:$A,">="&Analytics!$B$2,Input_Raw!$A:$A,"<="&Analytics!$B$3) -> 752948 | AO15: =SUMIFS(Input_Raw!AS:AS,Input_Raw!$A:$A,">="&Analytics!$B$2,Input_Raw!$A:$A,"<="&Analytics!$B$3) -> 619734 | AP15: =SUMIFS(Input_Raw!AT:AT,Input_Raw!$A:$A,">="&Analytics!$B$2,Input_Raw!$A:$A,"<="&Analytics!$B$3) -> 677744 | AQ15: =SUMIFS(Input_Raw!AU:AU,Input_Raw!$A:$A,">="&Analytics!$B$2,Input_Raw!$A:$A,"<="&Analytics!$B$3) -> 658484 | AR15: =SUMIFS(Input_Raw!AV:AV,Input_Raw!$A:$A,">="&Analytics!$B$2,Input_Raw!$A:$A,"<="&Analytics!$B$3) -> 755984 | AS15: =SUMIFS(Input_Raw!AW:AW,Input_Raw!$A:$A,">="&Analytics!$B$2,Input_Raw!$A:$A,"<="&Analytics!$B$3) -> 698540 | AT15: =SUM(B15:AS15) -> 27941286
A16: PA | B16: =($C$3-(SUM(B8:B12,B14,B6)))/$C$3 -> 0.97016461 | C16: =($C$3-(SUM(C8:C12,C14,C6)))/$C$3 -> 0.97875514 | D16: =($C$3-(SUM(D8:D12,D14,D6)))/$C$3 -> 0.97613169 | E16: =($C$3-(SUM(E8:E12,E14,E6)))/$C$3 -> 0.94992284 | F16: =($C$3-(SUM(F8:F12,F14,F6)))/$C$3 -> 0.99511317 | G16: =($C$3-(SUM(G8:G12,G14,G6)))/$C$3 -> 0.97569444 | H16: =($C$3-(SUM(H8:H12,H14,H6)))/$C$3 -> 0.94202675 | I16: =($C$3-(SUM(I8:I12,I14,I6)))/$C$3 -> 0.99459877 | ... AS16: =($C$3-(SUM(AS8:AS12,AS14,AS6)))/$C$3 -> 0.97062757 | AT16: =AVERAGE(B16:AS16) -> 0.98593224
A17: Sum of BD | B17: =SUMIFS(WTG_BD!$T:$T,WTG_BD!$G:$G,Analytics!B$4,WTG_BD!$F:$F,">="&Analytics!$B$2,WTG_BD!$F:$F,"<="&Analytics!$B$3) -> 5.5666667 | C17: =SUMIFS(WTG_BD!$T:$T,WTG_BD!$G:$G,Analytics!C$4,WTG_BD!$F:$F,">="&Analytics!$B$2,WTG_BD!$F:$F,"<="&Analytics!$B$3) -> 0 | D17: =SUMIFS(WTG_BD!$T:$T,WTG_BD!$G:$G,Analytics!D$4,WTG_BD!$F:$F,">="&Analytics!$B$2,WTG_BD!$F:$F,"<="&Analytics!$B$3) -> 1.7 | E17: =SUMIFS(WTG_BD!$T:$T,WTG_BD!$G:$G,Analytics!E$4,WTG_BD!$F:$F,">="&Analytics!$B$2,WTG_BD!$F:$F,"<="&Analytics!$B$3) -> 31.75 | F17: =SUMIFS(WTG_BD!$T:$T,WTG_BD!$G:$G,Analytics!F$4,WTG_BD!$F:$F,">="&Analytics!$B$2,WTG_BD!$F:$F,"<="&Analytics!$B$3) -> 0 | G17: =SUMIFS(WTG_BD!$T:$T,WTG_BD!$G:$G,Analytics!G$4,WTG_BD!$F:$F,">="&Analytics!$B$2,WTG_BD!$F:$F,"<="&Analytics!$B$3) -> 12.583333 | H17: =SUMIFS(WTG_BD!$T:$T,WTG_BD!$G:$G,Analytics!H$4,WTG_BD!$F:$F,">="&Analytics!$B$2,WTG_BD!$F:$F,"<="&Analytics!$B$3) -> 23.8 | I17: =SUMIFS(WTG_BD!$T:$T,WTG_BD!$G:$G,Analytics!I$4,WTG_BD!$F:$F,">="&Analytics!$B$2,WTG_BD!$F:$F,"<="&Analytics!$B$3) -> 3.5 | ... AT17: =SUMIFS(WTG_BD!$T:$T,WTG_BD!$G:$G,Analytics!AT$4,WTG_BD!$F:$F,">="&Analytics!$B$2,WTG_BD!$F:$F,"<="&Analytics!$B$3) -> 0
A18: Count of BD | B18: =COUNTIFS(WTG_BD!$G:$G,Analytics!B$4,WTG_BD!$F:$F,">="&Analytics!$B$2,WTG_BD!$F:$F,"<="&Analytics!$B$3) -> 4 | C18: =COUNTIFS(WTG_BD!$G:$G,Analytics!C$4,WTG_BD!$F:$F,">="&Analytics!$B$2,WTG_BD!$F:$F,"<="&Analytics!$B$3) -> 0 | D18: =COUNTIFS(WTG_BD!$G:$G,Analytics!D$4,WTG_BD!$F:$F,">="&Analytics!$B$2,WTG_BD!$F:$F,"<="&Analytics!$B$3) -> 1 | E18: =COUNTIFS(WTG_BD!$G:$G,Analytics!E$4,WTG_BD!$F:$F,">="&Analytics!$B$2,WTG_BD!$F:$F,"<="&Analytics!$B$3) -> 9 | F18: =COUNTIFS(WTG_BD!$G:$G,Analytics!F$4,WTG_BD!$F:$F,">="&Analytics!$B$2,WTG_BD!$F:$F,"<="&Analytics!$B$3) -> 0 | G18: =COUNTIFS(WTG_BD!$G:$G,Analytics!G$4,WTG_BD!$F:$F,">="&Analytics!$B$2,WTG_BD!$F:$F,"<="&Analytics!$B$3) -> 3 | H18: =COUNTIFS(WTG_BD!$G:$G,Analytics!H$4,WTG_BD!$F:$F,">="&Analytics!$B$2,WTG_BD!$F:$F,"<="&Analytics!$B$3) -> 4 | I18: =COUNTIFS(WTG_BD!$G:$G,Analytics!I$4,WTG_BD!$F:$F,">="&Analytics!$B$2,WTG_BD!$F:$F,"<="&Analytics!$B$3) -> 6 | ... AT18: =COUNTIFS(WTG_BD!$G:$G,Analytics!AT$4,WTG_BD!$F:$F,">="&Analytics!$B$2,WTG_BD!$F:$F,"<="&Analytics!$B$3) -> 0
A19: MTTR WTG | B19: =IFERROR(B17/B18,0) -> 1.3916667 | C19: =IFERROR(C17/C18,0) -> 0 | D19: =IFERROR(D17/D18,0) -> 1.7 | E19: =IFERROR(E17/E18,0) -> 3.5277778 | F19: =IFERROR(F17/F18,0) -> 0 | G19: =IFERROR(G17/G18,0) -> 4.1944444 | H19: =IFERROR(H17/H18,0) -> 5.95 | I19: =IFERROR(I17/I18,0) -> 0.58333333 | ... AS19: =IFERROR(AS17/AS18,0) -> 1.7555556 | AT19: =AVERAGE(B19:AS19) -> 1.3402841
A20: MTBF WTG | B20: =IFERROR(($C$3-B17)/B18,$C$3) -> 160.60833 | C20: =IFERROR(($C$3-C17)/C18,$C$3) -> 648 | D20: =IFERROR(($C$3-D17)/D18,$C$3) -> 646.3 | E20: =IFERROR(($C$3-E17)/E18,$C$3) -> 68.472222 | F20: =IFERROR(($C$3-F17)/F18,$C$3) -> 648 | G20: =IFERROR(($C$3-G17)/G18,$C$3) -> 211.80556 | H20: =IFERROR(($C$3-H17)/H18,$C$3) -> 156.05 | I20: =IFERROR(($C$3-I17)/I18,$C$3) -> 107.41667 | ... AS20: =IFERROR(($C$3-AS17)/AS18,$C$3) -> 214.24444 | AT20: =AVERAGE(B20:AS20) -> 426.65062
A21: WS (M/S) | B21: =AVERAGEIFS(Input_Raw!AX:AX,Input_Raw!$A:$A,">="&Analytics!$B$2,Input_Raw!$A:$A,"<="&Analytics!$B$3) -> 9.8292857 | C21: =AVERAGEIFS(Input_Raw!AY:AY,Input_Raw!$A:$A,">="&Analytics!$B$2,Input_Raw!$A:$A,"<="&Analytics!$B$3) -> 9.4014286 | D21: =AVERAGEIFS(Input_Raw!AZ:AZ,Input_Raw!$A:$A,">="&Analytics!$B$2,Input_Raw!$A:$A,"<="&Analytics!$B$3) -> 9.1957143 | E21: =AVERAGEIFS(Input_Raw!BA:BA,Input_Raw!$A:$A,">="&Analytics!$B$2,Input_Raw!$A:$A,"<="&Analytics!$B$3) -> 9.6135714 | F21: =AVERAGEIFS(Input_Raw!BB:BB,Input_Raw!$A:$A,">="&Analytics!$B$2,Input_Raw!$A:$A,"<="&Analytics!$B$3) -> 9.8007143 | G21: =AVERAGEIFS(Input_Raw!BC:BC,Input_Raw!$A:$A,">="&Analytics!$B$2,Input_Raw!$A:$A,"<="&Analytics!$B$3) -> 10.048214 | H21: =AVERAGEIFS(Input_Raw!BD:BD,Input_Raw!$A:$A,">="&Analytics!$B$2,Input_Raw!$A:$A,"<="&Analytics!$B$3) -> 9.2371429 | I21: =AVERAGEIFS(Input_Raw!BE:BE,Input_Raw!$A:$A,">="&Analytics!$B$2,Input_Raw!$A:$A,"<="&Analytics!$B$3) -> 8.7728571 | J21: =AVERAGEIFS(Input_Raw!BF:BF,Input_Raw!$A:$A,">="&Analytics!$B$2,Input_Raw!$A:$A,"<="&Analytics!$B$3) -> 8.1271429 | K21: =AVERAGEIFS(Input_Raw!BG:BG,Input_Raw!$A:$A,">="&Analytics!$B$2,Input_Raw!$A:$A,"<="&Analytics!$B$3) -> 8.8946429 | L21: =AVERAGEIFS(Input_Raw!BH:BH,Input_Raw!$A:$A,">="&Analytics!$B$2,Input_Raw!$A:$A,"<="&Analytics!$B$3) -> 9.3285714 | M21: =AVERAGEIFS(Input_Raw!BI:BI,Input_Raw!$A:$A,">="&Analytics!$B$2,Input_Raw!$A:$A,"<="&Analytics!$B$3) -> 10.217857 | N21: =AVERAGEIFS(Input_Raw!BJ:BJ,Input_Raw!$A:$A,">="&Analytics!$B$2,Input_Raw!$A:$A,"<="&Analytics!$B$3) -> 8.9771429 | O21: =AVERAGEIFS(Input_Raw!BK:BK,Input_Raw!$A:$A,">="&Analytics!$B$2,Input_Raw!$A:$A,"<="&Analytics!$B$3) -> 9.0421429 | P21: =AVERAGEIFS(Input_Raw!BL:BL,Input_Raw!$A:$A,">="&Analytics!$B$2,Input_Raw!$A:$A,"<="&Analytics!$B$3) -> 9.2871429 | Q21: =AVERAGEIFS(Input_Raw!BM:BM,Input_Raw!$A:$A,">="&Analytics!$B$2,Input_Raw!$A:$A,"<="&Analytics!$B$3) -> 9.2667857 | R21: =AVERAGEIFS(Input_Raw!BN:BN,Input_Raw!$A:$A,">="&Analytics!$B$2,Input_Raw!$A:$A,"<="&Analytics!$B$3) -> 9.7657143 | S21: =AVERAGEIFS(Input_Raw!BO:BO,Input_Raw!$A:$A,">="&Analytics!$B$2,Input_Raw!$A:$A,"<="&Analytics!$B$3) -> 9.1685714 | T21: =AVERAGEIFS(Input_Raw!BP:BP,Input_Raw!$A:$A,">="&Analytics!$B$2,Input_Raw!$A:$A,"<="&Analytics!$B$3) -> 8.7328571 | U21: =AVERAGEIFS(Input_Raw!BQ:BQ,Input_Raw!$A:$A,">="&Analytics!$B$2,Input_Raw!$A:$A,"<="&Analytics!$B$3) -> 8.0157143 | V21: =AVERAGEIFS(Input_Raw!BR:BR,Input_Raw!$A:$A,">="&Analytics!$B$2,Input_Raw!$A:$A,"<="&Analytics!$B$3) -> 9.4321429 | W21: =AVERAGEIFS(Input_Raw!BS:BS,Input_Raw!$A:$A,">="&Analytics!$B$2,Input_Raw!$A:$A,"<="&Analytics!$B$3) -> 8.7592857 | X21: =AVERAGEIFS(Input_Raw!BT:BT,Input_Raw!$A:$A,">="&Analytics!$B$2,Input_Raw!$A:$A,"<="&Analytics!$B$3) -> 8.5807143 | Y21: =AVERAGEIFS(Input_Raw!BU:BU,Input_Raw!$A:$A,">="&Analytics!$B$2,Input_Raw!$A:$A,"<="&Analytics!$B$3) -> 9.4557143 | Z21: =AVERAGEIFS(Input_Raw!BV:BV,Input_Raw!$A:$A,">="&Analytics!$B$2,Input_Raw!$A:$A,"<="&Analytics!$B$3) -> 9.05 | AA21: =AVERAGEIFS(Input_Raw!BW:BW,Input_Raw!$A:$A,">="&Analytics!$B$2,Input_Raw!$A:$A,"<="&Analytics!$B$3) -> 9.3335714 | AB21: =AVERAGEIFS(Input_Raw!BX:BX,Input_Raw!$A:$A,">="&Analytics!$B$2,Input_Raw!$A:$A,"<="&Analytics!$B$3) -> 8.3792857 | AC21: =AVERAGEIFS(Input_Raw!BY:BY,Input_Raw!$A:$A,">="&Analytics!$B$2,Input_Raw!$A:$A,"<="&Analytics!$B$3) -> 8.4135714 | AD21: =AVERAGEIFS(Input_Raw!BZ:BZ,Input_Raw!$A:$A,">="&Analytics!$B$2,Input_Raw!$A:$A,"<="&Analytics!$B$3) -> 9.645 | AE21: =AVERAGEIFS(Input_Raw!CA:CA,Input_Raw!$A:$A,">="&Analytics!$B$2,Input_Raw!$A:$A,"<="&Analytics!$B$3) -> 9.0025 | AF21: =AVERAGEIFS(Input_Raw!CB:CB,Input_Raw!$A:$A,">="&Analytics!$B$2,Input_Raw!$A:$A,"<="&Analytics!$B$3) -> 9.375 | AG21: =AVERAGEIFS(Input_Raw!CC:CC,Input_Raw!$A:$A,">="&Analytics!$B$2,Input_Raw!$A:$A,"<="&Analytics!$B$3) -> 8.5410714 | AH21: =AVERAGEIFS(Input_Raw!CD:CD,Input_Raw!$A:$A,">="&Analytics!$B$2,Input_Raw!$A:$A,"<="&Analytics!$B$3) -> 10.087143 | AI21: =AVERAGEIFS(Input_Raw!CE:CE,Input_Raw!$A:$A,">="&Analytics!$B$2,Input_Raw!$A:$A,"<="&Analytics!$B$3) -> 9.9978571 | AJ21: =AVERAGEIFS(Input_Raw!CF:CF,Input_Raw!$A:$A,">="&Analytics!$B$2,Input_Raw!$A:$A,"<="&Analytics!$B$3) -> 8.2642857 | AK21: =AVERAGEIFS(Input_Raw!CG:CG,Input_Raw!$A:$A,">="&Analytics!$B$2,Input_Raw!$A:$A,"<="&Analytics!$B$3) -> 11.179643 | AL21: =AVERAGEIFS(Input_Raw!CH:CH,Input_Raw!$A:$A,">="&Analytics!$B$2,Input_Raw!$A:$A,"<="&Analytics!$B$3) -> 10.766071 | AM21: =AVERAGEIFS(Input_Raw!CI:CI,Input_Raw!$A:$A,">="&Analytics!$B$2,Input_Raw!$A:$A,"<="&Analytics!$B$3) -> 10.0025 | AN21: =AVERAGEIFS(Input_Raw!CJ:CJ,Input_Raw!$A:$A,">="&Analytics!$B$2,Input_Raw!$A:$A,"<="&Analytics!$B$3) -> 10.398214 | AO21: =AVERAGEIFS(Input_Raw!CK:CK,Input_Raw!$A:$A,">="&Analytics!$B$2,Input_Raw!$A:$A,"<="&Analytics!$B$3) -> 9.1785714 | AP21: =AVERAGEIFS(Input_Raw!CL:CL,Input_Raw!$A:$A,">="&Analytics!$B$2,Input_Raw!$A:$A,"<="&Analytics!$B$3) -> 9.8778571 | AQ21: =AVERAGEIFS(Input_Raw!CM:CM,Input_Raw!$A:$A,">="&Analytics!$B$2,Input_Raw!$A:$A,"<="&Analytics!$B$3) -> 9.615 | AR21: =AVERAGEIFS(Input_Raw!CN:CN,Input_Raw!$A:$A,">="&Analytics!$B$2,Input_Raw!$A:$A,"<="&Analytics!$B$3) -> 11.095357 | AS21: =AVERAGEIFS(Input_Raw!CO:CO,Input_Raw!$A:$A,">="&Analytics!$B$2,Input_Raw!$A:$A,"<="&Analytics!$B$3) -> 9.9664286 | AT21: =AVERAGE(B21:AS21) -> 9.3890909
A22: Line loss (%)
A23: Corelation (%)
A24: Reactive Power
A26: Fault Analysis
D28: Put hour Here | F28: Default hour for full Data
D29: =(MAX(#REF!)-#REF!)*24 -> #REF! | F29: =(MAX(#REF!)-#REF!)*24 -> #REF!
A30: Row Labels | B30: Sum of Breakdown Time | C30: Count of Error Text | D30: MTTR | E30: MTBF
A31: Gearbox oil overtemperature | B31: 289.1 | C31: 73 | D31: =B31/C31 -> 3.960274 | E31: =($D$29-B31)/C31 -> #REF!
A32: Line CCU collective faults | B32: 207.01667 | C32: 26 | D32: =B32/C32 -> 7.9621795 | E32: =($D$29-B32)/C32 -> #REF!
A33: PLC fault 24V Supply | B33: 84.225278 | C33: 12 | D33: =B33/C33 -> 7.0187731 | E33: =($D$29-B33)/C33 -> #REF!
A34: Anemometer defec | B34: 65.85 | C34: 8 | D34: =B34/C34 -> 8.23125 | E34: =($D$29-B34)/C34 -> #REF!
A35: Line CCU fault current | B35: 65.083333 | C35: 7 | D35: =B35/C35 -> 9.297619 | E35: =($D$29-B35)/C35 -> #REF!
A36: Pitch thyristor 3 fault | B36: 58.083333 | C36: 9 | D36: =B36/C36 -> 6.4537037 | E36: =($D$29-B36)/C36 -> #REF!
A37: Yaw tooth sensor 1 timeout | B37: 40.3 | C37: 20 | D37: =B37/C37 -> 2.015 | E37: =($D$29-B37)/C37 -> #REF!
A38: Rotor speeds not plausible | B38: 39.8 | C38: 7 | D38: =B38/C38 -> 5.6857143 | E38: =($D$29-B38)/C38 -> #REF!
A39: Communication fault wind measurement device | B39: 34.216667 | C39: 5 | D39: =B39/C39 -> 6.8433333 | E39: =($D$29-B39)/C39 -> #REF!
A40: No communication Cu | B40: 28.95 | C40: 2 | D40: =B40/C40 -> 14.475 | E40: =($D$29-B40)/C40 -> #REF!
A41: Pitch thyristor 1 fault | B41: 26.983333 | C41: 3 | D41: =B41/C41 -> 8.9944444 | E41: =($D$29-B41)/C41 -> #REF!
A42: Brake not released secondary brake | B42: 20.25 | C42: 2 | D42: =B42/C42 -> 10.125 | E42: =($D$29-B42)/C42 -> #REF!
... A79: Grand Total | B79: 1144.1086 | C79: 297 | D79: =B79/C79 -> 3.8522175 | E79: =($D$29-B79)/C79 -> #REF!
D80: =B80/C80 -> #DIV/0! | E80: =($D$29-B80)/C80 -> #REF!

Sheet Daily KPI
A1: Date | B1: Financial Year | C1: Calendar Year | D1: Month Year | E1: Days | F1: Operating Hours | G1: GHI-UP (KWh/m2) | H1: GHI-Down(KWh/m2) | I1: POA-UP(KWh/m2) | J1: POA-Down(KWh/m2) | K1: Amb_Temp(°C) | L1: Mod_Temp(°C) | M1: WS_Avg(m/s) | N1: WS_Max(m/s) | O1: PA(%) | P1: MA (%) | Q1: IGA (%) | R1: EGA(%) | S1: EMA (%) | T1: TA (%) | U1: PR(%) | V1: WPR(%) | W1: CUF(%) | X1: Gen_Exp (kWh) | Y1: Mtr_Export (kWh) | Z1: Mtr_Import (kWh) | AA1: Mtr_Net_Exp (KWh) | AB1: Operational Capacity (MW) | AC1: Bugt_Resource | AD1: Bugt_Energy | AE1: Bugt PR | AF1: Bugt CUF | AG1: Bugt_PA | AH1: Bugt_EGA | AI1: Expected Energy | AJ1: Actual Energy WPR | AK1: RA (%) | AL1: Mod Clean Dry (Num) | AM1: Mod Clean Wet (Num) | AN1: Line Loss(%) | AO1: Reactive Power (%) | AP1: Bugt Line loss (%) (Wind) | AQ1: Bugt Reactive Power (%) (Wind) | AR1: Bugt Capacity | AS1: CC*Bugt
A2: 45745 | B2: =YEAR(Daily_KPI[[#This Row],[Date]])+IF(MONTH(Daily_KPI[[#This Row],[Date]])>=4,1,0) -> 2025 | C2: =YEAR(Daily_KPI[[#This Row],[Date]]) -> 2025 | D2: =Daily_KPI[[#This Row],[Date]]-DAY(Daily_KPI[[#This Row],[Date]])+1 -> 45717 | E2: =DAY(EOMONTH(A2,0)) -> 31 | M2: =IFERROR(_xlfn.XLOOKUP($A2,Input_Raw!$A:$A,Input_Raw!$CQ:$CQ),"") -> 4.6409091 | N2: =IFERROR(_xlfn.XLOOKUP($A2,Input_Raw!$A:$A,Input_Raw!$CR:$CR),"") -> 5.68 | O2: =IFERROR(P2*Q2,"") -> 0.9685133 | P2: =IFERROR(1-SUMIF(WTG_BD!$F:$F,$A2,WTG_BD!$AA:$AA)/($AA2+SUMIF(WTG_BD!$F:$F,$A2,WTG_BD!$AA:$AA)),"") -> 0.99330876 | Q2: =IFERROR(1-SUMIF(IGA_BD!$F:$F,$A2,IGA_BD!$W:$W)/($AA2+SUMIF(IGA_BD!$F:$F,$A2,IGA_BD!$W:$W)),"") -> 0.97503752 | R2: =IFERROR(1-SUMIF(Grid_BD!$F:$F,$A2,Grid_BD!$Y:$Y)/($AA2+SUMIF(Grid_BD!$F:$F,$A2,Grid_BD!$Y:$Y)),"") -> 1 | W2: =IFERROR(X2/(24*AB2*1000),"") -> 0.099985204 | X2: =IFERROR(_xlfn.XLOOKUP($A2,Input_Raw!$A:$A,Input_Raw!$CP:$CP)*1000,"") -> 168935 | Y2: =IFERROR(_xlfn.XLOOKUP($A2,Input_Raw!$A:$A,Input_Raw!DJ:DJ)*1000,"") -> 168935 | Z2: =IFERROR(_xlfn.XLOOKUP($A2,Input_Raw!$A:$A,Input_Raw!DK:DK)*1000,"") -> 0 | AA2: =IFERROR(Y2-Z2,"") -> 168935 | AB2: =IFERROR(_xlfn.XLOOKUP($A2,Input_Raw!$A:$A,Input_Raw!$DR:$DR),"") -> 70.4 | AC2: =IFERROR(_xlfn.XLOOKUP($D2,'Modelling New'!$D:$D,'Modelling New'!$J:$J),"") -> 4.565 | AD2: =IFERROR(_xlfn.XLOOKUP($D2,'Modelling New'!$D:$D,'Modelling New'!$T:$T)*1000,"") -> 177354.84 | AF2: =IFERROR(_xlfn.XLOOKUP($D2,'Modelling New'!$D:$D,'Modelling New'!$W:$W),"") -> 0.10496854 | AG2: =IFERROR(_xlfn.XLOOKUP($D2,'Modelling New'!$D:$D,'Modelling New'!$AE:$AE),"") -> 0.9603 | AH2: =IFERROR(_xlfn.XLOOKUP($D2,'Modelling New'!$D:$D,'Modelling New'!$AF:$AF),"") -> 0.995 | AI2: =IFERROR(_xlfn.XLOOKUP($A2,Input_Raw!$A:$A,Input_Raw!$DP:$DP),"") -> 156.79 | AN2: =IFERROR(_xlfn.XLOOKUP($A2,Input_Raw!$A:$A,Input_Raw!$DL:$DL),"") -> 0 | AO2: =IFERROR((_xlfn.XLOOKUP($A2,'WTG Reactive Power'!$A:$A,'WTG Reactive Power'!$AW:$AW))/X2,"") -> 0 | AP2: =IFERROR(_xlfn.XLOOKUP($D2,'Modelling New'!$D:$D,'Modelling New'!$AK:$AK),"") -> 0.05 | AQ2: =IFERROR(_xlfn.XLOOKUP($D2,'Modelling New'!$D:$D,'Modelling New'!$AL:$AL),"") -> 0.05 | AR2: =IFERROR(_xlfn.XLOOKUP($D2,'Modelling New'!$D:$D,'Modelling New'!$N:$N),"") -> 70.4
A3: =A2+1 -> 45746 | B3: =YEAR(Daily_KPI[[#This Row],[Date]])+IF(MONTH(Daily_KPI[[#This Row],[Date]])>=4,1,0) -> 2025 | C3: =YEAR(Daily_KPI[[#This Row],[Date]]) -> 2025 | D3: =Daily_KPI[[#This Row],[Date]]-DAY(Daily_KPI[[#This Row],[Date]])+1 -> 45717 | E3: =DAY(EOMONTH(A3,0)) -> 31 | M3: =IFERROR(_xlfn.XLOOKUP($A3,Input_Raw!$A:$A,Input_Raw!$CQ:$CQ),"") -> 4.9325 | N3: =IFERROR(_xlfn.XLOOKUP($A3,Input_Raw!$A:$A,Input_Raw!$CR:$CR),"") -> 6.15 | O3: =IFERROR(P3*Q3,"") -> 0.99496953 | P3: =IFERROR(1-SUMIF(WTG_BD!$F:$F,$A3,WTG_BD!$AA:$AA)/($AA3+SUMIF(WTG_BD!$F:$F,$A3,WTG_BD!$AA:$AA)),"") -> 1 | Q3: =IFERROR(1-SUMIF(IGA_BD!$F:$F,$A3,IGA_BD!$W:$W)/($AA3+SUMIF(IGA_BD!$F:$F,$A3,IGA_BD!$W:$W)),"") -> 0.99496953 | R3: =IFERROR(1-SUMIF(Grid_BD!$F:$F,$A3,Grid_BD!$Y:$Y)/($AA3+SUMIF(Grid_BD!$F:$F,$A3,Grid_BD!$Y:$Y)),"") -> 1 | W3: =IFERROR(X3/(24*AB3*1000),"") -> 0.11237985 | X3: =IFERROR(_xlfn.XLOOKUP($A3,Input_Raw!$A:$A,Input_Raw!$CP:$CP)*1000,"") -> 189877 | Y3: =IFERROR(_xlfn.XLOOKUP($A3,Input_Raw!$A:$A,Input_Raw!DJ:DJ)*1000,"") -> 189877 | Z3: =IFERROR(_xlfn.XLOOKUP($A3,Input_Raw!$A:$A,Input_Raw!DK:DK)*1000,"") -> 0 | AA3: =IFERROR(Y3-Z3,"") -> 189877 | AB3: =IFERROR(_xlfn.XLOOKUP($A3,Input_Raw!$A:$A,Input_Raw!$DR:$DR),"") -> 70.4 | AC3: =IFERROR(_xlfn.XLOOKUP($D3,'Modelling New'!$D:$D,'Modelling New'!$J:$J),"") -> 4.565 | AD3: =IFERROR(_xlfn.XLOOKUP($D3,'Modelling New'!$D:$D,'Modelling New'!$T:$T)*1000,"") -> 177354.84 | AF3: =IFERROR(_xlfn.XLOOKUP($D3,'Modelling New'!$D:$D,'Modelling New'!$W:$W),"") -> 0.10496854 | AG3: =IFERROR(_xlfn.XLOOKUP($D3,'Modelling New'!$D:$D,'Modelling New'!$AE:$AE),"") -> 0.9603 | AH3: =IFERROR(_xlfn.XLOOKUP($D3,'Modelling New'!$D:$D,'Modelling New'!$AF:$AF),"") -> 0.995 | AI3: =IFERROR(_xlfn.XLOOKUP($A3,Input_Raw!$A:$A,Input_Raw!$DP:$DP),"") -> 162.74 | AN3: =IFERROR(_xlfn.XLOOKUP($A3,Input_Raw!$A:$A,Input_Raw!$DL:$DL),"") -> 0 | AO3: =IFERROR((_xlfn.XLOOKUP($A3,'WTG Reactive Power'!$A:$A,'WTG Reactive Power'!$AW:$AW))/X3,"") -> 0 | AP3: =IFERROR(_xlfn.XLOOKUP($D3,'Modelling New'!$D:$D,'Modelling New'!$AK:$AK),"") -> 0.05 | AQ3: =IFERROR(_xlfn.XLOOKUP($D3,'Modelling New'!$D:$D,'Modelling New'!$AL:$AL),"") -> 0.05 | AR3: =IFERROR(_xlfn.XLOOKUP($D3,'Modelling New'!$D:$D,'Modelling New'!$N:$N),"") -> 70.4
A4: =A3+1 -> 45747 | B4: =YEAR(Daily_KPI[[#This Row],[Date]])+IF(MONTH(Daily_KPI[[#This Row],[Date]])>=4,1,0) -> 2025 | C4: =YEAR(Daily_KPI[[#This Row],[Date]]) -> 2025 | D4: =Daily_KPI[[#This Row],[Date]]-DAY(Daily_KPI[[#This Row],[Date]])+1 -> 45717 | E4: =DAY(EOMONTH(A4,0)) -> 31 | M4: =IFERROR(_xlfn.XLOOKUP($A4,Input_Raw!$A:$A,Input_Raw!$CQ:$CQ),"") -> 3.7163636 | N4: =IFERROR(_xlfn.XLOOKUP($A4,Input_Raw!$A:$A,Input_Raw!$CR:$CR),"") -> 4.75 | O4: =IFERROR(P4*Q4,"") -> 0.95403199 | P4: =IFERROR(1-SUMIF(WTG_BD!$F:$F,$A4,WTG_BD!$AA:$AA)/($AA4+SUMIF(WTG_BD!$F:$F,$A4,WTG_BD!$AA:$AA)),"") -> 0.99594967 | Q4: =IFERROR(1-SUMIF(IGA_BD!$F:$F,$A4,IGA_BD!$W:$W)/($AA4+SUMIF(IGA_BD!$F:$F,$A4,IGA_BD!$W:$W)),"") -> 0.95791185 | R4: =IFERROR(1-SUMIF(Grid_BD!$F:$F,$A4,Grid_BD!$Y:$Y)/($AA4+SUMIF(Grid_BD!$F:$F,$A4,Grid_BD!$Y:$Y)),"") -> 1 | W4: =IFERROR(X4/(24*AB4*1000),"") -> 0.051955492 | X4: =IFERROR(_xlfn.XLOOKUP($A4,Input_Raw!$A:$A,Input_Raw!$CP:$CP)*1000,"") -> 87784 | Y4: =IFERROR(_xlfn.XLOOKUP($A4,Input_Raw!$A:$A,Input_Raw!DJ:DJ)*1000,"") -> 87784 | Z4: =IFERROR(_xlfn.XLOOKUP($A4,Input_Raw!$A:$A,Input_Raw!DK:DK)*1000,"") -> 0 | AA4: =IFERROR(Y4-Z4,"") -> 87784 | AB4: =IFERROR(_xlfn.XLOOKUP($A4,Input_Raw!$A:$A,Input_Raw!$DR:$DR),"") -> 70.4 | AC4: =IFERROR(_xlfn.XLOOKUP($D4,'Modelling New'!$D:$D,'Modelling New'!$J:$J),"") -> 4.565 | AD4: =IFERROR(_xlfn.XLOOKUP($D4,'Modelling New'!$D:$D,'Modelling New'!$T:$T)*1000,"") -> 177354.84 | AF4: =IFERROR(_xlfn.XLOOKUP($D4,'Modelling New'!$D:$D,'Modelling New'!$W:$W),"") -> 0.10496854 | AG4: =IFERROR(_xlfn.XLOOKUP($D4,'Modelling New'!$D:$D,'Modelling New'!$AE:$AE),"") -> 0.9603 | AH4: =IFERROR(_xlfn.XLOOKUP($D4,'Modelling New'!$D:$D,'Modelling New'!$AF:$AF),"") -> 0.995 | AI4: =IFERROR(_xlfn.XLOOKUP($A4,Input_Raw!$A:$A,Input_Raw!$DP:$DP),"") -> 66.47 | AN4: =IFERROR(_xlfn.XLOOKUP($A4,Input_Raw!$A:$A,Input_Raw!$DL:$DL),"") -> -1.110223e-16 | AO4: =IFERROR((_xlfn.XLOOKUP($A4,'WTG Reactive Power'!$A:$A,'WTG Reactive Power'!$AW:$AW))/X4,"") -> 0 | AP4: =IFERROR(_xlfn.XLOOKUP($D4,'Modelling New'!$D:$D,'Modelling New'!$AK:$AK),"") -> 0.05 | AQ4: =IFERROR(_xlfn.XLOOKUP($D4,'Modelling New'!$D:$D,'Modelling New'!$AL:$AL),"") -> 0.05 | AR4: =IFERROR(_xlfn.XLOOKUP($D4,'Modelling New'!$D:$D,'Modelling New'!$N:$N),"") -> 70.4
A5: =A4+1 -> 45748 | B5: =YEAR(Daily_KPI[[#This Row],[Date]])+IF(MONTH(Daily_KPI[[#This Row],[Date]])>=4,1,0) -> 2026 | C5: =YEAR(Daily_KPI[[#This Row],[Date]]) -> 2025 | D5: =Daily_KPI[[#This Row],[Date]]-DAY(Daily_KPI[[#This Row],[Date]])+1 -> 45748 | E5: =DAY(EOMONTH(A5,0)) -> 30 | M5: =IFERROR(_xlfn.XLOOKUP($A5,Input_Raw!$A:$A,Input_Raw!$CQ:$CQ),"") -> 5.0677273 | N5: =IFERROR(_xlfn.XLOOKUP($A5,Input_Raw!$A:$A,Input_Raw!$CR:$CR),"") -> 6.47 | O5: =IFERROR(P5*Q5,"") -> 0.85430306 | P5: =IFERROR(1-SUMIF(WTG_BD!$F:$F,$A5,WTG_BD!$AA:$AA)/($AA5+SUMIF(WTG_BD!$F:$F,$A5,WTG_BD!$AA:$AA)),"") -> 0.98556093 | Q5: =IFERROR(1-SUMIF(IGA_BD!$F:$F,$A5,IGA_BD!$W:$W)/($AA5+SUMIF(IGA_BD!$F:$F,$A5,IGA_BD!$W:$W)),"") -> 0.86681912 | R5: =IFERROR(1-SUMIF(Grid_BD!$F:$F,$A5,Grid_BD!$Y:$Y)/($AA5+SUMIF(Grid_BD!$F:$F,$A5,Grid_BD!$Y:$Y)),"") -> 1 | W5: =IFERROR(X5/(24*AB5*1000),"") -> 0.14470585 | X5: =IFERROR(_xlfn.XLOOKUP($A5,Input_Raw!$A:$A,Input_Raw!$CP:$CP)*1000,"") -> 244495 | Y5: =IFERROR(_xlfn.XLOOKUP($A5,Input_Raw!$A:$A,Input_Raw!DJ:DJ)*1000,"") -> 244495 | Z5: =IFERROR(_xlfn.XLOOKUP($A5,Input_Raw!$A:$A,Input_Raw!DK:DK)*1000,"") -> 0 | AA5: =IFERROR(Y5-Z5,"") -> 244495 | AB5: =IFERROR(_xlfn.XLOOKUP($A5,Input_Raw!$A:$A,Input_Raw!$DR:$DR),"") -> 70.4 | AC5: =IFERROR(_xlfn.XLOOKUP($D5,'Modelling New'!$D:$D,'Modelling New'!$J:$J),"") -> 5.22 | AD5: =IFERROR(_xlfn.XLOOKUP($D5,'Modelling New'!$D:$D,'Modelling New'!$T:$T)*1000,"") -> 228113.28 | AF5: =IFERROR(_xlfn.XLOOKUP($D5,'Modelling New'!$D:$D,'Modelling New'!$W:$W),"") -> 0.13501023 | AG5: =IFERROR(_xlfn.XLOOKUP($D5,'Modelling New'!$D:$D,'Modelling New'!$AE:$AE),"") -> 0.9603 | AH5: =IFERROR(_xlfn.XLOOKUP($D5,'Modelling New'!$D:$D,'Modelling New'!$AF:$AF),"") -> 0.995 | AI5: =IFERROR(_xlfn.XLOOKUP($A5,Input_Raw!$A:$A,Input_Raw!$DP:$DP),"") -> 261.94 | AN5: =IFERROR(_xlfn.XLOOKUP($A5,Input_Raw!$A:$A,Input_Raw!$DL:$DL),"") -> -1.110223e-16 | AO5: =IFERROR((_xlfn.XLOOKUP($A5,'WTG Reactive Power'!$A:$A,'WTG Reactive Power'!$AW:$AW))/X5,"") -> 0.00015263608 | AP5: =IFERROR(_xlfn.XLOOKUP($D5,'Modelling New'!$D:$D,'Modelling New'!$AK:$AK),"") -> 0.05 | AQ5: =IFERROR(_xlfn.XLOOKUP($D5,'Modelling New'!$D:$D,'Modelling New'!$AL:$AL),"") -> 0.05 | AR5: =IFERROR(_xlfn.XLOOKUP($D5,'Modelling New'!$D:$D,'Modelling New'!$N:$N),"") -> 70.4
A6: =A5+1 -> 45749 | B6: =YEAR(Daily_KPI[[#This Row],[Date]])+IF(MONTH(Daily_KPI[[#This Row],[Date]])>=4,1,0) -> 2026 | C6: =YEAR(Daily_KPI[[#This Row],[Date]]) -> 2025 | D6: =Daily_KPI[[#This Row],[Date]]-DAY(Daily_KPI[[#This Row],[Date]])+1 -> 45748 | E6: =DAY(EOMONTH(A6,0)) -> 30 | M6: =IFERROR(_xlfn.XLOOKUP($A6,Input_Raw!$A:$A,Input_Raw!$CQ:$CQ),"") -> 5.4718182 | N6: =IFERROR(_xlfn.XLOOKUP($A6,Input_Raw!$A:$A,Input_Raw!$CR:$CR),"") -> 6.87 | O6: =IFERROR(P6*Q6,"") -> 0.9684354 | P6: =IFERROR(1-SUMIF(WTG_BD!$F:$F,$A6,WTG_BD!$AA:$AA)/($AA6+SUMIF(WTG_BD!$F:$F,$A6,WTG_BD!$AA:$AA)),"") -> 0.99116239 | Q6: =IFERROR(1-SUMIF(IGA_BD!$F:$F,$A6,IGA_BD!$W:$W)/($AA6+SUMIF(IGA_BD!$F:$F,$A6,IGA_BD!$W:$W)),"") -> 0.97707037 | R6: =IFERROR(1-SUMIF(Grid_BD!$F:$F,$A6,Grid_BD!$Y:$Y)/($AA6+SUMIF(Grid_BD!$F:$F,$A6,Grid_BD!$Y:$Y)),"") -> 1 | W6: =IFERROR(X6/(24*AB6*1000),"") -> 0.18685488 | X6: =IFERROR(_xlfn.XLOOKUP($A6,Input_Raw!$A:$A,Input_Raw!$CP:$CP)*1000,"") -> 315710 | Y6: =IFERROR(_xlfn.XLOOKUP($A6,Input_Raw!$A:$A,Input_Raw!DJ:DJ)*1000,"") -> 315710 | Z6: =IFERROR(_xlfn.XLOOKUP($A6,Input_Raw!$A:$A,Input_Raw!DK:DK)*1000,"") -> 0 | AA6: =IFERROR(Y6-Z6,"") -> 315710 | AB6: =IFERROR(_xlfn.XLOOKUP($A6,Input_Raw!$A:$A,Input_Raw!$DR:$DR),"") -> 70.4 | AC6: =IFERROR(_xlfn.XLOOKUP($D6,'Modelling New'!$D:$D,'Modelling New'!$J:$J),"") -> 5.22 | AD6: =IFERROR(_xlfn.XLOOKUP($D6,'Modelling New'!$D:$D,'Modelling New'!$T:$T)*1000,"") -> 228113.28 | AF6: =IFERROR(_xlfn.XLOOKUP($D6,'Modelling New'!$D:$D,'Modelling New'!$W:$W),"") -> 0.13501023 | AG6: =IFERROR(_xlfn.XLOOKUP($D6,'Modelling New'!$D:$D,'Modelling New'!$AE:$AE),"") -> 0.9603 | AH6: =IFERROR(_xlfn.XLOOKUP($D6,'Modelling New'!$D:$D,'Modelling New'!$AF:$AF),"") -> 0.995 | AI6: =IFERROR(_xlfn.XLOOKUP($A6,Input_Raw!$A:$A,Input_Raw!$DP:$DP),"") -> 310.38 | AN6: =IFERROR(_xlfn.XLOOKUP($A6,Input_Raw!$A:$A,Input_Raw!$DL:$DL),"") -> 2.220446e-16 | AO6: =IFERROR((_xlfn.XLOOKUP($A6,'WTG Reactive Power'!$A:$A,'WTG Reactive Power'!$AW:$AW))/X6,"") -> 0.00020143081 | AP6: =IFERROR(_xlfn.XLOOKUP($D6,'Modelling New'!$D:$D,'Modelling New'!$AK:$AK),"") -> 0.05 | AQ6: =IFERROR(_xlfn.XLOOKUP($D6,'Modelling New'!$D:$D,'Modelling New'!$AL:$AL),"") -> 0.05 | AR6: =IFERROR(_xlfn.XLOOKUP($D6,'Modelling New'!$D:$D,'Modelling New'!$N:$N),"") -> 70.4
A7: =A6+1 -> 45750 | B7: =YEAR(Daily_KPI[[#This Row],[Date]])+IF(MONTH(Daily_KPI[[#This Row],[Date]])>=4,1,0) -> 2026 | C7: =YEAR(Daily_KPI[[#This Row],[Date]]) -> 2025 | D7: =Daily_KPI[[#This Row],[Date]]-DAY(Daily_KPI[[#This Row],[Date]])+1 -> 45748 | E7: =DAY(EOMONTH(A7,0)) -> 30 | M7: =IFERROR(_xlfn.XLOOKUP($A7,Input_Raw!$A:$A,Input_Raw!$CQ:$CQ),"") -> 3.5081818 | N7: =IFERROR(_xlfn.XLOOKUP($A7,Input_Raw!$A:$A,Input_Raw!$CR:$CR),"") -> 4.18 | O7: =IFERROR(P7*Q7,"") -> 0.94448319 | P7: =IFERROR(1-SUMIF(WTG_BD!$F:$F,$A7,WTG_BD!$AA:$AA)/($AA7+SUMIF(WTG_BD!$F:$F,$A7,WTG_BD!$AA:$AA)),"") -> 0.98408339 | Q7: =IFERROR(1-SUMIF(IGA_BD!$F:$F,$A7,IGA_BD!$W:$W)/($AA7+SUMIF(IGA_BD!$F:$F,$A7,IGA_BD!$W:$W)),"") -> 0.9597593 | R7: =IFERROR(1-SUMIF(Grid_BD!$F:$F,$A7,Grid_BD!$Y:$Y)/($AA7+SUMIF(Grid_BD!$F:$F,$A7,Grid_BD!$Y:$Y)),"") -> 1 | W7: =IFERROR(X7/(24*AB7*1000),"") -> 0.045594815 | X7: =IFERROR(_xlfn.XLOOKUP($A7,Input_Raw!$A:$A,Input_Raw!$CP:$CP)*1000,"") -> 77037 | Y7: =IFERROR(_xlfn.XLOOKUP($A7,Input_Raw!$A:$A,Input_Raw!DJ:DJ)*1000,"") -> 77037 | Z7: =IFERROR(_xlfn.XLOOKUP($A7,Input_Raw!$A:$A,Input_Raw!DK:DK)*1000,"") -> 0 | AA7: =IFERROR(Y7-Z7,"") -> 77037 | AB7: =IFERROR(_xlfn.XLOOKUP($A7,Input_Raw!$A:$A,Input_Raw!$DR:$DR),"") -> 70.4 | AC7: =IFERROR(_xlfn.XLOOKUP($D7,'Modelling New'!$D:$D,'Modelling New'!$J:$J),"") -> 5.22 | AD7: =IFERROR(_xlfn.XLOOKUP($D7,'Modelling New'!$D:$D,'Modelling New'!$T:$T)*1000,"") -> 228113.28 | AF7: =IFERROR(_xlfn.XLOOKUP($D7,'Modelling New'!$D:$D,'Modelling New'!$W:$W),"") -> 0.13501023 | AG7: =IFERROR(_xlfn.XLOOKUP($D7,'Modelling New'!$D:$D,'Modelling New'!$AE:$AE),"") -> 0.9603 | AH7: =IFERROR(_xlfn.XLOOKUP($D7,'Modelling New'!$D:$D,'Modelling New'!$AF:$AF),"") -> 0.995 | AI7: =IFERROR(_xlfn.XLOOKUP($A7,Input_Raw!$A:$A,Input_Raw!$DP:$DP),"") -> 72.74 | AN7: =IFERROR(_xlfn.XLOOKUP($A7,Input_Raw!$A:$A,Input_Raw!$DL:$DL),"") -> 0 | AO7: =IFERROR((_xlfn.XLOOKUP($A7,'WTG Reactive Power'!$A:$A,'WTG Reactive Power'!$AW:$AW))/X7,"") -> 0.00019425753 | AP7: =IFERROR(_xlfn.XLOOKUP($D7,'Modelling New'!$D:$D,'Modelling New'!$AK:$AK),"") -> 0.05 | AQ7: =IFERROR(_xlfn.XLOOKUP($D7,'Modelling New'!$D:$D,'Modelling New'!$AL:$AL),"") -> 0.05 | AR7: =IFERROR(_xlfn.XLOOKUP($D7,'Modelling New'!$D:$D,'Modelling New'!$N:$N),"") -> 70.4
A8: =A7+1 -> 45751 | B8: =YEAR(Daily_KPI[[#This Row],[Date]])+IF(MONTH(Daily_KPI[[#This Row],[Date]])>=4,1,0) -> 2026 | C8: =YEAR(Daily_KPI[[#This Row],[Date]]) -> 2025 | D8: =Daily_KPI[[#This Row],[Date]]-DAY(Daily_KPI[[#This Row],[Date]])+1 -> 45748 | E8: =DAY(EOMONTH(A8,0)) -> 30 | M8: =IFERROR(_xlfn.XLOOKUP($A8,Input_Raw!$A:$A,Input_Raw!$CQ:$CQ),"") -> 4.1436364 | N8: =IFERROR(_xlfn.XLOOKUP($A8,Input_Raw!$A:$A,Input_Raw!$CR:$CR),"") -> 5.01 | O8: =IFERROR(P8*Q8,"") -> 0.93438565 | P8: =IFERROR(1-SUMIF(WTG_BD!$F:$F,$A8,WTG_BD!$AA:$AA)/($AA8+SUMIF(WTG_BD!$F:$F,$A8,WTG_BD!$AA:$AA)),"") -> 0.99976116 | Q8: =IFERROR(1-SUMIF(IGA_BD!$F:$F,$A8,IGA_BD!$W:$W)/($AA8+SUMIF(IGA_BD!$F:$F,$A8,IGA_BD!$W:$W)),"") -> 0.93460888 | R8: =IFERROR(1-SUMIF(Grid_BD!$F:$F,$A8,Grid_BD!$Y:$Y)/($AA8+SUMIF(Grid_BD!$F:$F,$A8,Grid_BD!$Y:$Y)),"") -> 1 | W8: =IFERROR(X8/(24*AB8*1000),"") -> 0.06936849 | X8: =IFERROR(_xlfn.XLOOKUP($A8,Input_Raw!$A:$A,Input_Raw!$CP:$CP)*1000,"") -> 117205 | Y8: =IFERROR(_xlfn.XLOOKUP($A8,Input_Raw!$A:$A,Input_Raw!DJ:DJ)*1000,"") -> 117205 | Z8: =IFERROR(_xlfn.XLOOKUP($A8,Input_Raw!$A:$A,Input_Raw!DK:DK)*1000,"") -> 0 | AA8: =IFERROR(Y8-Z8,"") -> 117205 | AB8: =IFERROR(_xlfn.XLOOKUP($A8,Input_Raw!$A:$A,Input_Raw!$DR:$DR),"") -> 70.4 | AC8: =IFERROR(_xlfn.XLOOKUP($D8,'Modelling New'!$D:$D,'Modelling New'!$J:$J),"") -> 5.22 | AD8: =IFERROR(_xlfn.XLOOKUP($D8,'Modelling New'!$D:$D,'Modelling New'!$T:$T)*1000,"") -> 228113.28 | AF8: =IFERROR(_xlfn.XLOOKUP($D8,'Modelling New'!$D:$D,'Modelling New'!$W:$W),"") -> 0.13501023 | AG8: =IFERROR(_xlfn.XLOOKUP($D8,'Modelling New'!$D:$D,'Modelling New'!$AE:$AE),"") -> 0.9603 | AH8: =IFERROR(_xlfn.XLOOKUP($D8,'Modelling New'!$D:$D,'Modelling New'!$AF:$AF),"") -> 0.995 | AI8: =IFERROR(_xlfn.XLOOKUP($A8,Input_Raw!$A:$A,Input_Raw!$DP:$DP),"") -> 115.35 | AN8: =IFERROR(_xlfn.XLOOKUP($A8,Input_Raw!$A:$A,Input_Raw!$DL:$DL),"") -> 0 | AO8: =IFERROR((_xlfn.XLOOKUP($A8,'WTG Reactive Power'!$A:$A,'WTG Reactive Power'!$AW:$AW))/X8,"") -> 0.00017643351 | AP8: =IFERROR(_xlfn.XLOOKUP($D8,'Modelling New'!$D:$D,'Modelling New'!$AK:$AK),"") -> 0.05 | AQ8: =IFERROR(_xlfn.XLOOKUP($D8,'Modelling New'!$D:$D,'Modelling New'!$AL:$AL),"") -> 0.05 | AR8: =IFERROR(_xlfn.XLOOKUP($D8,'Modelling New'!$D:$D,'Modelling New'!$N:$N),"") -> 70.4
A9: =A8+1 -> 45752 | B9: =YEAR(Daily_KPI[[#This Row],[Date]])+IF(MONTH(Daily_KPI[[#This Row],[Date]])>=4,1,0) -> 2026 | C9: =YEAR(Daily_KPI[[#This Row],[Date]]) -> 2025 | D9: =Daily_KPI[[#This Row],[Date]]-DAY(Daily_KPI[[#This Row],[Date]])+1 -> 45748 | E9: =DAY(EOMONTH(A9,0)) -> 30 | M9: =IFERROR(_xlfn.XLOOKUP($A9,Input_Raw!$A:$A,Input_Raw!$CQ:$CQ),"") -> 4.4490909 | N9: =IFERROR(_xlfn.XLOOKUP($A9,Input_Raw!$A:$A,Input_Raw!$CR:$CR),"") -> 5.5 | O9: =IFERROR(P9*Q9,"") -> 0.93031776 | P9: =IFERROR(1-SUMIF(WTG_BD!$F:$F,$A9,WTG_BD!$AA:$AA)/($AA9+SUMIF(WTG_BD!$F:$F,$A9,WTG_BD!$AA:$AA)),"") -> 0.94991093 | Q9: =IFERROR(1-SUMIF(IGA_BD!$F:$F,$A9,IGA_BD!$W:$W)/($AA9+SUMIF(IGA_BD!$F:$F,$A9,IGA_BD!$W:$W)),"") -> 0.97937368 | R9: =IFERROR(1-SUMIF(Grid_BD!$F:$F,$A9,Grid_BD!$Y:$Y)/($AA9+SUMIF(Grid_BD!$F:$F,$A9,Grid_BD!$Y:$Y)),"") -> 1 | W9: =IFERROR(X9/(24*AB9*1000),"") -> 0.075426728 | X9: =IFERROR(_xlfn.XLOOKUP($A9,Input_Raw!$A:$A,Input_Raw!$CP:$CP)*1000,"") -> 127441 | Y9: =IFERROR(_xlfn.XLOOKUP($A9,Input_Raw!$A:$A,Input_Raw!DJ:DJ)*1000,"") -> 127441 | Z9: =IFERROR(_xlfn.XLOOKUP($A9,Input_Raw!$A:$A,Input_Raw!DK:DK)*1000,"") -> 0 | AA9: =IFERROR(Y9-Z9,"") -> 127441 | AB9: =IFERROR(_xlfn.XLOOKUP($A9,Input_Raw!$A:$A,Input_Raw!$DR:$DR),"") -> 70.4 | AC9: =IFERROR(_xlfn.XLOOKUP($D9,'Modelling New'!$D:$D,'Modelling New'!$J:$J),"") -> 5.22 | AD9: =IFERROR(_xlfn.XLOOKUP($D9,'Modelling New'!$D:$D,'Modelling New'!$T:$T)*1000,"") -> 228113.28 | AF9: =IFERROR(_xlfn.XLOOKUP($D9,'Modelling New'!$D:$D,'Modelling New'!$W:$W),"") -> 0.13501023 | AG9: =IFERROR(_xlfn.XLOOKUP($D9,'Modelling New'!$D:$D,'Modelling New'!$AE:$AE),"") -> 0.9603 | AH9: =IFERROR(_xlfn.XLOOKUP($D9,'Modelling New'!$D:$D,'Modelling New'!$AF:$AF),"") -> 0.995 | AI9: =IFERROR(_xlfn.XLOOKUP($A9,Input_Raw!$A:$A,Input_Raw!$DP:$DP),"") -> 127.87 | AN9: =IFERROR(_xlfn.XLOOKUP($A9,Input_Raw!$A:$A,Input_Raw!$DL:$DL),"") -> 0 | AO9: =IFERROR((_xlfn.XLOOKUP($A9,'WTG Reactive Power'!$A:$A,'WTG Reactive Power'!$AW:$AW))/X9,"") -> 2.7043742e-05 | AP9: =IFERROR(_xlfn.XLOOKUP($D9,'Modelling New'!$D:$D,'Modelling New'!$AK:$AK),"") -> 0.05 | AQ9: =IFERROR(_xlfn.XLOOKUP($D9,'Modelling New'!$D:$D,'Modelling New'!$AL:$AL),"") -> 0.05 | AR9: =IFERROR(_xlfn.XLOOKUP($D9,'Modelling New'!$D:$D,'Modelling New'!$N:$N),"") -> 70.4
A10: =A9+1 -> 45753 | B10: =YEAR(Daily_KPI[[#This Row],[Date]])+IF(MONTH(Daily_KPI[[#This Row],[Date]])>=4,1,0) -> 2026 | C10: =YEAR(Daily_KPI[[#This Row],[Date]]) -> 2025 | D10: =Daily_KPI[[#This Row],[Date]]-DAY(Daily_KPI[[#This Row],[Date]])+1 -> 45748 | E10: =DAY(EOMONTH(A10,0)) -> 30 | M10: =IFERROR(_xlfn.XLOOKUP($A10,Input_Raw!$A:$A,Input_Raw!$CQ:$CQ),"") -> 3.8152273 | N10: =IFERROR(_xlfn.XLOOKUP($A10,Input_Raw!$A:$A,Input_Raw!$CR:$CR),"") -> 4.7 | O10: =IFERROR(P10*Q10,"") -> 0.96942977 | P10: =IFERROR(1-SUMIF(WTG_BD!$F:$F,$A10,WTG_BD!$AA:$AA)/($AA10+SUMIF(WTG_BD!$F:$F,$A10,WTG_BD!$AA:$AA)),"") -> 0.99866338 | Q10: =IFERROR(1-SUMIF(IGA_BD!$F:$F,$A10,IGA_BD!$W:$W)/($AA10+SUMIF(IGA_BD!$F:$F,$A10,IGA_BD!$W:$W)),"") -> 0.97072727 | R10: =IFERROR(1-SUMIF(Grid_BD!$F:$F,$A10,Grid_BD!$Y:$Y)/($AA10+SUMIF(Grid_BD!$F:$F,$A10,Grid_BD!$Y:$Y)),"") -> 1 | W10: =IFERROR(X10/(24*AB10*1000),"") -> 0.057486979 | X10: =IFERROR(_xlfn.XLOOKUP($A10,Input_Raw!$A:$A,Input_Raw!$CP:$CP)*1000,"") -> 97130 | Y10: =IFERROR(_xlfn.XLOOKUP($A10,Input_Raw!$A:$A,Input_Raw!DJ:DJ)*1000,"") -> 97130 | Z10: =IFERROR(_xlfn.XLOOKUP($A10,Input_Raw!$A:$A,Input_Raw!DK:DK)*1000,"") -> 0 | AA10: =IFERROR(Y10-Z10,"") -> 97130 | AB10: =IFERROR(_xlfn.XLOOKUP($A10,Input_Raw!$A:$A,Input_Raw!$DR:$DR),"") -> 70.4 | AC10: =IFERROR(_xlfn.XLOOKUP($D10,'Modelling New'!$D:$D,'Modelling New'!$J:$J),"") -> 5.22 | AD10: =IFERROR(_xlfn.XLOOKUP($D10,'Modelling New'!$D:$D,'Modelling New'!$T:$T)*1000,"") -> 228113.28 | AF10: =IFERROR(_xlfn.XLOOKUP($D10,'Modelling New'!$D:$D,'Modelling New'!$W:$W),"") -> 0.13501023 | AG10: =IFERROR(_xlfn.XLOOKUP($D10,'Modelling New'!$D:$D,'Modelling New'!$AE:$AE),"") -> 0.9603 | AH10: =IFERROR(_xlfn.XLOOKUP($D10,'Modelling New'!$D:$D,'Modelling New'!$AF:$AF),"") -> 0.995 | AI10: =IFERROR(_xlfn.XLOOKUP($A10,Input_Raw!$A:$A,Input_Raw!$DP:$DP),"") -> 89.31 | AN10: =IFERROR(_xlfn.XLOOKUP($A10,Input_Raw!$A:$A,Input_Raw!$DL:$DL),"") -> 0 | AO10: =IFERROR((_xlfn.XLOOKUP($A10,'WTG Reactive Power'!$A:$A,'WTG Reactive Power'!$AW:$AW))/X10,"") -> 5.9138638e-06 | AP10: =IFERROR(_xlfn.XLOOKUP($D10,'Modelling New'!$D:$D,'Modelling New'!$AK:$AK),"") -> 0.05 | AQ10: =IFERROR(_xlfn.XLOOKUP($D10,'Modelling New'!$D:$D,'Modelling New'!$AL:$AL),"") -> 0.05 | AR10: =IFERROR(_xlfn.XLOOKUP($D10,'Modelling New'!$D:$D,'Modelling New'!$N:$N),"") -> 70.4
A11: =A10+1 -> 45754 | B11: =YEAR(Daily_KPI[[#This Row],[Date]])+IF(MONTH(Daily_KPI[[#This Row],[Date]])>=4,1,0) -> 2026 | C11: =YEAR(Daily_KPI[[#This Row],[Date]]) -> 2025 | D11: =Daily_KPI[[#This Row],[Date]]-DAY(Daily_KPI[[#This Row],[Date]])+1 -> 45748 | E11: =DAY(EOMONTH(A11,0)) -> 30 | M11: =IFERROR(_xlfn.XLOOKUP($A11,Input_Raw!$A:$A,Input_Raw!$CQ:$CQ),"") -> 4.3709091 | N11: =IFERROR(_xlfn.XLOOKUP($A11,Input_Raw!$A:$A,Input_Raw!$CR:$CR),"") -> 5.5 | O11: =IFERROR(P11*Q11,"") -> 0.97313983 | P11: =IFERROR(1-SUMIF(WTG_BD!$F:$F,$A11,WTG_BD!$AA:$AA)/($AA11+SUMIF(WTG_BD!$F:$F,$A11,WTG_BD!$AA:$AA)),"") -> 0.9897864 | Q11: =IFERROR(1-SUMIF(IGA_BD!$F:$F,$A11,IGA_BD!$W:$W)/($AA11+SUMIF(IGA_BD!$F:$F,$A11,IGA_BD!$W:$W)),"") -> 0.98318165 | R11: =IFERROR(1-SUMIF(Grid_BD!$F:$F,$A11,Grid_BD!$Y:$Y)/($AA11+SUMIF(Grid_BD!$F:$F,$A11,Grid_BD!$Y:$Y)),"") -> 1 | W11: =IFERROR(X11/(24*AB11*1000),"") -> 0.079093868 | X11: =IFERROR(_xlfn.XLOOKUP($A11,Input_Raw!$A:$A,Input_Raw!$CP:$CP)*1000,"") -> 133637 | Y11: =IFERROR(_xlfn.XLOOKUP($A11,Input_Raw!$A:$A,Input_Raw!DJ:DJ)*1000,"") -> 133637 | Z11: =IFERROR(_xlfn.XLOOKUP($A11,Input_Raw!$A:$A,Input_Raw!DK:DK)*1000,"") -> 0 | AA11: =IFERROR(Y11-Z11,"") -> 133637 | AB11: =IFERROR(_xlfn.XLOOKUP($A11,Input_Raw!$A:$A,Input_Raw!$DR:$DR),"") -> 70.4 | AC11: =IFERROR(_xlfn.XLOOKUP($D11,'Modelling New'!$D:$D,'Modelling New'!$J:$J),"") -> 5.22 | AD11: =IFERROR(_xlfn.XLOOKUP($D11,'Modelling New'!$D:$D,'Modelling New'!$T:$T)*1000,"") -> 228113.28 | AF11: =IFERROR(_xlfn.XLOOKUP($D11,'Modelling New'!$D:$D,'Modelling New'!$W:$W),"") -> 0.13501023 | AG11: =IFERROR(_xlfn.XLOOKUP($D11,'Modelling New'!$D:$D,'Modelling New'!$AE:$AE),"") -> 0.9603 | AH11: =IFERROR(_xlfn.XLOOKUP($D11,'Modelling New'!$D:$D,'Modelling New'!$AF:$AF),"") -> 0.995 | AI11: =IFERROR(_xlfn.XLOOKUP($A11,Input_Raw!$A:$A,Input_Raw!$DP:$DP),"") -> 120.74 | AN11: =IFERROR(_xlfn.XLOOKUP($A11,Input_Raw!$A:$A,Input_Raw!$DL:$DL),"") -> 0 | AO11: =IFERROR((_xlfn.XLOOKUP($A11,'WTG Reactive Power'!$A:$A,'WTG Reactive Power'!$AW:$AW))/X11,"") -> 0.00014224651 | AP11: =IFERROR(_xlfn.XLOOKUP($D11,'Modelling New'!$D:$D,'Modelling New'!$AK:$AK),"") -> 0.05 | AQ11: =IFERROR(_xlfn.XLOOKUP($D11,'Modelling New'!$D:$D,'Modelling New'!$AL:$AL),"") -> 0.05 | AR11: =IFERROR(_xlfn.XLOOKUP($D11,'Modelling New'!$D:$D,'Modelling New'!$N:$N),"") -> 70.4
A12: =A11+1 -> 45755 | B12: =YEAR(Daily_KPI[[#This Row],[Date]])+IF(MONTH(Daily_KPI[[#This Row],[Date]])>=4,1,0) -> 2026 | C12: =YEAR(Daily_KPI[[#This Row],[Date]]) -> 2025 | D12: =Daily_KPI[[#This Row],[Date]]-DAY(Daily_KPI[[#This Row],[Date]])+1 -> 45748 | E12: =DAY(EOMONTH(A12,0)) -> 30 | M12: =IFERROR(_xlfn.XLOOKUP($A12,Input_Raw!$A:$A,Input_Raw!$CQ:$CQ),"") -> 4.1109091 | N12: =IFERROR(_xlfn.XLOOKUP($A12,Input_Raw!$A:$A,Input_Raw!$CR:$CR),"") -> 4.86 | O12: =IFERROR(P12*Q12,"") -> 0.96653006 | P12: =IFERROR(1-SUMIF(WTG_BD!$F:$F,$A12,WTG_BD!$AA:$AA)/($AA12+SUMIF(WTG_BD!$F:$F,$A12,WTG_BD!$AA:$AA)),"") -> 0.97862666 | Q12: =IFERROR(1-SUMIF(IGA_BD!$F:$F,$A12,IGA_BD!$W:$W)/($AA12+SUMIF(IGA_BD!$F:$F,$A12,IGA_BD!$W:$W)),"") -> 0.98763921 | R12: =IFERROR(1-SUMIF(Grid_BD!$F:$F,$A12,Grid_BD!$Y:$Y)/($AA12+SUMIF(Grid_BD!$F:$F,$A12,Grid_BD!$Y:$Y)),"") -> 0.83439021 | W12: =IFERROR(X12/(24*AB12*1000),"") -> 0.054903527 | X12: =IFERROR(_xlfn.XLOOKUP($A12,Input_Raw!$A:$A,Input_Raw!$CP:$CP)*1000,"") -> 92765 | Y12: =IFERROR(_xlfn.XLOOKUP($A12,Input_Raw!$A:$A,Input_Raw!DJ:DJ)*1000,"") -> 92765 | Z12: =IFERROR(_xlfn.XLOOKUP($A12,Input_Raw!$A:$A,Input_Raw!DK:DK)*1000,"") -> 0 | AA12: =IFERROR(Y12-Z12,"") -> 92765 | AB12: =IFERROR(_xlfn.XLOOKUP($A12,Input_Raw!$A:$A,Input_Raw!$DR:$DR),"") -> 70.4 | AC12: =IFERROR(_xlfn.XLOOKUP($D12,'Modelling New'!$D:$D,'Modelling New'!$J:$J),"") -> 5.22 | AD12: =IFERROR(_xlfn.XLOOKUP($D12,'Modelling New'!$D:$D,'Modelling New'!$T:$T)*1000,"") -> 228113.28 | AF12: =IFERROR(_xlfn.XLOOKUP($D12,'Modelling New'!$D:$D,'Modelling New'!$W:$W),"") -> 0.13501023 | AG12: =IFERROR(_xlfn.XLOOKUP($D12,'Modelling New'!$D:$D,'Modelling New'!$AE:$AE),"") -> 0.9603 | AH12: =IFERROR(_xlfn.XLOOKUP($D12,'Modelling New'!$D:$D,'Modelling New'!$AF:$AF),"") -> 0.995 | AI12: =IFERROR(_xlfn.XLOOKUP($A12,Input_Raw!$A:$A,Input_Raw!$DP:$DP),"") -> 98.25 | AN12: =IFERROR(_xlfn.XLOOKUP($A12,Input_Raw!$A:$A,Input_Raw!$DL:$DL),"") -> 2.220446e-16 | AO12: =IFERROR((_xlfn.XLOOKUP($A12,'WTG Reactive Power'!$A:$A,'WTG Reactive Power'!$AW:$AW))/X12,"") -> 8.6019806e-05 | AP12: =IFERROR(_xlfn.XLOOKUP($D12,'Modelling New'!$D:$D,'Modelling New'!$AK:$AK),"") -> 0.05 | AQ12: =IFERROR(_xlfn.XLOOKUP($D12,'Modelling New'!$D:$D,'Modelling New'!$AL:$AL),"") -> 0.05 | AR12: =IFERROR(_xlfn.XLOOKUP($D12,'Modelling New'!$D:$D,'Modelling New'!$N:$N),"") -> 70.4
A13: =A12+1 -> 45756 | B13: =YEAR(Daily_KPI[[#This Row],[Date]])+IF(MONTH(Daily_KPI[[#This Row],[Date]])>=4,1,0) -> 2026 | C13: =YEAR(Daily_KPI[[#This Row],[Date]]) -> 2025 | D13: =Daily_KPI[[#This Row],[Date]]-DAY(Daily_KPI[[#This Row],[Date]])+1 -> 45748 | E13: =DAY(EOMONTH(A13,0)) -> 30 | M13: =IFERROR(_xlfn.XLOOKUP($A13,Input_Raw!$A:$A,Input_Raw!$CQ:$CQ),"") -> 4.2959091 | N13: =IFERROR(_xlfn.XLOOKUP($A13,Input_Raw!$A:$A,Input_Raw!$CR:$CR),"") -> 5.39 | O13: =IFERROR(P13*Q13,"") -> 0.96556541 | P13: =IFERROR(1-SUMIF(WTG_BD!$F:$F,$A13,WTG_BD!$AA:$AA)/($AA13+SUMIF(WTG_BD!$F:$F,$A13,WTG_BD!$AA:$AA)),"") -> 0.98814078 | Q13: =IFERROR(1-SUMIF(IGA_BD!$F:$F,$A13,IGA_BD!$W:$W)/($AA13+SUMIF(IGA_BD!$F:$F,$A13,IGA_BD!$W:$W)),"") -> 0.97715369 | R13: =IFERROR(1-SUMIF(Grid_BD!$F:$F,$A13,Grid_BD!$Y:$Y)/($AA13+SUMIF(Grid_BD!$F:$F,$A13,Grid_BD!$Y:$Y)),"") -> 1 | W13: =IFERROR(X13/(24*AB13*1000),"") -> 0.082701231 | X13: =IFERROR(_xlfn.XLOOKUP($A13,Input_Raw!$A:$A,Input_Raw!$CP:$CP)*1000,"") -> 139732 | Y13: =IFERROR(_xlfn.XLOOKUP($A13,Input_Raw!$A:$A,Input_Raw!DJ:DJ)*1000,"") -> 139732 | Z13: =IFERROR(_xlfn.XLOOKUP($A13,Input_Raw!$A:$A,Input_Raw!DK:DK)*1000,"") -> 0 | AA13: =IFERROR(Y13-Z13,"") -> 139732 | AB13: =IFERROR(_xlfn.XLOOKUP($A13,Input_Raw!$A:$A,Input_Raw!$DR:$DR),"") -> 70.4 | AC13: =IFERROR(_xlfn.XLOOKUP($D13,'Modelling New'!$D:$D,'Modelling New'!$J:$J),"") -> 5.22 | AD13: =IFERROR(_xlfn.XLOOKUP($D13,'Modelling New'!$D:$D,'Modelling New'!$T:$T)*1000,"") -> 228113.28 | AF13: =IFERROR(_xlfn.XLOOKUP($D13,'Modelling New'!$D:$D,'Modelling New'!$W:$W),"") -> 0.13501023 | AG13: =IFERROR(_xlfn.XLOOKUP($D13,'Modelling New'!$D:$D,'Modelling New'!$AE:$AE),"") -> 0.9603 | AH13: =IFERROR(_xlfn.XLOOKUP($D13,'Modelling New'!$D:$D,'Modelling New'!$AF:$AF),"") -> 0.995 | AI13: =IFERROR(_xlfn.XLOOKUP($A13,Input_Raw!$A:$A,Input_Raw!$DP:$DP),"") -> 137.01 | AN13: =IFERROR(_xlfn.XLOOKUP($A13,Input_Raw!$A:$A,Input_Raw!$DL:$DL),"") -> 0 | AO13: =IFERROR((_xlfn.XLOOKUP($A13,'WTG Reactive Power'!$A:$A,'WTG Reactive Power'!$AW:$AW))/X13,"") -> 0.00014682725 | AP13: =IFERROR(_xlfn.XLOOKUP($D13,'Modelling New'!$D:$D,'Modelling New'!$AK:$AK),"") -> 0.05 | AQ13: =IFERROR(_xlfn.XLOOKUP($D13,'Modelling New'!$D:$D,'Modelling New'!$AL:$AL),"") -> 0.05 | AR13: =IFERROR(_xlfn.XLOOKUP($D13,'Modelling New'!$D:$D,'Modelling New'!$N:$N),"") -> 70.4
A14: =A13+1 -> 45757 | B14: =YEAR(Daily_KPI[[#This Row],[Date]])+IF(MONTH(Daily_KPI[[#This Row],[Date]])>=4,1,0) -> 2026 | C14: =YEAR(Daily_KPI[[#This Row],[Date]]) -> 2025 | D14: =Daily_KPI[[#This Row],[Date]]-DAY(Daily_KPI[[#This Row],[Date]])+1 -> 45748 | E14: =DAY(EOMONTH(A14,0)) -> 30 | M14: =IFERROR(_xlfn.XLOOKUP($A14,Input_Raw!$A:$A,Input_Raw!$CQ:$CQ),"") -> 5.3872727 | N14: =IFERROR(_xlfn.XLOOKUP($A14,Input_Raw!$A:$A,Input_Raw!$CR:$CR),"") -> 6.9 | O14: =IFERROR(P14*Q14,"") -> 0.9649837 | P14: =IFERROR(1-SUMIF(WTG_BD!$F:$F,$A14,WTG_BD!$AA:$AA)/($AA14+SUMIF(WTG_BD!$F:$F,$A14,WTG_BD!$AA:$AA)),"") -> 0.9949485 | Q14: =IFERROR(1-SUMIF(IGA_BD!$F:$F,$A14,IGA_BD!$W:$W)/($AA14+SUMIF(IGA_BD!$F:$F,$A14,IGA_BD!$W:$W)),"") -> 0.96988307 | R14: =IFERROR(1-SUMIF(Grid_BD!$F:$F,$A14,Grid_BD!$Y:$Y)/($AA14+SUMIF(Grid_BD!$F:$F,$A14,Grid_BD!$Y:$Y)),"") -> 1 | W14: =IFERROR(X14/(24*AB14*1000),"") -> 0.15469164 | X14: =IFERROR(_xlfn.XLOOKUP($A14,Input_Raw!$A:$A,Input_Raw!$CP:$CP)*1000,"") -> 261367 | Y14: =IFERROR(_xlfn.XLOOKUP($A14,Input_Raw!$A:$A,Input_Raw!DJ:DJ)*1000,"") -> 261367 | Z14: =IFERROR(_xlfn.XLOOKUP($A14,Input_Raw!$A:$A,Input_Raw!DK:DK)*1000,"") -> 0 | AA14: =IFERROR(Y14-Z14,"") -> 261367 | AB14: =IFERROR(_xlfn.XLOOKUP($A14,Input_Raw!$A:$A,Input_Raw!$DR:$DR),"") -> 70.4 | AC14: =IFERROR(_xlfn.XLOOKUP($D14,'Modelling New'!$D:$D,'Modelling New'!$J:$J),"") -> 5.22 | AD14: =IFERROR(_xlfn.XLOOKUP($D14,'Modelling New'!$D:$D,'Modelling New'!$T:$T)*1000,"") -> 228113.28 | AF14: =IFERROR(_xlfn.XLOOKUP($D14,'Modelling New'!$D:$D,'Modelling New'!$W:$W),"") -> 0.13501023 | AG14: =IFERROR(_xlfn.XLOOKUP($D14,'Modelling New'!$D:$D,'Modelling New'!$AE:$AE),"") -> 0.9603 | AH14: =IFERROR(_xlfn.XLOOKUP($D14,'Modelling New'!$D:$D,'Modelling New'!$AF:$AF),"") -> 0.995 | AI14: =IFERROR(_xlfn.XLOOKUP($A14,Input_Raw!$A:$A,Input_Raw!$DP:$DP),"") -> 246.08 | AN14: =IFERROR(_xlfn.XLOOKUP($A14,Input_Raw!$A:$A,Input_Raw!$DL:$DL),"") -> -2.220446e-16 | AO14: =IFERROR((_xlfn.XLOOKUP($A14,'WTG Reactive Power'!$A:$A,'WTG Reactive Power'!$AW:$AW))/X14,"") -> 0.00019727644 | AP14: =IFERROR(_xlfn.XLOOKUP($D14,'Modelling New'!$D:$D,'Modelling New'!$AK:$AK),"") -> 0.05 | AQ14: =IFERROR(_xlfn.XLOOKUP($D14,'Modelling New'!$D:$D,'Modelling New'!$AL:$AL),"") -> 0.05 | AR14: =IFERROR(_xlfn.XLOOKUP($D14,'Modelling New'!$D:$D,'Modelling New'!$N:$N),"") -> 70.4
... A369: =A368+1 -> 46112 | B369: =YEAR(Daily_KPI[[#This Row],[Date]])+IF(MONTH(Daily_KPI[[#This Row],[Date]])>=4,1,0) -> 2026 | C369: =YEAR(Daily_KPI[[#This Row],[Date]]) -> 2026 | D369: =Daily_KPI[[#This Row],[Date]]-DAY(Daily_KPI[[#This Row],[Date]])+1 -> 46082 | E369: =DAY(EOMONTH(A369,0)) -> 31 | M369: =IFERROR(_xlfn.XLOOKUP($A369,Input_Raw!$A:$A,Input_Raw!$CQ:$CQ),"") | N369: =IFERROR(_xlfn.XLOOKUP($A369,Input_Raw!$A:$A,Input_Raw!$CR:$CR),"") | O369: =IFERROR(P369*Q369,"") | P369: =IFERROR(1-SUMIF(WTG_BD!$F:$F,$A369,WTG_BD!$AA:$AA)/($AA369+SUMIF(WTG_BD!$F:$F,$A369,WTG_BD!$AA:$AA)),"") | Q369: =IFERROR(1-SUMIF(IGA_BD!$F:$F,$A369,IGA_BD!$W:$W)/($AA369+SUMIF(IGA_BD!$F:$F,$A369,IGA_BD!$W:$W)),"") | R369: =IFERROR(1-SUMIF(Grid_BD!$F:$F,$A369,Grid_BD!$Y:$Y)/($AA369+SUMIF(Grid_BD!$F:$F,$A369,Grid_BD!$Y:$Y)),"") | W369: =IFERROR(X369/(24*AB369*1000),"") | X369: =IFERROR(_xlfn.XLOOKUP($A369,Input_Raw!$A:$A,Input_Raw!$CP:$CP)*1000,"") | Y369: =IFERROR(_xlfn.XLOOKUP($A369,Input_Raw!$A:$A,Input_Raw!DJ:DJ)*1000,"") | Z369: =IFERROR(_xlfn.XLOOKUP($A369,Input_Raw!$A:$A,Input_Raw!DK:DK)*1000,"") | AA369: =IFERROR(Y369-Z369,"") | AB369: =IFERROR(_xlfn.XLOOKUP($A369,Input_Raw!$A:$A,Input_Raw!$DR:$DR),"") | AC369: =IFERROR(_xlfn.XLOOKUP($D369,'Modelling New'!$D:$D,'Modelling New'!$J:$J),"") -> 4.565 | AD369: =IFERROR(_xlfn.XLOOKUP($D369,'Modelling New'!$D:$D,'Modelling New'!$T:$T)*1000,"") -> 177355.3 | AF369: =IFERROR(_xlfn.XLOOKUP($D369,'Modelling New'!$D:$D,'Modelling New'!$W:$W),"") -> 0.10496881 | AG369: =IFERROR(_xlfn.XLOOKUP($D369,'Modelling New'!$D:$D,'Modelling New'!$AE:$AE),"") -> 0.9603 | AH369: =IFERROR(_xlfn.XLOOKUP($D369,'Modelling New'!$D:$D,'Modelling New'!$AF:$AF),"") -> 0.995 | AI369: =IFERROR(_xlfn.XLOOKUP($A369,Input_Raw!$A:$A,Input_Raw!$DP:$DP),"") | AN369: =IFERROR(_xlfn.XLOOKUP($A369,Input_Raw!$A:$A,Input_Raw!$DL:$DL),"") | AO369: =IFERROR((_xlfn.XLOOKUP($A369,'WTG Reactive Power'!$A:$A,'WTG Reactive Power'!$AW:$AW))/X369,"") | AP369: =IFERROR(_xlfn.XLOOKUP($D369,'Modelling New'!$D:$D,'Modelling New'!$AK:$AK),"") -> 0.05 | AQ369: =IFERROR(_xlfn.XLOOKUP($D369,'Modelling New'!$D:$D,'Modelling New'!$AL:$AL),"") -> 0.05 | AR369: =IFERROR(_xlfn.XLOOKUP($D369,'Modelling New'!$D:$D,'Modelling New'!$N:$N),"") -> 70.4

Sheet Input_Raw
A1: 1 | B1: =A1+1 -> 2 | C1: =B1+1 -> 3 | D1: =C1+1 -> 4 | E1: =D1+1 -> 5 | F1: =E1+1 -> 6 | G1: =F1+1 -> 7 | H1: =G1+1 -> 8 | I1: =H1+1 -> 9 | ... DM1: =DL1+1 -> 117
F3: Energy Generated by individual Turbine | AX3: Wind Speed (M/s) | CT3: Meter Readings | DB3: Calculated Energy Numbers
A4: Date | B4: Finacial Year | C4: Calendor Year | D4: Month Year | E4: Days | F4: P-01 | G4: P-02 | H4: P-03 | I4: P-04 | J4: P-05 | K4: P-06 | L4: P-07 | M4: P-08 | N4: P-09 | O4: P-10 | P4: P-11 | Q4: P-12 | R4: P-13 | S4: P-14 | T4: P-15 | U4: P-16 | V4: P-17 | W4: P-18 | X4: P-19 | Y4: P-20 | Z4: P-22 | AA4: P-23 | AB4: P-25 | AC4: P-26 | AD4: P-27 | AE4: P-28 | AF4: P-31 | AG4: P-32 | AH4: P-34 | AI4: P-37 | AJ4: P-38 | AK4: P-40 | AL4: P-41 | AM4: P-42 | AN4: P-43 | AO4: P-45 | AP4: P-46 | AQ4: P-47 | AR4: P-48 | AS4: P-50 | AT4: P-51 | AU4: P-52 | AV4: P-55 | AW4: P-56 | AX4: WS_P-01 | AY4: WS_P-02 | AZ4: WS_P-03 | BA4: WS_P-04 | BB4: WS_P-05 | BC4: WS_P-06 | BD4: WS_P-07 | BE4: WS_P-08 | BF4: WS_P-09 | BG4: WS_P-10 | BH4: WS_P-11 | BI4: WS_P-12 | BJ4: WS_P-13 | BK4: WS_P-14 | BL4: WS_P-15 | BM4: WS_P-16 | BN4: WS_P-17 | BO4: WS_P-18 | BP4: WS_P-19 | BQ4: WS_P-20 | BR4: WS_P-22 | BS4: WS_P-23 | BT4: WS_P-25 | BU4: WS_P-26 | BV4: WS_P-27 | BW4: WS_P-28 | BX4: WS_P-31 | BY4: WS_P-32 | BZ4: WS_P-34 | CA4: WS_P-37 | CB4: WS_P-38 | CC4: WS_P-40 | CD4: WS_P-41 | CE4: WS_P-42 | CF4: WS_P-43 | CG4: WS_P-45 | CH4: WS_P-46 | CI4: WS_P-47 | CJ4: WS_P-48 | CK4: WS_P-50 | CL4: WS_P-51 | CM4: WS_P-52 | CN4: WS_P-55 | CO4: WS_P-56 | CP4: WTG Total Gneration (MWh) | CQ4: Wind Speed Average cumulative (m/S)2 | CR4: Wind Speed Max (m/S) | CS4: Rain (mm) | CT4: 33 kV_Wind_F1_Export reading | CU4: 33 kV_Wind_F1_Import reading | CV4: 33 kV_Wind_F2_Export_reading | CW4: 33 kV_Wind_F2_Import_reading | CX4: 33 kV_Wind_F3_Export_Reading | CY4: 33 kV_Wind_F3_Import_Reading | CZ4: 33 kV_Wind_F4_Export Reading | DA4: 33 kV_Wind_F4_Import Reading | DB4: 33 kV_F1_Total_Export (MWh) | DC4: 33 kV_Wind_F1_Import (MWh) | DD4: 33 kV_F2_Total_Export (MWh)2 | DE4: 33 kV_Wind_F2_Import (MWh) | DF4: 33 kV_Wind_F3_Export (MWh) | DG4: 33 kV_Wind_F3_Import (MWh)2 | DH4: 33 kV_Wind_F4_Export (MWh) | DI4: 33 kV_Wind_F4_Import (MWh)2 | DJ4: 33 kV_Wind_Total_Export (MWh) | DK4: 33 kV_Wind_Total_Import (MWh) | DL4: 33 kV Line Loss (%) | DM4: EbMA(%) | DN4: Forecasting Data count received on Forecasting Portal | DO4: Forecasting Penalties (INR) | DP4: Expected Energy As Per Power Curve (MWh) | DQ4: Reactive Energy (MVArH) | DR4: Operational Capacity
A5: 45745 | B5: =YEAR(Input_Raw[[#This Row],[Date]])+IF(MONTH(Input_Raw[[#This Row],[Date]])>=4,1,0) -> 2025 | C5: =YEAR(Input_Raw[[#This Row],[Date]]) -> 2025 | D5: =A5-DAY(A5)+1 -> 45717 | E5: =DAY(EOMONTH(Input_Raw[[#This Row],[Date]],0)) -> 31 | F5: 6588 | G5: 6752 | H5: 7308 | I5: 4560 | J5: 4436 | K5: 3156 | L5: 4936 | M5: 2472 | N5: 1594 | O5: 1536 | P5: 1938 | Q5: 2062 | R5: 2156 | S5: 2066 | T5: 1992 | U5: 2430 | V5: 2670 | W5: 6332 | X5: 2648 | Y5: 2525 | Z5: 4952 | AA5: 5652 | AB5: 3308 | AC5: 2956 | AD5: 3544 | AE5: 3264 | AF5: 7016 | AG5: 2540 | AH5: 4808 | AI5: 3862 | AJ5: 3224 | AK5: 2220 | AL5: 3612 | AM5: 4604 | AN5: 3274 | AO5: 6072 | AP5: 4800 | AQ5: 4032 | AR5: 4272 | AS5: 2936 | AT5: 2990 | AU5: 4564 | AV5: 5896 | AW5: 4380 | AX5: 5.01 | AY5: 5.26 | AZ5: 5.33 | BA5: 5.18 | BB5: 4.52 | BC5: 4.41 | BD5: 4.94 | BE5: 4.26 | BF5: 3.85 | BG5: 4.11 | BH5: 3.96 | BI5: 4.15 | BJ5: 4.18 | BK5: 4.34 | BL5: 4.37 | BM5: 4.53 | BN5: 4.61 | BO5: 5.17 | BP5: 4.65 | BQ5: 4.3 | BR5: 5.46 | BS5: 5.6 | BT5: 4.2 | BU5: 4.48 | BV5: 4.73 | BW5: 4.71 | BX5: 4.99 | BY5: 3.82 | BZ5: 5.2 | CA5: 4.61 | CB5: 4.51 | CC5: 4.11 | CD5: 4.72 | CE5: 4.53 | CF5: 4.69 | CG5: 5.68 | CH5: 4.91 | CI5: 4.35 | CJ5: 4.67 | CK5: 4.05 | CL5: 4.09 | CM5: 4.75 | CN5: 5.16 | CO5: 5.05 | CP5: =SUM(Input_Raw[[#This Row],[P-01]:[P-56]])/1000 -> 168.935 | CQ5: =IFERROR(AVERAGEIF(Input_Raw[[#This Row],[WS_P-01]:[WS_P-56]],"<>",Input_Raw[[#This Row],[WS_P-01]:[WS_P-56]]),"") -> 4.6409091 | CR5: =MAX(Input_Raw[[#This Row],[WS_P-01]:[WS_P-56]]) -> 5.68 | CT5: =SUM(Input_Raw[[#This Row],[P-08]:[P-13]],Input_Raw[[#This Row],[P-25]:[P-28]]) -> 24830 | CV5: =SUM(Input_Raw[[#This Row],[P-04]],Input_Raw[[#This Row],[P-14]:[P-17]],Input_Raw[[#This Row],[P-19]:[P-20]],Input_Raw[[#This Row],[P-22]:[P-23]],Input_Raw[[#This Row],[P-34]],Input_Raw[[#This Row],[P-38]],Input_Raw[[#This Row],[P-43]]) -> 40801 | CX5: =SUM(Input_Raw[[#This Row],[P-05]:[P-06]],Input_Raw[[#This Row],[P-40]:[P-42]],Input_Raw[[#This Row],[P-45]],Input_Raw[[#This Row],[P-46]],Input_Raw[[#This Row],[P-47]:[P-48]]) -> 37204 | CZ5: =SUM(Input_Raw[[#This Row],[P-01]:[P-03]],Input_Raw[[#This Row],[P-07]],Input_Raw[[#This Row],[P-18]],Input_Raw[[#This Row],[P-31]:[P-32]],Input_Raw[[#This Row],[P-37]],Input_Raw[[#This Row],[P-50]:[P-56]]) -> 66100 | DB5: =Input_Raw[[#This Row],[33 kV_Wind_F1_Export reading]]/1000 -> 24.83 | DD5: =Input_Raw[[#This Row],[33 kV_Wind_F2_Export_reading]]/1000 -> 40.801 | DF5: =Input_Raw[[#This Row],[33 kV_Wind_F3_Export_Reading]]/1000 -> 37.204 | DH5: =Input_Raw[[#This Row],[33 kV_Wind_F4_Export Reading]]/1000 -> 66.1 | DJ5: =Input_Raw[[#This Row],[33 kV_F1_Total_Export (MWh)]]+Input_Raw[[#This Row],[33 kV_F2_Total_Export (MWh)2]]+Input_Raw[[#This Row],[33 kV_Wind_F3_Export (MWh)]]+Input_Raw[[#This Row],[33 kV_Wind_F4_Export (MWh)]] -> 168.935 | DK5: =Input_Raw[[#This Row],[33 kV_Wind_F1_Import (MWh)]]+Input_Raw[[#This Row],[33 kV_Wind_F2_Import (MWh)]]+Input_Raw[[#This Row],[33 kV_Wind_F3_Import (MWh)2]]+Input_Raw[[#This Row],[33 kV_Wind_F4_Import (MWh)2]] -> 0 | DL5: =IFERROR(Input_Raw[[#This Row],[33 kV_Wind_Total_Export (MWh)]]/Input_Raw[[#This Row],[WTG Total Gneration (MWh)]]-1,"") -> 0 | DN5: 89 | DO5: 251.75 | DP5: 156.79 | DR5: 70.4
A6: =A5+1 -> 45746 | B6: =YEAR(Input_Raw[[#This Row],[Date]])+IF(MONTH(Input_Raw[[#This Row],[Date]])>=4,1,0) -> 2025 | C6: =YEAR(Input_Raw[[#This Row],[Date]]) -> 2025 | D6: =A6-DAY(A6)+1 -> 45717 | E6: =DAY(EOMONTH(Input_Raw[[#This Row],[Date]],0)) -> 31 | F6: 8936 | G6: 7288 | H6: 6868 | I6: 6172 | J6: 4268 | K6: 3588 | L6: 5354 | M6: 2160 | N6: 1444 | O6: 1408 | P6: 1792 | Q6: 2198 | R6: 2320 | S6: 2460 | T6: 2208 | U6: 2244 | V6: 2764 | W6: 6940 | X6: 2756 | Y6: 2719 | Z6: 6344 | AA6: 6796 | AB6: 3068 | AC6: 3092 | AD6: 3684 | AE6: 3152 | AF6: 5592 | AG6: 2868 | AH6: 5300 | AI6: 4688 | AJ6: 3244 | AK6: 1882 | AL6: 3968 | AM6: 5704 | AN6: 3516 | AO6: 6320 | AP6: 5152 | AQ6: 4908 | AR6: 5504 | AS6: 3816 | AT6: 4472 | AU6: 5472 | AV6: 8544 | AW6: 6904 | AX6: 5.8 | AY6: 5.57 | AZ6: 5.5 | BA6: 5.61 | BB6: 4.83 | BC6: 4.92 | BD6: 5.25 | BE6: 4.52 | BF6: 4.04 | BG6: 4.33 | BH6: 4 | BI6: 4.32 | BJ6: 4.41 | BK6: 4.46 | BL6: 4.45 | BM6: 4.38 | BN6: 4.54 | BO6: 5.58 | BP6: 4.58 | BQ6: 4.35 | BR6: 5.63 | BS6: 5.61 | BT6: 4.6 | BU6: 4.98 | BV6: 5.38 | BW6: 5.24 | BX6: 4.91 | BY6: 4.21 | BZ6: 5.24 | CA6: 4.96 | CB6: 4.46 | CC6: 4.16 | CD6: 5.02 | CE6: 5.15 | CF6: 4.49 | CG6: 5.9 | CH6: 5.21 | CI6: 4.86 | CJ6: 5.34 | CK6: 4.38 | CL6: 4.66 | CM6: 5.17 | CN6: 6.15 | CO6: 5.88 | CP6: =SUM(Input_Raw[[#This Row],[P-01]:[P-56]])/1000 -> 189.877 | CQ6: =IFERROR(AVERAGEIF(Input_Raw[[#This Row],[WS_P-01]:[WS_P-56]],"<>",Input_Raw[[#This Row],[WS_P-01]:[WS_P-56]]),"") -> 4.9325 | CR6: =MAX(Input_Raw[[#This Row],[WS_P-01]:[WS_P-56]]) -> 6.15 | CT6: =SUM(Input_Raw[[#This Row],[P-08]:[P-13]],Input_Raw[[#This Row],[P-25]:[P-28]]) -> 24318 | CV6: =SUM(Input_Raw[[#This Row],[P-04]],Input_Raw[[#This Row],[P-14]:[P-17]],Input_Raw[[#This Row],[P-19]:[P-20]],Input_Raw[[#This Row],[P-22]:[P-23]],Input_Raw[[#This Row],[P-34]],Input_Raw[[#This Row],[P-38]],Input_Raw[[#This Row],[P-43]]) -> 46523 | CX6: =SUM(Input_Raw[[#This Row],[P-05]:[P-06]],Input_Raw[[#This Row],[P-40]:[P-42]],Input_Raw[[#This Row],[P-45]],Input_Raw[[#This Row],[P-46]],Input_Raw[[#This Row],[P-47]:[P-48]]) -> 41294 | CZ6: =SUM(Input_Raw[[#This Row],[P-01]:[P-03]],Input_Raw[[#This Row],[P-07]],Input_Raw[[#This Row],[P-18]],Input_Raw[[#This Row],[P-31]:[P-32]],Input_Raw[[#This Row],[P-37]],Input_Raw[[#This Row],[P-50]:[P-56]]) -> 77742 | DB6: =Input_Raw[[#This Row],[33 kV_Wind_F1_Export reading]]/1000 -> 24.318 | DD6: =Input_Raw[[#This Row],[33 kV_Wind_F2_Export_reading]]/1000 -> 46.523 | DF6: =Input_Raw[[#This Row],[33 kV_Wind_F3_Export_Reading]]/1000 -> 41.294 | DH6: =Input_Raw[[#This Row],[33 kV_Wind_F4_Export Reading]]/1000 -> 77.742 | DJ6: =Input_Raw[[#This Row],[33 kV_F1_Total_Export (MWh)]]+Input_Raw[[#This Row],[33 kV_F2_Total_Export (MWh)2]]+Input_Raw[[#This Row],[33 kV_Wind_F3_Export (MWh)]]+Input_Raw[[#This Row],[33 kV_Wind_F4_Export (MWh)]] -> 189.877 | DK6: =Input_Raw[[#This Row],[33 kV_Wind_F1_Import (MWh)]]+Input_Raw[[#This Row],[33 kV_Wind_F2_Import (MWh)]]+Input_Raw[[#This Row],[33 kV_Wind_F3_Import (MWh)2]]+Input_Raw[[#This Row],[33 kV_Wind_F4_Import (MWh)2]] -> 0 | DL6: =IFERROR(Input_Raw[[#This Row],[33 kV_Wind_Total_Export (MWh)]]/Input_Raw[[#This Row],[WTG Total Gneration (MWh)]]-1,"") -> 0 | DN6: 90 | DO6: 884 | DP6: 162.74 | DR6: 70.4
A7: =A6+1 -> 45747 | B7: =YEAR(Input_Raw[[#This Row],[Date]])+IF(MONTH(Input_Raw[[#This Row],[Date]])>=4,1,0) -> 2025 | C7: =YEAR(Input_Raw[[#This Row],[Date]]) -> 2025 | D7: =A7-DAY(A7)+1 -> 45717 | E7: =DAY(EOMONTH(Input_Raw[[#This Row],[Date]],0)) -> 31 | F7: 3784 | G7: 2960 | H7: 2816 | I7: 970 | J7: 2856 | K7: 1928 | L7: 2996 | M7: 1136 | N7: 688 | O7: 828 | P7: 994 | Q7: 1212 | R7: 1248 | S7: 1368 | T7: 1206 | U7: 1338 | V7: 1552 | W7: 3472 | X7: 1504 | Y7: 1374 | Z7: 1404 | AA7: 1652 | AB7: 1660 | AC7: 1740 | AD7: 2112 | AE7: 1848 | AF7: 2168 | AG7: 864 | AH7: 1232 | AI7: 1868 | AJ7: 1724 | AK7: 1038 | AL7: 2564 | AM7: 3656 | AN7: 1132 | AO7: 3596 | AP7: 2932 | AQ7: 2932 | AR7: 3200 | AS7: 1018 | AT7: 1536 | AU7: 1926 | AV7: 4148 | AW7: 3604 | AX7: 4.11 | AY7: 4.13 | AZ7: 3.94 | BA7: 3.15 | BB7: 3.98 | BC7: 3.88 | BD7: 4.19 | BE7: 3.27 | BF7: 3.02 | BG7: 3.39 | BH7: 3.26 | BI7: 3.49 | BJ7: 3.45 | BK7: 3.43 | BL7: 3.48 | BM7: 3.39 | BN7: 3.77 | BO7: 4.25 | BP7: 3.59 | BQ7: 3.31 | BR7: 3.85 | BS7: 3.86 | BT7: 3.38 | BU7: 3.97 | BV7: 4.04 | BW7: 3.91 | BX7: 3.29 | BY7: 2.89 | BZ7: 3.34 | CA7: 3.59 | CB7: 3.27 | CC7: 3.19 | CD7: 4.29 | CE7: 4.33 | CF7: 3.52 | CG7: 4.75 | CH7: 4.32 | CI7: 3.98 | CJ7: 4.36 | CK7: 2.74 | CL7: 3.19 | CM7: 3.7 | CN7: 4.68 | CO7: 4.6 | CP7: =SUM(Input_Raw[[#This Row],[P-01]:[P-56]])/1000 -> 87.784 | CQ7: =IFERROR(AVERAGEIF(Input_Raw[[#This Row],[WS_P-01]:[WS_P-56]],"<>",Input_Raw[[#This Row],[WS_P-01]:[WS_P-56]]),"") -> 3.7163636 | CR7: =MAX(Input_Raw[[#This Row],[WS_P-01]:[WS_P-56]]) -> 4.75 | CT7: =SUM(Input_Raw[[#This Row],[P-08]:[P-13]],Input_Raw[[#This Row],[P-25]:[P-28]]) -> 13466 | CV7: =SUM(Input_Raw[[#This Row],[P-04]],Input_Raw[[#This Row],[P-14]:[P-17]],Input_Raw[[#This Row],[P-19]:[P-20]],Input_Raw[[#This Row],[P-22]:[P-23]],Input_Raw[[#This Row],[P-34]],Input_Raw[[#This Row],[P-38]],Input_Raw[[#This Row],[P-43]]) -> 16456 | CX7: =SUM(Input_Raw[[#This Row],[P-05]:[P-06]],Input_Raw[[#This Row],[P-40]:[P-42]],Input_Raw[[#This Row],[P-45]],Input_Raw[[#This Row],[P-46]],Input_Raw[[#This Row],[P-47]:[P-48]]) -> 24702 | CZ7: =SUM(Input_Raw[[#This Row],[P-01]:[P-03]],Input_Raw[[#This Row],[P-07]],Input_Raw[[#This Row],[P-18]],Input_Raw[[#This Row],[P-31]:[P-32]],Input_Raw[[#This Row],[P-37]],Input_Raw[[#This Row],[P-50]:[P-56]]) -> 33160 | DB7: =Input_Raw[[#This Row],[33 kV_Wind_F1_Export reading]]/1000 -> 13.466 | DD7: =Input_Raw[[#This Row],[33 kV_Wind_F2_Export_reading]]/1000 -> 16.456 | DF7: =Input_Raw[[#This Row],[33 kV_Wind_F3_Export_Reading]]/1000 -> 24.702 | DH7: =Input_Raw[[#This Row],[33 kV_Wind_F4_Export Reading]]/1000 -> 33.16 | DJ7: =Input_Raw[[#This Row],[33 kV_F1_Total_Export (MWh)]]+Input_Raw[[#This Row],[33 kV_F2_Total_Export (MWh)2]]+Input_Raw[[#This Row],[33 kV_Wind_F3_Export (MWh)]]+Input_Raw[[#This Row],[33 kV_Wind_F4_Export (MWh)]] -> 87.784 | DK7: =Input_Raw[[#This Row],[33 kV_Wind_F1_Import (MWh)]]+Input_Raw[[#This Row],[33 kV_Wind_F2_Import (MWh)]]+Input_Raw[[#This Row],[33 kV_Wind_F3_Import (MWh)2]]+Input_Raw[[#This Row],[33 kV_Wind_F4_Import (MWh)2]] -> 0 | DL7: =IFERROR(Input_Raw[[#This Row],[33 kV_Wind_Total_Export (MWh)]]/Input_Raw[[#This Row],[WTG Total Gneration (MWh)]]-1,"") -> -1.110223e-16 | DN7: 88 | DO7: 2257.38 | DP7: 66.47 | DR7: 70.4
A8: =A7+1 -> 45748 | B8: =YEAR(Input_Raw[[#This Row],[Date]])+IF(MONTH(Input_Raw[[#This Row],[Date]])>=4,1,0) -> 2026 | C8: =YEAR(Input_Raw[[#This Row],[Date]]) -> 2025 | D8: =A8-DAY(A8)+1 -> 45748 | E8: =DAY(EOMONTH(Input_Raw[[#This Row],[Date]],0)) -> 30 | F8: 4268 | G8: 4068 | H8: 3800 | I8: 7152 | J8: 6388 | K8: 6152 | L8: 2860 | M8: 5052 | N8: 4148 | O8: 6102 | P8: 7662 | Q8: 7860 | R8: 7466 | S8: 7150 | T8: 5670 | U8: 5514 | V8: 5412 | W8: 3300 | X8: 6996 | Y8: 5745 | Z8: 7184 | AA8: 8632 | AB8: 7020 | AC8: 6844 | AD8: 4100 | AE8: 6952 | AF8: 3420 | AG8: 3056 | AH8: 5872 | AI8: 3422 | AJ8: 6164 | AK8: 4716 | AL8: 6208 | AM8: 5104 | AN8: 8556 | AO8: 8624 | AP8: 6180 | AQ8: 4920 | AR8: 5324 | AS8: 4338 | AT8: 3536 | AU8: 3794 | AV8: 4236 | AW8: 3528 | AX8: 4.52 | AY8: 4.61 | AZ8: 4.6 | BA8: 5.2 | BB8: 5.11 | BC8: 5.17 | BD8: 4.42 | BE8: 5.73 | BF8: 4.86 | BG8: 5.41 | BH8: 5.49 | BI8: 5.61 | BJ8: 5.42 | BK8: 5.37 | BL8: 5.08 | BM8: 4.85 | BN8: 4.87 | BO8: 4.29 | BP8: 5.26 | BQ8: 4.81 | BR8: 5.4 | BS8: 5.55 | BT8: 5.94 | BU8: 6.34 | BV8: 5.5 | BW8: 6.47 | BX8: 4.09 | BY8: 4.37 | BZ8: 4.82 | CA8: 4.79 | CB8: 4.75 | CC8: 4.52 | CD8: 5.61 | CE8: 4.8 | CF8: 5.37 | CG8: 5.88 | CH8: 5.2 | CI8: 4.57 | CJ8: 4.92 | CK8: 4.29 | CL8: 4.61 | CM8: 4.8 | CN8: 4.98 | CO8: 4.73 | CP8: =SUM(Input_Raw[[#This Row],[P-01]:[P-56]])/1000 -> 244.495 | CQ8: =IFERROR(AVERAGEIF(Input_Raw[[#This Row],[WS_P-01]:[WS_P-56]],"<>",Input_Raw[[#This Row],[WS_P-01]:[WS_P-56]]),"") -> 5.0677273 | CR8: =MAX(Input_Raw[[#This Row],[WS_P-01]:[WS_P-56]]) -> 6.47 | CT8: =SUM(Input_Raw[[#This Row],[P-08]:[P-13]],Input_Raw[[#This Row],[P-25]:[P-28]]) -> 63206 | CV8: =SUM(Input_Raw[[#This Row],[P-04]],Input_Raw[[#This Row],[P-14]:[P-17]],Input_Raw[[#This Row],[P-19]:[P-20]],Input_Raw[[#This Row],[P-22]:[P-23]],Input_Raw[[#This Row],[P-34]],Input_Raw[[#This Row],[P-38]],Input_Raw[[#This Row],[P-43]]) -> 80047 | CX8: =SUM(Input_Raw[[#This Row],[P-05]:[P-06]],Input_Raw[[#This Row],[P-40]:[P-42]],Input_Raw[[#This Row],[P-45]],Input_Raw[[#This Row],[P-46]],Input_Raw[[#This Row],[P-47]:[P-48]]) -> 53616 | CZ8: =SUM(Input_Raw[[#This Row],[P-01]:[P-03]],Input_Raw[[#This Row],[P-07]],Input_Raw[[#This Row],[P-18]],Input_Raw[[#This Row],[P-31]:[P-32]],Input_Raw[[#This Row],[P-37]],Input_Raw[[#This Row],[P-50]:[P-56]]) -> 47626 | DB8: =Input_Raw[[#This Row],[33 kV_Wind_F1_Export reading]]/1000 -> 63.206 | DD8: =Input_Raw[[#This Row],[33 kV_Wind_F2_Export_reading]]/1000 -> 80.047 | DF8: =Input_Raw[[#This Row],[33 kV_Wind_F3_Export_Reading]]/1000 -> 53.616 | DH8: =Input_Raw[[#This Row],[33 kV_Wind_F4_Export Reading]]/1000 -> 47.626 | DJ8: =Input_Raw[[#This Row],[33 kV_F1_Total_Export (MWh)]]+Input_Raw[[#This Row],[33 kV_F2_Total_Export (MWh)2]]+Input_Raw[[#This Row],[33 kV_Wind_F3_Export (MWh)]]+Input_Raw[[#This Row],[33 kV_Wind_F4_Export (MWh)]] -> 244.495 | DK8: =Input_Raw[[#This Row],[33 kV_Wind_F1_Import (MWh)]]+Input_Raw[[#This Row],[33 kV_Wind_F2_Import (MWh)]]+Input_Raw[[#This Row],[33 kV_Wind_F3_Import (MWh)2]]+Input_Raw[[#This Row],[33 kV_Wind_F4_Import (MWh)2]] -> 0 | DL8: =IFERROR(Input_Raw[[#This Row],[33 kV_Wind_Total_Export (MWh)]]/Input_Raw[[#This Row],[WTG Total Gneration (MWh)]]-1,"") -> -1.110223e-16 | DN8: 89 | DO8: 25300 | DP8: 261.94 | DR8: 70.4
A9: =A8+1 -> 45749 | B9: =YEAR(Input_Raw[[#This Row],[Date]])+IF(MONTH(Input_Raw[[#This Row],[Date]])>=4,1,0) -> 2026 | C9: =YEAR(Input_Raw[[#This Row],[Date]]) -> 2025 | D9: =A9-DAY(A9)+1 -> 45748 | E9: =DAY(EOMONTH(Input_Raw[[#This Row],[Date]],0)) -> 30 | F9: 6296 | G9: 4972 | H9: 4080 | I9: 5304 | J9: 10732 | K9: 9008 | L9: 5052 | M9: 4672 | N9: 3214 | O9: 4976 | P9: 5884 | Q9: 7356 | R9: 8586 | S9: 8718 | T9: 6402 | U9: 7596 | V9: 8356 | W9: 5740 | X9: 10008 | Y9: 8600 | Z9: 5096 | AA9: 5336 | AB9: 6688 | AC9: 8336 | AD9: 8316 | AE9: 8028 | AF9: 4244 | AG9: 5576 | AH9: 4028 | AI9: 7408 | AJ9: 9640 | AK9: 5766 | AL9: 10360 | AM9: 7964 | AN9: 7744 | AO9: 11976 | AP9: 7700 | AQ9: 8872 | AR9: 8504 | AS9: 6352 | AT9: 7568 | AU9: 7352 | AV9: 9220 | AW9: 8084 | AX9: 5.1 | AY9: 4.96 | AZ9: 4.74 | BA9: 5 | BB9: 6.19 | BC9: 6.02 | BD9: 5.03 | BE9: 5.12 | BF9: 4.64 | BG9: 5.25 | BH9: 5.11 | BI9: 5.52 | BJ9: 5.84 | BK9: 5.87 | BL9: 5.48 | BM9: 5.7 | BN9: 5.68 | BO9: 5.27 | BP9: 5.98 | BQ9: 5.65 | BR9: 5.05 | BS9: 4.95 | BT9: 5.37 | BU9: 6.07 | BV9: 6.26 | BW9: 6.2 | BX9: 4.63 | BY9: 4.68 | BZ9: 4.76 | CA9: 5.15 | CB9: 5.85 | CC9: 5.01 | CD9: 6.55 | CE9: 5.63 | CF9: 5.26 | CG9: 6.87 | CH9: 4.8 | CI9: 5.68 | CJ9: 5.94 | CK9: 5.09 | CL9: 5.35 | CM9: 5.44 | CN9: 6.04 | CO9: 5.98 | CP9: =SUM(Input_Raw[[#This Row],[P-01]:[P-56]])/1000 -> 315.71 | CQ9: =IFERROR(AVERAGEIF(Input_Raw[[#This Row],[WS_P-01]:[WS_P-56]],"<>",Input_Raw[[#This Row],[WS_P-01]:[WS_P-56]]),"") -> 5.4718182 | CR9: =MAX(Input_Raw[[#This Row],[WS_P-01]:[WS_P-56]]) -> 6.87 | CT9: =SUM(Input_Raw[[#This Row],[P-08]:[P-13]],Input_Raw[[#This Row],[P-25]:[P-28]]) -> 66056 | CV9: =SUM(Input_Raw[[#This Row],[P-04]],Input_Raw[[#This Row],[P-14]:[P-17]],Input_Raw[[#This Row],[P-19]:[P-20]],Input_Raw[[#This Row],[P-22]:[P-23]],Input_Raw[[#This Row],[P-34]],Input_Raw[[#This Row],[P-38]],Input_Raw[[#This Row],[P-43]]) -> 86828 | CX9: =SUM(Input_Raw[[#This Row],[P-05]:[P-06]],Input_Raw[[#This Row],[P-40]:[P-42]],Input_Raw[[#This Row],[P-45]],Input_Raw[[#This Row],[P-46]],Input_Raw[[#This Row],[P-47]:[P-48]]) -> 80882 | CZ9: =SUM(Input_Raw[[#This Row],[P-01]:[P-03]],Input_Raw[[#This Row],[P-07]],Input_Raw[[#This Row],[P-18]],Input_Raw[[#This Row],[P-31]:[P-32]],Input_Raw[[#This Row],[P-37]],Input_Raw[[#This Row],[P-50]:[P-56]]) -> 81944 | DB9: =Input_Raw[[#This Row],[33 kV_Wind_F1_Export reading]]/1000 -> 66.056 | DD9: =Input_Raw[[#This Row],[33 kV_Wind_F2_Export_reading]]/1000 -> 86.828 | DF9: =Input_Raw[[#This Row],[33 kV_Wind_F3_Export_Reading]]/1000 -> 80.882 | DH9: =Input_Raw[[#This Row],[33 kV_Wind_F4_Export Reading]]/1000 -> 81.944 | DJ9: =Input_Raw[[#This Row],[33 kV_F1_Total_Export (MWh)]]+Input_Raw[[#This Row],[33 kV_F2_Total_Export (MWh)2]]+Input_Raw[[#This Row],[33 kV_Wind_F3_Export (MWh)]]+Input_Raw[[#This Row],[33 kV_Wind_F4_Export (MWh)]] -> 315.71 | DK9: =Input_Raw[[#This Row],[33 kV_Wind_F1_Import (MWh)]]+Input_Raw[[#This Row],[33 kV_Wind_F2_Import (MWh)]]+Input_Raw[[#This Row],[33 kV_Wind_F3_Import (MWh)2]]+Input_Raw[[#This Row],[33 kV_Wind_F4_Import (MWh)2]] -> 0 | DL9: =IFERROR(Input_Raw[[#This Row],[33 kV_Wind_Total_Export (MWh)]]/Input_Raw[[#This Row],[WTG Total Gneration (MWh)]]-1,"") -> 2.220446e-16 | DN9: 95 | DO9: 25676 | DP9: 310.38 | DR9: 70.4
A10: =A9+1 -> 45750 | B10: =YEAR(Input_Raw[[#This Row],[Date]])+IF(MONTH(Input_Raw[[#This Row],[Date]])>=4,1,0) -> 2026 | C10: =YEAR(Input_Raw[[#This Row],[Date]]) -> 2025 | D10: =A10-DAY(A10)+1 -> 45748 | E10: =DAY(EOMONTH(Input_Raw[[#This Row],[Date]],0)) -> 30 | F10: 2864 | G10: 2514 | H10: 2568 | I10: 2582 | J10: 2348 | K10: 1772 | L10: 2086 | M10: 1076 | N10: 770 | O10: 922 | P10: 942 | Q10: 1016 | R10: 1002 | S10: 546 | T10: 562 | U10: 706 | V10: 894 | W10: 2588 | X10: 948 | Y10: 819 | Z10: 2296 | AA10: 2480 | AB10: 1360 | AC10: 1556 | AD10: 1696 | AE10: 1508 | AF10: 1344 | AG10: 1312 | AH10: 2600 | AI10: 1758 | AJ10: 1100 | AK10: 1526 | AL10: 2160 | AM10: 2624 | AN10: 1444 | AO10: 2944 | AP10: 2740 | AQ10: 2456 | AR10: 2628 | AS10: 1136 | AT10: 1716 | AU10: 1784 | AV10: 2800 | AW10: 2544 | AX10: 3.75 | AY10: 3.9 | AZ10: 3.77 | BA10: 3.82 | BB10: 3.63 | BC10: 3.71 | BD10: 3.81 | BE10: 3.04 | BF10: 2.96 | BG10: 3.25 | BH10: 3.06 | BI10: 3.27 | BJ10: 3.08 | BK10: 2.93 | BL10: 3.05 | BM10: 3.1 | BN10: 3.42 | BO10: 3.91 | BP10: 3.15 | BQ10: 3.08 | BR10: 3.88 | BS10: 3.78 | BT10: 3.07 | BU10: 3.8 | BV10: 3.58 | BW10: 3.47 | BX10: 3.43 | BY10: 3.06 | BZ10: 4 | CA10: 3.38 | CB10: 3 | CC10: 3.29 | CD10: 4.05 | CE10: 3.83 | CF10: 3.1 | CG10: 4.1 | CH10: 4.17 | CI10: 3.59 | CJ10: 4.09 | CK10: 2.9 | CL10: 3.31 | CM10: 3.58 | CN10: 4.03 | CO10: 4.18 | CP10: =SUM(Input_Raw[[#This Row],[P-01]:[P-56]])/1000 -> 77.037 | CQ10: =IFERROR(AVERAGEIF(Input_Raw[[#This Row],[WS_P-01]:[WS_P-56]],"<>",Input_Raw[[#This Row],[WS_P-01]:[WS_P-56]]),"") -> 3.5081818 | CR10: =MAX(Input_Raw[[#This Row],[WS_P-01]:[WS_P-56]]) -> 4.18 | CT10: =SUM(Input_Raw[[#This Row],[P-08]:[P-13]],Input_Raw[[#This Row],[P-25]:[P-28]]) -> 11848 | CV10: =SUM(Input_Raw[[#This Row],[P-04]],Input_Raw[[#This Row],[P-14]:[P-17]],Input_Raw[[#This Row],[P-19]:[P-20]],Input_Raw[[#This Row],[P-22]:[P-23]],Input_Raw[[#This Row],[P-34]],Input_Raw[[#This Row],[P-38]],Input_Raw[[#This Row],[P-43]]) -> 16977 | CX10: =SUM(Input_Raw[[#This Row],[P-05]:[P-06]],Input_Raw[[#This Row],[P-40]:[P-42]],Input_Raw[[#This Row],[P-45]],Input_Raw[[#This Row],[P-46]],Input_Raw[[#This Row],[P-47]:[P-48]]) -> 21198 | CZ10: =SUM(Input_Raw[[#This Row],[P-01]:[P-03]],Input_Raw[[#This Row],[P-07]],Input_Raw[[#This Row],[P-18]],Input_Raw[[#This Row],[P-31]:[P-32]],Input_Raw[[#This Row],[P-37]],Input_Raw[[#This Row],[P-50]:[P-56]]) -> 27014 | DB10: =Input_Raw[[#This Row],[33 kV_Wind_F1_Export reading]]/1000 -> 11.848 | DD10: =Input_Raw[[#This Row],[33 kV_Wind_F2_Export_reading]]/1000 -> 16.977 | DF10: =Input_Raw[[#This Row],[33 kV_Wind_F3_Export_Reading]]/1000 -> 21.198 | DH10: =Input_Raw[[#This Row],[33 kV_Wind_F4_Export Reading]]/1000 -> 27.014 | DJ10: =Input_Raw[[#This Row],[33 kV_F1_Total_Export (MWh)]]+Input_Raw[[#This Row],[33 kV_F2_Total_Export (MWh)2]]+Input_Raw[[#This Row],[33 kV_Wind_F3_Export (MWh)]]+Input_Raw[[#This Row],[33 kV_Wind_F4_Export (MWh)]] -> 77.037 | DK10: =Input_Raw[[#This Row],[33 kV_Wind_F1_Import (MWh)]]+Input_Raw[[#This Row],[33 kV_Wind_F2_Import (MWh)]]+Input_Raw[[#This Row],[33 kV_Wind_F3_Import (MWh)2]]+Input_Raw[[#This Row],[33 kV_Wind_F4_Import (MWh)2]] -> 0 | DL10: =IFERROR(Input_Raw[[#This Row],[33 kV_Wind_Total_Export (MWh)]]/Input_Raw[[#This Row],[WTG Total Gneration (MWh)]]-1,"") -> 0 | DN10: 94 | DO10: 7538.5 | DP10: 72.74 | DR10: 70.4
A11: =A10+1 -> 45751 | B11: =YEAR(Input_Raw[[#This Row],[Date]])+IF(MONTH(Input_Raw[[#This Row],[Date]])>=4,1,0) -> 2026 | C11: =YEAR(Input_Raw[[#This Row],[Date]]) -> 2025 | D11: =A11-DAY(A11)+1 -> 45748 | E11: =DAY(EOMONTH(Input_Raw[[#This Row],[Date]],0)) -> 30 | F11: 2716 | G11: 2818 | H11: 3052 | I11: 3092 | J11: 3528 | K11: 2796 | L11: 2618 | M11: 2496 | N11: 1856 | O11: 2022 | P11: 2102 | Q11: 2154 | R11: 2434 | S11: 1572 | T11: 798 | U11: 1024 | V11: 1380 | W11: 3196 | X11: 1406 | Y11: 1083 | Z11: 3124 | AA11: 3560 | AB11: 3108 | AC11: 2848 | AD11: 3372 | AE11: 3032 | AF11: 3404 | AG11: 2240 | AH11: 2868 | AI11: 3262 | AJ11: 1412 | AK11: 1696 | AL11: 3168 | AM11: 2904 | AN11: 3116 | AO11: 4976 | AP11: 4096 | AQ11: 3300 | AR11: 3096 | AS11: 1672 | AT11: 2784 | AU11: 3192 | AV11: 3516 | AW11: 3316 | AX11: 3.96 | AY11: 4.34 | AZ11: 4.27 | BA11: 3.99 | BB11: 4.15 | BC11: 4.29 | BD11: 4.33 | BE11: 3.96 | BF11: 3.8 | BG11: 4.17 | BH11: 3.88 | BI11: 4.03 | BJ11: 4.02 | BK11: 4.03 | BL11: 3.52 | BM11: 3.7 | BN11: 4.02 | BO11: 4.42 | BP11: 3.89 | BQ11: 3.63 | BR11: 4.3 | BS11: 4.34 | BT11: 3.96 | BU11: 4.35 | BV11: 4.3 | BW11: 4.22 | BX11: 3.98 | BY11: 3.89 | BZ11: 4.03 | CA11: 4.39 | CB11: 3.61 | CC11: 3.66 | CD11: 4.53 | CE11: 4.07 | CF11: 4.04 | CG11: 5.01 | CH11: 4.83 | CI11: 4.02 | CJ11: 4.4 | CK11: 3.65 | CL11: 4.19 | CM11: 4.59 | CN11: 4.67 | CO11: 4.89 | CP11: =SUM(Input_Raw[[#This Row],[P-01]:[P-56]])/1000 -> 117.205 | CQ11: =IFERROR(AVERAGEIF(Input_Raw[[#This Row],[WS_P-01]:[WS_P-56]],"<>",Input_Raw[[#This Row],[WS_P-01]:[WS_P-56]]),"") -> 4.1436364 | CR11: =MAX(Input_Raw[[#This Row],[WS_P-01]:[WS_P-56]]) -> 5.01 | CT11: =SUM(Input_Raw[[#This Row],[P-08]:[P-13]],Input_Raw[[#This Row],[P-25]:[P-28]]) -> 25424 | CV11: =SUM(Input_Raw[[#This Row],[P-04]],Input_Raw[[#This Row],[P-14]:[P-17]],Input_Raw[[#This Row],[P-19]:[P-20]],Input_Raw[[#This Row],[P-22]:[P-23]],Input_Raw[[#This Row],[P-34]],Input_Raw[[#This Row],[P-38]],Input_Raw[[#This Row],[P-43]]) -> 24435 | CX11: =SUM(Input_Raw[[#This Row],[P-05]:[P-06]],Input_Raw[[#This Row],[P-40]:[P-42]],Input_Raw[[#This Row],[P-45]],Input_Raw[[#This Row],[P-46]],Input_Raw[[#This Row],[P-47]:[P-48]]) -> 29560 | CZ11: =SUM(Input_Raw[[#This Row],[P-01]:[P-03]],Input_Raw[[#This Row],[P-07]],Input_Raw[[#This Row],[P-18]],Input_Raw[[#This Row],[P-31]:[P-32]],Input_Raw[[#This Row],[P-37]],Input_Raw[[#This Row],[P-50]:[P-56]]) -> 37786 | DB11: =Input_Raw[[#This Row],[33 kV_Wind_F1_Export reading]]/1000 -> 25.424 | DD11: =Input_Raw[[#This Row],[33 kV_Wind_F2_Export_reading]]/1000 -> 24.435 | DF11: =Input_Raw[[#This Row],[33 kV_Wind_F3_Export_Reading]]/1000 -> 29.56 | DH11: =Input_Raw[[#This Row],[33 kV_Wind_F4_Export Reading]]/1000 -> 37.786 | DJ11: =Input_Raw[[#This Row],[33 kV_F1_Total_Export (MWh)]]+Input_Raw[[#This Row],[33 kV_F2_Total_Export (MWh)2]]+Input_Raw[[#This Row],[33 kV_Wind_F3_Export (MWh)]]+Input_Raw[[#This Row],[33 kV_Wind_F4_Export (MWh)]] -> 117.205 | DK11: =Input_Raw[[#This Row],[33 kV_Wind_F1_Import (MWh)]]+Input_Raw[[#This Row],[33 kV_Wind_F2_Import (MWh)]]+Input_Raw[[#This Row],[33 kV_Wind_F3_Import (MWh)2]]+Input_Raw[[#This Row],[33 kV_Wind_F4_Import (MWh)2]] -> 0 | DL11: =IFERROR(Input_Raw[[#This Row],[33 kV_Wind_Total_Export (MWh)]]/Input_Raw[[#This Row],[WTG Total Gneration (MWh)]]-1,"") -> 0 | DN11: 80 | DO11: 1459.87 | DP11: 115.35 | DR11: 70.4
A12: =A11+1 -> 45752 | B12: =YEAR(Input_Raw[[#This Row],[Date]])+IF(MONTH(Input_Raw[[#This Row],[Date]])>=4,1,0) -> 2026 | C12: =YEAR(Input_Raw[[#This Row],[Date]]) -> 2025 | D12: =A12-DAY(A12)+1 -> 45748 | E12: =DAY(EOMONTH(Input_Raw[[#This Row],[Date]],0)) -> 30 | F12: 2060 | G12: 3368 | H12: 3088 | I12: 5440 | J12: 2920 | K12: 2352 | L12: 2928 | M12: 2116 | N12: 2560 | O12: 2424 | P12: 2928 | Q12: 2598 | R12: 2442 | S12: 2302 | T12: 1794 | U12: 2010 | V12: 1980 | W12: 2884 | X12: 2430 | Y12: 2109 | Z12: 5192 | AA12: 6060 | AB12: 4888 | AC12: 4600 | AD12: 3876 | AE12: 3448 | AF12: 932 | AG12: 1628 | AH12: 4012 | AI12: 3004 | AJ12: 2596 | AK12: 1232 | AL12: 2628 | AM12: 2704 | AN12: 4318 | AO12: 4076 | AP12: 2524 | AQ12: 2308 | AR12: 2484 | AS12: 1624 | AT12: 1794 | AU12: 2880 | AV12: 4144 | AW12: 1756 | AX12: 4.42 | AY12: 4.77 | AZ12: 4.64 | BA12: 5.33 | BB12: 4.37 | BC12: 4.39 | BD12: 4.61 | BE12: 3.98 | BF12: 4.5 | BG12: 4.7 | BH12: 4.5 | BI12: 4.44 | BJ12: 4.39 | BK12: 4.29 | BL12: 4.17 | BM12: 4.18 | BN12: 4.13 | BO12: 4.47 | BP12: 4.35 | BQ12: 4.07 | BR12: 5.38 | BS12: 5.5 | BT12: 4.9 | BU12: 5.23 | BV12: 4.86 | BW12: 4.79 | BX12: 4.02 | BY12: 3.47 | BZ12: 4.77 | CA12: 4.29 | CB12: 4.09 | CC12: 3.79 | CD12: 4.63 | CE12: 4.21 | CF12: 4.78 | CG12: 5.01 | CH12: 4.37 | CI12: 3.73 | CJ12: 4.3 | CK12: 3.58 | CL12: 3.47 | CM12: 4.34 | CN12: 4.92 | CO12: 4.63 | CP12: =SUM(Input_Raw[[#This Row],[P-01]:[P-56]])/1000 -> 127.441 | CQ12: =IFERROR(AVERAGEIF(Input_Raw[[#This Row],[WS_P-01]:[WS_P-56]],"<>",Input_Raw[[#This Row],[WS_P-01]:[WS_P-56]]),"") -> 4.4490909 | CR12: =MAX(Input_Raw[[#This Row],[WS_P-01]:[WS_P-56]]) -> 5.5 | CT12: =SUM(Input_Raw[[#This Row],[P-08]:[P-13]],Input_Raw[[#This Row],[P-25]:[P-28]]) -> 31880 | CV12: =SUM(Input_Raw[[#This Row],[P-04]],Input_Raw[[#This Row],[P-14]:[P-17]],Input_Raw[[#This Row],[P-19]:[P-20]],Input_Raw[[#This Row],[P-22]:[P-23]],Input_Raw[[#This Row],[P-34]],Input_Raw[[#This Row],[P-38]],Input_Raw[[#This Row],[P-43]]) -> 40243 | CX12: =SUM(Input_Raw[[#This Row],[P-05]:[P-06]],Input_Raw[[#This Row],[P-40]:[P-42]],Input_Raw[[#This Row],[P-45]],Input_Raw[[#This Row],[P-46]],Input_Raw[[#This Row],[P-47]:[P-48]]) -> 23228 | CZ12: =SUM(Input_Raw[[#This Row],[P-01]:[P-03]],Input_Raw[[#This Row],[P-07]],Input_Raw[[#This Row],[P-18]],Input_Raw[[#This Row],[P-31]:[P-32]],Input_Raw[[#This Row],[P-37]],Input_Raw[[#This Row],[P-50]:[P-56]]) -> 32090 | DB12: =Input_Raw[[#This Row],[33 kV_Wind_F1_Export reading]]/1000 -> 31.88 | DD12: =Input_Raw[[#This Row],[33 kV_Wind_F2_Export_reading]]/1000 -> 40.243 | DF12: =Input_Raw[[#This Row],[33 kV_Wind_F3_Export_Reading]]/1000 -> 23.228 | DH12: =Input_Raw[[#This Row],[33 kV_Wind_F4_Export Reading]]/1000 -> 32.09 | DJ12: =Input_Raw[[#This Row],[33 kV_F1_Total_Export (MWh)]]+Input_Raw[[#This Row],[33 kV_F2_Total_Export (MWh)2]]+Input_Raw[[#This Row],[33 kV_Wind_F3_Export (MWh)]]+Input_Raw[[#This Row],[33 kV_Wind_F4_Export (MWh)]] -> 127.441 | DK12: =Input_Raw[[#This Row],[33 kV_Wind_F1_Import (MWh)]]+Input_Raw[[#This Row],[33 kV_Wind_F2_Import (MWh)]]+Input_Raw[[#This Row],[33 kV_Wind_F3_Import (MWh)2]]+Input_Raw[[#This Row],[33 kV_Wind_F4_Import (MWh)2]] -> 0 | DL12: =IFERROR(Input_Raw[[#This Row],[33 kV_Wind_Total_Export (MWh)]]/Input_Raw[[#This Row],[WTG Total Gneration (MWh)]]-1,"") -> 0 | DN12: 93 | DO12: 0 | DP12: 127.87 | DR12: 70.4
A13: =A12+1 -> 45753 | B13: =YEAR(Input_Raw[[#This Row],[Date]])+IF(MONTH(Input_Raw[[#This Row],[Date]])>=4,1,0) -> 2026 | C13: =YEAR(Input_Raw[[#This Row],[Date]]) -> 2025 | D13: =A13-DAY(A13)+1 -> 45748 | E13: =DAY(EOMONTH(Input_Raw[[#This Row],[Date]],0)) -> 30 | F13: 3244 | G13: 3292 | H13: 3884 | I13: 3042 | J13: 2524 | K13: 2080 | L13: 2482 | M13: 1488 | N13: 976 | O13: 926 | P13: 1140 | Q13: 1108 | R13: 1112 | S13: 1008 | T13: 936 | U13: 1118 | V13: 1250 | W13: 2768 | X13: 1508 | Y13: 1524 | Z13: 3800 | AA13: 4304 | AB13: 2012 | AC13: 1844 | AD13: 2212 | AE13: 1920 | AF13: 2236 | AG13: 1880 | AH13: 2572 | AI13: 2672 | AJ13: 1566 | AK13: 1008 | AL13: 2348 | AM13: 2512 | AN13: 1958 | AO13: 3400 | AP13: 2372 | AQ13: 1964 | AR13: 2248 | AS13: 2640 | AT13: 2660 | AU13: 3484 | AV13: 3868 | AW13: 2240 | AX13: 4.23 | AY13: 4.51 | AZ13: 4.56 | BA13: 4.14 | BB13: 3.63 | BC13: 3.82 | BD13: 4.23 | BE13: 3.61 | BF13: 3.24 | BG13: 3.51 | BH13: 3.25 | BI13: 3.43 | BJ13: 3.26 | BK13: 3.08 | BL13: 3.13 | BM13: 3.02 | BN13: 3.43 | BO13: 4.12 | BP13: 3.39 | BQ13: 3.18 | BR13: 4.67 | BS13: 4.7 | BT13: 3.63 | BU13: 4.14 | BV13: 4 | BW13: 3.78 | BX13: 3.84 | BY13: 3.49 | BZ13: 3.96 | CA13: 3.96 | CB13: 3.03 | CC13: 3.09 | CD13: 4.17 | CE13: 3.84 | CF13: 3.59 | CG13: 4.66 | CH13: 4.34 | CI13: 3.64 | CJ13: 3.99 | CK13: 3.64 | CL13: 3.73 | CM13: 4.3 | CN13: 4.67 | CO13: 4.24 | CP13: =SUM(Input_Raw[[#This Row],[P-01]:[P-56]])/1000 -> 97.13 | CQ13: =IFERROR(AVERAGEIF(Input_Raw[[#This Row],[WS_P-01]:[WS_P-56]],"<>",Input_Raw[[#This Row],[WS_P-01]:[WS_P-56]]),"") -> 3.8152273 | CR13: =MAX(Input_Raw[[#This Row],[WS_P-01]:[WS_P-56]]) -> 4.7 | CT13: =SUM(Input_Raw[[#This Row],[P-08]:[P-13]],Input_Raw[[#This Row],[P-25]:[P-28]]) -> 14738 | CV13: =SUM(Input_Raw[[#This Row],[P-04]],Input_Raw[[#This Row],[P-14]:[P-17]],Input_Raw[[#This Row],[P-19]:[P-20]],Input_Raw[[#This Row],[P-22]:[P-23]],Input_Raw[[#This Row],[P-34]],Input_Raw[[#This Row],[P-38]],Input_Raw[[#This Row],[P-43]]) -> 24586 | CX13: =SUM(Input_Raw[[#This Row],[P-05]:[P-06]],Input_Raw[[#This Row],[P-40]:[P-42]],Input_Raw[[#This Row],[P-45]],Input_Raw[[#This Row],[P-46]],Input_Raw[[#This Row],[P-47]:[P-48]]) -> 20456 | CZ13: =SUM(Input_Raw[[#This Row],[P-01]:[P-03]],Input_Raw[[#This Row],[P-07]],Input_Raw[[#This Row],[P-18]],Input_Raw[[#This Row],[P-31]:[P-32]],Input_Raw[[#This Row],[P-37]],Input_Raw[[#This Row],[P-50]:[P-56]]) -> 37350 | DB13: =Input_Raw[[#This Row],[33 kV_Wind_F1_Export reading]]/1000 -> 14.738 | DD13: =Input_Raw[[#This Row],[33 kV_Wind_F2_Export_reading]]/1000 -> 24.586 | DF13: =Input_Raw[[#This Row],[33 kV_Wind_F3_Export_Reading]]/1000 -> 20.456 | DH13: =Input_Raw[[#This Row],[33 kV_Wind_F4_Export Reading]]/1000 -> 37.35 | DJ13: =Input_Raw[[#This Row],[33 kV_F1_Total_Export (MWh)]]+Input_Raw[[#This Row],[33 kV_F2_Total_Export (MWh)2]]+Input_Raw[[#This Row],[33 kV_Wind_F3_Export (MWh)]]+Input_Raw[[#This Row],[33 kV_Wind_F4_Export (MWh)]] -> 97.13 | DK13: =Input_Raw[[#This Row],[33 kV_Wind_F1_Import (MWh)]]+Input_Raw[[#This Row],[33 kV_Wind_F2_Import (MWh)]]+Input_Raw[[#This Row],[33 kV_Wind_F3_Import (MWh)2]]+Input_Raw[[#This Row],[33 kV_Wind_F4_Import (MWh)2]] -> 0 | DL13: =IFERROR(Input_Raw[[#This Row],[33 kV_Wind_Total_Export (MWh)]]/Input_Raw[[#This Row],[WTG Total Gneration (MWh)]]-1,"") -> 0 | DN13: 42 | DO13: 0 | DP13: 89.31 | DR13: 70.4
A14: =A13+1 -> 45754 | B14: =YEAR(Input_Raw[[#This Row],[Date]])+IF(MONTH(Input_Raw[[#This Row],[Date]])>=4,1,0) -> 2026 | C14: =YEAR(Input_Raw[[#This Row],[Date]]) -> 2025 | D14: =A14-DAY(A14)+1 -> 45748 | E14: =DAY(EOMONTH(Input_Raw[[#This Row],[Date]],0)) -> 30 | F14: 4816 | G14: 6158 | H14: 6360 | I14: 4018 | J14: 2620 | K14: 2224 | L14: 3702 | M14: 1354 | N14: 864 | O14: 940 | P14: 1064 | Q14: 1380 | R14: 1418 | S14: 1652 | T14: 1514 | U14: 1754 | V14: 1870 | W14: 4848 | X14: 2142 | Y14: 1905 | Z14: 3932 | AA14: 4732 | AB14: 2128 | AC14: 2264 | AD14: 2656 | AE14: 2448 | AF14: 6486 | AG14: 2492 | AH14: 3980 | AI14: 3524 | AJ14: 1970 | AK14: 604 | AL14: 2424 | AM14: 3584 | AN14: 2560 | AO14: 4672 | AP14: 3496 | AQ14: 3156 | AR14: 3300 | AS14: 2890 | AT14: 4412 | AU14: 4524 | AV14: 4924 | AW14: 3876 | AX14: 4.79 | AY14: 5.37 | AZ14: 5.5 | BA14: 4.86 | BB14: 4.04 | BC14: 4.26 | BD14: 4.86 | BE14: 3.65 | BF14: 3.57 | BG14: 3.76 | BH14: 3.51 | BI14: 3.8 | BJ14: 3.77 | BK14: 3.82 | BL14: 3.92 | BM14: 3.88 | BN14: 4 | BO14: 5.07 | BP14: 4.1 | BQ14: 3.75 | BR14: 4.99 | BS14: 5.12 | BT14: 3.84 | BU14: 4.43 | BV14: 4.38 | BW14: 4.32 | BX14: 5.13 | BY14: 4.03 | BZ14: 4.83 | CA14: 4.52 | CB14: 3.62 | CC14: 3.43 | CD14: 4.5 | CE14: 4.43 | CF14: 4.07 | CG14: 5.13 | CH14: 4.88 | CI14: 4.17 | CJ14: 4.58 | CK14: 3.96 | CL14: 4.6 | CM14: 4.9 | CN14: 5.19 | CO14: 4.99 | CP14: =SUM(Input_Raw[[#This Row],[P-01]:[P-56]])/1000 -> 133.637 | CQ14: =IFERROR(AVERAGEIF(Input_Raw[[#This Row],[WS_P-01]:[WS_P-56]],"<>",Input_Raw[[#This Row],[WS_P-01]:[WS_P-56]]),"") -> 4.3709091 | CR14: =MAX(Input_Raw[[#This Row],[WS_P-01]:[WS_P-56]]) -> 5.5 | CT14: =SUM(Input_Raw[[#This Row],[P-08]:[P-13]],Input_Raw[[#This Row],[P-25]:[P-28]]) -> 16516 | CV14: =SUM(Input_Raw[[#This Row],[P-04]],Input_Raw[[#This Row],[P-14]:[P-17]],Input_Raw[[#This Row],[P-19]:[P-20]],Input_Raw[[#This Row],[P-22]:[P-23]],Input_Raw[[#This Row],[P-34]],Input_Raw[[#This Row],[P-38]],Input_Raw[[#This Row],[P-43]]) -> 32029 | CX14: =SUM(Input_Raw[[#This Row],[P-05]:[P-06]],Input_Raw[[#This Row],[P-40]:[P-42]],Input_Raw[[#This Row],[P-45]],Input_Raw[[#This Row],[P-46]],Input_Raw[[#This Row],[P-47]:[P-48]]) -> 26080 | CZ14: =SUM(Input_Raw[[#This Row],[P-01]:[P-03]],Input_Raw[[#This Row],[P-07]],Input_Raw[[#This Row],[P-18]],Input_Raw[[#This Row],[P-31]:[P-32]],Input_Raw[[#This Row],[P-37]],Input_Raw[[#This Row],[P-50]:[P-56]]) -> 59012 | DB14: =Input_Raw[[#This Row],[33 kV_Wind_F1_Export reading]]/1000 -> 16.516 | DD14: =Input_Raw[[#This Row],[33 kV_Wind_F2_Export_reading]]/1000 -> 32.029 | DF14: =Input_Raw[[#This Row],[33 kV_Wind_F3_Export_Reading]]/1000 -> 26.08 | DH14: =Input_Raw[[#This Row],[33 kV_Wind_F4_Export Reading]]/1000 -> 59.012 | DJ14: =Input_Raw[[#This Row],[33 kV_F1_Total_Export (MWh)]]+Input_Raw[[#This Row],[33 kV_F2_Total_Export (MWh)2]]+Input_Raw[[#This Row],[33 kV_Wind_F3_Export (MWh)]]+Input_Raw[[#This Row],[33 kV_Wind_F4_Export (MWh)]] -> 133.637 | DK14: =Input_Raw[[#This Row],[33 kV_Wind_F1_Import (MWh)]]+Input_Raw[[#This Row],[33 kV_Wind_F2_Import (MWh)]]+Input_Raw[[#This Row],[33 kV_Wind_F3_Import (MWh)2]]+Input_Raw[[#This Row],[33 kV_Wind_F4_Import (MWh)2]] -> 0 | DL14: =IFERROR(Input_Raw[[#This Row],[33 kV_Wind_Total_Export (MWh)]]/Input_Raw[[#This Row],[WTG Total Gneration (MWh)]]-1,"") -> 0 | DN14: 88 | DO14: 753.5 | DP14: 120.74 | DR14: 70.4
A15: =A14+1 -> 45755 | B15: =YEAR(Input_Raw[[#This Row],[Date]])+IF(MONTH(Input_Raw[[#This Row],[Date]])>=4,1,0) -> 2026 | C15: =YEAR(Input_Raw[[#This Row],[Date]]) -> 2025 | D15: =A15-DAY(A15)+1 -> 45748 | E15: =DAY(EOMONTH(Input_Raw[[#This Row],[Date]],0)) -> 30 | F15: 3588 | G15: 1666 | H15: 2912 | I15: 2518 | J15: 2796 | K15: 2304 | L15: 3262 | M15: 1310 | N15: 772 | O15: 796 | P15: 884 | Q15: 1082 | R15: 1258 | S15: 1118 | T15: 1130 | U15: 1160 | V15: 1552 | W15: 3528 | X15: 1812 | Y15: 1467 | Z15: 2608 | AA15: 2816 | AB15: 1656 | AC15: 1684 | AD15: 2024 | AE15: 1904 | AF15: 2276 | AG15: 1236 | AH15: 2236 | AI15: 2142 | AJ15: 1766 | AK15: 1798 | AL15: 2904 | AM15: 3448 | AN15: 1660 | AO15: 3304 | AP15: 3252 | AQ15: 1624 | AR15: 3272 | AS15: 1198 | AT15: 1706 | AU15: 2192 | AV15: 3764 | AW15: 3380 | AX15: 4.41 | AY15: 4.43 | AZ15: 4.37 | BA15: 4.17 | BB15: 4.12 | BC15: 4.38 | BD15: 4.57 | BE15: 3.88 | BF15: 3.53 | BG15: 3.84 | BH15: 3.64 | BI15: 3.84 | BJ15: 3.87 | BK15: 3.71 | BL15: 3.73 | BM15: 3.64 | BN15: 4 | BO15: 4.45 | BP15: 4.14 | BQ15: 3.7 | BR15: 4.47 | BS15: 4.4 | BT15: 3.93 | BU15: 4.41 | BV15: 4.5 | BW15: 4.48 | BX15: 3.79 | BY15: 3.21 | BZ15: 4.16 | CA15: 3.87 | CB15: 3.66 | CC15: 3.86 | CD15: 4.64 | CE15: 4.52 | CF15: 3.76 | CG15: 4.86 | CH15: 4.86 | CI15: 4.33 | CJ15: 4.69 | CK15: 3.08 | CL15: 3.49 | CM15: 4.05 | CN15: 4.75 | CO15: 4.69 | CP15: =SUM(Input_Raw[[#This Row],[P-01]:[P-56]])/1000 -> 92.765 | CQ15: =IFERROR(AVERAGEIF(Input_Raw[[#This Row],[WS_P-01]:[WS_P-56]],"<>",Input_Raw[[#This Row],[WS_P-01]:[WS_P-56]]),"") -> 4.1109091 | CR15: =MAX(Input_Raw[[#This Row],[WS_P-01]:[WS_P-56]]) -> 4.86 | CT15: =SUM(Input_Raw[[#This Row],[P-08]:[P-13]],Input_Raw[[#This Row],[P-25]:[P-28]]) -> 13370 | CV15: =SUM(Input_Raw[[#This Row],[P-04]],Input_Raw[[#This Row],[P-14]:[P-17]],Input_Raw[[#This Row],[P-19]:[P-20]],Input_Raw[[#This Row],[P-22]:[P-23]],Input_Raw[[#This Row],[P-34]],Input_Raw[[#This Row],[P-38]],Input_Raw[[#This Row],[P-43]]) -> 21843 | CX15: =SUM(Input_Raw[[#This Row],[P-05]:[P-06]],Input_Raw[[#This Row],[P-40]:[P-42]],Input_Raw[[#This Row],[P-45]],Input_Raw[[#This Row],[P-46]],Input_Raw[[#This Row],[P-47]:[P-48]]) -> 24702 | CZ15: =SUM(Input_Raw[[#This Row],[P-01]:[P-03]],Input_Raw[[#This Row],[P-07]],Input_Raw[[#This Row],[P-18]],Input_Raw[[#This Row],[P-31]:[P-32]],Input_Raw[[#This Row],[P-37]],Input_Raw[[#This Row],[P-50]:[P-56]]) -> 32850 | DB15: =Input_Raw[[#This Row],[33 kV_Wind_F1_Export reading]]/1000 -> 13.37 | DD15: =Input_Raw[[#This Row],[33 kV_Wind_F2_Export_reading]]/1000 -> 21.843 | DF15: =Input_Raw[[#This Row],[33 kV_Wind_F3_Export_Reading]]/1000 -> 24.702 | DH15: =Input_Raw[[#This Row],[33 kV_Wind_F4_Export Reading]]/1000 -> 32.85 | DJ15: =Input_Raw[[#This Row],[33 kV_F1_Total_Export (MWh)]]+Input_Raw[[#This Row],[33 kV_F2_Total_Export (MWh)2]]+Input_Raw[[#This Row],[33 kV_Wind_F3_Export (MWh)]]+Input_Raw[[#This Row],[33 kV_Wind_F4_Export (MWh)]] -> 92.765 | DK15: =Input_Raw[[#This Row],[33 kV_Wind_F1_Import (MWh)]]+Input_Raw[[#This Row],[33 kV_Wind_F2_Import (MWh)]]+Input_Raw[[#This Row],[33 kV_Wind_F3_Import (MWh)2]]+Input_Raw[[#This Row],[33 kV_Wind_F4_Import (MWh)2]] -> 0 | DL15: =IFERROR(Input_Raw[[#This Row],[33 kV_Wind_Total_Export (MWh)]]/Input_Raw[[#This Row],[WTG Total Gneration (MWh)]]-1,"") -> 2.220446e-16 | DN15: 57 | DO15: 0 | DP15: 98.25 | DR15: 70.4
A16: =A15+1 -> 45756 | B16: =YEAR(Input_Raw[[#This Row],[Date]])+IF(MONTH(Input_Raw[[#This Row],[Date]])>=4,1,0) -> 2026 | C16: =YEAR(Input_Raw[[#This Row],[Date]]) -> 2025 | D16: =A16-DAY(A16)+1 -> 45748 | E16: =DAY(EOMONTH(Input_Raw[[#This Row],[Date]],0)) -> 30 | F16: 5684 | G16: 5040 | H16: 3864 | I16: 4080 | J16: 3472 | K16: 3760 | L16: 5310 | M16: 2120 | N16: 1412 | O16: 1598 | P16: 1914 | Q16: 2114 | R16: 2158 | S16: 2354 | T16: 2188 | U16: 2644 | V16: 2842 | W16: 3504 | X16: 2940 | Y16: 2546 | Z16: 3968 | AA16: 3264 | AB16: 2184 | AC16: 2680 | AD16: 2864 | AE16: 2632 | AF16: 3202 | AG16: 1676 | AH16: 4084 | AI16: 2292 | AJ16: 2702 | AK16: 2586 | AL16: 3384 | AM16: 3928 | AN16: 2786 | AO16: 4772 | AP16: 4544 | AQ16: 3144 | AR16: 3176 | AS16: 2280 | AT16: 2364 | AU16: 2540 | AV16: 5452 | AW16: 5684 | AX16: 4.83 | AY16: 4.93 | AZ16: 4.44 | BA16: 4.78 | BB16: 4.13 | BC16: 4.67 | BD16: 5.02 | BE16: 3.85 | BF16: 3.49 | BG16: 3.89 | BH16: 3.75 | BI16: 3.96 | BJ16: 3.95 | BK16: 3.9 | BL16: 3.96 | BM16: 4.05 | BN16: 4.19 | BO16: 4.51 | BP16: 4.25 | BQ16: 3.91 | BR16: 4.9 | BS16: 4.36 | BT16: 3.73 | BU16: 4.49 | BV16: 4.42 | BW16: 4.31 | BX16: 3.9 | BY16: 3.33 | BZ16: 4.81 | CA16: 3.77 | CB16: 3.73 | CC16: 3.98 | CD16: 4.65 | CE16: 4.52 | CF16: 4.08 | CG16: 5.16 | CH16: 5.21 | CI16: 4.22 | CJ16: 5.39 | CK16: 3.6 | CL16: 3.69 | CM16: 3.96 | CN16: 5.09 | CO16: 5.26 | CP16: =SUM(Input_Raw[[#This Row],[P-01]:[P-56]])/1000 -> 139.732 | CQ16: =IFERROR(AVERAGEIF(Input_Raw[[#This Row],[WS_P-01]:[WS_P-56]],"<>",Input_Raw[[#This Row],[WS_P-01]:[WS_P-56]]),"") -> 4.2959091 | CR16: =MAX(Input_Raw[[#This Row],[WS_P-01]:[WS_P-56]]) -> 5.39 | CT16: =SUM(Input_Raw[[#This Row],[P-08]:[P-13]],Input_Raw[[#This Row],[P-25]:[P-28]]) -> 21676 | CV16: =SUM(Input_Raw[[#This Row],[P-04]],Input_Raw[[#This Row],[P-14]:[P-17]],Input_Raw[[#This Row],[P-19]:[P-20]],Input_Raw[[#This Row],[P-22]:[P-23]],Input_Raw[[#This Row],[P-34]],Input_Raw[[#This Row],[P-38]],Input_Raw[[#This Row],[P-43]]) -> 36398 | CX16: =SUM(Input_Raw[[#This Row],[P-05]:[P-06]],Input_Raw[[#This Row],[P-40]:[P-42]],Input_Raw[[#This Row],[P-45]],Input_Raw[[#This Row],[P-46]],Input_Raw[[#This Row],[P-47]:[P-48]]) -> 32766 | CZ16: =SUM(Input_Raw[[#This Row],[P-01]:[P-03]],Input_Raw[[#This Row],[P-07]],Input_Raw[[#This Row],[P-18]],Input_Raw[[#This Row],[P-31]:[P-32]],Input_Raw[[#This Row],[P-37]],Input_Raw[[#This Row],[P-50]:[P-56]]) -> 48892 | DB16: =Input_Raw[[#This Row],[33 kV_Wind_F1_Export reading]]/1000 -> 21.676 | DD16: =Input_Raw[[#This Row],[33 kV_Wind_F2_Export_reading]]/1000 -> 36.398 | DF16: =Input_Raw[[#This Row],[33 kV_Wind_F3_Export_Reading]]/1000 -> 32.766 | DH16: =Input_Raw[[#This Row],[33 kV_Wind_F4_Export Reading]]/1000 -> 48.892 | DJ16: =Input_Raw[[#This Row],[33 kV_F1_Total_Export (MWh)]]+Input_Raw[[#This Row],[33 kV_F2_Total_Export (MWh)2]]+Input_Raw[[#This Row],[33 kV_Wind_F3_Export (MWh)]]+Input_Raw[[#This Row],[33 kV_Wind_F4_Export (MWh)]] -> 139.732 | DK16: =Input_Raw[[#This Row],[33 kV_Wind_F1_Import (MWh)]]+Input_Raw[[#This Row],[33 kV_Wind_F2_Import (MWh)]]+Input_Raw[[#This Row],[33 kV_Wind_F3_Import (MWh)2]]+Input_Raw[[#This Row],[33 kV_Wind_F4_Import (MWh)2]] -> 0 | DL16: =IFERROR(Input_Raw[[#This Row],[33 kV_Wind_Total_Export (MWh)]]/Input_Raw[[#This Row],[WTG Total Gneration (MWh)]]-1,"") -> 0 | DN16: 57 | DO16: 786.88 | DP16: 137.01 | DR16: 70.4
A17: =A16+1 -> 45757 | B17: =YEAR(Input_Raw[[#This Row],[Date]])+IF(MONTH(Input_Raw[[#This Row],[Date]])>=4,1,0) -> 2026 | C17: =YEAR(Input_Raw[[#This Row],[Date]]) -> 2025 | D17: =A17-DAY(A17)+1 -> 45748 | E17: =DAY(EOMONTH(Input_Raw[[#This Row],[Date]],0)) -> 30 | F17: 10424 | G17: 12190 | H17: 6296 | I17: 7670 | J17: 7064 | K17: 7756 | L17: 11548 | M17: 3632 | N17: 2030 | O17: 2106 | P17: 2814 | Q17: 3628 | R17: 4604 | S17: 4408 | T17: 4292 | U17: 4496 | V17: 4924 | W17: 9236 | X17: 5034 | Y17: 4201 | Z17: 6720 | AA17: 5204 | AB17: 3724 | AC17: 4296 | AD17: 4368 | AE17: 4048 | AF17: 4240 | AG17: 3476 | AH17: 7492 | AI17: 4094 | AJ17: 4744 | AK17: 4258 | AL17: 6916 | AM17: 8448 | AN17: 3622 | AO17: 9128 | AP17: 9048 | AQ17: 6536 | AR17: 8824 | AS17: 4904 | AT17: 2812 | AU17: 3112 | AV17: 10932 | AW17: 12068 | AX17: 6.35 | AY17: 6.56 | AZ17: 5.27 | BA17: 5.94 | BB17: 5.41 | BC17: 6.01 | BD17: 6.63 | BE17: 4.67 | BF17: 4.11 | BG17: 4.51 | BH17: 4.41 | BI17: 4.8 | BJ17: 5.12 | BK17: 5.06 | BL17: 5.16 | BM17: 5.16 | BN17: 5.07 | BO17: 5.98 | BP17: 5.27 | BQ17: 4.78 | BR17: 5.77 | BS17: 5.06 | BT17: 4.41 | BU17: 5.11 | BV17: 5.05 | BW17: 4.95 | BX17: 4.4 | BY17: 4.63 | BZ17: 5.88 | CA17: 4.84 | CB17: 4.72 | CC17: 5.02 | CD17: 5.88 | CE17: 5.85 | CF17: 4.42 | CG17: 6.56 | CH17: 6.41 | CI17: 5.24 | CJ17: 6.21 | CK17: 5.1 | CL17: 5.67 | CM17: 5.9 | CN17: 6.79 | CO17: 6.9 | CP17: =SUM(Input_Raw[[#This Row],[P-01]:[P-56]])/1000 -> 261.367 | CQ17: =IFERROR(AVERAGEIF(Input_Raw[[#This Row],[WS_P-01]:[WS_P-56]],"<>",Input_Raw[[#This Row],[WS_P-01]:[WS_P-56]]),"") -> 5.3872727 | CR17: =MAX(Input_Raw[[#This Row],[WS_P-01]:[WS_P-56]]) -> 6.9 | CT17: =SUM(Input_Raw[[#This Row],[P-08]:[P-13]],Input_Raw[[#This Row],[P-25]:[P-28]]) -> 35250 | CV17: =SUM(Input_Raw[[#This Row],[P-04]],Input_Raw[[#This Row],[P-14]:[P-17]],Input_Raw[[#This Row],[P-19]:[P-20]],Input_Raw[[#This Row],[P-22]:[P-23]],Input_Raw[[#This Row],[P-34]],Input_Raw[[#This Row],[P-38]],Input_Raw[[#This Row],[P-43]]) -> 62807 | CX17: =SUM(Input_Raw[[#This Row],[P-05]:[P-06]],Input_Raw[[#This Row],[P-40]:[P-42]],Input_Raw[[#This Row],[P-45]],Input_Raw[[#This Row],[P-46]],Input_Raw[[#This Row],[P-47]:[P-48]]) -> 67978 | CZ17: =SUM(Input_Raw[[#This Row],[P-01]:[P-03]],Input_Raw[[#This Row],[P-07]],Input_Raw[[#This Row],[P-18]],Input_Raw[[#This Row],[P-31]:[P-32]],Input_Raw[[#This Row],[P-37]],Input_Raw[[#This Row],[P-50]:[P-56]]) -> 95332 | DB17: =Input_Raw[[#This Row],[33 kV_Wind_F1_Export reading]]/1000 -> 35.25 | DD17: =Input_Raw[[#This Row],[33 kV_Wind_F2_Export_reading]]/1000 -> 62.807 | DF17: =Input_Raw[[#This Row],[33 kV_Wind_F3_Export_Reading]]/1000 -> 67.978 | DH17: =Input_Raw[[#This Row],[33 kV_Wind_F4_Export Reading]]/1000 -> 95.332 | DJ17: =Input_Raw[[#This Row],[33 kV_F1_Total_Export (MWh)]]+Input_Raw[[#This Row],[33 kV_F2_Total_Export (MWh)2]]+Input_Raw[[#This Row],[33 kV_Wind_F3_Export (MWh)]]+Input_Raw[[#This Row],[33 kV_Wind_F4_Export (MWh)]] -> 261.367 | DK17: =Input_Raw[[#This Row],[33 kV_Wind_F1_Import (MWh)]]+Input_Raw[[#This Row],[33 kV_Wind_F2_Import (MWh)]]+Input_Raw[[#This Row],[33 kV_Wind_F3_Import (MWh)2]]+Input_Raw[[#This Row],[33 kV_Wind_F4_Import (MWh)2]] -> 0 | DL17: =IFERROR(Input_Raw[[#This Row],[33 kV_Wind_Total_Export (MWh)]]/Input_Raw[[#This Row],[WTG Total Gneration (MWh)]]-1,"") -> -2.220446e-16 | DN17: 96 | DO17: 559 | DP17: 246.08 | DR17: 70.4
... A131: =A130+1 -> 45871 | B131: =YEAR(Input_Raw[[#This Row],[Date]])+IF(MONTH(Input_Raw[[#This Row],[Date]])>=4,1,0) -> 2026 | C131: =YEAR(Input_Raw[[#This Row],[Date]]) -> 2025 | D131: =A131-DAY(A131)+1 -> 45870 | E131: =DAY(EOMONTH(Input_Raw[[#This Row],[Date]],0)) -> 31 | F131: 14980 | G131: 10700 | H131: 10916 | I131: 11802 | J131: 14880 | K131: 11216 | L131: 9812 | M131: 7680 | N131: 5788 | O131: 7956 | P131: 9490 | Q131: 9772 | R131: 8376 | S131: 8392 | T131: 7934 | U131: 8676 | V131: 9616 | W131: 10684 | X131: 7940 | Y131: 6323 | Z131: 11308 | AA131: 11092 | AB131: 9168 | AC131: 10188 | AD131: 10252 | AE131: 8248 | AF131: 9092 | AG131: 8176 | AH131: 11860 | AI131: 10116 | AJ131: 9200 | AK131: 6744 | AL131: 14724 | AM131: 12796 | AN131: 6276 | AO131: 15940 | AP131: 16032 | AQ131: 14060 | AR131: 14968 | AS131: 10780 | AT131: 12738 | AU131: 12336 | AV131: 15760 | AW131: 11988 | AX131: 7.11 | AY131: 6.32 | AZ131: 6.58 | BA131: 6.99 | BB131: 7.26 | BC131: 7.06 | BD131: 5.61 | BE131: 5.88 | BF131: 5.64 | BG131: 6.51 | BH131: 6.09 | BI131: 6.7 | BJ131: 5.03 | BK131: 6.32 | BL131: 6.28 | BM131: 6.55 | BN131: 6.36 | BO131: 6.52 | BP131: 6.01 | BQ131: 5.48 | BR131: 6.81 | BS131: 6.39 | BT131: 6.01 | BU131: 6.7 | BV131: 5.88 | BW131: 6.22 | BX131: 5.92 | BY131: 5.97 | BZ131: 6.91 | CA131: 6.39 | CB131: 6.21 | CC131: 5.93 | CD131: 7.86 | CE131: 6.76 | CF131: 5.17 | CG131: 7.92 | CH131: 7.75 | CI131: 7.11 | CJ131: 7.44 | CK131: 6.51 | CL131: 7.04 | CM131: 6.88 | CN131: 7.78 | CO131: 6.89 | CP131: =SUM(Input_Raw[[#This Row],[P-01]:[P-56]])/1000 -> 466.775 | CQ131: =IFERROR(AVERAGEIF(Input_Raw[[#This Row],[WS_P-01]:[WS_P-56]],"<>",Input_Raw[[#This Row],[WS_P-01]:[WS_P-56]]),"") -> 6.5170455 | CR131: =MAX(Input_Raw[[#This Row],[WS_P-01]:[WS_P-56]]) -> 7.92 | CT131: =SUM(Input_Raw[[#This Row],[P-08]:[P-13]],Input_Raw[[#This Row],[P-25]:[P-28]]) -> 86918 | CV131: =SUM(Input_Raw[[#This Row],[P-04]],Input_Raw[[#This Row],[P-14]:[P-17]],Input_Raw[[#This Row],[P-19]:[P-20]],Input_Raw[[#This Row],[P-22]:[P-23]],Input_Raw[[#This Row],[P-34]],Input_Raw[[#This Row],[P-38]],Input_Raw[[#This Row],[P-43]]) -> 110419 | CX131: =SUM(Input_Raw[[#This Row],[P-05]:[P-06]],Input_Raw[[#This Row],[P-40]:[P-42]],Input_Raw[[#This Row],[P-45]],Input_Raw[[#This Row],[P-46]],Input_Raw[[#This Row],[P-47]:[P-48]]) -> 121360 | CZ131: =SUM(Input_Raw[[#This Row],[P-01]:[P-03]],Input_Raw[[#This Row],[P-07]],Input_Raw[[#This Row],[P-18]],Input_Raw[[#This Row],[P-31]:[P-32]],Input_Raw[[#This Row],[P-37]],Input_Raw[[#This Row],[P-50]:[P-56]]) -> 148078 | DB131: =Input_Raw[[#This Row],[33 kV_Wind_F1_Export reading]]/1000 -> 86.918 | DD131: =Input_Raw[[#This Row],[33 kV_Wind_F2_Export_reading]]/1000 -> 110.419 | DF131: =Input_Raw[[#This Row],[33 kV_Wind_F3_Export_Reading]]/1000 -> 121.36 | DH131: =Input_Raw[[#This Row],[33 kV_Wind_F4_Export Reading]]/1000 -> 148.078 | DJ131: =Input_Raw[[#This Row],[33 kV_F1_Total_Export (MWh)]]+Input_Raw[[#This Row],[33 kV_F2_Total_Export (MWh)2]]+Input_Raw[[#This Row],[33 kV_Wind_F3_Export (MWh)]]+Input_Raw[[#This Row],[33 kV_Wind_F4_Export (MWh)]] -> 466.775 | DK131: =Input_Raw[[#This Row],[33 kV_Wind_F1_Import (MWh)]]+Input_Raw[[#This Row],[33 kV_Wind_F2_Import (MWh)]]+Input_Raw[[#This Row],[33 kV_Wind_F3_Import (MWh)2]]+Input_Raw[[#This Row],[33 kV_Wind_F4_Import (MWh)2]] -> 0 | DL131: =IFERROR(Input_Raw[[#This Row],[33 kV_Wind_Total_Export (MWh)]]/Input_Raw[[#This Row],[WTG Total Gneration (MWh)]]-1,"") -> 0 | DN131: 87 | DO131: 10483 | DP131: 416.51 | DR131: 70.4

Sheet Sheet1

Sheet WTG_BD
A1: Sr. No. | B1: Financial Year | C1: Calendar Year | D1: Operating Year | E1: Month | F1: Date | G1: Affected WTG | H1: SPV | I1: Consumer | J1: Plant Equivalent Weightage | K1: Error Code | L1: Error Text | M1: Breakdown Description | N1: Stoppage Type | O1: Fault Start TimeStamp | P1: Work Start TimeStamp | Q1: Fault Clearance time | R1: Response Time | S1: Resolution Time | T1: Breakdown Time | U1: Action taken | V1: Status | W1: Plant Equivalent breakdown | X1: Fault Category | Y1: Paired WTG for Enegy based MA | Z1: Paired WTG Generation for loss calculation | AA1: Estimated Energy Loss (kWh) | AB1: Special Remarks | AC1: PTW No. | AD1: Job Card No.
A2: 1 | B2: =YEAR(Table5[[#This Row],[Date]])+IF(MONTH(Table5[[#This Row],[Date]])>=4,1,0) -> 2025 | C2: =YEAR(Table5[[#This Row],[Date]]) -> 2025 | D2: Year_2 | E2: =Table5[[#This Row],[Date]]-DAY(Table5[[#This Row],[Date]])+1 -> 45717 | F2: 45745 | G2: P-51 | H2: =IFERROR(_xlfn.XLOOKUP(Table5[[#This Row],[Affected WTG]],'Basic Data'!$A:$A,'Basic Data'!$B:$B),"") -> PWEPL | I2: =IFERROR(_xlfn.XLOOKUP(Table5[[#This Row],[Affected WTG]],'Basic Data'!$A:$A,'Basic Data'!$C:$C),"") -> MSEDCL | J2: =IFERROR(_xlfn.XLOOKUP(Table5[[#This Row],[Affected WTG]],'Basic Data'!$A:$A,'Basic Data'!$E:$E),"") -> 0.022727273 | K2: CE100010 | L2: =IFERROR(_xlfn.XLOOKUP(Table5[[#This Row],[Error Code]],'Basic Data'!$W:$W,'Basic Data'!$X:$X),"Incorrect Error Code") -> Manual Stop - Preventive Maintenance Activity | M2: 12th Annual Maintenance Activity | O2: 0.41111111 | P2: 0.41111111 | Q2: 0.73958333 | R2: =Q2-O2 -> 0.32847222 | S2: =(Table5[[#This Row],[Fault Clearance time]]-Table5[[#This Row],[Work Start TimeStamp]])*24 -> 7.8833333 | T2: =(Table5[[#This Row],[Fault Clearance time]]-Table5[[#This Row],[Fault Start TimeStamp]])*24 -> 7.8833333 | U2: 12th Annual Maintenance Activity completed | V2: Close | W2: =IFERROR(Table5[[#This Row],[Breakdown Time]]*Table5[[#This Row],[Plant Equivalent Weightage]],"") -> 0.17916667 | X2: WTG Scheduled Maintenance | Y2: P-52 | AA2: 750
A3: =A2+1 -> 2 | B3: =YEAR(Table5[[#This Row],[Date]])+IF(MONTH(Table5[[#This Row],[Date]])>=4,1,0) -> 2025 | C3: =YEAR(Table5[[#This Row],[Date]]) -> 2025 | D3: Year_2 | E3: =Table5[[#This Row],[Date]]-DAY(Table5[[#This Row],[Date]])+1 -> 45717 | F3: 45745 | G3: P-56 | H3: =IFERROR(_xlfn.XLOOKUP(Table5[[#This Row],[Affected WTG]],'Basic Data'!$A:$A,'Basic Data'!$B:$B),"") -> PWEPL | I3: =IFERROR(_xlfn.XLOOKUP(Table5[[#This Row],[Affected WTG]],'Basic Data'!$A:$A,'Basic Data'!$C:$C),"") -> MSEDCL | J3: =IFERROR(_xlfn.XLOOKUP(Table5[[#This Row],[Affected WTG]],'Basic Data'!$A:$A,'Basic Data'!$E:$E),"") -> 0.022727273 | K3: 86 | L3: =IFERROR(_xlfn.XLOOKUP(Table5[[#This Row],[Error Code]],'Basic Data'!$W:$W,'Basic Data'!$X:$X),"Incorrect Error Code") -> Braking pad of secondary brake worn out | M3: Secondary brake pads worn | O3: 0.69027778 | P3: 0.69027778 | Q3: 0.80069444 | R3: =Q3-O3 -> 0.11041667 | S3: =(Table5[[#This Row],[Fault Clearance time]]-Table5[[#This Row],[Work Start TimeStamp]])*24 -> 2.65 | T3: =(Table5[[#This Row],[Fault Clearance time]]-Table5[[#This Row],[Fault Start TimeStamp]])*24 -> 2.65 | U3: Hydraulic Brake Pad Replaced & wtg restored | V3: Close | W3: =IFERROR(Table5[[#This Row],[Breakdown Time]]*Table5[[#This Row],[Plant Equivalent Weightage]],"") -> 0.060227273 | X3: WTG Breakdown Maintenance | Y3: P-56 | AA3: 388
A4: =A3+1 -> 3 | B4: =YEAR(Table5[[#This Row],[Date]])+IF(MONTH(Table5[[#This Row],[Date]])>=4,1,0) -> 2025 | C4: =YEAR(Table5[[#This Row],[Date]]) -> 2025 | D4: Year_2 | E4: =Table5[[#This Row],[Date]]-DAY(Table5[[#This Row],[Date]])+1 -> 45717 | F4: 45747 | G4: P-52 | H4: =IFERROR(_xlfn.XLOOKUP(Table5[[#This Row],[Affected WTG]],'Basic Data'!$A:$A,'Basic Data'!$B:$B),"") -> PWEPL | I4: =IFERROR(_xlfn.XLOOKUP(Table5[[#This Row],[Affected WTG]],'Basic Data'!$A:$A,'Basic Data'!$C:$C),"") -> MSEDCL | J4: =IFERROR(_xlfn.XLOOKUP(Table5[[#This Row],[Affected WTG]],'Basic Data'!$A:$A,'Basic Data'!$E:$E),"") -> 0.022727273 | K4: CE100010 | L4: =IFERROR(_xlfn.XLOOKUP(Table5[[#This Row],[Error Code]],'Basic Data'!$W:$W,'Basic Data'!$X:$X),"Incorrect Error Code") -> Manual Stop - Preventive Maintenance Activity | M4: 12th Annual Maintenance Activity | O4: 0.40555556 | P4: 0.40555556 | Q4: 0.75486111 | R4: =Q4-O4 -> 0.34930556 | S4: =(Table5[[#This Row],[Fault Clearance time]]-Table5[[#This Row],[Work Start TimeStamp]])*24 -> 8.3833333 | T4: =(Table5[[#This Row],[Fault Clearance time]]-Table5[[#This Row],[Fault Start TimeStamp]])*24 -> 8.3833333 | U4: 12th Annual Maintenance Activity completed | V4: Close | W4: =IFERROR(Table5[[#This Row],[Breakdown Time]]*Table5[[#This Row],[Plant Equivalent Weightage]],"") -> 0.1905303 | X4: WTG Scheduled Maintenance | Y4: P-51 | AA4: 357
A5: =A4+1 -> 4 | B5: =YEAR(Table5[[#This Row],[Date]])+IF(MONTH(Table5[[#This Row],[Date]])>=4,1,0) -> 2026 | C5: =YEAR(Table5[[#This Row],[Date]]) -> 2025 | D5: Year_3 | E5: =Table5[[#This Row],[Date]]-DAY(Table5[[#This Row],[Date]])+1 -> 45748 | F5: 45748 | G5: P-09 | H5: =IFERROR(_xlfn.XLOOKUP(Table5[[#This Row],[Affected WTG]],'Basic Data'!$A:$A,'Basic Data'!$B:$B),"") -> PWEPL | I5: =IFERROR(_xlfn.XLOOKUP(Table5[[#This Row],[Affected WTG]],'Basic Data'!$A:$A,'Basic Data'!$C:$C),"") -> MSEDCL | J5: =IFERROR(_xlfn.XLOOKUP(Table5[[#This Row],[Affected WTG]],'Basic Data'!$A:$A,'Basic Data'!$E:$E),"") -> 0.022727273 | K5: 77 | L5: =IFERROR(_xlfn.XLOOKUP(Table5[[#This Row],[Error Code]],'Basic Data'!$W:$W,'Basic Data'!$X:$X),"Incorrect Error Code") -> Gearbox oil overtemperature | M5: Radiator Motor Failure | O5: 0.97569444 | P5: 0.97569444 | Q5: 0.99930556 | R5: =Q5-O5 -> 0.023611111 | S5: =(Table5[[#This Row],[Fault Clearance time]]-Table5[[#This Row],[Work Start TimeStamp]])*24 -> 0.56666667 | T5: =(Table5[[#This Row],[Fault Clearance time]]-Table5[[#This Row],[Fault Start TimeStamp]])*24 -> 0.56666667 | U5: Rediator Motor replaced | V5: Close | W5: =IFERROR(Table5[[#This Row],[Breakdown Time]]*Table5[[#This Row],[Plant Equivalent Weightage]],"") -> 0.012878788 | X5: WTG Breakdown Maintenance | Y5: P-8 | AA5: 397
A6: =A5+1 -> 5 | B6: =YEAR(Table5[[#This Row],[Date]])+IF(MONTH(Table5[[#This Row],[Date]])>=4,1,0) -> 2026 | C6: =YEAR(Table5[[#This Row],[Date]]) -> 2025 | D6: Year_3 | E6: =Table5[[#This Row],[Date]]-DAY(Table5[[#This Row],[Date]])+1 -> 45748 | F6: 45748 | G6: P-27 | H6: =IFERROR(_xlfn.XLOOKUP(Table5[[#This Row],[Affected WTG]],'Basic Data'!$A:$A,'Basic Data'!$B:$B),"") -> PWEPL | I6: =IFERROR(_xlfn.XLOOKUP(Table5[[#This Row],[Affected WTG]],'Basic Data'!$A:$A,'Basic Data'!$C:$C),"") -> MSEDCL | J6: =IFERROR(_xlfn.XLOOKUP(Table5[[#This Row],[Affected WTG]],'Basic Data'!$A:$A,'Basic Data'!$E:$E),"") -> 0.022727273 | K6: 269 | L6: =IFERROR(_xlfn.XLOOKUP(Table5[[#This Row],[Error Code]],'Basic Data'!$W:$W,'Basic Data'!$X:$X),"Incorrect Error Code") -> Reboot PLC | M6: Turbine Communication fault | O6: 0.84236111 | P6: 0.84236111 | Q6: 0.92569444 | R6: =Q6-O6 -> 0.083333333 | S6: =(Table5[[#This Row],[Fault Clearance time]]-Table5[[#This Row],[Work Start TimeStamp]])*24 -> 2 | T6: =(Table5[[#This Row],[Fault Clearance time]]-Table5[[#This Row],[Fault Start TimeStamp]])*24 -> 2 | U6: Hard Rebooted Turbine from down tower assembly | V6: Close | W6: =IFERROR(Table5[[#This Row],[Breakdown Time]]*Table5[[#This Row],[Plant Equivalent Weightage]],"") -> 0.045454545 | X6: WTG Breakdown Maintenance | Y6: P-28 | AA6: 3065
A7: =A6+1 -> 6 | B7: =YEAR(Table5[[#This Row],[Date]])+IF(MONTH(Table5[[#This Row],[Date]])>=4,1,0) -> 2026 | C7: =YEAR(Table5[[#This Row],[Date]]) -> 2025 | D7: Year_3 | E7: =Table5[[#This Row],[Date]]-DAY(Table5[[#This Row],[Date]])+1 -> 45748 | F7: 45748 | G7: P-32 | H7: =IFERROR(_xlfn.XLOOKUP(Table5[[#This Row],[Affected WTG]],'Basic Data'!$A:$A,'Basic Data'!$B:$B),"") -> PWEPL | I7: =IFERROR(_xlfn.XLOOKUP(Table5[[#This Row],[Affected WTG]],'Basic Data'!$A:$A,'Basic Data'!$C:$C),"") -> MSEDCL | J7: =IFERROR(_xlfn.XLOOKUP(Table5[[#This Row],[Affected WTG]],'Basic Data'!$A:$A,'Basic Data'!$E:$E),"") -> 0.022727273 | K7: CE100010 | L7: =IFERROR(_xlfn.XLOOKUP(Table5[[#This Row],[Error Code]],'Basic Data'!$W:$W,'Basic Data'!$X:$X),"Incorrect Error Code") -> Manual Stop - Preventive Maintenance Activity | M7: DTA Maintenance | O7: 0.65486111 | P7: 0.65486111 | Q7: 0.69305556 | R7: =Q7-O7 -> 0.038194444 | S7: =(Table5[[#This Row],[Fault Clearance time]]-Table5[[#This Row],[Work Start TimeStamp]])*24 -> 0.91666667 | T7: =(Table5[[#This Row],[Fault Clearance time]]-Table5[[#This Row],[Fault Start TimeStamp]])*24 -> 0.91666667 | U7: DTA Maintenance activity completed | V7: Close | W7: =IFERROR(Table5[[#This Row],[Breakdown Time]]*Table5[[#This Row],[Plant Equivalent Weightage]],"") -> 0.020833333 | X7: WTG Scheduled Maintenance | Y7: P-37 | AA7: 66
A8: =A7+1 -> 7 | B8: =YEAR(Table5[[#This Row],[Date]])+IF(MONTH(Table5[[#This Row],[Date]])>=4,1,0) -> 2026 | C8: =YEAR(Table5[[#This Row],[Date]]) -> 2025 | D8: Year_3 | E8: =Table5[[#This Row],[Date]]-DAY(Table5[[#This Row],[Date]])+1 -> 45748 | F8: 45748 | G8: P-37 | H8: =IFERROR(_xlfn.XLOOKUP(Table5[[#This Row],[Affected WTG]],'Basic Data'!$A:$A,'Basic Data'!$B:$B),"") -> PWEPL | I8: =IFERROR(_xlfn.XLOOKUP(Table5[[#This Row],[Affected WTG]],'Basic Data'!$A:$A,'Basic Data'!$C:$C),"") -> MSEDCL | J8: =IFERROR(_xlfn.XLOOKUP(Table5[[#This Row],[Affected WTG]],'Basic Data'!$A:$A,'Basic Data'!$E:$E),"") -> 0.022727273 | K8: CE100010 | L8: =IFERROR(_xlfn.XLOOKUP(Table5[[#This Row],[Error Code]],'Basic Data'!$W:$W,'Basic Data'!$X:$X),"Incorrect Error Code") -> Manual Stop - Preventive Maintenance Activity | M8: DTA Maintenance | O8: 0.60416667 | P8: 0.60416667 | Q8: 0.64791667 | R8: =Q8-O8 -> 0.04375 | S8: =(Table5[[#This Row],[Fault Clearance time]]-Table5[[#This Row],[Work Start TimeStamp]])*24 -> 1.05 | T8: =(Table5[[#This Row],[Fault Clearance time]]-Table5[[#This Row],[Fault Start TimeStamp]])*24 -> 1.05 | U8: DTA Maintenance activity completed | V8: Close | W8: =IFERROR(Table5[[#This Row],[Breakdown Time]]*Table5[[#This Row],[Plant Equivalent Weightage]],"") -> 0.023863636 | X8: WTG Scheduled Maintenance | Y8: P-32 | AA8: 54
A9: =A8+1 -> 8 | B9: =YEAR(Table5[[#This Row],[Date]])+IF(MONTH(Table5[[#This Row],[Date]])>=4,1,0) -> 2026 | C9: =YEAR(Table5[[#This Row],[Date]]) -> 2025 | D9: Year_3 | E9: =Table5[[#This Row],[Date]]-DAY(Table5[[#This Row],[Date]])+1 -> 45748 | F9: 45748 | G9: P-51 | H9: =IFERROR(_xlfn.XLOOKUP(Table5[[#This Row],[Affected WTG]],'Basic Data'!$A:$A,'Basic Data'!$B:$B),"") -> PWEPL | I9: =IFERROR(_xlfn.XLOOKUP(Table5[[#This Row],[Affected WTG]],'Basic Data'!$A:$A,'Basic Data'!$C:$C),"") -> MSEDCL | J9: =IFERROR(_xlfn.XLOOKUP(Table5[[#This Row],[Affected WTG]],'Basic Data'!$A:$A,'Basic Data'!$E:$E),"") -> 0.022727273 | K9: CE100010 | L9: =IFERROR(_xlfn.XLOOKUP(Table5[[#This Row],[Error Code]],'Basic Data'!$W:$W,'Basic Data'!$X:$X),"Incorrect Error Code") -> Manual Stop - Preventive Maintenance Activity | M9: DTA Maintenance | O9: 0.58333333 | P9: 0.58333333 | Q9: 0.62222222 | R9: =Q9-O9 -> 0.038888889 | S9: =(Table5[[#This Row],[Fault Clearance time]]-Table5[[#This Row],[Work Start TimeStamp]])*24 -> 0.93333333 | T9: =(Table5[[#This Row],[Fault Clearance time]]-Table5[[#This Row],[Fault Start TimeStamp]])*24 -> 0.93333333 | U9: DTA Maintenance activity completed | V9: Close | W9: =IFERROR(Table5[[#This Row],[Breakdown Time]]*Table5[[#This Row],[Plant Equivalent Weightage]],"") -> 0.021212121 | X9: WTG Scheduled Maintenance | Y9: P-52 | AA9: 0
A10: =A9+1 -> 9 | B10: =YEAR(Table5[[#This Row],[Date]])+IF(MONTH(Table5[[#This Row],[Date]])>=4,1,0) -> 2026 | C10: =YEAR(Table5[[#This Row],[Date]]) -> 2025 | D10: Year_3 | E10: =Table5[[#This Row],[Date]]-DAY(Table5[[#This Row],[Date]])+1 -> 45748 | F10: 45748 | G10: P-52 | H10: =IFERROR(_xlfn.XLOOKUP(Table5[[#This Row],[Affected WTG]],'Basic Data'!$A:$A,'Basic Data'!$B:$B),"") -> PWEPL | I10: =IFERROR(_xlfn.XLOOKUP(Table5[[#This Row],[Affected WTG]],'Basic Data'!$A:$A,'Basic Data'!$C:$C),"") -> MSEDCL | J10: =IFERROR(_xlfn.XLOOKUP(Table5[[#This Row],[Affected WTG]],'Basic Data'!$A:$A,'Basic Data'!$E:$E),"") -> 0.022727273 | K10: CE100010 | L10: =IFERROR(_xlfn.XLOOKUP(Table5[[#This Row],[Error Code]],'Basic Data'!$W:$W,'Basic Data'!$X:$X),"Incorrect Error Code") -> Manual Stop - Preventive Maintenance Activity | M10: DTA Maintenance | O10: 0.54166667 | P10: 0.54166667 | Q10: 0.57361111 | R10: =Q10-O10 -> 0.031944444 | S10: =(Table5[[#This Row],[Fault Clearance time]]-Table5[[#This Row],[Work Start TimeStamp]])*24 -> 0.76666667 | T10: =(Table5[[#This Row],[Fault Clearance time]]-Table5[[#This Row],[Fault Start TimeStamp]])*24 -> 0.76666667 | U10: DTA Maintenance activity completed | V10: Close | W10: =IFERROR(Table5[[#This Row],[Breakdown Time]]*Table5[[#This Row],[Plant Equivalent Weightage]],"") -> 0.017424242 | X10: WTG Scheduled Maintenance | Y10: P-50 | AA10: 0
A11: =A10+1 -> 10 | B11: =YEAR(Table5[[#This Row],[Date]])+IF(MONTH(Table5[[#This Row],[Date]])>=4,1,0) -> 2026 | C11: =YEAR(Table5[[#This Row],[Date]]) -> 2025 | D11: Year_3 | E11: =Table5[[#This Row],[Date]]-DAY(Table5[[#This Row],[Date]])+1 -> 45748 | F11: 45749 | G11: P-09 | H11: =IFERROR(_xlfn.XLOOKUP(Table5[[#This Row],[Affected WTG]],'Basic Data'!$A:$A,'Basic Data'!$B:$B),"") -> PWEPL | I11: =IFERROR(_xlfn.XLOOKUP(Table5[[#This Row],[Affected WTG]],'Basic Data'!$A:$A,'Basic Data'!$C:$C),"") -> MSEDCL | J11: =IFERROR(_xlfn.XLOOKUP(Table5[[#This Row],[Affected WTG]],'Basic Data'!$A:$A,'Basic Data'!$E:$E),"") -> 0.022727273 | K11: 77 | L11: =IFERROR(_xlfn.XLOOKUP(Table5[[#This Row],[Error Code]],'Basic Data'!$W:$W,'Basic Data'!$X:$X),"Incorrect Error Code") -> Gearbox oil overtemperature | M11: Radiator Motor Failure | O11: 0.046527778 | P11: 0.046527778 | Q11: 0.25972222 | R11: =Q11-O11 -> 0.21319444 | S11: =(Table5[[#This Row],[Fault Clearance time]]-Table5[[#This Row],[Work Start TimeStamp]])*24 -> 5.1166667 | T11: =(Table5[[#This Row],[Fault Clearance time]]-Table5[[#This Row],[Fault Start TimeStamp]])*24 -> 5.1166667 | U11: Radiator motor replaced | V11: Close | W11: =IFERROR(Table5[[#This Row],[Breakdown Time]]*Table5[[#This Row],[Plant Equivalent Weightage]],"") -> 0.11628788 | X11: WTG Breakdown Maintenance | Y11: P-08 | AA11: 932
A12: =A11+1 -> 11 | B12: =YEAR(Table5[[#This Row],[Date]])+IF(MONTH(Table5[[#This Row],[Date]])>=4,1,0) -> 2026 | C12: =YEAR(Table5[[#This Row],[Date]]) -> 2025 | D12: Year_3 | E12: =Table5[[#This Row],[Date]]-DAY(Table5[[#This Row],[Date]])+1 -> 45748 | F12: 45749 | G12: P-46 | H12: =IFERROR(_xlfn.XLOOKUP(Table5[[#This Row],[Affected WTG]],'Basic Data'!$A:$A,'Basic Data'!$B:$B),"") -> PWEPL | I12: =IFERROR(_xlfn.XLOOKUP(Table5[[#This Row],[Affected WTG]],'Basic Data'!$A:$A,'Basic Data'!$C:$C),"") -> MSEDCL | J12: =IFERROR(_xlfn.XLOOKUP(Table5[[#This Row],[Affected WTG]],'Basic Data'!$A:$A,'Basic Data'!$E:$E),"") -> 0.022727273 | K12: 269 | L12: =IFERROR(_xlfn.XLOOKUP(Table5[[#This Row],[Error Code]],'Basic Data'!$W:$W,'Basic Data'!$X:$X),"Incorrect Error Code") -> Reboot PLC | M12: Turbine Communication fault | O12: 0.090972222 | P12: 0.090972222 | Q12: 0.15069444 | R12: =Q12-O12 -> 0.059722222 | S12: =(Table5[[#This Row],[Fault Clearance time]]-Table5[[#This Row],[Work Start TimeStamp]])*24 -> 1.4333333 | T12: =(Table5[[#This Row],[Fault Clearance time]]-Table5[[#This Row],[Fault Start TimeStamp]])*24 -> 1.4333333 | U12: Rebooted the PLC & reset at scada | V12: Close | W12: =IFERROR(Table5[[#This Row],[Breakdown Time]]*Table5[[#This Row],[Plant Equivalent Weightage]],"") -> 0.032575758 | X12: WTG Breakdown Maintenance | Y12: P-47 | AA12: 163
A13: =A12+1 -> 12 | B13: =YEAR(Table5[[#This Row],[Date]])+IF(MONTH(Table5[[#This Row],[Date]])>=4,1,0) -> 2026 | C13: =YEAR(Table5[[#This Row],[Date]]) -> 2025 | D13: Year_3 | E13: =Table5[[#This Row],[Date]]-DAY(Table5[[#This Row],[Date]])+1 -> 45748 | F13: 45749 | G13: P-46 | H13: =IFERROR(_xlfn.XLOOKUP(Table5[[#This Row],[Affected WTG]],'Basic Data'!$A:$A,'Basic Data'!$B:$B),"") -> PWEPL | I13: =IFERROR(_xlfn.XLOOKUP(Table5[[#This Row],[Affected WTG]],'Basic Data'!$A:$A,'Basic Data'!$C:$C),"") -> MSEDCL | J13: =IFERROR(_xlfn.XLOOKUP(Table5[[#This Row],[Affected WTG]],'Basic Data'!$A:$A,'Basic Data'!$E:$E),"") -> 0.022727273 | K13: 352 | L13: =IFERROR(_xlfn.XLOOKUP(Table5[[#This Row],[Error Code]],'Basic Data'!$W:$W,'Basic Data'!$X:$X),"Incorrect Error Code") -> Communication fault wind measurement device | M13: FT Sensor failure | O13: 0.17152778 | P13: 0.17152778 | Q13: 0.33819444 | R13: =Q13-O13 -> 0.16666667 | S13: =(Table5[[#This Row],[Fault Clearance time]]-Table5[[#This Row],[Work Start TimeStamp]])*24 -> 4 | T13: =(Table5[[#This Row],[Fault Clearance time]]-Table5[[#This Row],[Fault Start TimeStamp]])*24 -> 4 | U13: FT sensor replaced. | V13: Close | W13: =IFERROR(Table5[[#This Row],[Breakdown Time]]*Table5[[#This Row],[Plant Equivalent Weightage]],"") -> 0.090909091 | X13: WTG Breakdown Maintenance | Y13: P-47 | AA13: 1720
A14: =A13+1 -> 13 | B14: =YEAR(Table5[[#This Row],[Date]])+IF(MONTH(Table5[[#This Row],[Date]])>=4,1,0) -> 2026 | C14: =YEAR(Table5[[#This Row],[Date]]) -> 2025 | D14: Year_3 | E14: =Table5[[#This Row],[Date]]-DAY(Table5[[#This Row],[Date]])+1 -> 45748 | F14: 45750 | G14: P-31 | H14: =IFERROR(_xlfn.XLOOKUP(Table5[[#This Row],[Affected WTG]],'Basic Data'!$A:$A,'Basic Data'!$B:$B),"") -> PWEPL | I14: =IFERROR(_xlfn.XLOOKUP(Table5[[#This Row],[Affected WTG]],'Basic Data'!$A:$A,'Basic Data'!$C:$C),"") -> MSEDCL | J14: =IFERROR(_xlfn.XLOOKUP(Table5[[#This Row],[Affected WTG]],'Basic Data'!$A:$A,'Basic Data'!$E:$E),"") -> 0.022727273 | K14: CE100010 | L14: =IFERROR(_xlfn.XLOOKUP(Table5[[#This Row],[Error Code]],'Basic Data'!$W:$W,'Basic Data'!$X:$X),"Incorrect Error Code") -> Manual Stop - Preventive Maintenance Activity | M14: 12th Annual Maintenance Activity | O14: 0.4625 | P14: 0.4625 | Q14: 0.72986111 | R14: =Q14-O14 -> 0.26736111 | S14: =(Table5[[#This Row],[Fault Clearance time]]-Table5[[#This Row],[Work Start TimeStamp]])*24 -> 6.4166667 | T14: =(Table5[[#This Row],[Fault Clearance time]]-Table5[[#This Row],[Fault Start TimeStamp]])*24 -> 6.4166667 | U14: 12th Annual Maintenance Day 1 Activity completed | V14: Close | W14: =IFERROR(Table5[[#This Row],[Breakdown Time]]*Table5[[#This Row],[Plant Equivalent Weightage]],"") -> 0.14583333 | X14: WTG Scheduled Maintenance | Y14: P-03 | AA14: 1202
A15: =A14+1 -> 14 | B15: =YEAR(Table5[[#This Row],[Date]])+IF(MONTH(Table5[[#This Row],[Date]])>=4,1,0) -> 2026 | C15: =YEAR(Table5[[#This Row],[Date]]) -> 2025 | D15: Year_3 | E15: =Table5[[#This Row],[Date]]-DAY(Table5[[#This Row],[Date]])+1 -> 45748 | F15: 45750 | G15: P-51 | H15: =IFERROR(_xlfn.XLOOKUP(Table5[[#This Row],[Affected WTG]],'Basic Data'!$A:$A,'Basic Data'!$B:$B),"") -> PWEPL | I15: =IFERROR(_xlfn.XLOOKUP(Table5[[#This Row],[Affected WTG]],'Basic Data'!$A:$A,'Basic Data'!$C:$C),"") -> MSEDCL | J15: =IFERROR(_xlfn.XLOOKUP(Table5[[#This Row],[Affected WTG]],'Basic Data'!$A:$A,'Basic Data'!$E:$E),"") -> 0.022727273 | K15: 60 | L15: =IFERROR(_xlfn.XLOOKUP(Table5[[#This Row],[Error Code]],'Basic Data'!$W:$W,'Basic Data'!$X:$X),"Incorrect Error Code") -> Yaw limit switch activated | M15: Yaw limit switch activated | O15: 0.89513889 | P15: 0.89513889 | Q15: 0.96666667 | R15: =Q15-O15 -> 0.071527778 | S15: =(Table5[[#This Row],[Fault Clearance time]]-Table5[[#This Row],[Work Start TimeStamp]])*24 -> 1.7166667 | T15: =(Table5[[#This Row],[Fault Clearance time]]-Table5[[#This Row],[Fault Start TimeStamp]])*24 -> 1.7166667 | U15: Cable Twist Release & Turbine Restored | V15: Close | W15: =IFERROR(Table5[[#This Row],[Breakdown Time]]*Table5[[#This Row],[Plant Equivalent Weightage]],"") -> 0.039015152 | X15: WTG Breakdown Maintenance | Y15: P-52 | AA15: 44
A16: =A15+1 -> 15 | B16: =YEAR(Table5[[#This Row],[Date]])+IF(MONTH(Table5[[#This Row],[Date]])>=4,1,0) -> 2026 | C16: =YEAR(Table5[[#This Row],[Date]]) -> 2025 | D16: Year_3 | E16: =Table5[[#This Row],[Date]]-DAY(Table5[[#This Row],[Date]])+1 -> 45748 | F16: 45751 | G16: P-05 | H16: =IFERROR(_xlfn.XLOOKUP(Table5[[#This Row],[Affected WTG]],'Basic Data'!$A:$A,'Basic Data'!$B:$B),"") -> PWEPL | I16: =IFERROR(_xlfn.XLOOKUP(Table5[[#This Row],[Affected WTG]],'Basic Data'!$A:$A,'Basic Data'!$C:$C),"") -> MSEDCL | J16: =IFERROR(_xlfn.XLOOKUP(Table5[[#This Row],[Affected WTG]],'Basic Data'!$A:$A,'Basic Data'!$E:$E),"") -> 0.022727273 | K16: 3 | L16: =IFERROR(_xlfn.XLOOKUP(Table5[[#This Row],[Error Code]],'Basic Data'!$W:$W,'Basic Data'!$X:$X),"Incorrect Error Code") -> Manual Stop | M16: Gearbox Oil & Main Bering Grease Sample Collection work | O16: 0.45694444 | P16: 0.45694444 | Q16: 0.48472222 | R16: =Q16-O16 -> 0.027777778 | S16: =(Table5[[#This Row],[Fault Clearance time]]-Table5[[#This Row],[Work Start TimeStamp]])*24 -> 0.66666667 | T16: =(Table5[[#This Row],[Fault Clearance time]]-Table5[[#This Row],[Fault Start TimeStamp]])*24 -> 0.66666667 | U16: OIL & Grease sample collection work completed | V16: Close | W16: =IFERROR(Table5[[#This Row],[Breakdown Time]]*Table5[[#This Row],[Plant Equivalent Weightage]],"") -> 0.015151515 | X16: WTG Scheduled Maintenance | Y16: P-41 | AA16: 2
A17: =A16+1 -> 16 | B17: =YEAR(Table5[[#This Row],[Date]])+IF(MONTH(Table5[[#This Row],[Date]])>=4,1,0) -> 2026 | C17: =YEAR(Table5[[#This Row],[Date]]) -> 2025 | D17: Year_3 | E17: =Table5[[#This Row],[Date]]-DAY(Table5[[#This Row],[Date]])+1 -> 45748 | F17: 45751 | G17: P-06 | H17: =IFERROR(_xlfn.XLOOKUP(Table5[[#This Row],[Affected WTG]],'Basic Data'!$A:$A,'Basic Data'!$B:$B),"") -> PWEPL | I17: =IFERROR(_xlfn.XLOOKUP(Table5[[#This Row],[Affected WTG]],'Basic Data'!$A:$A,'Basic Data'!$C:$C),"") -> MSEDCL | J17: =IFERROR(_xlfn.XLOOKUP(Table5[[#This Row],[Affected WTG]],'Basic Data'!$A:$A,'Basic Data'!$E:$E),"") -> 0.022727273 | K17: 3 | L17: =IFERROR(_xlfn.XLOOKUP(Table5[[#This Row],[Error Code]],'Basic Data'!$W:$W,'Basic Data'!$X:$X),"Incorrect Error Code") -> Manual Stop | M17: Gearbox Oil & Main Bering Grease Sample Collection work | O17: 0.53611111 | P17: 0.53611111 | Q17: 0.56805556 | R17: =Q17-O17 -> 0.031944444 | S17: =(Table5[[#This Row],[Fault Clearance time]]-Table5[[#This Row],[Work Start TimeStamp]])*24 -> 0.76666667 | T17: =(Table5[[#This Row],[Fault Clearance time]]-Table5[[#This Row],[Fault Start TimeStamp]])*24 -> 0.76666667 | U17: OIL & Grease sample collection work completed | V17: Close | W17: =IFERROR(Table5[[#This Row],[Breakdown Time]]*Table5[[#This Row],[Plant Equivalent Weightage]],"") -> 0.017424242 | X17: WTG Scheduled Maintenance | Y17: P-41 | AA17: 0
A18: =A17+1 -> 17 | B18: =YEAR(Table5[[#This Row],[Date]])+IF(MONTH(Table5[[#This Row],[Date]])>=4,1,0) -> 2026 | C18: =YEAR(Table5[[#This Row],[Date]]) -> 2025 | D18: Year_3 | E18: =Table5[[#This Row],[Date]]-DAY(Table5[[#This Row],[Date]])+1 -> 45748 | F18: 45751 | G18: P-40 | H18: =IFERROR(_xlfn.XLOOKUP(Table5[[#This Row],[Affected WTG]],'Basic Data'!$A:$A,'Basic Data'!$B:$B),"") -> PWEPL | I18: =IFERROR(_xlfn.XLOOKUP(Table5[[#This Row],[Affected WTG]],'Basic Data'!$A:$A,'Basic Data'!$C:$C),"") -> MSEDCL | J18: =IFERROR(_xlfn.XLOOKUP(Table5[[#This Row],[Affected WTG]],'Basic Data'!$A:$A,'Basic Data'!$E:$E),"") -> 0.022727273 | K18: 3 | L18: =IFERROR(_xlfn.XLOOKUP(Table5[[#This Row],[Error Code]],'Basic Data'!$W:$W,'Basic Data'!$X:$X),"Incorrect Error Code") -> Manual Stop | M18: Gearbox Oil & Main Bering Grease Sample Collection work | O18: 0.47013889 | P18: 0.47013889 | Q18: 0.5125 | R18: =Q18-O18 -> 0.042361111 | S18: =(Table5[[#This Row],[Fault Clearance time]]-Table5[[#This Row],[Work Start TimeStamp]])*24 -> 1.0166667 | T18: =(Table5[[#This Row],[Fault Clearance time]]-Table5[[#This Row],[Fault Start TimeStamp]])*24 -> 1.0166667 | U18: OIL & Grease sample collection work completed | V18: Close | W18: =IFERROR(Table5[[#This Row],[Breakdown Time]]*Table5[[#This Row],[Plant Equivalent Weightage]],"") -> 0.023106061 | X18: WTG Scheduled Maintenance | Y18: P-46 | AA18: 0
A19: =A18+1 -> 18 | B19: =YEAR(Table5[[#This Row],[Date]])+IF(MONTH(Table5[[#This Row],[Date]])>=4,1,0) -> 2026 | C19: =YEAR(Table5[[#This Row],[Date]]) -> 2025 | D19: Year_3 | E19: =Table5[[#This Row],[Date]]-DAY(Table5[[#This Row],[Date]])+1 -> 45748 | F19: 45751 | G19: P-41 | H19: =IFERROR(_xlfn.XLOOKUP(Table5[[#This Row],[Affected WTG]],'Basic Data'!$A:$A,'Basic Data'!$B:$B),"") -> PWEPL | I19: =IFERROR(_xlfn.XLOOKUP(Table5[[#This Row],[Affected WTG]],'Basic Data'!$A:$A,'Basic Data'!$C:$C),"") -> MSEDCL | J19: =IFERROR(_xlfn.XLOOKUP(Table5[[#This Row],[Affected WTG]],'Basic Data'!$A:$A,'Basic Data'!$E:$E),"") -> 0.022727273 | K19: 3 | L19: =IFERROR(_xlfn.XLOOKUP(Table5[[#This Row],[Error Code]],'Basic Data'!$W:$W,'Basic Data'!$X:$X),"Incorrect Error Code") -> Manual Stop | M19: Gearbox Oil & Main Bering Grease Sample Collection work | O19: 0.52986111 | P19: 0.52986111 | Q19: 0.55694444 | R19: =Q19-O19 -> 0.027083333 | S19: =(Table5[[#This Row],[Fault Clearance time]]-Table5[[#This Row],[Work Start TimeStamp]])*24 -> 0.65 | T19: =(Table5[[#This Row],[Fault Clearance time]]-Table5[[#This Row],[Fault Start TimeStamp]])*24 -> 0.65 | U19: OIL & Grease sample collection work completed | V19: Close | W19: =IFERROR(Table5[[#This Row],[Breakdown Time]]*Table5[[#This Row],[Plant Equivalent Weightage]],"") -> 0.014772727 | X19: WTG Scheduled Maintenance | Y19: P-05 | AA19: 0
A20: =A19+1 -> 19 | B20: =YEAR(Table5[[#This Row],[Date]])+IF(MONTH(Table5[[#This Row],[Date]])>=4,1,0) -> 2026 | C20: =YEAR(Table5[[#This Row],[Date]]) -> 2025 | D20: Year_3 | E20: =Table5[[#This Row],[Date]]-DAY(Table5[[#This Row],[Date]])+1 -> 45748 | F20: 45751 | G20: P-42 | H20: =IFERROR(_xlfn.XLOOKUP(Table5[[#This Row],[Affected WTG]],'Basic Data'!$A:$A,'Basic Data'!$B:$B),"") -> PWEPL | I20: =IFERROR(_xlfn.XLOOKUP(Table5[[#This Row],[Affected WTG]],'Basic Data'!$A:$A,'Basic Data'!$C:$C),"") -> MSEDCL | J20: =IFERROR(_xlfn.XLOOKUP(Table5[[#This Row],[Affected WTG]],'Basic Data'!$A:$A,'Basic Data'!$E:$E),"") -> 0.022727273 | K20: 3 | L20: =IFERROR(_xlfn.XLOOKUP(Table5[[#This Row],[Error Code]],'Basic Data'!$W:$W,'Basic Data'!$X:$X),"Incorrect Error Code") -> Manual Stop | M20: Gearbox Oil & Main Bering Grease Sample Collection work | O20: 0.64513889 | P20: 0.64513889 | Q20: 0.68541667 | R20: =Q20-O20 -> 0.040277778 | S20: =(Table5[[#This Row],[Fault Clearance time]]-Table5[[#This Row],[Work Start TimeStamp]])*24 -> 0.96666667 | T20: =(Table5[[#This Row],[Fault Clearance time]]-Table5[[#This Row],[Fault Start TimeStamp]])*24 -> 0.96666667 | U20: OIL & Grease sample collection work completed | V20: Close | W20: =IFERROR(Table5[[#This Row],[Breakdown Time]]*Table5[[#This Row],[Plant Equivalent Weightage]],"") -> 0.021969697 | X20: WTG Scheduled Maintenance | Y20: P-12 | AA20: 12
A21: =A20+1 -> 20 | B21: =YEAR(Table5[[#This Row],[Date]])+IF(MONTH(Table5[[#This Row],[Date]])>=4,1,0) -> 2026 | C21: =YEAR(Table5[[#This Row],[Date]]) -> 2025 | D21: Year_3 | E21: =Table5[[#This Row],[Date]]-DAY(Table5[[#This Row],[Date]])+1 -> 45748 | F21: 45751 | G21: P-48 | H21: =IFERROR(_xlfn.XLOOKUP(Table5[[#This Row],[Affected WTG]],'Basic Data'!$A:$A,'Basic Data'!$B:$B),"") -> PWEPL | I21: =IFERROR(_xlfn.XLOOKUP(Table5[[#This Row],[Affected WTG]],'Basic Data'!$A:$A,'Basic Data'!$C:$C),"") -> MSEDCL | J21: =IFERROR(_xlfn.XLOOKUP(Table5[[#This Row],[Affected WTG]],'Basic Data'!$A:$A,'Basic Data'!$E:$E),"") -> 0.022727273 | K21: 3 | L21: =IFERROR(_xlfn.XLOOKUP(Table5[[#This Row],[Error Code]],'Basic Data'!$W:$W,'Basic Data'!$X:$X),"Incorrect Error Code") -> Manual Stop | M21: Gearbox Oil & Main Bering Grease Sample Collection work | O21: 0.63541667 | P21: 0.63541667 | Q21: 0.6625 | R21: =Q21-O21 -> 0.027083333 | S21: =(Table5[[#This Row],[Fault Clearance time]]-Table5[[#This Row],[Work Start TimeStamp]])*24 -> 0.65 | T21: =(Table5[[#This Row],[Fault Clearance time]]-Table5[[#This Row],[Fault Start TimeStamp]])*24 -> 0.65 | U21: OIL & Grease sample collection work completed | V21: Close | W21: =IFERROR(Table5[[#This Row],[Breakdown Time]]*Table5[[#This Row],[Plant Equivalent Weightage]],"") -> 0.014772727 | X21: WTG Scheduled Maintenance | Y21: P-47 | AA21: 14
A22: =A21+1 -> 21 | B22: =YEAR(Table5[[#This Row],[Date]])+IF(MONTH(Table5[[#This Row],[Date]])>=4,1,0) -> 2026 | C22: =YEAR(Table5[[#This Row],[Date]]) -> 2025 | D22: Year_3 | E22: =Table5[[#This Row],[Date]]-DAY(Table5[[#This Row],[Date]])+1 -> 45748 | F22: 45752 | G22: P-31 | H22: =IFERROR(_xlfn.XLOOKUP(Table5[[#This Row],[Affected WTG]],'Basic Data'!$A:$A,'Basic Data'!$B:$B),"") -> PWEPL | I22: =IFERROR(_xlfn.XLOOKUP(Table5[[#This Row],[Affected WTG]],'Basic Data'!$A:$A,'Basic Data'!$C:$C),"") -> MSEDCL | J22: =IFERROR(_xlfn.XLOOKUP(Table5[[#This Row],[Affected WTG]],'Basic Data'!$A:$A,'Basic Data'!$E:$E),"") -> 0.022727273 | K22: CE100010 | L22: =IFERROR(_xlfn.XLOOKUP(Table5[[#This Row],[Error Code]],'Basic Data'!$W:$W,'Basic Data'!$X:$X),"Incorrect Error Code") -> Manual Stop - Preventive Maintenance Activity | M22: 12th Annual Maintenance Activity | O22: 0.4125 | P22: 0.4125 | Q22: 0.72083333 | R22: =Q22-O22 -> 0.30833333 | S22: =(Table5[[#This Row],[Fault Clearance time]]-Table5[[#This Row],[Work Start TimeStamp]])*24 -> 7.4 | T22: =(Table5[[#This Row],[Fault Clearance time]]-Table5[[#This Row],[Fault Start TimeStamp]])*24 -> 7.4 | U22: 12th Annual Maintenance Day 2 Activity completed | V22: Close | W22: =IFERROR(Table5[[#This Row],[Breakdown Time]]*Table5[[#This Row],[Plant Equivalent Weightage]],"") -> 0.16818182 | X22: WTG Scheduled Maintenance | Y22: P-3 | AA22: 5340
A23: =A22+1 -> 22 | B23: =YEAR(Table5[[#This Row],[Date]])+IF(MONTH(Table5[[#This Row],[Date]])>=4,1,0) -> 2026 | C23: =YEAR(Table5[[#This Row],[Date]]) -> 2025 | D23: Year_3 | E23: =Table5[[#This Row],[Date]]-DAY(Table5[[#This Row],[Date]])+1 -> 45748 | F23: 45752 | G23: P-56 | H23: =IFERROR(_xlfn.XLOOKUP(Table5[[#This Row],[Affected WTG]],'Basic Data'!$A:$A,'Basic Data'!$B:$B),"") -> PWEPL | I23: =IFERROR(_xlfn.XLOOKUP(Table5[[#This Row],[Affected WTG]],'Basic Data'!$A:$A,'Basic Data'!$C:$C),"") -> MSEDCL | J23: =IFERROR(_xlfn.XLOOKUP(Table5[[#This Row],[Affected WTG]],'Basic Data'!$A:$A,'Basic Data'!$E:$E),"") -> 0.022727273 | K23: 134 | L23: =IFERROR(_xlfn.XLOOKUP(Table5[[#This Row],[Error Code]],'Basic Data'!$W:$W,'Basic Data'!$X:$X),"Incorrect Error Code") -> Battery charging voltage not OK | M23: Battery Voltage Not OK | O23: 0.87083333 | P23: 0.87083333 | Q23: 0.96666667 | R23: =Q23-O23 -> 0.095833333 | S23: =(Table5[[#This Row],[Fault Clearance time]]-Table5[[#This Row],[Work Start TimeStamp]])*24 -> 2.3 | T23: =(Table5[[#This Row],[Fault Clearance time]]-Table5[[#This Row],[Fault Start TimeStamp]])*24 -> 2.3 | U23: Axis Box 5 Amp Fuse Replaced & wtg restored | V23: Close | W23: =IFERROR(Table5[[#This Row],[Breakdown Time]]*Table5[[#This Row],[Plant Equivalent Weightage]],"") -> 0.052272727 | X23: WTG Breakdown Maintenance | Y23: P-55 | AA23: 904
A24: =A23+1 -> 23 | B24: =YEAR(Table5[[#This Row],[Date]])+IF(MONTH(Table5[[#This Row],[Date]])>=4,1,0) -> 2026 | C24: =YEAR(Table5[[#This Row],[Date]]) -> 2025 | D24: Year_3 | E24: =Table5[[#This Row],[Date]]-DAY(Table5[[#This Row],[Date]])+1 -> 45748 | F24: 45752 | G24: P-27 | H24: =IFERROR(_xlfn.XLOOKUP(Table5[[#This Row],[Affected WTG]],'Basic Data'!$A:$A,'Basic Data'!$B:$B),"") -> PWEPL | I24: =IFERROR(_xlfn.XLOOKUP(Table5[[#This Row],[Affected WTG]],'Basic Data'!$A:$A,'Basic Data'!$C:$C),"") -> MSEDCL | J24: =IFERROR(_xlfn.XLOOKUP(Table5[[#This Row],[Affected WTG]],'Basic Data'!$A:$A,'Basic Data'!$E:$E),"") -> 0.022727273 | K24: 201 | L24: =IFERROR(_xlfn.XLOOKUP(Table5[[#This Row],[Error Code]],'Basic Data'!$W:$W,'Basic Data'!$X:$X),"Incorrect Error Code") -> PLC fault 24V Supply | M24: WETB card failure | O24: 0.85138889 | P24: 0.85138889 | Q24: 0.99930556 | R24: =Q24-O24 -> 0.14791667 | S24: =(Table5[[#This Row],[Fault Clearance time]]-Table5[[#This Row],[Work Start TimeStamp]])*24 -> 3.55 | T24: =(Table5[[#This Row],[Fault Clearance time]]-Table5[[#This Row],[Fault Start TimeStamp]])*24 -> 3.55 | U24: Replaced WETB card. | V24: Close | W24: =IFERROR(Table5[[#This Row],[Breakdown Time]]*Table5[[#This Row],[Plant Equivalent Weightage]],"") -> 0.080681818 | X24: WTG Breakdown Maintenance | Y24: P-28 | AA24: 476
A25: =A24+1 -> 24 | B25: =YEAR(Table5[[#This Row],[Date]])+IF(MONTH(Table5[[#This Row],[Date]])>=4,1,0) -> 2026 | C25: =YEAR(Table5[[#This Row],[Date]]) -> 2025 | D25: Year_3 | E25: =Table5[[#This Row],[Date]]-DAY(Table5[[#This Row],[Date]])+1 -> 45748 | F25: 45753 | G25: P-26 | H25: =IFERROR(_xlfn.XLOOKUP(Table5[[#This Row],[Affected WTG]],'Basic Data'!$A:$A,'Basic Data'!$B:$B),"") -> PWEPL | I25: =IFERROR(_xlfn.XLOOKUP(Table5[[#This Row],[Affected WTG]],'Basic Data'!$A:$A,'Basic Data'!$C:$C),"") -> MSEDCL | J25: =IFERROR(_xlfn.XLOOKUP(Table5[[#This Row],[Affected WTG]],'Basic Data'!$A:$A,'Basic Data'!$E:$E),"") -> 0.022727273 | K25: 60 | L25: =IFERROR(_xlfn.XLOOKUP(Table5[[#This Row],[Error Code]],'Basic Data'!$W:$W,'Basic Data'!$X:$X),"Incorrect Error Code") -> Yaw limit switch activated | M25: Yaw limit switch activated | O25: 0.63402778 | P25: 0.63402778 | Q25: 0.68402778 | R25: =Q25-O25 -> 0.05 | S25: =(Table5[[#This Row],[Fault Clearance time]]-Table5[[#This Row],[Work Start TimeStamp]])*24 -> 1.2 | T25: =(Table5[[#This Row],[Fault Clearance time]]-Table5[[#This Row],[Fault Start TimeStamp]])*24 -> 1.2 | U25: Cable Twist Release & Turbine Restored | V25: Close | W25: =IFERROR(Table5[[#This Row],[Breakdown Time]]*Table5[[#This Row],[Plant Equivalent Weightage]],"") -> 0.027272727 | X25: WTG Breakdown Maintenance | Y25: P-25 | AA25: 58
A26: =A25+1 -> 25 | B26: =YEAR(Table5[[#This Row],[Date]])+IF(MONTH(Table5[[#This Row],[Date]])>=4,1,0) -> 2026 | C26: =YEAR(Table5[[#This Row],[Date]]) -> 2025 | D26: Year_3 | E26: =Table5[[#This Row],[Date]]-DAY(Table5[[#This Row],[Date]])+1 -> 45748 | F26: 45753 | G26: P-47 | H26: =IFERROR(_xlfn.XLOOKUP(Table5[[#This Row],[Affected WTG]],'Basic Data'!$A:$A,'Basic Data'!$B:$B),"") -> PWEPL | I26: =IFERROR(_xlfn.XLOOKUP(Table5[[#This Row],[Affected WTG]],'Basic Data'!$A:$A,'Basic Data'!$C:$C),"") -> MSEDCL | J26: =IFERROR(_xlfn.XLOOKUP(Table5[[#This Row],[Affected WTG]],'Basic Data'!$A:$A,'Basic Data'!$E:$E),"") -> 0.022727273 | K26: 3 | L26: =IFERROR(_xlfn.XLOOKUP(Table5[[#This Row],[Error Code]],'Basic Data'!$W:$W,'Basic Data'!$X:$X),"Incorrect Error Code") -> Manual Stop | M26: Gearbox Oil & Main Bering Grease Sample Collection work | O26: 0.89027778 | P26: 0.89027778 | Q26: 0.92430556 | R26: =Q26-O26 -> 0.034027778 | S26: =(Table5[[#This Row],[Fault Clearance time]]-Table5[[#This Row],[Work Start TimeStamp]])*24 -> 0.81666667 | T26: =(Table5[[#This Row],[Fault Clearance time]]-Table5[[#This Row],[Fault Start TimeStamp]])*24 -> 0.81666667 | U26: OIL & Grease sample collection work completed | V26: Close | W26: =IFERROR(Table5[[#This Row],[Breakdown Time]]*Table5[[#This Row],[Plant Equivalent Weightage]],"") -> 0.018560606 | X26: WTG Breakdown Maintenance | Y26: P-48 | AA26: 72
A27: =A26+1 -> 26 | B27: =YEAR(Table5[[#This Row],[Date]])+IF(MONTH(Table5[[#This Row],[Date]])>=4,1,0) -> 2026 | C27: =YEAR(Table5[[#This Row],[Date]]) -> 2025 | D27: Year_3 | E27: =Table5[[#This Row],[Date]]-DAY(Table5[[#This Row],[Date]])+1 -> 45748 | F27: 45754 | G27: P-03 | H27: =IFERROR(_xlfn.XLOOKUP(Table5[[#This Row],[Affected WTG]],'Basic Data'!$A:$A,'Basic Data'!$B:$B),"") -> PWEPL | I27: =IFERROR(_xlfn.XLOOKUP(Table5[[#This Row],[Affected WTG]],'Basic Data'!$A:$A,'Basic Data'!$C:$C),"") -> MSEDCL | J27: =IFERROR(_xlfn.XLOOKUP(Table5[[#This Row],[Affected WTG]],'Basic Data'!$A:$A,'Basic Data'!$E:$E),"") -> 0.022727273 | K27: CE100010 | L27: =IFERROR(_xlfn.XLOOKUP(Table5[[#This Row],[Error Code]],'Basic Data'!$W:$W,'Basic Data'!$X:$X),"Incorrect Error Code") -> Manual Stop - Preventive Maintenance Activity | M27: 12th Annual Maintenance Activity | O27: 0.39722222 | P27: 0.39722222 | Q27: 0.71527778 | R27: =Q27-O27 -> 0.31805556 | S27: =(Table5[[#This Row],[Fault Clearance time]]-Table5[[#This Row],[Work Start TimeStamp]])*24 -> 7.6333333 | T27: =(Table5[[#This Row],[Fault Clearance time]]-Table5[[#This Row],[Fault Start TimeStamp]])*24 -> 7.6333333 | U27: 12th Annual Maintenance Activity completed | V27: Close | W27: =IFERROR(Table5[[#This Row],[Breakdown Time]]*Table5[[#This Row],[Plant Equivalent Weightage]],"") -> 0.17348485 | X27: WTG Scheduled Maintenance | Y27: P-02 | AA27: 905
A28: =A27+1 -> 27 | B28: =YEAR(Table5[[#This Row],[Date]])+IF(MONTH(Table5[[#This Row],[Date]])>=4,1,0) -> 2026 | C28: =YEAR(Table5[[#This Row],[Date]]) -> 2025 | D28: Year_3 | E28: =Table5[[#This Row],[Date]]-DAY(Table5[[#This Row],[Date]])+1 -> 45748 | F28: 45754 | G28: P-07 | H28: =IFERROR(_xlfn.XLOOKUP(Table5[[#This Row],[Affected WTG]],'Basic Data'!$A:$A,'Basic Data'!$B:$B),"") -> PWEPL | I28: =IFERROR(_xlfn.XLOOKUP(Table5[[#This Row],[Affected WTG]],'Basic Data'!$A:$A,'Basic Data'!$C:$C),"") -> MSEDCL | J28: =IFERROR(_xlfn.XLOOKUP(Table5[[#This Row],[Affected WTG]],'Basic Data'!$A:$A,'Basic Data'!$E:$E),"") -> 0.022727273 | K28: 81 | L28: =IFERROR(_xlfn.XLOOKUP(Table5[[#This Row],[Error Code]],'Basic Data'!$W:$W,'Basic Data'!$X:$X),"Incorrect Error Code") -> Shaft bearing overtemperature | M28: Shaft Bearing Over Tempreture | O28: 0.6375 | P28: 0.6375 | Q28: 0.76736111 | R28: =Q28-O28 -> 0.12986111 | S28: =(Table5[[#This Row],[Fault Clearance time]]-Table5[[#This Row],[Work Start TimeStamp]])*24 -> 3.1166667 | T28: =(Table5[[#This Row],[Fault Clearance time]]-Table5[[#This Row],[Fault Start TimeStamp]])*24 -> 3.1166667 | U28: Tempreture sensor cable connection tight proparly & turbine restored | V28: Close | W28: =IFERROR(Table5[[#This Row],[Breakdown Time]]*Table5[[#This Row],[Plant Equivalent Weightage]],"") -> 0.070833333 | X28: WTG Breakdown Maintenance | Y28: P-18 | AA28: 474
A29: =A28+1 -> 28 | B29: =YEAR(Table5[[#This Row],[Date]])+IF(MONTH(Table5[[#This Row],[Date]])>=4,1,0) -> 2026 | C29: =YEAR(Table5[[#This Row],[Date]]) -> 2025 | D29: Year_3 | E29: =Table5[[#This Row],[Date]]-DAY(Table5[[#This Row],[Date]])+1 -> 45748 | F29: 45755 | G29: P-02 | H29: =IFERROR(_xlfn.XLOOKUP(Table5[[#This Row],[Affected WTG]],'Basic Data'!$A:$A,'Basic Data'!$B:$B),"") -> PWEPL | I29: =IFERROR(_xlfn.XLOOKUP(Table5[[#This Row],[Affected WTG]],'Basic Data'!$A:$A,'Basic Data'!$C:$C),"") -> MSEDCL | J29: =IFERROR(_xlfn.XLOOKUP(Table5[[#This Row],[Affected WTG]],'Basic Data'!$A:$A,'Basic Data'!$E:$E),"") -> 0.022727273 | K29: CE100010 | L29: =IFERROR(_xlfn.XLOOKUP(Table5[[#This Row],[Error Code]],'Basic Data'!$W:$W,'Basic Data'!$X:$X),"Incorrect Error Code") -> Manual Stop - Preventive Maintenance Activity | M29: 12th Annual Maintenance Activity | O29: 0.38472222 | P29: 0.38472222 | Q29: 0.7125 | R29: =Q29-O29 -> 0.32777778 | S29: =(Table5[[#This Row],[Fault Clearance time]]-Table5[[#This Row],[Work Start TimeStamp]])*24 -> 7.8666667 | T29: =(Table5[[#This Row],[Fault Clearance time]]-Table5[[#This Row],[Fault Start TimeStamp]])*24 -> 7.8666667 | U29: 12th Annual Maintenance Activity completed | V29: Close | W29: =IFERROR(Table5[[#This Row],[Breakdown Time]]*Table5[[#This Row],[Plant Equivalent Weightage]],"") -> 0.17878788 | X29: WTG Scheduled Maintenance | Y29: P-18 | AA29: 668
A30: =A29+1 -> 29 | B30: =YEAR(Table5[[#This Row],[Date]])+IF(MONTH(Table5[[#This Row],[Date]])>=4,1,0) -> 2026 | C30: =YEAR(Table5[[#This Row],[Date]]) -> 2025 | D30: Year_3 | E30: =Table5[[#This Row],[Date]]-DAY(Table5[[#This Row],[Date]])+1 -> 45748 | F30: 45755 | G30: P-02 | H30: =IFERROR(_xlfn.XLOOKUP(Table5[[#This Row],[Affected WTG]],'Basic Data'!$A:$A,'Basic Data'!$B:$B),"") -> PWEPL | I30: =IFERROR(_xlfn.XLOOKUP(Table5[[#This Row],[Affected WTG]],'Basic Data'!$A:$A,'Basic Data'!$C:$C),"") -> MSEDCL | J30: =IFERROR(_xlfn.XLOOKUP(Table5[[#This Row],[Affected WTG]],'Basic Data'!$A:$A,'Basic Data'!$E:$E),"") -> 0.022727273 | K30: 86 | L30: =IFERROR(_xlfn.XLOOKUP(Table5[[#This Row],[Error Code]],'Basic Data'!$W:$W,'Basic Data'!$X:$X),"Incorrect Error Code") -> Braking pad of secondary brake worn out | M30: Braking pad of secondary brake worn out | O30: 0.85625 | P30: 0.85625 | Q30: 0.99930556 | R30: =Q30-O30 -> 0.14305556 | S30: =(Table5[[#This Row],[Fault Clearance time]]-Table5[[#This Row],[Work Start TimeStamp]])*24 -> 3.4333333 | T30: =(Table5[[#This Row],[Fault Clearance time]]-Table5[[#This Row],[Fault Start TimeStamp]])*24 -> 3.4333333 | U30: Hydralic Brake pad & Sensor replaced | V30: Close | W30: =IFERROR(Table5[[#This Row],[Breakdown Time]]*Table5[[#This Row],[Plant Equivalent Weightage]],"") -> 0.078030303 | X30: WTG Breakdown Maintenance | Y30: P-18 | AA30: 1305
A31: =A30+1 -> 30 | B31: =YEAR(Table5[[#This Row],[Date]])+IF(MONTH(Table5[[#This Row],[Date]])>=4,1,0) -> 2026 | C31: =YEAR(Table5[[#This Row],[Date]]) -> 2025 | D31: Year_3 | E31: =Table5[[#This Row],[Date]]-DAY(Table5[[#This Row],[Date]])+1 -> 45748 | F31: 45755 | G31: P-06 | H31: =IFERROR(_xlfn.XLOOKUP(Table5[[#This Row],[Affected WTG]],'Basic Data'!$A:$A,'Basic Data'!$B:$B),"") -> PWEPL | I31: =IFERROR(_xlfn.XLOOKUP(Table5[[#This Row],[Affected WTG]],'Basic Data'!$A:$A,'Basic Data'!$C:$C),"") -> MSEDCL | J31: =IFERROR(_xlfn.XLOOKUP(Table5[[#This Row],[Affected WTG]],'Basic Data'!$A:$A,'Basic Data'!$E:$E),"") -> 0.022727273 | K31: 430 | L31: =IFERROR(_xlfn.XLOOKUP(Table5[[#This Row],[Error Code]],'Basic Data'!$W:$W,'Basic Data'!$X:$X),"Incorrect Error Code") -> Yaw tooth sensor 1 timeout | M31: Yaw tooth sensor 1 timeout | O31: 0.83958333 | P31: 0.83958333 | Q31: 0.88888889 | R31: =Q31-O31 -> 0.049305556 | S31: =(Table5[[#This Row],[Fault Clearance time]]-Table5[[#This Row],[Work Start TimeStamp]])*24 -> 1.1833333 | T31: =(Table5[[#This Row],[Fault Clearance time]]-Table5[[#This Row],[Fault Start TimeStamp]])*24 -> 1.1833333 | U31: Rebooted the PLC & reset at scada | V31: Close | W31: =IFERROR(Table5[[#This Row],[Breakdown Time]]*Table5[[#This Row],[Plant Equivalent Weightage]],"") -> 0.026893939 | X31: WTG Breakdown Maintenance | Y31: P-41 | AA31: 53
A32: =A31+1 -> 31 | B32: =YEAR(Table5[[#This Row],[Date]])+IF(MONTH(Table5[[#This Row],[Date]])>=4,1,0) -> 2026 | C32: =YEAR(Table5[[#This Row],[Date]]) -> 2025 | D32: Year_3 | E32: =Table5[[#This Row],[Date]]-DAY(Table5[[#This Row],[Date]])+1 -> 45748 | F32: 45756 | G32: P-06 | H32: =IFERROR(_xlfn.XLOOKUP(Table5[[#This Row],[Affected WTG]],'Basic Data'!$A:$A,'Basic Data'!$B:$B),"") -> PWEPL | I32: =IFERROR(_xlfn.XLOOKUP(Table5[[#This Row],[Affected WTG]],'Basic Data'!$A:$A,'Basic Data'!$C:$C),"") -> MSEDCL | J32: =IFERROR(_xlfn.XLOOKUP(Table5[[#This Row],[Affected WTG]],'Basic Data'!$A:$A,'Basic Data'!$E:$E),"") -> 0.022727273 | K32: 86 | L32: =IFERROR(_xlfn.XLOOKUP(Table5[[#This Row],[Error Code]],'Basic Data'!$W:$W,'Basic Data'!$X:$X),"Incorrect Error Code") -> Braking pad of secondary brake worn out | M32: Braking pad of secondary brake worn out | O32: 0.0041666667 | P32: 0.0041666667 | Q32: 0.052777778 | R32: =Q32-O32 -> 0.048611111 | S32: =(Table5[[#This Row],[Fault Clearance time]]-Table5[[#This Row],[Work Start TimeStamp]])*24 -> 1.1666667 | T32: =(Table5[[#This Row],[Fault Clearance time]]-Table5[[#This Row],[Fault Start TimeStamp]])*24 -> 1.1666667 | U32: Hydralic Brake pad & Sensor replaced | V32: Close | W32: =IFERROR(Table5[[#This Row],[Breakdown Time]]*Table5[[#This Row],[Plant Equivalent Weightage]],"") -> 0.026515152 | X32: WTG Breakdown Maintenance | Y32: P-18 | AA32: 490
A33: =A32+1 -> 32 | B33: =YEAR(Table5[[#This Row],[Date]])+IF(MONTH(Table5[[#This Row],[Date]])>=4,1,0) -> 2026 | C33: =YEAR(Table5[[#This Row],[Date]]) -> 2025 | D33: Year_3 | E33: =Table5[[#This Row],[Date]]-DAY(Table5[[#This Row],[Date]])+1 -> 45748 | F33: 45756 | G33: P-02 | H33: =IFERROR(_xlfn.XLOOKUP(Table5[[#This Row],[Affected WTG]],'Basic Data'!$A:$A,'Basic Data'!$B:$B),"") -> PWEPL | I33: =IFERROR(_xlfn.XLOOKUP(Table5[[#This Row],[Affected WTG]],'Basic Data'!$A:$A,'Basic Data'!$C:$C),"") -> MSEDCL | J33: =IFERROR(_xlfn.XLOOKUP(Table5[[#This Row],[Affected WTG]],'Basic Data'!$A:$A,'Basic Data'!$E:$E),"") -> 0.022727273 | K33: 430 | L33: =IFERROR(_xlfn.XLOOKUP(Table5[[#This Row],[Error Code]],'Basic Data'!$W:$W,'Basic Data'!$X:$X),"Incorrect Error Code") -> Yaw tooth sensor 1 timeout | M33: Yaw tooth sensor 1 timeout | O33: 0 | P33: 0 | Q33: 0.11527778 | R33: =Q33-O33 -> 0.11527778 | S33: =(Table5[[#This Row],[Fault Clearance time]]-Table5[[#This Row],[Work Start TimeStamp]])*24 -> 2.7666667 | T33: =(Table5[[#This Row],[Fault Clearance time]]-Table5[[#This Row],[Fault Start TimeStamp]])*24 -> 2.7666667 | U33: Grease cleaned from yaw sensor, Yaw teeth, Pinion. | V33: Close | W33: =IFERROR(Table5[[#This Row],[Breakdown Time]]*Table5[[#This Row],[Plant Equivalent Weightage]],"") -> 0.062878788 | X33: WTG Breakdown Maintenance | Y33: P-41 | AA33: 117
A34: =A33+1 -> 33 | B34: =YEAR(Table5[[#This Row],[Date]])+IF(MONTH(Table5[[#This Row],[Date]])>=4,1,0) -> 2026 | C34: =YEAR(Table5[[#This Row],[Date]]) -> 2025 | D34: Year_3 | E34: =Table5[[#This Row],[Date]]-DAY(Table5[[#This Row],[Date]])+1 -> 45748 | F34: 45756 | G34: P-18 | H34: =IFERROR(_xlfn.XLOOKUP(Table5[[#This Row],[Affected WTG]],'Basic Data'!$A:$A,'Basic Data'!$B:$B),"") -> PWEPL | I34: =IFERROR(_xlfn.XLOOKUP(Table5[[#This Row],[Affected WTG]],'Basic Data'!$A:$A,'Basic Data'!$C:$C),"") -> MSEDCL | J34: =IFERROR(_xlfn.XLOOKUP(Table5[[#This Row],[Affected WTG]],'Basic Data'!$A:$A,'Basic Data'!$E:$E),"") -> 0.022727273 | K34: CE100010 | L34: =IFERROR(_xlfn.XLOOKUP(Table5[[#This Row],[Error Code]],'Basic Data'!$W:$W,'Basic Data'!$X:$X),"Incorrect Error Code") -> Manual Stop - Preventive Maintenance Activity | M34: 12th Annual Maintenance Activity | O34: 0.40486111 | P34: 0.40486111 | Q34: 0.71666667 | R34: =Q34-O34 -> 0.31180556 | S34: =(Table5[[#This Row],[Fault Clearance time]]-Table5[[#This Row],[Work Start TimeStamp]])*24 -> 7.4833333 | T34: =(Table5[[#This Row],[Fault Clearance time]]-Table5[[#This Row],[Fault Start TimeStamp]])*24 -> 7.4833333 | U34: 12th Annual Maintenance Activity completed | V34: Close | W34: =IFERROR(Table5[[#This Row],[Breakdown Time]]*Table5[[#This Row],[Plant Equivalent Weightage]],"") -> 0.17007576 | X34: WTG Scheduled Maintenance | Y34: P-07 | AA34: 824
A35: =A34+1 -> 34 | B35: =YEAR(Table5[[#This Row],[Date]])+IF(MONTH(Table5[[#This Row],[Date]])>=4,1,0) -> 2026 | C35: =YEAR(Table5[[#This Row],[Date]]) -> 2025 | D35: Year_3 | E35: =Table5[[#This Row],[Date]]-DAY(Table5[[#This Row],[Date]])+1 -> 45748 | F35: 45756 | G35: P-11 | H35: =IFERROR(_xlfn.XLOOKUP(Table5[[#This Row],[Affected WTG]],'Basic Data'!$A:$A,'Basic Data'!$B:$B),"") -> PWEPL | I35: =IFERROR(_xlfn.XLOOKUP(Table5[[#This Row],[Affected WTG]],'Basic Data'!$A:$A,'Basic Data'!$C:$C),"") -> MSEDCL | J35: =IFERROR(_xlfn.XLOOKUP(Table5[[#This Row],[Affected WTG]],'Basic Data'!$A:$A,'Basic Data'!$E:$E),"") -> 0.022727273 | K35: 275 | L35: =IFERROR(_xlfn.XLOOKUP(Table5[[#This Row],[Error Code]],'Basic Data'!$W:$W,'Basic Data'!$X:$X),"Incorrect Error Code") -> Pitch thyristor 2 fault | M35: Pitch thyristor 2 fault | O35: 0.11666667 | P35: 0.11666667 | Q35: 0.16527778 | R35: =Q35-O35 -> 0.048611111 | S35: =(Table5[[#This Row],[Fault Clearance time]]-Table5[[#This Row],[Work Start TimeStamp]])*24 -> 1.1666667 | T35: =(Table5[[#This Row],[Fault Clearance time]]-Table5[[#This Row],[Fault Start TimeStamp]])*24 -> 1.1666667 | U35: Hard Rebooted Turbine from down tower assembly | V35: Close | W35: =IFERROR(Table5[[#This Row],[Breakdown Time]]*Table5[[#This Row],[Plant Equivalent Weightage]],"") -> 0.026515152 | X35: WTG Breakdown Maintenance | Y35: P-10 | AA35: 21
A36: =A35+1 -> 35 | B36: =YEAR(Table5[[#This Row],[Date]])+IF(MONTH(Table5[[#This Row],[Date]])>=4,1,0) -> 2026 | C36: =YEAR(Table5[[#This Row],[Date]]) -> 2025 | D36: Year_3 | E36: =Table5[[#This Row],[Date]]-DAY(Table5[[#This Row],[Date]])+1 -> 45748 | F36: 45756 | G36: P-13 | H36: =IFERROR(_xlfn.XLOOKUP(Table5[[#This Row],[Affected WTG]],'Basic Data'!$A:$A,'Basic Data'!$B:$B),"") -> PWEPL | I36: =IFERROR(_xlfn.XLOOKUP(Table5[[#This Row],[Affected WTG]],'Basic Data'!$A:$A,'Basic Data'!$C:$C),"") -> MSEDCL | J36: =IFERROR(_xlfn.XLOOKUP(Table5[[#This Row],[Affected WTG]],'Basic Data'!$A:$A,'Basic Data'!$E:$E),"") -> 0.022727273 | K36: 142 | L36: =IFERROR(_xlfn.XLOOKUP(Table5[[#This Row],[Error Code]],'Basic Data'!$W:$W,'Basic Data'!$X:$X),"Incorrect Error Code") -> Line CCU collective faults | M36: Line CCU Collective faults | O36: 0.11666667 | P36: 0.11666667 | Q36: 0.22361111 | R36: =Q36-O36 -> 0.10694444 | S36: =(Table5[[#This Row],[Fault Clearance time]]-Table5[[#This Row],[Work Start TimeStamp]])*24 -> 2.5666667 | T36: =(Table5[[#This Row],[Fault Clearance time]]-Table5[[#This Row],[Fault Start TimeStamp]])*24 -> 2.5666667 | U36: Replaced WEMA card. | V36: Close | W36: =IFERROR(Table5[[#This Row],[Breakdown Time]]*Table5[[#This Row],[Plant Equivalent Weightage]],"") -> 0.058333333 | X36: WTG Breakdown Maintenance | Y36: P-12 | AA36: 32
A37: =A36+1 -> 36 | B37: =YEAR(Table5[[#This Row],[Date]])+IF(MONTH(Table5[[#This Row],[Date]])>=4,1,0) -> 2026 | C37: =YEAR(Table5[[#This Row],[Date]]) -> 2025 | D37: Year_3 | E37: =Table5[[#This Row],[Date]]-DAY(Table5[[#This Row],[Date]])+1 -> 45748 | F37: 45756 | G37: P-46 | H37: =IFERROR(_xlfn.XLOOKUP(Table5[[#This Row],[Affected WTG]],'Basic Data'!$A:$A,'Basic Data'!$B:$B),"") -> PWEPL | I37: =IFERROR(_xlfn.XLOOKUP(Table5[[#This Row],[Affected WTG]],'Basic Data'!$A:$A,'Basic Data'!$C:$C),"") -> MSEDCL | J37: =IFERROR(_xlfn.XLOOKUP(Table5[[#This Row],[Affected WTG]],'Basic Data'!$A:$A,'Basic Data'!$E:$E),"") -> 0.022727273 | K37: 3 | L37: =IFERROR(_xlfn.XLOOKUP(Table5[[#This Row],[Error Code]],'Basic Data'!$W:$W,'Basic Data'!$X:$X),"Incorrect Error Code") -> Manual Stop | M37: Gearbox Oil & Main Bering Grease Sample Collection work | O37: 0.80902778 | P37: 0.80902778 | Q37: 0.83333333 | R37: =Q37-O37 -> 0.024305556 | S37: =(Table5[[#This Row],[Fault Clearance time]]-Table5[[#This Row],[Work Start TimeStamp]])*24 -> 0.58333333 | T37: =(Table5[[#This Row],[Fault Clearance time]]-Table5[[#This Row],[Fault Start TimeStamp]])*24 -> 0.58333333 | U37: OIL & Grease sample collection work completed | V37: Close | W37: =IFERROR(Table5[[#This Row],[Breakdown Time]]*Table5[[#This Row],[Plant Equivalent Weightage]],"") -> 0.013257576 | X37: WTG Scheduled Maintenance | Y37: P-45 | AA37: 193
A38: =A37+1 -> 37 | B38: =YEAR(Table5[[#This Row],[Date]])+IF(MONTH(Table5[[#This Row],[Date]])>=4,1,0) -> 2026 | C38: =YEAR(Table5[[#This Row],[Date]]) -> 2025 | D38: Year_3 | E38: =Table5[[#This Row],[Date]]-DAY(Table5[[#This Row],[Date]])+1 -> 45748 | F38: 45757 | G38: P-01 | H38: =IFERROR(_xlfn.XLOOKUP(Table5[[#This Row],[Affected WTG]],'Basic Data'!$A:$A,'Basic Data'!$B:$B),"") -> PWEPL | I38: =IFERROR(_xlfn.XLOOKUP(Table5[[#This Row],[Affected WTG]],'Basic Data'!$A:$A,'Basic Data'!$C:$C),"") -> MSEDCL | J38: =IFERROR(_xlfn.XLOOKUP(Table5[[#This Row],[Affected WTG]],'Basic Data'!$A:$A,'Basic Data'!$E:$E),"") -> 0.022727273 | K38: CE100010 | L38: =IFERROR(_xlfn.XLOOKUP(Table5[[#This Row],[Error Code]],'Basic Data'!$W:$W,'Basic Data'!$X:$X),"Incorrect Error Code") -> Manual Stop - Preventive Maintenance Activity | M38: 12th Annual Maintenance Activity | O38: 0.375 | P38: 0.375 | Q38: 0.70902778 | R38: =Q38-O38 -> 0.33402778 | S38: =(Table5[[#This Row],[Fault Clearance time]]-Table5[[#This Row],[Work Start TimeStamp]])*24 -> 8.0166667 | T38: =(Table5[[#This Row],[Fault Clearance time]]-Table5[[#This Row],[Fault Start TimeStamp]])*24 -> 8.0166667 | U38: 12th Annual Maintenance Activity completed | V38: Close | W38: =IFERROR(Table5[[#This Row],[Breakdown Time]]*Table5[[#This Row],[Plant Equivalent Weightage]],"") -> 0.18219697 | X38: WTG Scheduled Maintenance | Y38: P-07 | AA38: 1327
A39: =A38+1 -> 38 | B39: =YEAR(Table5[[#This Row],[Date]])+IF(MONTH(Table5[[#This Row],[Date]])>=4,1,0) -> 2026 | C39: =YEAR(Table5[[#This Row],[Date]]) -> 2025 | D39: Year_3 | E39: =Table5[[#This Row],[Date]]-DAY(Table5[[#This Row],[Date]])+1 -> 45748 | F39: 45758 | G39: P-07 | H39: =IFERROR(_xlfn.XLOOKUP(Table5[[#This Row],[Affected WTG]],'Basic Data'!$A:$A,'Basic Data'!$B:$B),"") -> PWEPL | I39: =IFERROR(_xlfn.XLOOKUP(Table5[[#This Row],[Affected WTG]],'Basic Data'!$A:$A,'Basic Data'!$C:$C),"") -> MSEDCL | J39: =IFERROR(_xlfn.XLOOKUP(Table5[[#This Row],[Affected WTG]],'Basic Data'!$A:$A,'Basic Data'!$E:$E),"") -> 0.022727273 | K39: CE100010 | L39: =IFERROR(_xlfn.XLOOKUP(Table5[[#This Row],[Error Code]],'Basic Data'!$W:$W,'Basic Data'!$X:$X),"Incorrect Error Code") -> Manual Stop - Preventive Maintenance Activity | M39: 12th Annual Maintenance Activity | O39: 0.40625 | P39: 0.40625 | Q39: 0.77777778 | R39: =Q39-O39 -> 0.37152778 | S39: =(Table5[[#This Row],[Fault Clearance time]]-Table5[[#This Row],[Work Start TimeStamp]])*24 -> 8.9166667 | T39: =(Table5[[#This Row],[Fault Clearance time]]-Table5[[#This Row],[Fault Start TimeStamp]])*24 -> 8.9166667 | U39: 12th Annual Maintenance Activity completed | V39: Close | W39: =IFERROR(Table5[[#This Row],[Breakdown Time]]*Table5[[#This Row],[Plant Equivalent Weightage]],"") -> 0.20265152 | X39: WTG Scheduled Maintenance | Y39: P-18 | AA39: 2709
A40: =A39+1 -> 39 | B40: =YEAR(Table5[[#This Row],[Date]])+IF(MONTH(Table5[[#This Row],[Date]])>=4,1,0) -> 2026 | C40: =YEAR(Table5[[#This Row],[Date]]) -> 2025 | D40: Year_3 | E40: =Table5[[#This Row],[Date]]-DAY(Table5[[#This Row],[Date]])+1 -> 45748 | F40: 45758 | G40: P-11 | H40: =IFERROR(_xlfn.XLOOKUP(Table5[[#This Row],[Affected WTG]],'Basic Data'!$A:$A,'Basic Data'!$B:$B),"") -> PWEPL | I40: =IFERROR(_xlfn.XLOOKUP(Table5[[#This Row],[Affected WTG]],'Basic Data'!$A:$A,'Basic Data'!$C:$C),"") -> MSEDCL | J40: =IFERROR(_xlfn.XLOOKUP(Table5[[#This Row],[Affected WTG]],'Basic Data'!$A:$A,'Basic Data'!$E:$E),"") -> 0.022727273 | K40: 60 | L40: =IFERROR(_xlfn.XLOOKUP(Table5[[#This Row],[Error Code]],'Basic Data'!$W:$W,'Basic Data'!$X:$X),"Incorrect Error Code") -> Yaw limit switch activated | M40: Yaw limit switch activated | O40: 0.66041667 | P40: 0.66041667 | Q40: 0.68402778 | R40: =Q40-O40 -> 0.023611111 | S40: =(Table5[[#This Row],[Fault Clearance time]]-Table5[[#This Row],[Work Start TimeStamp]])*24 -> 0.56666667 | T40: =(Table5[[#This Row],[Fault Clearance time]]-Table5[[#This Row],[Fault Start TimeStamp]])*24 -> 0.56666667 | U40: Cable Twist Release & Turbine Restored | V40: Close | W40: =IFERROR(Table5[[#This Row],[Breakdown Time]]*Table5[[#This Row],[Plant Equivalent Weightage]],"") -> 0.012878788 | X40: WTG Breakdown Maintenance | Y40: P-10 | AA40: 245
A41: =A40+1 -> 40 | B41: =YEAR(Table5[[#This Row],[Date]])+IF(MONTH(Table5[[#This Row],[Date]])>=4,1,0) -> 2026 | C41: =YEAR(Table5[[#This Row],[Date]]) -> 2025 | D41: Year_3 | E41: =Table5[[#This Row],[Date]]-DAY(Table5[[#This Row],[Date]])+1 -> 45748 | F41: 45759 | G41: P-01 | H41: =IFERROR(_xlfn.XLOOKUP(Table5[[#This Row],[Affected WTG]],'Basic Data'!$A:$A,'Basic Data'!$B:$B),"") -> PWEPL | I41: =IFERROR(_xlfn.XLOOKUP(Table5[[#This Row],[Affected WTG]],'Basic Data'!$A:$A,'Basic Data'!$C:$C),"") -> MSEDCL | J41: =IFERROR(_xlfn.XLOOKUP(Table5[[#This Row],[Affected WTG]],'Basic Data'!$A:$A,'Basic Data'!$E:$E),"") -> 0.022727273 | K41: CE100010 | L41: =IFERROR(_xlfn.XLOOKUP(Table5[[#This Row],[Error Code]],'Basic Data'!$W:$W,'Basic Data'!$X:$X),"Incorrect Error Code") -> Manual Stop - Preventive Maintenance Activity | M41: 12th Annual Maintenance Activity | O41: 0.75347222 | P41: 0.75347222 | Q41: 0.76875 | R41: =Q41-O41 -> 0.015277778 | S41: =(Table5[[#This Row],[Fault Clearance time]]-Table5[[#This Row],[Work Start TimeStamp]])*24 -> 0.36666667 | T41: =(Table5[[#This Row],[Fault Clearance time]]-Table5[[#This Row],[Fault Start TimeStamp]])*24 -> 0.36666667 | U41: DTA Maintenance activity completed | V41: Close | W41: =IFERROR(Table5[[#This Row],[Breakdown Time]]*Table5[[#This Row],[Plant Equivalent Weightage]],"") -> 0.0083333333 | X41: WTG Scheduled Maintenance | Y41: P-07 | AA41: 240
A42: =A41+1 -> 41 | B42: =YEAR(Table5[[#This Row],[Date]])+IF(MONTH(Table5[[#This Row],[Date]])>=4,1,0) -> 2026 | C42: =YEAR(Table5[[#This Row],[Date]]) -> 2025 | D42: Year_3 | E42: =Table5[[#This Row],[Date]]-DAY(Table5[[#This Row],[Date]])+1 -> 45748 | F42: 45759 | G42: P-02 | H42: =IFERROR(_xlfn.XLOOKUP(Table5[[#This Row],[Affected WTG]],'Basic Data'!$A:$A,'Basic Data'!$B:$B),"") -> PWEPL | I42: =IFERROR(_xlfn.XLOOKUP(Table5[[#This Row],[Affected WTG]],'Basic Data'!$A:$A,'Basic Data'!$C:$C),"") -> MSEDCL | J42: =IFERROR(_xlfn.XLOOKUP(Table5[[#This Row],[Affected WTG]],'Basic Data'!$A:$A,'Basic Data'!$E:$E),"") -> 0.022727273 | K42: CE100010 | L42: =IFERROR(_xlfn.XLOOKUP(Table5[[#This Row],[Error Code]],'Basic Data'!$W:$W,'Basic Data'!$X:$X),"Incorrect Error Code") -> Manual Stop - Preventive Maintenance Activity | M42: 12th Annual Maintenance Activity | O42: 0.53611111 | P42: 0.53611111 | Q42: 0.60069444 | R42: =Q42-O42 -> 0.064583333 | S42: =(Table5[[#This Row],[Fault Clearance time]]-Table5[[#This Row],[Work Start TimeStamp]])*24 -> 1.55 | T42: =(Table5[[#This Row],[Fault Clearance time]]-Table5[[#This Row],[Fault Start TimeStamp]])*24 -> 1.55 | U42: DTA Maintenance activity completed | V42: Close | W42: =IFERROR(Table5[[#This Row],[Breakdown Time]]*Table5[[#This Row],[Plant Equivalent Weightage]],"") -> 0.035227273 | X42: WTG Scheduled Maintenance | Y42: P-18 | AA42: 393
A43: =A42+1 -> 42 | B43: =YEAR(Table5[[#This Row],[Date]])+IF(MONTH(Table5[[#This Row],[Date]])>=4,1,0) -> 2026 | C43: =YEAR(Table5[[#This Row],[Date]]) -> 2025 | D43: Year_3 | E43: =Table5[[#This Row],[Date]]-DAY(Table5[[#This Row],[Date]])+1 -> 45748 | F43: 45759 | G43: P-03 | H43: =IFERROR(_xlfn.XLOOKUP(Table5[[#This Row],[Affected WTG]],'Basic Data'!$A:$A,'Basic Data'!$B:$B),"") -> PWEPL | I43: =IFERROR(_xlfn.XLOOKUP(Table5[[#This Row],[Affected WTG]],'Basic Data'!$A:$A,'Basic Data'!$C:$C),"") -> MSEDCL | J43: =IFERROR(_xlfn.XLOOKUP(Table5[[#This Row],[Affected WTG]],'Basic Data'!$A:$A,'Basic Data'!$E:$E),"") -> 0.022727273 | K43: CE100010 | L43: =IFERROR(_xlfn.XLOOKUP(Table5[[#This Row],[Error Code]],'Basic Data'!$W:$W,'Basic Data'!$X:$X),"Incorrect Error Code") -> Manual Stop - Preventive Maintenance Activity | M43: 12th Annual Maintenance Activity | O43: 0.72291667 | P43: 0.72291667 | Q43: 0.74513889 | R43: =Q43-O43 -> 0.022222222 | S43: =(Table5[[#This Row],[Fault Clearance time]]-Table5[[#This Row],[Work Start TimeStamp]])*24 -> 0.53333333 | T43: =(Table5[[#This Row],[Fault Clearance time]]-Table5[[#This Row],[Fault Start TimeStamp]])*24 -> 0.53333333 | U43: DTA Maintenance activity completed | V43: Close | W43: =IFERROR(Table5[[#This Row],[Breakdown Time]]*Table5[[#This Row],[Plant Equivalent Weightage]],"") -> 0.012121212 | X43: WTG Scheduled Maintenance | Y43: P-02 | AA43: 261
A44: =A43+1 -> 43 | B44: =YEAR(Table5[[#This Row],[Date]])+IF(MONTH(Table5[[#This Row],[Date]])>=4,1,0) -> 2026 | C44: =YEAR(Table5[[#This Row],[Date]]) -> 2025 | D44: Year_3 | E44: =Table5[[#This Row],[Date]]-DAY(Table5[[#This Row],[Date]])+1 -> 45748 | F44: 45759 | G44: P-18 | H44: =IFERROR(_xlfn.XLOOKUP(Table5[[#This Row],[Affected WTG]],'Basic Data'!$A:$A,'Basic Data'!$B:$B),"") -> PWEPL | I44: =IFERROR(_xlfn.XLOOKUP(Table5[[#This Row],[Affected WTG]],'Basic Data'!$A:$A,'Basic Data'!$C:$C),"") -> MSEDCL | J44: =IFERROR(_xlfn.XLOOKUP(Table5[[#This Row],[Affected WTG]],'Basic Data'!$A:$A,'Basic Data'!$E:$E),"") -> 0.022727273 | K44: CE100010 | L44: =IFERROR(_xlfn.XLOOKUP(Table5[[#This Row],[Error Code]],'Basic Data'!$W:$W,'Basic Data'!$X:$X),"Incorrect Error Code") -> Manual Stop - Preventive Maintenance Activity | M44: 12th Annual Maintenance Activity | O44: 0.63402778 | P44: 0.63402778 | Q44: 0.66875 | R44: =Q44-O44 -> 0.034722222 | S44: =(Table5[[#This Row],[Fault Clearance time]]-Table5[[#This Row],[Work Start TimeStamp]])*24 -> 0.83333333 | T44: =(Table5[[#This Row],[Fault Clearance time]]-Table5[[#This Row],[Fault Start TimeStamp]])*24 -> 0.83333333 | U44: DTA Maintenance activity completed | V44: Close | W44: =IFERROR(Table5[[#This Row],[Breakdown Time]]*Table5[[#This Row],[Plant Equivalent Weightage]],"") -> 0.018939394 | X44: WTG Scheduled Maintenance | Y44: P-07 | AA44: 377
A45: =A44+1 -> 44 | B45: =YEAR(Table5[[#This Row],[Date]])+IF(MONTH(Table5[[#This Row],[Date]])>=4,1,0) -> 2026 | C45: =YEAR(Table5[[#This Row],[Date]]) -> 2025 | D45: Year_3 | E45: =Table5[[#This Row],[Date]]-DAY(Table5[[#This Row],[Date]])+1 -> 45748 | F45: 45759 | G45: P-51 | H45: =IFERROR(_xlfn.XLOOKUP(Table5[[#This Row],[Affected WTG]],'Basic Data'!$A:$A,'Basic Data'!$B:$B),"") -> PWEPL | I45: =IFERROR(_xlfn.XLOOKUP(Table5[[#This Row],[Affected WTG]],'Basic Data'!$A:$A,'Basic Data'!$C:$C),"") -> MSEDCL | J45: =IFERROR(_xlfn.XLOOKUP(Table5[[#This Row],[Affected WTG]],'Basic Data'!$A:$A,'Basic Data'!$E:$E),"") -> 0.022727273 | K45: 60 | L45: =IFERROR(_xlfn.XLOOKUP(Table5[[#This Row],[Error Code]],'Basic Data'!$W:$W,'Basic Data'!$X:$X),"Incorrect Error Code") -> Yaw limit switch activated | M45: Yaw limit switch activated | O45: 0.69444444 | P45: 0.69444444 | Q45: 0.82638889 | R45: =Q45-O45 -> 0.13194444 | S45: =(Table5[[#This Row],[Fault Clearance time]]-Table5[[#This Row],[Work Start TimeStamp]])*24 -> 3.1666667 | T45: =(Table5[[#This Row],[Fault Clearance time]]-Table5[[#This Row],[Fault Start TimeStamp]])*24 -> 3.1666667 | U45: Cable Twist Release & Turbine Restored | V45: Close | W45: =IFERROR(Table5[[#This Row],[Breakdown Time]]*Table5[[#This Row],[Plant Equivalent Weightage]],"") -> 0.071969697 | X45: WTG Breakdown Maintenance | Y45: P-52 | AA45: 1092
A46: =A45+1 -> 45 | B46: =YEAR(Table5[[#This Row],[Date]])+IF(MONTH(Table5[[#This Row],[Date]])>=4,1,0) -> 2026 | C46: =YEAR(Table5[[#This Row],[Date]]) -> 2025 | D46: Year_3 | E46: =Table5[[#This Row],[Date]]-DAY(Table5[[#This Row],[Date]])+1 -> 45748 | F46: 45761 | G46: P-55 | H46: =IFERROR(_xlfn.XLOOKUP(Table5[[#This Row],[Affected WTG]],'Basic Data'!$A:$A,'Basic Data'!$B:$B),"") -> PWEPL | I46: =IFERROR(_xlfn.XLOOKUP(Table5[[#This Row],[Affected WTG]],'Basic Data'!$A:$A,'Basic Data'!$C:$C),"") -> MSEDCL | J46: =IFERROR(_xlfn.XLOOKUP(Table5[[#This Row],[Affected WTG]],'Basic Data'!$A:$A,'Basic Data'!$E:$E),"") -> 0.022727273 | K46: 3 | L46: =IFERROR(_xlfn.XLOOKUP(Table5[[#This Row],[Error Code]],'Basic Data'!$W:$W,'Basic Data'!$X:$X),"Incorrect Error Code") -> Manual Stop | M46: Gearbox Oil & Main Bering Grease Sample Collection work | O46: 0.43888889 | P46: 0.43888889 | Q46: 0.50555556 | R46: =Q46-O46 -> 0.066666667 | S46: =(Table5[[#This Row],[Fault Clearance time]]-Table5[[#This Row],[Work Start TimeStamp]])*24 -> 1.6 | T46: =(Table5[[#This Row],[Fault Clearance time]]-Table5[[#This Row],[Fault Start TimeStamp]])*24 -> 1.6 | U46: OIL & Grease sample collection work completed | V46: Close | W46: =IFERROR(Table5[[#This Row],[Breakdown Time]]*Table5[[#This Row],[Plant Equivalent Weightage]],"") -> 0.036363636 | X46: WTG Scheduled Maintenance | Y46: P-56 | AA46: 14
A47: =A46+1 -> 46 | B47: =YEAR(Table5[[#This Row],[Date]])+IF(MONTH(Table5[[#This Row],[Date]])>=4,1,0) -> 2026 | C47: =YEAR(Table5[[#This Row],[Date]]) -> 2025 | D47: Year_3 | E47: =Table5[[#This Row],[Date]]-DAY(Table5[[#This Row],[Date]])+1 -> 45748 | F47: 45761 | G47: P-45 | H47: =IFERROR(_xlfn.XLOOKUP(Table5[[#This Row],[Affected WTG]],'Basic Data'!$A:$A,'Basic Data'!$B:$B),"") -> PWEPL | I47: =IFERROR(_xlfn.XLOOKUP(Table5[[#This Row],[Affected WTG]],'Basic Data'!$A:$A,'Basic Data'!$C:$C),"") -> MSEDCL | J47: =IFERROR(_xlfn.XLOOKUP(Table5[[#This Row],[Affected WTG]],'Basic Data'!$A:$A,'Basic Data'!$E:$E),"") -> 0.022727273 | K47: 3 | L47: =IFERROR(_xlfn.XLOOKUP(Table5[[#This Row],[Error Code]],'Basic Data'!$W:$W,'Basic Data'!$X:$X),"Incorrect Error Code") -> Manual Stop | M47: Gearbox Oil & Main Bering Grease Sample Collection work | O47: 0.56388889 | P47: 0.56388889 | Q47: 0.60833333 | R47: =Q47-O47 -> 0.044444444 | S47: =(Table5[[#This Row],[Fault Clearance time]]-Table5[[#This Row],[Work Start TimeStamp]])*24 -> 1.0666667 | T47: =(Table5[[#This Row],[Fault Clearance time]]-Table5[[#This Row],[Fault Start TimeStamp]])*24 -> 1.0666667 | U47: OIL & Grease sample collection work completed | V47: Close | W47: =IFERROR(Table5[[#This Row],[Breakdown Time]]*Table5[[#This Row],[Plant Equivalent Weightage]],"") -> 0.024242424 | X47: WTG Scheduled Maintenance | Y47: P-46 | AA47: 232
A48: =A47+1 -> 47 | B48: =YEAR(Table5[[#This Row],[Date]])+IF(MONTH(Table5[[#This Row],[Date]])>=4,1,0) -> 2026 | C48: =YEAR(Table5[[#This Row],[Date]]) -> 2025 | D48: Year_3 | E48: =Table5[[#This Row],[Date]]-DAY(Table5[[#This Row],[Date]])+1 -> 45748 | F48: 45762 | G48: P-56 | H48: =IFERROR(_xlfn.XLOOKUP(Table5[[#This Row],[Affected WTG]],'Basic Data'!$A:$A,'Basic Data'!$B:$B),"") -> PWEPL | I48: =IFERROR(_xlfn.XLOOKUP(Table5[[#This Row],[Affected WTG]],'Basic Data'!$A:$A,'Basic Data'!$C:$C),"") -> MSEDCL | J48: =IFERROR(_xlfn.XLOOKUP(Table5[[#This Row],[Affected WTG]],'Basic Data'!$A:$A,'Basic Data'!$E:$E),"") -> 0.022727273 | K48: CE100010 | L48: =IFERROR(_xlfn.XLOOKUP(Table5[[#This Row],[Error Code]],'Basic Data'!$W:$W,'Basic Data'!$X:$X),"Incorrect Error Code") -> Manual Stop - Preventive Maintenance Activity | M48: 12th Annual Maintenance Activity | O48: 0.42291667 | P48: 0.42291667 | Q48: 0.73611111 | R48: =Q48-O48 -> 0.31319444 | S48: =(Table5[[#This Row],[Fault Clearance time]]-Table5[[#This Row],[Work Start TimeStamp]])*24 -> 7.5166667 | T48: =(Table5[[#This Row],[Fault Clearance time]]-Table5[[#This Row],[Fault Start TimeStamp]])*24 -> 7.5166667 | U48: 12th Annual Maintenance Day 1 Activity completed | V48: Close | W48: =IFERROR(Table5[[#This Row],[Breakdown Time]]*Table5[[#This Row],[Plant Equivalent Weightage]],"") -> 0.17083333 | X48: WTG Scheduled Maintenance | Y48: P-55 | AA48: 1493
A49: =A48+1 -> 48 | B49: =YEAR(Table5[[#This Row],[Date]])+IF(MONTH(Table5[[#This Row],[Date]])>=4,1,0) -> 2026 | C49: =YEAR(Table5[[#This Row],[Date]]) -> 2025 | D49: Year_3 | E49: =Table5[[#This Row],[Date]]-DAY(Table5[[#This Row],[Date]])+1 -> 45748 | F49: 45762 | G49: P-43 | H49: =IFERROR(_xlfn.XLOOKUP(Table5[[#This Row],[Affected WTG]],'Basic Data'!$A:$A,'Basic Data'!$B:$B),"") -> PWEPL | I49: =IFERROR(_xlfn.XLOOKUP(Table5[[#This Row],[Affected WTG]],'Basic Data'!$A:$A,'Basic Data'!$C:$C),"") -> MSEDCL | J49: =IFERROR(_xlfn.XLOOKUP(Table5[[#This Row],[Affected WTG]],'Basic Data'!$A:$A,'Basic Data'!$E:$E),"") -> 0.022727273 | K49: 3 | L49: =IFERROR(_xlfn.XLOOKUP(Table5[[#This Row],[Error Code]],'Basic Data'!$W:$W,'Basic Data'!$X:$X),"Incorrect Error Code") -> Manual Stop | M49: Hub door open | O49: 0.69375 | P49: 0.69375 | Q49: 0.71736111 | R49: =Q49-O49 -> 0.023611111 | S49: =(Table5[[#This Row],[Fault Clearance time]]-Table5[[#This Row],[Work Start TimeStamp]])*24 -> 0.56666667 | T49: =(Table5[[#This Row],[Fault Clearance time]]-Table5[[#This Row],[Fault Start TimeStamp]])*24 -> 0.56666667 | U49: hub door closing work complited | V49: Close | W49: =IFERROR(Table5[[#This Row],[Breakdown Time]]*Table5[[#This Row],[Plant Equivalent Weightage]],"") -> 0.012878788 | X49: WTG Breakdown Maintenance | Y49: P-27 | AA49: 137
A50: =A49+1 -> 49 | B50: =YEAR(Table5[[#This Row],[Date]])+IF(MONTH(Table5[[#This Row],[Date]])>=4,1,0) -> 2026 | C50: =YEAR(Table5[[#This Row],[Date]]) -> 2025 | D50: Year_3 | E50: =Table5[[#This Row],[Date]]-DAY(Table5[[#This Row],[Date]])+1 -> 45748 | F50: 45762 | G50: P-07 | H50: =IFERROR(_xlfn.XLOOKUP(Table5[[#This Row],[Affected WTG]],'Basic Data'!$A:$A,'Basic Data'!$B:$B),"") -> PWEPL | I50: =IFERROR(_xlfn.XLOOKUP(Table5[[#This Row],[Affected WTG]],'Basic Data'!$A:$A,'Basic Data'!$C:$C),"") -> MSEDCL | J50: =IFERROR(_xlfn.XLOOKUP(Table5[[#This Row],[Affected WTG]],'Basic Data'!$A:$A,'Basic Data'!$E:$E),"") -> 0.022727273 | K50: 430 | L50: =IFERROR(_xlfn.XLOOKUP(Table5[[#This Row],[Error Code]],'Basic Data'!$W:$W,'Basic Data'!$X:$X),"Incorrect Error Code") -> Yaw tooth sensor 1 timeout | M50: Yaw tooth sensor 1 timeout | O50: 0.73819444 | P50: 0.73819444 | Q50: 0.77083333 | R50: =Q50-O50 -> 0.032638889 | S50: =(Table5[[#This Row],[Fault Clearance time]]-Table5[[#This Row],[Work Start TimeStamp]])*24 -> 0.78333333 | T50: =(Table5[[#This Row],[Fault Clearance time]]-Table5[[#This Row],[Fault Start TimeStamp]])*24 -> 0.78333333 | U50: Grease cleaned from yaw sensor, Yaw teeth, Pinion. | V50: Close | W50: =IFERROR(Table5[[#This Row],[Breakdown Time]]*Table5[[#This Row],[Plant Equivalent Weightage]],"") -> 0.01780303 | X50: WTG Breakdown Maintenance | Y50: P-18 | AA50: 565
A51: =A50+1 -> 50 | B51: =YEAR(Table5[[#This Row],[Date]])+IF(MONTH(Table5[[#This Row],[Date]])>=4,1,0) -> 2026 | C51: =YEAR(Table5[[#This Row],[Date]]) -> 2025 | D51: Year_3 | E51: =Table5[[#This Row],[Date]]-DAY(Table5[[#This Row],[Date]])+1 -> 45748 | F51: 45763 | G51: P-56 | H51: =IFERROR(_xlfn.XLOOKUP(Table5[[#This Row],[Affected WTG]],'Basic Data'!$A:$A,'Basic Data'!$B:$B),"") -> PWEPL | I51: =IFERROR(_xlfn.XLOOKUP(Table5[[#This Row],[Affected WTG]],'Basic Data'!$A:$A,'Basic Data'!$C:$C),"") -> MSEDCL | J51: =IFERROR(_xlfn.XLOOKUP(Table5[[#This Row],[Affected WTG]],'Basic Data'!$A:$A,'Basic Data'!$E:$E),"") -> 0.022727273 | K51: CE100010 | L51: =IFERROR(_xlfn.XLOOKUP(Table5[[#This Row],[Error Code]],'Basic Data'!$W:$W,'Basic Data'!$X:$X),"Incorrect Error Code") -> Manual Stop - Preventive Maintenance Activity | M51: 12th Annual Maintenance Activity | O51: 0.4375 | P51: 0.4375 | Q51: 0.74375 | R51: =Q51-O51 -> 0.30625 | S51: =(Table5[[#This Row],[Fault Clearance time]]-Table5[[#This Row],[Work Start TimeStamp]])*24 -> 7.35 | T51: =(Table5[[#This Row],[Fault Clearance time]]-Table5[[#This Row],[Fault Start TimeStamp]])*24 -> 7.35 | U51: 12th Annual Maintenance Day 2 Activity completed | V51: Close | W51: =IFERROR(Table5[[#This Row],[Breakdown Time]]*Table5[[#This Row],[Plant Equivalent Weightage]],"") -> 0.16704545 | X51: WTG Scheduled Maintenance | Y51: P-55 | AA51: 2179
A52: =A51+1 -> 51 | B52: =YEAR(Table5[[#This Row],[Date]])+IF(MONTH(Table5[[#This Row],[Date]])>=4,1,0) -> 2026 | C52: =YEAR(Table5[[#This Row],[Date]]) -> 2025 | D52: Year_3 | E52: =Table5[[#This Row],[Date]]-DAY(Table5[[#This Row],[Date]])+1 -> 45748 | F52: 45763 | G52: P-38 | H52: =IFERROR(_xlfn.XLOOKUP(Table5[[#This Row],[Affected WTG]],'Basic Data'!$A:$A,'Basic Data'!$B:$B),"") -> PWEPL | I52: =IFERROR(_xlfn.XLOOKUP(Table5[[#This Row],[Affected WTG]],'Basic Data'!$A:$A,'Basic Data'!$C:$C),"") -> MSEDCL | J52: =IFERROR(_xlfn.XLOOKUP(Table5[[#This Row],[Affected WTG]],'Basic Data'!$A:$A,'Basic Data'!$E:$E),"") -> 0.022727273 | K52: 280 | L52: =IFERROR(_xlfn.XLOOKUP(Table5[[#This Row],[Error Code]],'Basic Data'!$W:$W,'Basic Data'!$X:$X),"Incorrect Error Code") -> Prepressure error, active brake | M52: Hydraulic brake test Accumulater pressure error | O52: 0.77777778 | P52: 0.77777778 | Q52: 0.79305556 | R52: =Q52-O52 -> 0.015277778 | S52: =(Table5[[#This Row],[Fault Clearance time]]-Table5[[#This Row],[Work Start TimeStamp]])*24 -> 0.36666667 | T52: =(Table5[[#This Row],[Fault Clearance time]]-Table5[[#This Row],[Fault Start TimeStamp]])*24 -> 0.36666667 | U52: Accumulater reaplaced & turbine restored | V52: Close | W52: =IFERROR(Table5[[#This Row],[Breakdown Time]]*Table5[[#This Row],[Plant Equivalent Weightage]],"") -> 0.0083333333 | X52: WTG Breakdown Maintenance | Y52: P-17 | AA52: 338
A53: =A52+1 -> 52 | B53: =YEAR(Table5[[#This Row],[Date]])+IF(MONTH(Table5[[#This Row],[Date]])>=4,1,0) -> 2026 | C53: =YEAR(Table5[[#This Row],[Date]]) -> 2025 | D53: Year_3 | E53: =Table5[[#This Row],[Date]]-DAY(Table5[[#This Row],[Date]])+1 -> 45748 | F53: 45764 | G53: P-55 | H53: =IFERROR(_xlfn.XLOOKUP(Table5[[#This Row],[Affected WTG]],'Basic Data'!$A:$A,'Basic Data'!$B:$B),"") -> PWEPL | I53: =IFERROR(_xlfn.XLOOKUP(Table5[[#This Row],[Affected WTG]],'Basic Data'!$A:$A,'Basic Data'!$C:$C),"") -> MSEDCL | J53: =IFERROR(_xlfn.XLOOKUP(Table5[[#This Row],[Affected WTG]],'Basic Data'!$A:$A,'Basic Data'!$E:$E),"") -> 0.022727273 | K53: CE100010 | L53: =IFERROR(_xlfn.XLOOKUP(Table5[[#This Row],[Error Code]],'Basic Data'!$W:$W,'Basic Data'!$X:$X),"Incorrect Error Code") -> Manual Stop - Preventive Maintenance Activity | M53: 12th Annual Maintenance Activity | O53: 0.42361111 | P53: 0.42361111 | Q53: 0.81666667 | R53: =Q53-O53 -> 0.39305556 | S53: =(Table5[[#This Row],[Fault Clearance time]]-Table5[[#This Row],[Work Start TimeStamp]])*24 -> 9.4333333 | T53: =(Table5[[#This Row],[Fault Clearance time]]-Table5[[#This Row],[Fault Start TimeStamp]])*24 -> 9.4333333 | U53: 12th Annual Maintenance Activity completed | V53: Close | W53: =IFERROR(Table5[[#This Row],[Breakdown Time]]*Table5[[#This Row],[Plant Equivalent Weightage]],"") -> 0.21439394 | X53: WTG Scheduled Maintenance | Y53: P-56 | AA53: 3485
A54: =A53+1 -> 53 | B54: =YEAR(Table5[[#This Row],[Date]])+IF(MONTH(Table5[[#This Row],[Date]])>=4,1,0) -> 2026 | C54: =YEAR(Table5[[#This Row],[Date]]) -> 2025 | D54: Year_3 | E54: =Table5[[#This Row],[Date]]-DAY(Table5[[#This Row],[Date]])+1 -> 45748 | F54: 45764 | G54: P-26 | H54: =IFERROR(_xlfn.XLOOKUP(Table5[[#This Row],[Affected WTG]],'Basic Data'!$A:$A,'Basic Data'!$B:$B),"") -> PWEPL | I54: =IFERROR(_xlfn.XLOOKUP(Table5[[#This Row],[Affected WTG]],'Basic Data'!$A:$A,'Basic Data'!$C:$C),"") -> MSEDCL | J54: =IFERROR(_xlfn.XLOOKUP(Table5[[#This Row],[Affected WTG]],'Basic Data'!$A:$A,'Basic Data'!$E:$E),"") -> 0.022727273 | K54: 123 | L54: =IFERROR(_xlfn.XLOOKUP(Table5[[#This Row],[Error Code]],'Basic Data'!$W:$W,'Basic Data'!$X:$X),"Incorrect Error Code") -> Generator carbon brush warn | M54: Generator carbon brush warn | O54: 0.70208333 | P54: 0.70208333 | Q54: 0.73819444 | R54: =Q54-O54 -> 0.036111111 | S54: =(Table5[[#This Row],[Fault Clearance time]]-Table5[[#This Row],[Work Start TimeStamp]])*24 -> 0.86666667 | T54: =(Table5[[#This Row],[Fault Clearance time]]-Table5[[#This Row],[Fault Start TimeStamp]])*24 -> 0.86666667 | U54: generator carbon brush limit switch connection tight properly | V54: Close | W54: =IFERROR(Table5[[#This Row],[Breakdown Time]]*Table5[[#This Row],[Plant Equivalent Weightage]],"") -> 0.01969697 | X54: WTG Breakdown Maintenance | Y54: P-25 | AA54: 280
A55: =A54+1 -> 54 | B55: =YEAR(Table5[[#This Row],[Date]])+IF(MONTH(Table5[[#This Row],[Date]])>=4,1,0) -> 2026 | C55: =YEAR(Table5[[#This Row],[Date]]) -> 2025 | D55: Year_3 | E55: =Table5[[#This Row],[Date]]-DAY(Table5[[#This Row],[Date]])+1 -> 45748 | F55: 45765 | G55: P-45 | H55: =IFERROR(_xlfn.XLOOKUP(Table5[[#This Row],[Affected WTG]],'Basic Data'!$A:$A,'Basic Data'!$B:$B),"") -> PWEPL | I55: =IFERROR(_xlfn.XLOOKUP(Table5[[#This Row],[Affected WTG]],'Basic Data'!$A:$A,'Basic Data'!$C:$C),"") -> MSEDCL | J55: =IFERROR(_xlfn.XLOOKUP(Table5[[#This Row],[Affected WTG]],'Basic Data'!$A:$A,'Basic Data'!$E:$E),"") -> 0.022727273 | K55: CE100010 | L55: =IFERROR(_xlfn.XLOOKUP(Table5[[#This Row],[Error Code]],'Basic Data'!$W:$W,'Basic Data'!$X:$X),"Incorrect Error Code") -> Manual Stop - Preventive Maintenance Activity | M55: 12th Annual Maintenance Activity | O55: 0.42291667 | P55: 0.42291667 | Q55: 0.79583333 | R55: =Q55-O55 -> 0.37291667 | S55: =(Table5[[#This Row],[Fault Clearance time]]-Table5[[#This Row],[Work Start TimeStamp]])*24 -> 8.95 | T55: =(Table5[[#This Row],[Fault Clearance time]]-Table5[[#This Row],[Fault Start TimeStamp]])*24 -> 8.95 | U55: 12th Annual Maintenance Activity completed | V55: Close | W55: =IFERROR(Table5[[#This Row],[Breakdown Time]]*Table5[[#This Row],[Plant Equivalent Weightage]],"") -> 0.20340909 | X55: WTG Scheduled Maintenance | Y55: P-46 | AA55: 3194
A56: =A55+1 -> 55 | B56: =YEAR(Table5[[#This Row],[Date]])+IF(MONTH(Table5[[#This Row],[Date]])>=4,1,0) -> 2026 | C56: =YEAR(Table5[[#This Row],[Date]]) -> 2025 | D56: Year_3 | E56: =Table5[[#This Row],[Date]]-DAY(Table5[[#This Row],[Date]])+1 -> 45748 | F56: 45765 | G56: P-51 | H56: =IFERROR(_xlfn.XLOOKUP(Table5[[#This Row],[Affected WTG]],'Basic Data'!$A:$A,'Basic Data'!$B:$B),"") -> PWEPL | I56: =IFERROR(_xlfn.XLOOKUP(Table5[[#This Row],[Affected WTG]],'Basic Data'!$A:$A,'Basic Data'!$C:$C),"") -> MSEDCL | J56: =IFERROR(_xlfn.XLOOKUP(Table5[[#This Row],[Affected WTG]],'Basic Data'!$A:$A,'Basic Data'!$E:$E),"") -> 0.022727273 | K56: 60 | L56: =IFERROR(_xlfn.XLOOKUP(Table5[[#This Row],[Error Code]],'Basic Data'!$W:$W,'Basic Data'!$X:$X),"Incorrect Error Code") -> Yaw limit switch activated | M56: Yaw limit switch activated | O56: 0.44652778 | P56: 0.44652778 | Q56: 0.55486111 | R56: =Q56-O56 -> 0.10833333 | S56: =(Table5[[#This Row],[Fault Clearance time]]-Table5[[#This Row],[Work Start TimeStamp]])*24 -> 2.6 | T56: =(Table5[[#This Row],[Fault Clearance time]]-Table5[[#This Row],[Fault Start TimeStamp]])*24 -> 2.6 | U56: Cable Twist Release & Turbine Restored | V56: Close | W56: =IFERROR(Table5[[#This Row],[Breakdown Time]]*Table5[[#This Row],[Plant Equivalent Weightage]],"") -> 0.059090909 | X56: WTG Breakdown Maintenance | Y56: P-52 | AA56: 81
A57: =A56+1 -> 56 | B57: =YEAR(Table5[[#This Row],[Date]])+IF(MONTH(Table5[[#This Row],[Date]])>=4,1,0) -> 2026 | C57: =YEAR(Table5[[#This Row],[Date]]) -> 2025 | D57: Year_3 | E57: =Table5[[#This Row],[Date]]-DAY(Table5[[#This Row],[Date]])+1 -> 45748 | F57: 45765 | G57: P-23 | H57: =IFERROR(_xlfn.XLOOKUP(Table5[[#This Row],[Affected WTG]],'Basic Data'!$A:$A,'Basic Data'!$B:$B),"") -> PWEPL | I57: =IFERROR(_xlfn.XLOOKUP(Table5[[#This Row],[Affected WTG]],'Basic Data'!$A:$A,'Basic Data'!$C:$C),"") -> MSEDCL | J57: =IFERROR(_xlfn.XLOOKUP(Table5[[#This Row],[Affected WTG]],'Basic Data'!$A:$A,'Basic Data'!$E:$E),"") -> 0.022727273 | K57: CE100017 | L57: =IFERROR(_xlfn.XLOOKUP(Table5[[#This Row],[Error Code]],'Basic Data'!$W:$W,'Basic Data'!$X:$X),"Incorrect Error Code") -> UPS breakdown | M57: UPS fault | O57: 0.70208333 | P57: 0.70208333 | Q57: 0.70833333 | R57: =Q57-O57 -> 0.00625 | S57: =(Table5[[#This Row],[Fault Clearance time]]-Table5[[#This Row],[Work Start TimeStamp]])*24 -> 0.15 | T57: =(Table5[[#This Row],[Fault Clearance time]]-Table5[[#This Row],[Fault Start TimeStamp]])*24 -> 0.15 | U57: Replaced UPS Battery Bank | V57: Close | W57: =IFERROR(Table5[[#This Row],[Breakdown Time]]*Table5[[#This Row],[Plant Equivalent Weightage]],"") -> 0.0034090909 | X57: WTG Breakdown Maintenance | Y57: P-22 | AA57: 164
A58: =A57+1 -> 57 | B58: =YEAR(Table5[[#This Row],[Date]])+IF(MONTH(Table5[[#This Row],[Date]])>=4,1,0) -> 2026 | C58: =YEAR(Table5[[#This Row],[Date]]) -> 2025 | D58: Year_3 | E58: =Table5[[#This Row],[Date]]-DAY(Table5[[#This Row],[Date]])+1 -> 45748 | F58: 45766 | G58: P-46 | H58: =IFERROR(_xlfn.XLOOKUP(Table5[[#This Row],[Affected WTG]],'Basic Data'!$A:$A,'Basic Data'!$B:$B),"") -> PWEPL | I58: =IFERROR(_xlfn.XLOOKUP(Table5[[#This Row],[Affected WTG]],'Basic Data'!$A:$A,'Basic Data'!$C:$C),"") -> MSEDCL | J58: =IFERROR(_xlfn.XLOOKUP(Table5[[#This Row],[Affected WTG]],'Basic Data'!$A:$A,'Basic Data'!$E:$E),"") -> 0.022727273 | K58: CE100010 | L58: =IFERROR(_xlfn.XLOOKUP(Table5[[#This Row],[Error Code]],'Basic Data'!$W:$W,'Basic Data'!$X:$X),"Incorrect Error Code") -> Manual Stop - Preventive Maintenance Activity | M58: 12th Annual Maintenance Activity | O58: 0.40833333 | P58: 0.40833333 | Q58: 0.76388889 | R58: =Q58-O58 -> 0.35555556 | S58: =(Table5[[#This Row],[Fault Clearance time]]-Table5[[#This Row],[Work Start TimeStamp]])*24 -> 8.5333333 | T58: =(Table5[[#This Row],[Fault Clearance time]]-Table5[[#This Row],[Fault Start TimeStamp]])*24 -> 8.5333333 | U58: 12th Annual Maintenance Activity completed | V58: Close | W58: =IFERROR(Table5[[#This Row],[Breakdown Time]]*Table5[[#This Row],[Plant Equivalent Weightage]],"") -> 0.19393939 | X58: WTG Scheduled Maintenance | Y58: P-45 | AA58: 2942
