Workbook

Sheet Daily Dashboard
A1: 10 MW ES Energy Private Limited Performance Summary
A2: Month | B2: 45870
A3: Date | B3: 45871
A4: Operation Year | B4: FY2025-26
A5: Year Start Date | B5: 45748
A6: Year End Date | B6: 46112
A8: Sr. No. | B8: Particular | C8: Target | D8: Measured | E8: Deviation | F8: Remarks
A9: 1 | B9: E_Grid Daily (MWh) | C9: =_xlfn.XLOOKUP($B$3,'Daily KPI'!$A:$A,'Daily KPI'!AD:AD)/1000 -> 33.012257 | D9: =_xlfn.XLOOKUP($B$3,'Daily KPI'!$A:$A,'Daily KPI'!AA:AA)/1000 -> 42.33402 | E9: =-(C9-D9)/C9 -> 0.2823728
B10: E_Grid MTD(MWh) | C10: =_xlfn.XLOOKUP($B$2,'Modelling New'!$D:$D,'Modelling New'!U:U) -> 66.024514 | D10: ='Monthly KPI'!$F$4 -> 71.42796 | E10: =-(C10-D10)/C10 -> 0.081840004
B11: E_Grid YTD (MWh) | C11: =_xlfn.XLOOKUP($B$2,'Modelling New'!$D:$D,'Modelling New'!V:V) -> 5321.2008 | D11: ='Annual KPI'!$F$4 -> 4932.9495 | E11: =-(C11-D11)/C11 -> -0.072963089
A12: 2 | B12: CUF Daily(%) | C12: =_xlfn.XLOOKUP($B3,'Daily KPI'!$A:$A,'Daily KPI'!$AF:$AF) -> 0.13091374 | D12: =_xlfn.XLOOKUP($B$3,'Daily KPI'!$A:$A,'Daily KPI'!W:W) -> 0.16788022 | E12: =-(C12-D12)/C12 -> 0.2823728
B13: CUF MTD(%) | C13: =_xlfn.XLOOKUP($B$2,'Modelling New'!$D:$D,'Modelling New'!X:X) -> 0.13091374 | D13: ='Monthly KPI'!J4 -> 0.14162772 | E13: =-(C13-D13)/C13 -> 0.081840004
B14: CUF YTD(%) | C14: =_xlfn.XLOOKUP($B$2,'Modelling New'!$D:$D,'Modelling New'!Y:Y) -> 0.17017587 | D14: ='Annual KPI'!J4 -> 0.15775932 | E14: =-(C14-D14)/C14 -> -0.072963089
A15: 3 | B15: PR_Daily (%) | C15: =_xlfn.XLOOKUP($B$3,'Daily KPI'!$A:$A,'Daily KPI'!AE:AE) -> 0.70656621 | D15: =_xlfn.XLOOKUP($B$3,'Daily KPI'!$A:$A,'Daily KPI'!U:U) -> 0.71501781 | E15: =-(C15-D15)/C15 -> 0.011961507
B16: PR_MTD (%) | C16: ='Monthly KPI'!$G$4 -> 0.70656621 | D16: ='Monthly KPI'!$H$4 -> 0.7171024 | E16: =-(C16-D16)/C16 -> 0.014911825
B17: PR_YTD (%) | C17: ='Annual KPI'!$G$4 -> 0.6829102 | D17: ='Annual KPI'!$H$4 -> 0.71620009 | E17: =-(C17-D17)/C17 -> 0.048747098
A18: 4 | B18: POA Daily (KWh/m2) | C18: =_xlfn.XLOOKUP($B$3,'Daily KPI'!$A:$A,'Daily KPI'!AC:AC) -> 4.4467593 | D18: =_xlfn.XLOOKUP($B$3,'Daily KPI'!$A:$A,'Daily KPI'!I:I) -> 5.635 | E18: =-(C18-D18)/C18 -> 0.26721499
B19: POA MTD(KWh/m2) | C19: =_xlfn.XLOOKUP($B$2,'Modelling New'!$D:$D,'Modelling New'!R:R) -> 8.8935185 | D19: ='Monthly KPI'!$D$4 -> 9.48 | E19: =-(C19-D19)/C19 -> 0.065944822
B20: POA YTD(KWh/m2) | C20: =_xlfn.XLOOKUP($B$2,'Modelling New'!$D:$D,'Modelling New'!S:S) -> 741.59588 | D20: ='Annual KPI'!$D$4 -> 655.5315 | E20: =-(C20-D20)/C20 -> -0.11605294
A21: 5 | B21: PA Daily (%) | C21: =_xlfn.XLOOKUP($B$3,'Daily KPI'!$A:$A,'Daily KPI'!AG:AG) -> 0.995 | D21: =_xlfn.XLOOKUP($B$3,'Daily KPI'!$A:$A,'Daily KPI'!O:O) -> 0.99180021 | E21: =-(C21-D21)/C21 -> -0.0032158693
B22: PA MTD(%) | C22: =_xlfn.XLOOKUP($B$2,'Modelling New'!$D:$D,'Modelling New'!AD:AD) -> 0.995 | D22: ='Monthly KPI'!$N$4 -> 0.99590011 | E22: =-(C22-D22)/C22 -> 0.00090462814
B23: PA YTD(%) | C23: =_xlfn.XLOOKUP($B$2,'Modelling New'!$D:$D,'Modelling New'!AD:AD) -> 0.995 | D23: ='Annual KPI'!$N$4 -> 0.99394742 | E23: =-(C23-D23)/C23 -> -0.0010578728
A24: 6 | B24: GA Daily (%) | C24: =_xlfn.XLOOKUP($B$3,'Daily KPI'!$A:$A,'Daily KPI'!AH:AH) -> 0.997 | D24: =_xlfn.XLOOKUP($B$3,'Daily KPI'!$A:$A,'Daily KPI'!R:R) -> 1 | E24: =-(C24-D24)/C24 -> 0.0030090271
B25: GA MTD(%) | C25: =_xlfn.XLOOKUP($B$2,'Modelling New'!$D:$D,'Modelling New'!AE:AE) -> 0.997 | D25: ='Monthly KPI'!$L$4 -> 1 | E25: =-(C25-D25)/C25 -> 0.0030090271
B26: GA YTD(%) | C26: =_xlfn.XLOOKUP($B$2,'Modelling New'!$D:$D,'Modelling New'!AE:AE) -> 0.997 | D26: ='Annual KPI'!$L$4 -> 0.9917799 | E26: =-(C26-D26)/C26 -> -0.005235807
A27: 7 | B27: TA Daily (%) | C27: =_xlfn.XLOOKUP($B$2,'Modelling New'!$D:$D,'Modelling New'!AF:AF) -> 0.999 | D27: =_xlfn.XLOOKUP($B$3,'Daily KPI'!$A:$A,'Daily KPI'!T:T) -> 1 | E27: =-(C27-D27)/C27 -> 0.001001001
B28: TA MTD(%) | C28: =_xlfn.XLOOKUP($B$2,'Modelling New'!$D:$D,'Modelling New'!AF:AF) -> 0.999 | D28: ='Monthly KPI'!$P$4 -> 1 | E28: =-(C28-D28)/C28 -> 0.001001001
B29: TA YTD(%) | C29: =_xlfn.XLOOKUP($B$2,'Modelling New'!$D:$D,'Modelling New'!AF:AF) -> 0.999 | D29: ='Annual KPI'!$P$4 -> 1 | E29: =-(C29-D29)/C29 -> 0.001001001

Sheet Modelling New
A1: Sr. No. | B1: Month Name | C1: Month Number | D1: Month | E1: CY | F1: FY | G1: No. of Days in Month | H1: GHI | I1: POA | J1: WS | K1: Tamb | L1: Tmod | M1: Egrid (MWh) | N1: Bugt_Capacity | O1: PR | P1: Daily POA | Q1: Days Operated | R1: MTD POA | S1: YTD POA | T1: Daily Energy (MWh) | U1: MTD Energy (MWh) | V1: YTD Energy (MWh) | W1: Bugt CUF (%) | X1: Bugt CUF (%) MTD | Y1: Bugt CUF (%)YTD | Z1: Ave. Cap MTD | AA1: Ave. Cap YTD | AB1: CC Energy MTD | AC1: WS_YTD | AD1: Bugt PA | AE1: Bugt EGA | AF1: Bugt TA | AG1: Bugt MA | AH1: Bugt IGA | AI1: Corelation | AJ1: Bugt Line loss | AK1: Bugt Reactive Power | AL1: Bugt Capacity | AM1: CC*Bugt | AO1: DC Capacity | AP1: 10.507
A2: 1 | B2: April | C2: 4 | D2: 44652 | E2: =YEAR(D2) -> 2022 | F2: FY23 | G2: =DAY(EOMONTH(D2,0)) -> 30 | H2: 192.7392 | I2: 227.6882 | K2: 27.499986 | M2: 1670.3636 | N2: 10.507 | O2: =M2/I2/N2 -> 0.69821915 | P2: =I2/G2 -> 7.5896068 | Q2: =COUNTIFS('Daily KPI'!D:D,D2,'Daily KPI'!K:K,">0") -> 0 | R2: =I2/G2*Q2 -> 0 | S2: =SUMIF($F$2:F2,F2,$R$2:R2) -> 0 | T2: =M2/G2 -> 55.678787 | U2: =M2/G2*Q2 -> 0 | V2: =SUMIF($F$2:F2,F2,$U$2:U2) -> 0 | W2: =T2/(24*N2) -> 0.22080037 | X2: =IFERROR(U2/(24*N2*Q2),"") | Y2: =IFERROR(V2/(24*N2*SUMIFS($Q:$Q,$F:$F,$F2,$D:$D,"<="&D2)),"") | Z2: =IFERROR(AVERAGEIF('Daily KPI'!D:D,Table14[[#This Row],[Month]],'Daily KPI'!AB:AB),"") | AA2: =IFERROR(AVERAGEIF($F$2:F2,F2,$Z$2:Z2),"") | AD2: 0.995 | AE2: 0.997 | AF2: 0.999 | AW2: 1670363.6 | AX2: =AW2/1000 -> 1670.3636
A3: =A2+1 -> 2 | B3: May | C3: 5 | D3: 44682 | E3: =YEAR(D3) -> 2022 | F3: FY23 | G3: =DAY(EOMONTH(D3,0)) -> 31 | H3: 184.49337 | I3: 215.54431 | K3: 26.700081 | M3: 1602.1141 | N3: 10.507 | O3: =M3/I3/N3 -> 0.70742132 | P3: =I3/G3 -> 6.9530422 | Q3: =COUNTIFS('Daily KPI'!D:D,D3,'Daily KPI'!K:K,">0") -> 0 | R3: =I3/G3*Q3 -> 0 | S3: =SUMIF($F$2:F3,F3,$R$2:R3) -> 0 | T3: =M3/G3 -> 51.681099 | U3: =M3/G3*Q3 -> 0 | V3: =SUMIF($F$2:F3,F3,$U$2:U3) -> 0 | W3: =T3/(24*N3) -> 0.2049471 | X3: =IFERROR(U3/(24*N3*Q3),"") | Y3: =IFERROR(V3/(24*N3*SUMIFS($Q:$Q,$F:$F,$F3,$D:$D,"<="&D3)),"") | Z3: =IFERROR(AVERAGEIF('Daily KPI'!D:D,Table14[[#This Row],[Month]],'Daily KPI'!AB:AB),"") | AA3: =IFERROR(AVERAGEIF($F$2:F3,F3,$Z$2:Z3),"") | AD3: 0.995 | AE3: 0.997 | AF3: 0.999 | AW3: 1602114.1 | AX3: =AW3/1000 -> 1602.1141
A4: =A3+1 -> 3 | B4: June | C4: 6 | D4: 44713 | E4: =YEAR(D4) -> 2022 | F4: FY23 | G4: =DAY(EOMONTH(D4,0)) -> 30 | H4: 140.1651 | I4: 157.11702 | K4: 24.699889 | M4: 1181.2419 | N4: 10.507 | O4: =M4/I4/N4 -> 0.71554492 | P4: =I4/G4 -> 5.237234 | Q4: =COUNTIFS('Daily KPI'!D:D,D4,'Daily KPI'!K:K,">0") -> 0 | R4: =I4/G4*Q4 -> 0 | S4: =SUMIF($F$2:F4,F4,$R$2:R4) -> 0 | T4: =M4/G4 -> 39.374732 | U4: =M4/G4*Q4 -> 0 | V4: =SUMIF($F$2:F4,F4,$U$2:U4) -> 0 | W4: =T4/(24*N4) -> 0.15614484 | X4: =IFERROR(U4/(24*N4*Q4),"") | Y4: =IFERROR(V4/(24*N4*SUMIFS($Q:$Q,$F:$F,$F4,$D:$D,"<="&D4)),"") | Z4: =IFERROR(AVERAGEIF('Daily KPI'!D:D,Table14[[#This Row],[Month]],'Daily KPI'!AB:AB),"") | AA4: =IFERROR(AVERAGEIF($F$2:F4,F4,$Z$2:Z4),"") | AD4: 0.995 | AE4: 0.997 | AF4: 0.999 | AW4: 1181241.9 | AX4: =AW4/1000 -> 1181.2419
A5: =A4+1 -> 4 | B5: July | C5: 7 | D5: 44743 | E5: =YEAR(D5) -> 2022 | F5: FY23 | G5: =DAY(EOMONTH(D5,0)) -> 31 | H5: 122.3162 | I5: 132.35283 | K5: 23.799973 | M5: 991.36824 | N5: 10.507 | O5: =M5/I5/N5 -> 0.71289083 | P5: =I5/G5 -> 4.2694462 | Q5: =COUNTIFS('Daily KPI'!D:D,D5,'Daily KPI'!K:K,">0") -> 0 | R5: =I5/G5*Q5 -> 0 | S5: =SUMIF($F$2:F5,F5,$R$2:R5) -> 0 | T5: =M5/G5 -> 31.979621 | U5: =M5/G5*Q5 -> 0 | V5: =SUMIF($F$2:F5,F5,$U$2:U5) -> 0 | W5: =T5/(24*N5) -> 0.12681871 | X5: =IFERROR(U5/(24*N5*Q5),"") | Y5: =IFERROR(V5/(24*N5*SUMIFS($Q:$Q,$F:$F,$F5,$D:$D,"<="&D5)),"") | Z5: =IFERROR(AVERAGEIF('Daily KPI'!D:D,Table14[[#This Row],[Month]],'Daily KPI'!AB:AB),"") | AA5: =IFERROR(AVERAGEIF($F$2:F5,F5,$Z$2:Z5),"") | AD5: 0.995 | AE5: 0.997 | AF5: 0.999 | AW5: 991368.24 | AX5: =AW5/1000 -> 991.36824
A6: =A5+1 -> 5 | B6: August | C6: 8 | D6: 44774 | E6: =YEAR(D6) -> 2022 | F6: FY23 | G6: =DAY(EOMONTH(D6,0)) -> 31 | H6: 126.29284 | I6: 137.84954 | K6: 23.600054 | M6: 1037.7429 | N6: 10.507 | O6: =M6/I6/N6 -> 0.71648275 | P6: =I6/G6 -> 4.4467593 | Q6: =COUNTIFS('Daily KPI'!D:D,D6,'Daily KPI'!K:K,">0") -> 0 | R6: =I6/G6*Q6 -> 0 | S6: =SUMIF($F$2:F6,F6,$R$2:R6) -> 0 | T6: =M6/G6 -> 33.475578 | U6: =M6/G6*Q6 -> 0 | V6: =SUMIF($F$2:F6,F6,$U$2:U6) -> 0 | W6: =T6/(24*N6) -> 0.1327511 | X6: =IFERROR(U6/(24*N6*Q6),"") | Y6: =IFERROR(V6/(24*N6*SUMIFS($Q:$Q,$F:$F,$F6,$D:$D,"<="&D6)),"") | Z6: =IFERROR(AVERAGEIF('Daily KPI'!D:D,Table14[[#This Row],[Month]],'Daily KPI'!AB:AB),"") | AA6: =IFERROR(AVERAGEIF($F$2:F6,F6,$Z$2:Z6),"") | AD6: 0.995 | AE6: 0.997 | AF6: 0.999 | AO6: For wind EGA | AP6: 0.995 | AW6: 1037742.9 | AX6: =AW6/1000 -> 1037.7429
A7: =A6+1 -> 6 | B7: September | C7: 9 | D7: 44805 | E7: =YEAR(D7) -> 2022 | F7: FY23 | G7: =DAY(EOMONTH(D7,0)) -> 30 | H7: 144.04475 | I7: 163.04046 | K7: 23.700139 | M7: 1224.9917 | N7: 10.507 | O7: =M7/I7/N7 -> 0.71508721 | P7: =I7/G7 -> 5.4346819 | Q7: =COUNTIFS('Daily KPI'!D:D,D7,'Daily KPI'!K:K,">0") -> 0 | R7: =I7/G7*Q7 -> 0 | S7: =SUMIF($F$2:F7,F7,$R$2:R7) -> 0 | T7: =M7/G7 -> 40.833055 | U7: =M7/G7*Q7 -> 0 | V7: =SUMIF($F$2:F7,F7,$U$2:U7) -> 0 | W7: =T7/(24*N7) -> 0.16192798 | X7: =IFERROR(U7/(24*N7*Q7),"") | Y7: =IFERROR(V7/(24*N7*SUMIFS($Q:$Q,$F:$F,$F7,$D:$D,"<="&D7)),"") | Z7: =IFERROR(AVERAGEIF('Daily KPI'!D:D,Table14[[#This Row],[Month]],'Daily KPI'!AB:AB),"") | AA7: =IFERROR(AVERAGEIF($F$2:F7,F7,$Z$2:Z7),"") | AD7: 0.995 | AE7: 0.997 | AF7: 0.999 | AO7: Wind PA equal Bugt PA for wind | AW7: 1224991.7 | AX7: =AW7/1000 -> 1224.9917
A8: =A7+1 -> 7 | B8: October | C8: 10 | D8: 44835 | E8: =YEAR(D8) -> 2022 | F8: FY23 | G8: =DAY(EOMONTH(D8,0)) -> 31 | H8: 146.56699 | I8: 169.41865 | K8: 23.399852 | M8: 1279.2413 | N8: 10.507 | O8: =M8/I8/N8 -> 0.71864186 | P8: =I8/G8 -> 5.4651178 | Q8: =COUNTIFS('Daily KPI'!D:D,D8,'Daily KPI'!K:K,">0") -> 0 | R8: =I8/G8*Q8 -> 0 | S8: =SUMIF($F$2:F8,F8,$R$2:R8) -> 0 | T8: =M8/G8 -> 41.265848 | U8: =M8/G8*Q8 -> 0 | V8: =SUMIF($F$2:F8,F8,$U$2:U8) -> 0 | W8: =T8/(24*N8) -> 0.16364427 | X8: =IFERROR(U8/(24*N8*Q8),"") | Y8: =IFERROR(V8/(24*N8*SUMIFS($Q:$Q,$F:$F,$F8,$D:$D,"<="&D8)),"") | Z8: =IFERROR(AVERAGEIF('Daily KPI'!D:D,Table14[[#This Row],[Month]],'Daily KPI'!AB:AB),"") | AA8: =IFERROR(AVERAGEIF($F$2:F8,F8,$Z$2:Z8),"") | AD8: 0.995 | AE8: 0.997 | AF8: 0.999 | AW8: 1279241.3 | AX8: =AW8/1000 -> 1279.2413
A9: =A8+1 -> 8 | B9: November | C9: 11 | D9: 44866 | E9: =YEAR(D9) -> 2022 | F9: FY23 | G9: =DAY(EOMONTH(D9,0)) -> 30 | H9: 136.38301 | I9: 157.92066 | K9: 22.499958 | M9: 1206.6168 | N9: 10.507 | O9: =M9/I9/N9 -> 0.72719635 | P9: =I9/G9 -> 5.2640218 | Q9: =COUNTIFS('Daily KPI'!D:D,D9,'Daily KPI'!K:K,">0") -> 0 | R9: =I9/G9*Q9 -> 0 | S9: =SUMIF($F$2:F9,F9,$R$2:R9) -> 0 | T9: =M9/G9 -> 40.220559 | U9: =M9/G9*Q9 -> 0 | V9: =SUMIF($F$2:F9,F9,$U$2:U9) -> 0 | W9: =T9/(24*N9) -> 0.15949906 | X9: =IFERROR(U9/(24*N9*Q9),"") | Y9: =IFERROR(V9/(24*N9*SUMIFS($Q:$Q,$F:$F,$F9,$D:$D,"<="&D9)),"") | Z9: =IFERROR(AVERAGEIF('Daily KPI'!D:D,Table14[[#This Row],[Month]],'Daily KPI'!AB:AB),"") | AA9: =IFERROR(AVERAGEIF($F$2:F9,F9,$Z$2:Z9),"") | AD9: 0.995 | AE9: 0.997 | AF9: 0.999 | AW9: 1206616.8 | AX9: =AW9/1000 -> 1206.6168
A10: =A9+1 -> 9 | B10: December | C10: 12 | D10: 44896 | E10: =YEAR(D10) -> 2022 | F10: FY23 | G10: =DAY(EOMONTH(D10,0)) -> 31 | H10: 149.37928 | I10: 175.8024 | K10: 21.49297 | M10: 1343.1158 | N10: 10.507 | O10: =M10/I10/N10 -> 0.72712644 | P10: =I10/G10 -> 5.6710452 | Q10: =COUNTIFS('Daily KPI'!D:D,D10,'Daily KPI'!K:K,">0") -> 0 | R10: =I10/G10*Q10 -> 0 | S10: =SUMIF($F$2:F10,F10,$R$2:R10) -> 0 | T10: =M10/G10 -> 43.326318 | U10: =M10/G10*Q10 -> 0 | V10: =SUMIF($F$2:F10,F10,$U$2:U10) -> 0 | W10: =T10/(24*N10) -> 0.17181529 | X10: =IFERROR(U10/(24*N10*Q10),"") | Y10: =IFERROR(V10/(24*N10*SUMIFS($Q:$Q,$F:$F,$F10,$D:$D,"<="&D10)),"") | Z10: =IFERROR(AVERAGEIF('Daily KPI'!D:D,Table14[[#This Row],[Month]],'Daily KPI'!AB:AB),"") | AA10: =IFERROR(AVERAGEIF($F$2:F10,F10,$Z$2:Z10),"") | AD10: 0.995 | AE10: 0.997 | AF10: 0.999 | AW10: 1343115.8 | AX10: =AW10/1000 -> 1343.1158
A11: =A10+1 -> 10 | B11: January | C11: 1 | D11: 44927 | E11: =YEAR(D11) -> 2023 | F11: FY23 | G11: =DAY(EOMONTH(D11,0)) -> 31 | H11: 172.65915 | I11: 210.74159 | K11: 22.099987 | M11: 1607.364 | N11: 10.507 | O11: =M11/I11/N11 -> 0.72591417 | P11: =I11/G11 -> 6.7981157 | Q11: =COUNTIFS('Daily KPI'!D:D,D11,'Daily KPI'!K:K,">0") -> 0 | R11: =I11/G11*Q11 -> 0 | S11: =SUMIF($F$2:F11,F11,$R$2:R11) -> 0 | T11: =M11/G11 -> 51.850453 | U11: =M11/G11*Q11 -> 0 | V11: =SUMIF($F$2:F11,F11,$U$2:U11) -> 0 | W11: =T11/(24*N11) -> 0.20561869 | X11: =IFERROR(U11/(24*N11*Q11),"") | Y11: =IFERROR(V11/(24*N11*SUMIFS($Q:$Q,$F:$F,$F11,$D:$D,"<="&D11)),"") | Z11: =IFERROR(AVERAGEIF('Daily KPI'!D:D,Table14[[#This Row],[Month]],'Daily KPI'!AB:AB),"") | AA11: =IFERROR(AVERAGEIF($F$2:F11,F11,$Z$2:Z11),"") | AD11: 0.995 | AE11: 0.997 | AF11: 0.999 | AW11: 1607364 | AX11: =AW11/1000 -> 1607.364
A12: =A11+1 -> 11 | B12: February | C12: 2 | D12: 44958 | E12: =YEAR(D12) -> 2023 | F12: FY23 | G12: =DAY(EOMONTH(D12,0)) -> 28 | H12: 174.40611 | I12: 212.78878 | K12: 24.199896 | M12: 1596.8641 | N12: 10.507 | O12: =M12/I12/N12 -> 0.71423397 | P12: =I12/G12 -> 7.5995994 | Q12: =COUNTIFS('Daily KPI'!D:D,D12,'Daily KPI'!K:K,">0") -> 0 | R12: =I12/G12*Q12 -> 0 | S12: =SUMIF($F$2:F12,F12,$R$2:R12) -> 0 | T12: =M12/G12 -> 57.030861 | U12: =M12/G12*Q12 -> 0 | V12: =SUMIF($F$2:F12,F12,$U$2:U12) -> 0 | W12: =T12/(24*N12) -> 0.22616217 | X12: =IFERROR(U12/(24*N12*Q12),"") | Y12: =IFERROR(V12/(24*N12*SUMIFS($Q:$Q,$F:$F,$F12,$D:$D,"<="&D12)),"") | Z12: =IFERROR(AVERAGEIF('Daily KPI'!D:D,Table14[[#This Row],[Month]],'Daily KPI'!AB:AB),"") | AA12: =IFERROR(AVERAGEIF($F$2:F12,F12,$Z$2:Z12),"") | AD12: 0.995 | AE12: 0.997 | AF12: 0.999 | AW12: 1596864.1 | AX12: =AW12/1000 -> 1596.8641
A13: =A12+1 -> 12 | B13: March | C13: 3 | D13: 44986 | E13: =YEAR(D13) -> 2023 | F13: FY23 | G13: =DAY(EOMONTH(D13,0)) -> 31 | H13: 205.4467 | I13: 247.38206 | K13: 26.700255 | M13: 1826.9875 | N13: 10.507 | O13: =M13/I13/N13 -> 0.7028921 | P13: =I13/G13 -> 7.9800663 | Q13: =COUNTIFS('Daily KPI'!D:D,D13,'Daily KPI'!K:K,">0") -> 0 | R13: =I13/G13*Q13 -> 0 | S13: =SUMIF($F$2:F13,F13,$R$2:R13) -> 0 | T13: =M13/G13 -> 58.935082 | U13: =M13/G13*Q13 -> 0 | V13: =SUMIF($F$2:F13,F13,$U$2:U13) -> 0 | W13: =T13/(24*N13) -> 0.23371356 | X13: =IFERROR(U13/(24*N13*Q13),"") | Y13: =IFERROR(V13/(24*N13*SUMIFS($Q:$Q,$F:$F,$F13,$D:$D,"<="&D13)),"") | Z13: =IFERROR(AVERAGEIF('Daily KPI'!D:D,Table14[[#This Row],[Month]],'Daily KPI'!AB:AB),"") | AA13: =IFERROR(AVERAGEIF($F$2:F13,F13,$Z$2:Z13),"") | AD13: 0.995 | AE13: 0.997 | AF13: 0.999 | AW13: 1826987.5 | AX13: =AW13/1000 -> 1826.9875
A14: =A13+1 -> 13 | B14: =B2 -> April | C14: =C2 -> 4 | D14: 45017 | E14: =YEAR(D14) -> 2023 | F14: FY24 | G14: =DAY(EOMONTH(D14,0)) -> 30 | H14: =H2 -> 192.7392 | I14: =I2 -> 227.6882 | K14: =K2 -> 27.499986 | M14: 1610 | N14: 10.507 | O14: =M14/I14/N14 -> 0.6729869 | P14: =I14/G14 -> 7.5896068 | Q14: =COUNTIFS('Daily KPI'!D:D,D14,'Daily KPI'!K:K,">0") -> 0 | R14: =I14/G14*Q14 -> 0 | S14: =SUMIF($F$2:F14,F14,$R$2:R14) -> 0 | T14: =M14/G14 -> 53.666667 | U14: =M14/G14*Q14 -> 0 | V14: =SUMIF($F$2:F14,F14,$U$2:U14) -> 0 | W14: =T14/(24*N14) -> 0.21282108 | X14: =IFERROR(U14/(24*N14*Q14),"") | Y14: =IFERROR(V14/(24*N14*SUMIFS($Q:$Q,$F:$F,$F14,$D:$D,"<="&D14)),"") | Z14: =IFERROR(AVERAGEIF('Daily KPI'!D:D,Table14[[#This Row],[Month]],'Daily KPI'!AB:AB),"") | AA14: =IFERROR(AVERAGEIF($F$2:F14,F14,$Z$2:Z14),"") | AD14: 0.995 | AE14: 0.997 | AF14: 0.999 | AW14: 1610000 | AX14: =AW14/1000 -> 1610
A15: =A14+1 -> 14 | B15: =B3 -> May | C15: =C3 -> 5 | D15: 45047 | E15: =YEAR(D15) -> 2023 | F15: FY24 | G15: =DAY(EOMONTH(D15,0)) -> 31 | H15: =H3 -> 184.49337 | I15: =I3 -> 215.54431 | K15: =K3 -> 26.700081 | M15: 1600 | N15: 10.507 | O15: =M15/I15/N15 -> 0.70648784 | P15: =I15/G15 -> 6.9530422 | Q15: =COUNTIFS('Daily KPI'!D:D,D15,'Daily KPI'!K:K,">0") -> 0 | R15: =I15/G15*Q15 -> 0 | S15: =SUMIF($F$2:F15,F15,$R$2:R15) -> 0 | T15: =M15/G15 -> 51.612903 | U15: =M15/G15*Q15 -> 0 | V15: =SUMIF($F$2:F15,F15,$U$2:U15) -> 0 | W15: =T15/(24*N15) -> 0.20467666 | X15: =IFERROR(U15/(24*N15*Q15),"") | Y15: =IFERROR(V15/(24*N15*SUMIFS($Q:$Q,$F:$F,$F15,$D:$D,"<="&D15)),"") | Z15: =IFERROR(AVERAGEIF('Daily KPI'!D:D,Table14[[#This Row],[Month]],'Daily KPI'!AB:AB),"") | AA15: =IFERROR(AVERAGEIF($F$2:F15,F15,$Z$2:Z15),"") | AD15: 0.995 | AE15: 0.997 | AF15: 0.999 | AW15: 1600000 | AX15: =AW15/1000 -> 1600
A16: =A15+1 -> 15 | B16: =B4 -> June | C16: =C4 -> 6 | D16: 45078 | E16: =YEAR(D16) -> 2023 | F16: FY24 | G16: =DAY(EOMONTH(D16,0)) -> 30 | H16: =H4 -> 140.1651 | I16: =I4 -> 157.11702 | K16: =K4 -> 24.699889 | M16: 1140 | N16: 10.507 | O16: =M16/I16/N16 -> 0.69056234 | P16: =I16/G16 -> 5.237234 | Q16: =COUNTIFS('Daily KPI'!D:D,D16,'Daily KPI'!K:K,">0") -> 0 | R16: =I16/G16*Q16 -> 0 | S16: =SUMIF($F$2:F16,F16,$R$2:R16) -> 0 | T16: =M16/G16 -> 38 | U16: =M16/G16*Q16 -> 0 | V16: =SUMIF($F$2:F16,F16,$U$2:U16) -> 0 | W16: =T16/(24*N16) -> 0.15069319 | X16: =IFERROR(U16/(24*N16*Q16),"") | Y16: =IFERROR(V16/(24*N16*SUMIFS($Q:$Q,$F:$F,$F16,$D:$D,"<="&D16)),"") | Z16: =IFERROR(AVERAGEIF('Daily KPI'!D:D,Table14[[#This Row],[Month]],'Daily KPI'!AB:AB),"") | AA16: =IFERROR(AVERAGEIF($F$2:F16,F16,$Z$2:Z16),"") | AD16: 0.995 | AE16: 0.997 | AF16: 0.999 | AW16: 1140000 | AX16: =AW16/1000 -> 1140
A17: =A16+1 -> 16 | B17: =B5 -> July | C17: =C5 -> 7 | D17: 45108 | E17: =YEAR(D17) -> 2023 | F17: FY24 | G17: =DAY(EOMONTH(D17,0)) -> 31 | H17: =H5 -> 122.3162 | I17: =I5 -> 132.35283 | K17: =K5 -> 23.799973 | M17: 990 | N17: 10.507 | O17: =M17/I17/N17 -> 0.71190693 | P17: =I17/G17 -> 4.2694462 | Q17: =COUNTIFS('Daily KPI'!D:D,D17,'Daily KPI'!K:K,">0") -> 0 | R17: =I17/G17*Q17 -> 0 | S17: =SUMIF($F$2:F17,F17,$R$2:R17) -> 0 | T17: =M17/G17 -> 31.935484 | U17: =M17/G17*Q17 -> 0 | V17: =SUMIF($F$2:F17,F17,$U$2:U17) -> 0 | W17: =T17/(24*N17) -> 0.12664368 | X17: =IFERROR(U17/(24*N17*Q17),"") | Y17: =IFERROR(V17/(24*N17*SUMIFS($Q:$Q,$F:$F,$F17,$D:$D,"<="&D17)),"") | Z17: =IFERROR(AVERAGEIF('Daily KPI'!D:D,Table14[[#This Row],[Month]],'Daily KPI'!AB:AB),"") | AA17: =IFERROR(AVERAGEIF($F$2:F17,F17,$Z$2:Z17),"") | AD17: 0.995 | AE17: 0.997 | AF17: 0.999 | AW17: 990000 | AX17: =AW17/1000 -> 990
A18: =A17+1 -> 17 | B18: =B6 -> August | C18: =C6 -> 8 | D18: 45139 | E18: =YEAR(D18) -> 2023 | F18: FY24 | G18: =DAY(EOMONTH(D18,0)) -> 31 | H18: =H6 -> 126.29284 | I18: =I6 -> 137.84954 | K18: =K6 -> 23.600054 | M18: 1040 | N18: 10.507 | O18: =M18/I18/N18 -> 0.71804109 | P18: =I18/G18 -> 4.4467593 | Q18: =COUNTIFS('Daily KPI'!D:D,D18,'Daily KPI'!K:K,">0") -> 0 | R18: =I18/G18*Q18 -> 0 | S18: =SUMIF($F$2:F18,F18,$R$2:R18) -> 0 | T18: =M18/G18 -> 33.548387 | U18: =M18/G18*Q18 -> 0 | V18: =SUMIF($F$2:F18,F18,$U$2:U18) -> 0 | W18: =T18/(24*N18) -> 0.13303983 | X18: =IFERROR(U18/(24*N18*Q18),"") | Y18: =IFERROR(V18/(24*N18*SUMIFS($Q:$Q,$F:$F,$F18,$D:$D,"<="&D18)),"") | Z18: =IFERROR(AVERAGEIF('Daily KPI'!D:D,Table14[[#This Row],[Month]],'Daily KPI'!AB:AB),"") | AA18: =IFERROR(AVERAGEIF($F$2:F18,F18,$Z$2:Z18),"") | AD18: 0.995 | AE18: 0.997 | AF18: 0.999 | AW18: 1040000 | AX18: =AW18/1000 -> 1040
A19: =A18+1 -> 18 | B19: =B7 -> September | C19: =C7 -> 9 | D19: 45170 | E19: =YEAR(D19) -> 2023 | F19: FY24 | G19: =DAY(EOMONTH(D19,0)) -> 30 | H19: =H7 -> 144.04475 | I19: =I7 -> 163.04046 | K19: =K7 -> 23.700139 | M19: 1180 | N19: 10.507 | O19: =M19/I19/N19 -> 0.68882339 | P19: =I19/G19 -> 5.4346819 | Q19: =COUNTIFS('Daily KPI'!D:D,D19,'Daily KPI'!K:K,">0") -> 0 | R19: =I19/G19*Q19 -> 0 | S19: =SUMIF($F$2:F19,F19,$R$2:R19) -> 0 | T19: =M19/G19 -> 39.333333 | U19: =M19/G19*Q19 -> 0 | V19: =SUMIF($F$2:F19,F19,$U$2:U19) -> 0 | W19: =T19/(24*N19) -> 0.15598067 | X19: =IFERROR(U19/(24*N19*Q19),"") | Y19: =IFERROR(V19/(24*N19*SUMIFS($Q:$Q,$F:$F,$F19,$D:$D,"<="&D19)),"") | Z19: =IFERROR(AVERAGEIF('Daily KPI'!D:D,Table14[[#This Row],[Month]],'Daily KPI'!AB:AB),"") | AA19: =IFERROR(AVERAGEIF($F$2:F19,F19,$Z$2:Z19),"") | AD19: 0.995 | AE19: 0.997 | AF19: 0.999 | AW19: 1180000 | AX19: =AW19/1000 -> 1180
A20: =A19+1 -> 19 | B20: =B8 -> October | C20: =C8 -> 10 | D20: 45200 | E20: =YEAR(D20) -> 2023 | F20: FY24 | G20: =DAY(EOMONTH(D20,0)) -> 31 | H20: =H8 -> 146.56699 | I20: =I8 -> 169.41865 | K20: =K8 -> 23.399852 | M20: 1680 | N20: 10.507 | O20: =M20/I20/N20 -> 0.94377687 | P20: =I20/G20 -> 5.4651178 | Q20: =COUNTIFS('Daily KPI'!D:D,D20,'Daily KPI'!K:K,">0") -> 0 | R20: =I20/G20*Q20 -> 0 | S20: =SUMIF($F$2:F20,F20,$R$2:R20) -> 0 | T20: =M20/G20 -> 54.193548 | U20: =M20/G20*Q20 -> 0 | V20: =SUMIF($F$2:F20,F20,$U$2:U20) -> 0 | W20: =T20/(24*N20) -> 0.21491049 | X20: =IFERROR(U20/(24*N20*Q20),"") | Y20: =IFERROR(V20/(24*N20*SUMIFS($Q:$Q,$F:$F,$F20,$D:$D,"<="&D20)),"") | Z20: =IFERROR(AVERAGEIF('Daily KPI'!D:D,Table14[[#This Row],[Month]],'Daily KPI'!AB:AB),"") | AA20: =IFERROR(AVERAGEIF($F$2:F20,F20,$Z$2:Z20),"") | AD20: 0.995 | AE20: 0.997 | AF20: 0.999 | AW20: 1680000 | AX20: =AW20/1000 -> 1680
A21: =A20+1 -> 20 | B21: =B9 -> November | C21: =C9 -> 11 | D21: 45231 | E21: =YEAR(D21) -> 2023 | F21: FY24 | G21: =DAY(EOMONTH(D21,0)) -> 30 | H21: =H9 -> 136.38301 | I21: =I9 -> 157.92066 | K21: =K9 -> 22.499958 | M21: 1530 | N21: 10.507 | O21: =M21/I21/N21 -> 0.92209095 | P21: =I21/G21 -> 5.2640218 | Q21: =COUNTIFS('Daily KPI'!D:D,D21,'Daily KPI'!K:K,">0") -> 0 | R21: =I21/G21*Q21 -> 0 | S21: =SUMIF($F$2:F21,F21,$R$2:R21) -> 0 | T21: =M21/G21 -> 51 | U21: =M21/G21*Q21 -> 0 | V21: =SUMIF($F$2:F21,F21,$U$2:U21) -> 0 | W21: =T21/(24*N21) -> 0.20224612 | X21: =IFERROR(U21/(24*N21*Q21),"") | Y21: =IFERROR(V21/(24*N21*SUMIFS($Q:$Q,$F:$F,$F21,$D:$D,"<="&D21)),"") | Z21: =IFERROR(AVERAGEIF('Daily KPI'!D:D,Table14[[#This Row],[Month]],'Daily KPI'!AB:AB),"") | AA21: =IFERROR(AVERAGEIF($F$2:F21,F21,$Z$2:Z21),"") | AD21: 0.995 | AE21: 0.997 | AF21: 0.999 | AW21: 1530000 | AX21: =AW21/1000 -> 1530
A22: =A21+1 -> 21 | B22: =B10 -> December | C22: =C10 -> 12 | D22: 45261 | E22: =YEAR(D22) -> 2023 | F22: FY24 | G22: =DAY(EOMONTH(D22,0)) -> 31 | H22: =H10 -> 149.37928 | I22: =I10 -> 175.8024 | K22: =K10 -> 21.49297 | M22: 1760 | N22: 10.507 | O22: =M22/I22/N22 -> 0.9528162 | P22: =I22/G22 -> 5.6710452 | Q22: =COUNTIFS('Daily KPI'!D:D,D22,'Daily KPI'!K:K,">0") -> 0 | R22: =I22/G22*Q22 -> 0 | S22: =SUMIF($F$2:F22,F22,$R$2:R22) -> 0 | T22: =M22/G22 -> 56.774194 | U22: =M22/G22*Q22 -> 0 | V22: =SUMIF($F$2:F22,F22,$U$2:U22) -> 0 | W22: =T22/(24*N22) -> 0.22514432 | X22: =IFERROR(U22/(24*N22*Q22),"") | Y22: =IFERROR(V22/(24*N22*SUMIFS($Q:$Q,$F:$F,$F22,$D:$D,"<="&D22)),"") | Z22: =IFERROR(AVERAGEIF('Daily KPI'!D:D,Table14[[#This Row],[Month]],'Daily KPI'!AB:AB),"") | AA22: =IFERROR(AVERAGEIF($F$2:F22,F22,$Z$2:Z22),"") | AD22: 0.995 | AE22: 0.997 | AF22: 0.999 | AW22: 1760000 | AX22: =AW22/1000 -> 1760
A23: =A22+1 -> 22 | B23: =B11 -> January | C23: =C11 -> 1 | D23: 45292 | E23: =YEAR(D23) -> 2024 | F23: FY24 | G23: =DAY(EOMONTH(D23,0)) -> 31 | H23: =H11 -> 172.65915 | I23: =I11 -> 210.74159 | K23: =K11 -> 22.099987 | M23: 2110 | N23: 10.507 | O23: =M23/I23/N23 -> 0.95291349 | P23: =I23/G23 -> 6.7981157 | Q23: =COUNTIFS('Daily KPI'!D:D,D23,'Daily KPI'!K:K,">0") -> 0 | R23: =I23/G23*Q23 -> 0 | S23: =SUMIF($F$2:F23,F23,$R$2:R23) -> 0 | T23: =M23/G23 -> 68.064516 | U23: =M23/G23*Q23 -> 0 | V23: =SUMIF($F$2:F23,F23,$U$2:U23) -> 0 | W23: =T23/(24*N23) -> 0.26991734 | X23: =IFERROR(U23/(24*N23*Q23),"") | Y23: =IFERROR(V23/(24*N23*SUMIFS($Q:$Q,$F:$F,$F23,$D:$D,"<="&D23)),"") | Z23: =IFERROR(AVERAGEIF('Daily KPI'!D:D,Table14[[#This Row],[Month]],'Daily KPI'!AB:AB),"") | AA23: =IFERROR(AVERAGEIF($F$2:F23,F23,$Z$2:Z23),"") | AD23: 0.995 | AE23: 0.997 | AF23: 0.999 | AW23: 2110000 | AX23: =AW23/1000 -> 2110
A24: =A23+1 -> 23 | B24: =B12 -> February | C24: =C12 -> 2 | D24: 45323 | E24: =YEAR(D24) -> 2024 | F24: FY24 | G24: =DAY(EOMONTH(D24,0)) -> 29 | H24: =H12 -> 174.40611 | I24: =I12 -> 212.78878 | K24: =K12 -> 24.199896 | M24: 1960 | N24: 10.507 | O24: =M24/I24/N24 -> 0.87665479 | P24: =I24/G24 -> 7.3375442 | Q24: =COUNTIFS('Daily KPI'!D:D,D24,'Daily KPI'!K:K,">0") -> 0 | R24: =I24/G24*Q24 -> 0 | S24: =SUMIF($F$2:F24,F24,$R$2:R24) -> 0 | T24: =M24/G24 -> 67.586207 | U24: =M24/G24*Q24 -> 0 | V24: =SUMIF($F$2:F24,F24,$U$2:U24) -> 0 | W24: =T24/(24*N24) -> 0.26802055 | X24: =IFERROR(U24/(24*N24*Q24),"") | Y24: =IFERROR(V24/(24*N24*SUMIFS($Q:$Q,$F:$F,$F24,$D:$D,"<="&D24)),"") | Z24: =IFERROR(AVERAGEIF('Daily KPI'!D:D,Table14[[#This Row],[Month]],'Daily KPI'!AB:AB),"") | AA24: =IFERROR(AVERAGEIF($F$2:F24,F24,$Z$2:Z24),"") | AD24: 0.995 | AE24: 0.997 | AF24: 0.999 | AW24: 1960000 | AX24: =AW24/1000 -> 1960
A25: =A24+1 -> 24 | B25: =B13 -> March | C25: =C13 -> 3 | D25: 45352 | E25: =YEAR(D25) -> 2024 | F25: FY24 | G25: =DAY(EOMONTH(D25,0)) -> 31 | H25: =H13 -> 205.4467 | I25: =I13 -> 247.38206 | K25: =K13 -> 26.700255 | M25: 2400 | N25: 10.507 | O25: =M25/I25/N25 -> 0.92334567 | P25: =I25/G25 -> 7.9800663 | Q25: =COUNTIFS('Daily KPI'!D:D,D25,'Daily KPI'!K:K,">0") -> 0 | R25: =I25/G25*Q25 -> 0 | S25: =SUMIF($F$2:F25,F25,$R$2:R25) -> 0 | T25: =M25/G25 -> 77.419355 | U25: =M25/G25*Q25 -> 0 | V25: =SUMIF($F$2:F25,F25,$U$2:U25) -> 0 | W25: =T25/(24*N25) -> 0.30701499 | X25: =IFERROR(U25/(24*N25*Q25),"") | Y25: =IFERROR(V25/(24*N25*SUMIFS($Q:$Q,$F:$F,$F25,$D:$D,"<="&D25)),"") | Z25: =IFERROR(AVERAGEIF('Daily KPI'!D:D,Table14[[#This Row],[Month]],'Daily KPI'!AB:AB),"") | AA25: =IFERROR(AVERAGEIF($F$2:F25,F25,$Z$2:Z25),"") | AD25: 0.995 | AE25: 0.997 | AF25: 0.999 | AW25: 2400000 | AX25: =AW25/1000 -> 2400
A26: =A25+1 -> 25 | B26: =B14 -> April | C26: 4 | D26: 45383 | E26: =YEAR(D26) -> 2024 | F26: FY25 | G26: =DAY(EOMONTH(D26,0)) -> 30 | H26: =H14 -> 192.7392 | I26: =I14 -> 227.6882 | K26: =K14 -> 27.499986 | M26: 1598.2 | N26: 10.507 | O26: =M26/I26/N26 -> 0.66805445 | P26: =I26/G26 -> 7.5896068 | Q26: =COUNTIFS('Daily KPI'!D:D,D26,'Daily KPI'!K:K,">0") -> 0 | R26: =I26/G26*Q26 -> 0 | S26: =SUMIF($F$2:F26,F26,$R$2:R26) -> 0 | T26: =M26/G26 -> 53.273333 | U26: =M26/G26*Q26 -> 0 | V26: =SUMIF($F$2:F26,F26,$U$2:U26) -> 0 | W26: =T26/(24*N26) -> 0.21126128 | X26: =IFERROR(U26/(24*N26*Q26),"") | Y26: =IFERROR(V26/(24*N26*SUMIFS($Q:$Q,$F:$F,$F26,$D:$D,"<="&D26)),"") | Z26: =IFERROR(AVERAGEIF('Daily KPI'!D:D,Table14[[#This Row],[Month]],'Daily KPI'!AB:AB),"") | AA26: =IFERROR(AVERAGEIF($F$2:F26,F26,$Z$2:Z26),"") | AD26: 0.995 | AE26: 0.997 | AF26: 0.999 | AW26: 1598200 | AX26: =AW26/1000 -> 1598.2
A27: =A26+1 -> 26 | B27: =B15 -> May | C27: 5 | D27: 45413 | E27: =YEAR(D27) -> 2024 | F27: FY25 | G27: =DAY(EOMONTH(D27,0)) -> 31 | H27: =H15 -> 184.49337 | I27: =I15 -> 215.54431 | K27: =K15 -> 26.700081 | M27: 1587.9 | N27: 10.507 | O27: =M27/I27/N27 -> 0.70114502 | P27: =I27/G27 -> 6.9530422 | Q27: =COUNTIFS('Daily KPI'!D:D,D27,'Daily KPI'!K:K,">0") -> 0 | R27: =I27/G27*Q27 -> 0 | S27: =SUMIF($F$2:F27,F27,$R$2:R27) -> 0 | T27: =M27/G27 -> 51.222581 | U27: =M27/G27*Q27 -> 0 | V27: =SUMIF($F$2:F27,F27,$U$2:U27) -> 0 | W27: =T27/(24*N27) -> 0.20312879 | X27: =IFERROR(U27/(24*N27*Q27),"") | Y27: =IFERROR(V27/(24*N27*SUMIFS($Q:$Q,$F:$F,$F27,$D:$D,"<="&D27)),"") | Z27: =IFERROR(AVERAGEIF('Daily KPI'!D:D,Table14[[#This Row],[Month]],'Daily KPI'!AB:AB),"") | AA27: =IFERROR(AVERAGEIF($F$2:F27,F27,$Z$2:Z27),"") | AD27: 0.995 | AE27: 0.997 | AF27: 0.999 | AW27: 1587900 | AX27: =AW27/1000 -> 1587.9
A28: =A27+1 -> 27 | B28: =B16 -> June | C28: 6 | D28: 45444 | E28: =YEAR(D28) -> 2024 | F28: FY25 | G28: =DAY(EOMONTH(D28,0)) -> 30 | H28: =H16 -> 140.1651 | I28: =I16 -> 157.11702 | K28: =K16 -> 24.699889 | M28: 1131.6 | N28: 10.507 | O28: =M28/I28/N28 -> 0.68547398 | P28: =I28/G28 -> 5.237234 | Q28: =COUNTIFS('Daily KPI'!D:D,D28,'Daily KPI'!K:K,">0") -> 0 | R28: =I28/G28*Q28 -> 0 | S28: =SUMIF($F$2:F28,F28,$R$2:R28) -> 0 | T28: =M28/G28 -> 37.72 | U28: =M28/G28*Q28 -> 0 | V28: =SUMIF($F$2:F28,F28,$U$2:U28) -> 0 | W28: =T28/(24*N28) -> 0.14958282 | X28: =IFERROR(U28/(24*N28*Q28),"") | Y28: =IFERROR(V28/(24*N28*SUMIFS($Q:$Q,$F:$F,$F28,$D:$D,"<="&D28)),"") | Z28: =IFERROR(AVERAGEIF('Daily KPI'!D:D,Table14[[#This Row],[Month]],'Daily KPI'!AB:AB),"") | AA28: =IFERROR(AVERAGEIF($F$2:F28,F28,$Z$2:Z28),"") | AD28: 0.995 | AE28: 0.997 | AF28: 0.999 | AW28: 1131600 | AX28: =AW28/1000 -> 1131.6
A29: =A28+1 -> 28 | B29: =B17 -> July | C29: 7 | D29: 45474 | E29: =YEAR(D29) -> 2024 | F29: FY25 | G29: =DAY(EOMONTH(D29,0)) -> 31 | H29: =H17 -> 122.3162 | I29: =I17 -> 132.35283 | K29: =K17 -> 23.799973 | M29: 982.5 | N29: 10.507 | O29: =M29/I29/N29 -> 0.70651369 | P29: =I29/G29 -> 4.2694462 | Q29: =COUNTIFS('Daily KPI'!D:D,D29,'Daily KPI'!K:K,">0") -> 0 | R29: =I29/G29*Q29 -> 0 | S29: =SUMIF($F$2:F29,F29,$R$2:R29) -> 0 | T29: =M29/G29 -> 31.693548 | U29: =M29/G29*Q29 -> 0 | V29: =SUMIF($F$2:F29,F29,$U$2:U29) -> 0 | W29: =T29/(24*N29) -> 0.12568426 | X29: =IFERROR(U29/(24*N29*Q29),"") | Y29: =IFERROR(V29/(24*N29*SUMIFS($Q:$Q,$F:$F,$F29,$D:$D,"<="&D29)),"") | Z29: =IFERROR(AVERAGEIF('Daily KPI'!D:D,Table14[[#This Row],[Month]],'Daily KPI'!AB:AB),"") | AA29: =IFERROR(AVERAGEIF($F$2:F29,F29,$Z$2:Z29),"") | AD29: 0.995 | AE29: 0.997 | AF29: 0.999 | AW29: 982500 | AX29: =AW29/1000 -> 982.5
A30: =A29+1 -> 29 | B30: =B18 -> August | C30: 8 | D30: 45505 | E30: =YEAR(D30) -> 2024 | F30: FY25 | G30: =DAY(EOMONTH(D30,0)) -> 31 | H30: =H18 -> 126.29284 | I30: =I18 -> 137.84954 | K30: =K18 -> 23.600054 | M30: 1032.2 | N30: 10.507 | O30: =M30/I30/N30 -> 0.71265578 | P30: =I30/G30 -> 4.4467593 | Q30: =COUNTIFS('Daily KPI'!D:D,D30,'Daily KPI'!K:K,">0") -> 0 | R30: =I30/G30*Q30 -> 0 | S30: =SUMIF($F$2:F30,F30,$R$2:R30) -> 0 | T30: =M30/G30 -> 33.296774 | U30: =M30/G30*Q30 -> 0 | V30: =SUMIF($F$2:F30,F30,$U$2:U30) -> 0 | W30: =T30/(24*N30) -> 0.13204203 | X30: =IFERROR(U30/(24*N30*Q30),"") | Y30: =IFERROR(V30/(24*N30*SUMIFS($Q:$Q,$F:$F,$F30,$D:$D,"<="&D30)),"") | Z30: =IFERROR(AVERAGEIF('Daily KPI'!D:D,Table14[[#This Row],[Month]],'Daily KPI'!AB:AB),"") | AA30: =IFERROR(AVERAGEIF($F$2:F30,F30,$Z$2:Z30),"") | AD30: 0.995 | AE30: 0.997 | AF30: 0.999 | AW30: 1032200 | AX30: =AW30/1000 -> 1032.2
A31: =A30+1 -> 30 | B31: =B19 -> September | C31: 9 | D31: 45536 | E31: =YEAR(D31) -> 2024 | F31: FY25 | G31: =DAY(EOMONTH(D31,0)) -> 30 | H31: =H19 -> 144.04475 | I31: =I19 -> 163.04046 | K31: =K19 -> 23.700139 | M31: 1171.3 | N31: 10.507 | O31: =M31/I31/N31 -> 0.68374478 | P31: =I31/G31 -> 5.4346819 | Q31: =COUNTIFS('Daily KPI'!D:D,D31,'Daily KPI'!K:K,">0") -> 0 | R31: =I31/G31*Q31 -> 0 | S31: =SUMIF($F$2:F31,F31,$R$2:R31) -> 0 | T31: =M31/G31 -> 39.043333 | U31: =M31/G31*Q31 -> 0 | V31: =SUMIF($F$2:F31,F31,$U$2:U31) -> 0 | W31: =T31/(24*N31) -> 0.15483064 | X31: =IFERROR(U31/(24*N31*Q31),"") | Y31: =IFERROR(V31/(24*N31*SUMIFS($Q:$Q,$F:$F,$F31,$D:$D,"<="&D31)),"") | Z31: =IFERROR(AVERAGEIF('Daily KPI'!D:D,Table14[[#This Row],[Month]],'Daily KPI'!AB:AB),"") | AA31: =IFERROR(AVERAGEIF($F$2:F31,F31,$Z$2:Z31),"") | AD31: 0.995 | AE31: 0.997 | AF31: 0.999 | AW31: 1171300 | AX31: =AW31/1000 -> 1171.3
A32: =A31+1 -> 31 | B32: =B20 -> October | C32: 10 | D32: 45566 | E32: =YEAR(D32) -> 2024 | F32: FY25 | G32: =DAY(EOMONTH(D32,0)) -> 31 | H32: =H20 -> 146.56699 | I32: =I20 -> 169.41865 | K32: =K20 -> 23.399852 | M32: 1280.3 | N32: 10.507 | O32: =M32/I32/N32 -> 0.71923662 | P32: =I32/G32 -> 5.4651178 | Q32: =COUNTIFS('Daily KPI'!D:D,D32,'Daily KPI'!K:K,">0") -> 0 | R32: =I32/G32*Q32 -> 0 | S32: =SUMIF($F$2:F32,F32,$R$2:R32) -> 0 | T32: =M32/G32 -> 41.3 | U32: =M32/G32*Q32 -> 0 | V32: =SUMIF($F$2:F32,F32,$U$2:U32) -> 0 | W32: =T32/(24*N32) -> 0.1637797 | X32: =IFERROR(U32/(24*N32*Q32),"") | Y32: =IFERROR(V32/(24*N32*SUMIFS($Q:$Q,$F:$F,$F32,$D:$D,"<="&D32)),"") | Z32: =IFERROR(AVERAGEIF('Daily KPI'!D:D,Table14[[#This Row],[Month]],'Daily KPI'!AB:AB),"") | AA32: =IFERROR(AVERAGEIF($F$2:F32,F32,$Z$2:Z32),"") | AD32: 0.995 | AE32: 0.997 | AF32: 0.999 | AW32: 1280300 | AX32: =AW32/1000 -> 1280.3
A33: =A32+1 -> 32 | B33: =B21 -> November | C33: 11 | D33: 45597 | E33: =YEAR(D33) -> 2024 | F33: FY25 | G33: =DAY(EOMONTH(D33,0)) -> 30 | H33: =H21 -> 136.38301 | I33: =I21 -> 157.92066 | K33: =K21 -> 22.499958 | M33: 1171.3 | N33: 10.507 | O33: =M33/I33/N33 -> 0.70591185 | P33: =I33/G33 -> 5.2640218 | Q33: =COUNTIFS('Daily KPI'!D:D,D33,'Daily KPI'!K:K,">0") -> 0 | R33: =I33/G33*Q33 -> 0 | S33: =SUMIF($F$2:F33,F33,$R$2:R33) -> 0 | T33: =M33/G33 -> 39.043333 | U33: =M33/G33*Q33 -> 0 | V33: =SUMIF($F$2:F33,F33,$U$2:U33) -> 0 | W33: =T33/(24*N33) -> 0.15483064 | X33: =IFERROR(U33/(24*N33*Q33),"") | Y33: =IFERROR(V33/(24*N33*SUMIFS($Q:$Q,$F:$F,$F33,$D:$D,"<="&D33)),"") | Z33: =IFERROR(AVERAGEIF('Daily KPI'!D:D,Table14[[#This Row],[Month]],'Daily KPI'!AB:AB),"") | AA33: =IFERROR(AVERAGEIF($F$2:F33,F33,$Z$2:Z33),"") | AD33: 0.995 | AE33: 0.997 | AF33: 0.999 | AW33: 1171300 | AX33: =AW33/1000 -> 1171.3
A34: =A33+1 -> 33 | B34: =B22 -> December | C34: 12 | D34: 45627 | E34: =YEAR(D34) -> 2024 | F34: FY25 | G34: =DAY(EOMONTH(D34,0)) -> 31 | H34: =H22 -> 149.37928 | I34: =I22 -> 175.8024 | K34: =K22 -> 21.49297 | M34: 1349.7 | N34: 10.507 | O34: =M34/I34/N34 -> 0.73069092 | P34: =I34/G34 -> 5.6710452 | Q34: =COUNTIFS('Daily KPI'!D:D,D34,'Daily KPI'!K:K,">0") -> 0 | R34: =I34/G34*Q34 -> 0 | S34: =SUMIF($F$2:F34,F34,$R$2:R34) -> 0 | T34: =M34/G34 -> 43.53871 | U34: =M34/G34*Q34 -> 0 | V34: =SUMIF($F$2:F34,F34,$U$2:U34) -> 0 | W34: =T34/(24*N34) -> 0.17265755 | X34: =IFERROR(U34/(24*N34*Q34),"") | Y34: =IFERROR(V34/(24*N34*SUMIFS($Q:$Q,$F:$F,$F34,$D:$D,"<="&D34)),"") | Z34: =IFERROR(AVERAGEIF('Daily KPI'!D:D,Table14[[#This Row],[Month]],'Daily KPI'!AB:AB),"") | AA34: =IFERROR(AVERAGEIF($F$2:F34,F34,$Z$2:Z34),"") | AD34: 0.995 | AE34: 0.997 | AF34: 0.999 | AW34: 1349700 | AX34: =AW34/1000 -> 1349.7
A35: =A34+1 -> 34 | B35: =B23 -> January | C35: 1 | D35: 45658 | E35: =YEAR(D35) -> 2025 | F35: FY25 | G35: =DAY(EOMONTH(D35,0)) -> 31 | H35: =H23 -> 172.65915 | I35: =I23 -> 210.74159 | K35: =K23 -> 22.099987 | M35: 1607.8 | N35: 10.507 | O35: =M35/I35/N35 -> 0.72611105 | P35: =I35/G35 -> 6.7981157 | Q35: =COUNTIFS('Daily KPI'!D:D,D35,'Daily KPI'!K:K,">0") -> 0 | R35: =I35/G35*Q35 -> 0 | S35: =SUMIF($F$2:F35,F35,$R$2:R35) -> 0 | T35: =M35/G35 -> 51.864516 | U35: =M35/G35*Q35 -> 0 | V35: =SUMIF($F$2:F35,F35,$U$2:U35) -> 0 | W35: =T35/(24*N35) -> 0.20567446 | X35: =IFERROR(U35/(24*N35*Q35),"") | Y35: =IFERROR(V35/(24*N35*SUMIFS($Q:$Q,$F:$F,$F35,$D:$D,"<="&D35)),"") | Z35: =IFERROR(AVERAGEIF('Daily KPI'!D:D,Table14[[#This Row],[Month]],'Daily KPI'!AB:AB),"") | AA35: =IFERROR(AVERAGEIF($F$2:F35,F35,$Z$2:Z35),"") | AD35: 0.995 | AE35: 0.997 | AF35: 0.999 | AW35: 1607800 | AX35: =AW35/1000 -> 1607.8
A36: =A35+1 -> 35 | B36: =B24 -> February | C36: 2 | D36: 45689 | E36: =YEAR(D36) -> 2025 | F36: FY25 | G36: =DAY(EOMONTH(D36,0)) -> 28 | H36: =H24 -> 174.40611 | I36: =I24 -> 212.78878 | K36: =K24 -> 24.199896 | M36: 1479.9 | N36: 10.507 | O36: =M36/I36/N36 -> 0.66191909 | P36: =I36/G36 -> 7.5995994 | Q36: =COUNTIFS('Daily KPI'!D:D,D36,'Daily KPI'!K:K,">0") -> 0 | R36: =I36/G36*Q36 -> 0 | S36: =SUMIF($F$2:F36,F36,$R$2:R36) -> 0 | T36: =M36/G36 -> 52.853571 | U36: =M36/G36*Q36 -> 0 | V36: =SUMIF($F$2:F36,F36,$U$2:U36) -> 0 | W36: =T36/(24*N36) -> 0.20959666 | X36: =IFERROR(U36/(24*N36*Q36),"") | Y36: =IFERROR(V36/(24*N36*SUMIFS($Q:$Q,$F:$F,$F36,$D:$D,"<="&D36)),"") | Z36: =IFERROR(AVERAGEIF('Daily KPI'!D:D,Table14[[#This Row],[Month]],'Daily KPI'!AB:AB),"") | AA36: =IFERROR(AVERAGEIF($F$2:F36,F36,$Z$2:Z36),"") | AD36: 0.995 | AE36: 0.997 | AF36: 0.999 | AW36: 1479900 | AX36: =AW36/1000 -> 1479.9
A37: =A36+1 -> 36 | B37: =B25 -> March | C37: 3 | D37: 45717 | E37: =YEAR(D37) -> 2025 | F37: FY25 | G37: =DAY(EOMONTH(D37,0)) -> 31 | H37: =H25 -> 205.4467 | I37: =I25 -> 247.38206 | K37: =K25 -> 26.700255 | M37: 1826.1 | N37: 10.507 | O37: =M37/I37/N37 -> 0.70255063 | P37: =I37/G37 -> 7.9800663 | Q37: =COUNTIFS('Daily KPI'!D:D,D37,'Daily KPI'!K:K,">0") -> 3 | R37: =I37/G37*Q37 -> 23.940199 | S37: =SUMIF($F$2:F37,F37,$R$2:R37) -> 23.940199 | T37: =M37/G37 -> 58.906452 | U37: =M37/G37*Q37 -> 176.71935 | V37: =SUMIF($F$2:F37,F37,$U$2:U37) -> 176.71935 | W37: =T37/(24*N37) -> 0.23360003 | X37: =IFERROR(U37/(24*N37*Q37),"") -> 0.23360003 | Y37: =IFERROR(V37/(24*N37*SUMIFS($Q:$Q,$F:$F,$F37,$D:$D,"<="&D37)),"") -> 0.23360003 | Z37: =IFERROR(AVERAGEIF('Daily KPI'!D:D,Table14[[#This Row],[Month]],'Daily KPI'!AB:AB),"") -> 10.507 | AA37: =IFERROR(AVERAGEIF($F$2:F37,F37,$Z$2:Z37),"") -> 10.507 | AD37: 0.995 | AE37: 0.997 | AF37: 0.999 | AW37: 1826100 | AX37: =AW37/1000 -> 1826.1
A38: =A37+1 -> 37 | B38: =B26 -> April | C38: =C26 -> 4 | D38: 45748 | E38: =YEAR(D38) -> 2025 | F38: FY26 | G38: =DAY(EOMONTH(D38,0)) -> 30 | H38: =H26 -> 192.7392 | I38: =I26 -> 227.6882 | K38: =K26 -> 27.499986 | M38: 1584.5717 | N38: 10.507 | O38: =M38/I38/N38 -> 0.66235776 | P38: =I38/G38 -> 7.5896068 | Q38: =COUNTIFS('Daily KPI'!D:D,D38,'Daily KPI'!K:K,">0") -> 30 | R38: =I38/G38*Q38 -> 227.6882 | S38: =SUMIF($F$2:F38,F38,$R$2:R38) -> 227.6882 | T38: =M38/G38 -> 52.819056 | U38: =M38/G38*Q38 -> 1584.5717 | V38: =SUMIF($F$2:F38,F38,$U$2:U38) -> 1584.5717 | W38: =T38/(24*N38) -> 0.20945979 | X38: =IFERROR(U38/(24*N38*Q38),"") -> 0.20945979 | Y38: =IFERROR(V38/(24*N38*SUMIFS($Q:$Q,$F:$F,$F38,$D:$D,"<="&D38)),"") -> 0.20945979 | Z38: =IFERROR(AVERAGEIF('Daily KPI'!D:D,Table14[[#This Row],[Month]],'Daily KPI'!AB:AB),"") -> 10.507 | AA38: =IFERROR(AVERAGEIF($F$2:F38,F38,$Z$2:Z38),"") -> 10.507 | AD38: 0.995 | AE38: 0.997 | AF38: 0.999
A39: =A38+1 -> 38 | B39: =B27 -> May | C39: =C27 -> 5 | D39: 45778 | E39: =YEAR(D39) -> 2025 | F39: FY26 | G39: =DAY(EOMONTH(D39,0)) -> 31 | H39: =H27 -> 184.49337 | I39: =I27 -> 215.54431 | K39: =K27 -> 26.700081 | M39: 1574.4307 | N39: 10.507 | O39: =M39/I39/N39 -> 0.69519759 | P39: =I39/G39 -> 6.9530422 | Q39: =COUNTIFS('Daily KPI'!D:D,D39,'Daily KPI'!K:K,">0") -> 31 | R39: =I39/G39*Q39 -> 215.54431 | S39: =SUMIF($F$2:F49,F39,$R$2:R49) -> 741.59588 | T39: =M39/G39 -> 50.788087 | U39: =M39/G39*Q39 -> 1574.4307 | V39: =SUMIF($F$2:F49,F39,$U$2:U49) -> 5321.2008 | W39: =T39/(24*N39) -> 0.20140576 | X39: =IFERROR(U39/(24*N39*Q39),"") -> 0.20140576 | Y39: =IFERROR(V39/(24*N39*SUMIFS($Q:$Q,$F:$F,$F39,$D:$D,"<="&D39)),"") -> 0.34593128 | Z39: =IFERROR(AVERAGEIF('Daily KPI'!D:D,Table14[[#This Row],[Month]],'Daily KPI'!AB:AB),"") -> 10.507 | AA39: =IFERROR(AVERAGEIF($F$2:F39,F39,$Z$2:Z39),"") -> 10.507 | AD39: 0.995 | AE39: 0.997 | AF39: 0.999
A40: =A39+1 -> 39 | B40: =B28 -> June | C40: =C28 -> 6 | D40: 45809 | E40: =YEAR(D40) -> 2025 | F40: FY26 | G40: =DAY(EOMONTH(D40,0)) -> 30 | H40: =H28 -> 140.1651 | I40: =I28 -> 157.11702 | K40: =K28 -> 24.699889 | M40: 1121.9949 | N40: 10.507 | O40: =M40/I40/N40 -> 0.67965561 | P40: =I40/G40 -> 5.237234 | Q40: =COUNTIFS('Daily KPI'!D:D,D40,'Daily KPI'!K:K,">0") -> 30 | R40: =I40/G40*Q40 -> 157.11702 | S40: =SUMIF($F$2:F40,F40,$R$2:R40) -> 600.34953 | T40: =M40/G40 -> 37.399829 | U40: =M40/G40*Q40 -> 1121.9949 | V40: =SUMIF($F$2:F40,F40,$U$2:U40) -> 4280.9973 | W40: =T40/(24*N40) -> 0.14831314 | X40: =IFERROR(U40/(24*N40*Q40),"") -> 0.14831314 | Y40: =IFERROR(V40/(24*N40*SUMIFS($Q:$Q,$F:$F,$F40,$D:$D,"<="&D40)),"") -> 0.18655787 | Z40: =IFERROR(AVERAGEIF('Daily KPI'!D:D,Table14[[#This Row],[Month]],'Daily KPI'!AB:AB),"") -> 10.507 | AA40: =IFERROR(AVERAGEIF($F$2:F40,F40,$Z$2:Z40),"") -> 10.507 | AD40: 0.995 | AE40: 0.997 | AF40: 0.999
A41: =A40+1 -> 40 | B41: =B29 -> July | C41: =C29 -> 7 | D41: 45839 | E41: =YEAR(D41) -> 2025 | F41: FY26 | G41: =DAY(EOMONTH(D41,0)) -> 31 | H41: =H29 -> 122.3162 | I41: =I29 -> 132.35283 | K41: =K29 -> 23.799973 | M41: 974.179 | N41: 10.507 | O41: =M41/I41/N41 -> 0.70053008 | P41: =I41/G41 -> 4.2694462 | Q41: =COUNTIFS('Daily KPI'!D:D,D41,'Daily KPI'!K:K,">0") -> 31 | R41: =I41/G41*Q41 -> 132.35283 | S41: =SUMIF($F$2:F41,F41,$R$2:R41) -> 732.70237 | T41: =M41/G41 -> 31.425129 | U41: =M41/G41*Q41 -> 974.179 | V41: =SUMIF($F$2:F41,F41,$U$2:U41) -> 5255.1763 | W41: =T41/(24*N41) -> 0.12461981 | X41: =IFERROR(U41/(24*N41*Q41),"") -> 0.12461981 | Y41: =IFERROR(V41/(24*N41*SUMIFS($Q:$Q,$F:$F,$F41,$D:$D,"<="&D41)),"") -> 0.17081951 | Z41: =IFERROR(AVERAGEIF('Daily KPI'!D:D,Table14[[#This Row],[Month]],'Daily KPI'!AB:AB),"") -> 10.507 | AA41: =IFERROR(AVERAGEIF($F$2:F41,F41,$Z$2:Z41),"") -> 10.507 | AD41: 0.995 | AE41: 0.997 | AF41: 0.999
A42: =A41+1 -> 41 | B42: =B30 -> August | C42: =C30 -> 8 | D42: 45870 | E42: =YEAR(D42) -> 2025 | F42: FY26 | G42: =DAY(EOMONTH(D42,0)) -> 31 | H42: =H30 -> 126.29284 | I42: =I30 -> 137.84954 | K42: =K30 -> 23.600054 | M42: 1023.38 | N42: 10.507 | O42: =M42/I42/N42 -> 0.70656621 | P42: =I42/G42 -> 4.4467593 | Q42: =COUNTIFS('Daily KPI'!D:D,D42,'Daily KPI'!K:K,">0") -> 2 | R42: =I42/G42*Q42 -> 8.8935185 | S42: =SUMIF($F$2:F42,F42,$R$2:R42) -> 741.59588 | T42: =M42/G42 -> 33.012257 | U42: =M42/G42*Q42 -> 66.024514 | V42: =SUMIF($F$2:F42,F42,$U$2:U42) -> 5321.2008 | W42: =T42/(24*N42) -> 0.13091374 | X42: =IFERROR(U42/(24*N42*Q42),"") -> 0.13091374 | Y42: =IFERROR(V42/(24*N42*SUMIFS($Q:$Q,$F:$F,$F42,$D:$D,"<="&D42)),"") -> 0.17017587 | Z42: =IFERROR(AVERAGEIF('Daily KPI'!D:D,Table14[[#This Row],[Month]],'Daily KPI'!AB:AB),"") -> 10.507 | AA42: =IFERROR(AVERAGEIF($F$2:F42,F42,$Z$2:Z42),"") -> 10.507 | AD42: 0.995 | AE42: 0.997 | AF42: 0.999
A43: =A42+1 -> 42 | B43: =B31 -> September | C43: =C31 -> 9 | D43: 45901 | E43: =YEAR(D43) -> 2025 | F43: FY26 | G43: =DAY(EOMONTH(D43,0)) -> 30 | H43: =H31 -> 144.04475 | I43: =I31 -> 163.04046 | K43: =K31 -> 23.700139 | M43: 1161.3631 | N43: 10.507 | O43: =M43/I43/N43 -> 0.67794413 | P43: =I43/G43 -> 5.4346819 | Q43: =COUNTIFS('Daily KPI'!D:D,D43,'Daily KPI'!K:K,">0") -> 0 | R43: =I43/G43*Q43 -> 0 | S43: =SUMIF($F$2:F43,F43,$R$2:R43) -> 741.59588 | T43: =M43/G43 -> 38.712103 | U43: =M43/G43*Q43 -> 0 | V43: =SUMIF($F$2:F43,F43,$U$2:U43) -> 5321.2008 | W43: =T43/(24*N43) -> 0.15351711 | X43: =IFERROR(U43/(24*N43*Q43),"") | Y43: =IFERROR(V43/(24*N43*SUMIFS($Q:$Q,$F:$F,$F43,$D:$D,"<="&D43)),"") -> 0.17017587 | Z43: =IFERROR(AVERAGEIF('Daily KPI'!D:D,Table14[[#This Row],[Month]],'Daily KPI'!AB:AB),"") -> 10.507 | AA43: =IFERROR(AVERAGEIF($F$2:F43,F43,$Z$2:Z43),"") -> 10.507 | AD43: 0.995 | AE43: 0.997 | AF43: 0.999
A44: =A43+1 -> 43 | B44: =B32 -> October | C44: =C32 -> 10 | D44: 45931 | E44: =YEAR(D44) -> 2025 | F44: FY26 | G44: =DAY(EOMONTH(D44,0)) -> 31 | H44: =H32 -> 146.56699 | I44: =I32 -> 169.41865 | K44: =K32 -> 23.399852 | M44: 1269.3848 | N44: 10.507 | O44: =M44/I44/N44 -> 0.71310474 | P44: =I44/G44 -> 5.4651178 | Q44: =COUNTIFS('Daily KPI'!D:D,D44,'Daily KPI'!K:K,">0") -> 0 | R44: =I44/G44*Q44 -> 0 | S44: =SUMIF($F$2:F44,F44,$R$2:R44) -> 741.59588 | T44: =M44/G44 -> 40.947895 | U44: =M44/G44*Q44 -> 0 | V44: =SUMIF($F$2:F44,F44,$U$2:U44) -> 5321.2008 | W44: =T44/(24*N44) -> 0.16238339 | X44: =IFERROR(U44/(24*N44*Q44),"") | Y44: =IFERROR(V44/(24*N44*SUMIFS($Q:$Q,$F:$F,$F44,$D:$D,"<="&D44)),"") -> 0.17017587 | Z44: =IFERROR(AVERAGEIF('Daily KPI'!D:D,Table14[[#This Row],[Month]],'Daily KPI'!AB:AB),"") -> 10.507 | AA44: =IFERROR(AVERAGEIF($F$2:F44,F44,$Z$2:Z44),"") -> 10.507 | AD44: 0.995 | AE44: 0.997 | AF44: 0.999
A45: =A44+1 -> 44 | B45: =B33 -> November | C45: =C33 -> 11 | D45: 45962 | E45: =YEAR(D45) -> 2025 | F45: FY26 | G45: =DAY(EOMONTH(D45,0)) -> 30 | H45: =H33 -> 136.38301 | I45: =I33 -> 157.92066 | K45: =K33 -> 22.499958 | M45: 1161.3631 | N45: 10.507 | O45: =M45/I45/N45 -> 0.69992314 | P45: =I45/G45 -> 5.2640218 | Q45: =COUNTIFS('Daily KPI'!D:D,D45,'Daily KPI'!K:K,">0") -> 0 | R45: =I45/G45*Q45 -> 0 | S45: =SUMIF($F$2:F45,F45,$R$2:R45) -> 741.59588 | T45: =M45/G45 -> 38.712103 | U45: =M45/G45*Q45 -> 0 | V45: =SUMIF($F$2:F45,F45,$U$2:U45) -> 5321.2008 | W45: =T45/(24*N45) -> 0.15351711 | X45: =IFERROR(U45/(24*N45*Q45),"") | Y45: =IFERROR(V45/(24*N45*SUMIFS($Q:$Q,$F:$F,$F45,$D:$D,"<="&D45)),"") -> 0.17017587 | Z45: =IFERROR(AVERAGEIF('Daily KPI'!D:D,Table14[[#This Row],[Month]],'Daily KPI'!AB:AB),"") -> 10.507 | AA45: =IFERROR(AVERAGEIF($F$2:F45,F45,$Z$2:Z45),"") -> 10.507 | AD45: 0.995 | AE45: 0.997 | AF45: 0.999
A46: =A45+1 -> 45 | B46: =B34 -> December | C46: =C34 -> 12 | D46: 45992 | E46: =YEAR(D46) -> 2025 | F46: FY26 | G46: =DAY(EOMONTH(D46,0)) -> 31 | H46: =H34 -> 149.37928 | I46: =I34 -> 175.8024 | K46: =K34 -> 21.49297 | M46: 1338.2661 | N46: 10.507 | O46: =M46/I46/N46 -> 0.72450092 | P46: =I46/G46 -> 5.6710452 | Q46: =COUNTIFS('Daily KPI'!D:D,D46,'Daily KPI'!K:K,">0") -> 0 | R46: =I46/G46*Q46 -> 0 | S46: =SUMIF($F$2:F46,F46,$R$2:R46) -> 741.59588 | T46: =M46/G46 -> 43.169874 | U46: =M46/G46*Q46 -> 0 | V46: =SUMIF($F$2:F46,F46,$U$2:U46) -> 5321.2008 | W46: =T46/(24*N46) -> 0.17119489 | X46: =IFERROR(U46/(24*N46*Q46),"") | Y46: =IFERROR(V46/(24*N46*SUMIFS($Q:$Q,$F:$F,$F46,$D:$D,"<="&D46)),"") -> 0.17017587 | Z46: =IFERROR(AVERAGEIF('Daily KPI'!D:D,Table14[[#This Row],[Month]],'Daily KPI'!AB:AB),"") -> 10.507 | AA46: =IFERROR(AVERAGEIF($F$2:F46,F46,$Z$2:Z46),"") -> 10.507 | AD46: 0.995 | AE46: 0.997 | AF46: 0.999
A47: =A46+1 -> 46 | B47: =B35 -> January | C47: =C35 -> 1 | D47: 46023 | E47: =YEAR(D47) -> 2026 | F47: FY26 | G47: =DAY(EOMONTH(D47,0)) -> 31 | H47: =H35 -> 172.65915 | I47: =I35 -> 210.74159 | K47: =K35 -> 22.099987 | M47: 1594.1111 | N47: 10.507 | O47: =M47/I47/N47 -> 0.7199289 | P47: =I47/G47 -> 6.7981157 | Q47: =COUNTIFS('Daily KPI'!D:D,D47,'Daily KPI'!K:K,">0") -> 0 | R47: =I47/G47*Q47 -> 0 | S47: =SUMIF($F$2:F47,F47,$R$2:R47) -> 741.59588 | T47: =M47/G47 -> 51.422938 | U47: =M47/G47*Q47 -> 0 | V47: =SUMIF($F$2:F47,F47,$U$2:U47) -> 5321.2008 | W47: =T47/(24*N47) -> 0.20392333 | X47: =IFERROR(U47/(24*N47*Q47),"") | Y47: =IFERROR(V47/(24*N47*SUMIFS($Q:$Q,$F:$F,$F47,$D:$D,"<="&D47)),"") -> 0.17017587 | Z47: =IFERROR(AVERAGEIF('Daily KPI'!D:D,Table14[[#This Row],[Month]],'Daily KPI'!AB:AB),"") | AA47: =IFERROR(AVERAGEIF($F$2:F47,F47,$Z$2:Z47),"") -> 10.507 | AD47: 0.995 | AE47: 0.997 | AF47: 0.999
A48: =A47+1 -> 47 | B48: =B36 -> February | C48: =C36 -> 2 | D48: 46054 | E48: =YEAR(D48) -> 2026 | F48: FY26 | G48: =DAY(EOMONTH(D48,0)) -> 28 | H48: =H36 -> 174.40611 | I48: =I36 -> 212.78878 | K48: =K36 -> 24.199896 | M48: 1467.2907 | N48: 10.507 | O48: =M48/I48/N48 -> 0.65627929 | P48: =I48/G48 -> 7.5995994 | Q48: =COUNTIFS('Daily KPI'!D:D,D48,'Daily KPI'!K:K,">0") -> 0 | R48: =I48/G48*Q48 -> 0 | S48: =SUMIF($F$2:F48,F48,$R$2:R48) -> 741.59588 | T48: =M48/G48 -> 52.403239 | U48: =M48/G48*Q48 -> 0 | V48: =SUMIF($F$2:F48,F48,$U$2:U48) -> 5321.2008 | W48: =T48/(24*N48) -> 0.20781082 | X48: =IFERROR(U48/(24*N48*Q48),"") | Y48: =IFERROR(V48/(24*N48*SUMIFS($Q:$Q,$F:$F,$F48,$D:$D,"<="&D48)),"") -> 0.17017587 | Z48: =IFERROR(AVERAGEIF('Daily KPI'!D:D,Table14[[#This Row],[Month]],'Daily KPI'!AB:AB),"") | AA48: =IFERROR(AVERAGEIF($F$2:F48,F48,$Z$2:Z48),"") -> 10.507 | AD48: 0.995 | AE48: 0.997 | AF48: 0.999
A49: =A48+1 -> 48 | B49: =B37 -> March | C49: =C37 -> 3 | D49: 46082 | E49: =YEAR(D49) -> 2026 | F49: FY26 | G49: =DAY(EOMONTH(D49,0)) -> 31 | H49: =H37 -> 205.4467 | I49: =I37 -> 247.38206 | K49: =K37 -> 26.700255 | M49: 1810.5953 | N49: 10.507 | O49: =M49/I49/N49 -> 0.69658556 | P49: =I49/G49 -> 7.9800663 | Q49: =COUNTIFS('Daily KPI'!D:D,D49,'Daily KPI'!K:K,">0") -> 0 | R49: =I49/G49*Q49 -> 0 | S49: =SUMIF($F$2:F49,F49,$R$2:R49) -> 741.59588 | T49: =M49/G49 -> 58.4063 | U49: =M49/G49*Q49 -> 0 | V49: =SUMIF($F$2:F49,F49,$U$2:U49) -> 5321.2008 | W49: =T49/(24*N49) -> 0.23161662 | X49: =IFERROR(U49/(24*N49*Q49),"") | Y49: =IFERROR(V49/(24*N49*SUMIFS($Q:$Q,$F:$F,$F49,$D:$D,"<="&D49)),"") -> 0.17017587 | Z49: =IFERROR(AVERAGEIF('Daily KPI'!D:D,Table14[[#This Row],[Month]],'Daily KPI'!AB:AB),"") | AA49: =IFERROR(AVERAGEIF($F$2:F49,F49,$Z$2:Z49),"") -> 10.507 | AD49: 0.995 | AE49: 0.997 | AF49: 0.999
M52: 1796043.7 | N52: =M52/1000 -> 1796.0437
M53: 1722663.8 | N53: =M53/1000 -> 1722.6638
M54: 1270330 | N54: =M54/1000 -> 1270.33
M55: 1065924.7 | N55: =M55/1000 -> 1065.9247
M56: 1106298.1 | N56: =M56/1000 -> 1106.2981
M57: 1316920.9 | N57: =M57/1000 -> 1316.9209
M58: 1364355.7 | N58: =M58/1000 -> 1364.3557
M59: 1286868.7 | N59: =M59/1000 -> 1286.8687
M60: 1432329.6 | N60: =M60/1000 -> 1432.3296
M61: 1634508.3 | N61: =M61/1000 -> 1634.5083
M62: 1635740.4 | N62: =M62/1000 -> 1635.7404
M63: 1947603.1 | N63: =M63/1000 -> 1947.6031

Sheet CMS_Data
B4: Daily
B6: Tagname | C6: Date | D6: Target | E6: Actual | F6: Difference
B7: E Grid Target | C7: ='Daily Dashboard'!B3 -> 45871 | D7: ='Daily Dashboard'!C9 -> 33.012257 | E7: ='Daily Dashboard'!D9 -> 42.33402 | F7: =D7-E7 -> -9.3217632
B8: Shadding | C8: =$C$7 -> 45871 | D8: 0 | E8: 0 | F8: 0
B9: Soiling | C9: =$C$7 -> 45871 | D9: 0 | E9: 0 | F9: 0
B10: IAM | C10: =$C$7 -> 45871 | D10: 0 | E10: 0 | F10: 0
B11: Bifacial Gain | C11: =$C$7 -> 45871 | D11: 0 | E11: 0 | F11: 0
B12: Temperature | C12: =$C$7 -> 45871 | D12: 0 | E12: 0 | F12: 0
B13: Mismatch | C13: =$C$7 -> 45871 | D13: 0 | E13: 0 | F13: 0
B14: DC Ohmic | C14: =$C$7 -> 45871 | D14: 0 | E14: 0 | F14: 0
B15: AC Ohmic | C15: =$C$7 -> 45871 | D15: 0 | E15: 0 | F15: 0
B16: Inverter Conversion | C16: =$C$7 -> 45871 | D16: 0 | E16: 0 | F16: 0
B17: MPPT Mismatch | C17: =$C$7 -> 45871 | D17: 0 | E17: 0 | F17: 0
B18: Clipping Loss | C18: =$C$7 -> 45871 | D18: 0 | E18: 0 | F18: 0
B19: Curtailment Order | C19: =$C$7 -> 45871 | D19: 0 | E19: 0 | F19: 0
B20: Reactive Power | C20: =$C$7 -> 45871 | D20: 0 | E20: 0 | F20: 0
B21: Plant Uptime | C21: =$C$7 -> 45871 | D21: ='Daily Dashboard'!C21*100 -> 99.5 | E21: ='Daily Dashboard'!D21*100 -> 99.180021 | F21: =E21-D21 -> -0.319979 | G21: =(F21/100)*$D$7 -> -0.10563229
B22: Grid Uptime | C22: =$C$7 -> 45871 | D22: ='Daily Dashboard'!C24*100 -> 99.7 | E22: ='Daily Dashboard'!D24*100 -> 100 | F22: =E22-D22 -> 0.3 | G22: =(F22/100)*$D$7 -> 0.09903677
B23: Tracker Uptime | C23: =$C$7 -> 45871 | D23: ='Daily Dashboard'!C27*100 -> 99.9 | E23: ='Daily Dashboard'!D27*100 -> 100 | F23: =E23-D23 -> 0.1 | G23: =((F23/100)*$D$7)*20% -> 0.0066024514
B24: Tracker Gain | C24: =$C$7 -> 45871 | D24: 0 | E24: 0 | F24: 0
B25: Dc Unbalanced Load | C25: =$C$7 -> 45871 | D25: 0 | E25: 0 | F25: 0
B26: Measured | C26: =$C$7 -> 45871 | D26: ='Daily Dashboard'!$D$9 -> 42.33402 | E26: ='Daily Dashboard'!$D$9 -> 42.33402 | F26: ='Daily Dashboard'!$D$9 -> 42.33402
B27: Repowering Delay | C27: =$C$7 -> 45871 | D27: 0 | E27: 0 | F27: 0
B28: Capacity Shortfall | C28: =$C$7 -> 45871 | D28: 0 | E28: 0 | F28: 0
B29: PR | C29: =$C$7 -> 45871 | D29: 0 | E29: =-(F7+G30)+(SUM(G21:G23)) -> 0.50040017 | F29: =E29 -> 0.50040017
B30: POA | C30: =$C$7 -> 45871 | D30: ='Daily Dashboard'!C18 -> 4.4467593 | E30: ='Daily Dashboard'!D18 -> 5.635 | F30: =E30-D30 -> 1.1882407 | G30: =(F30/D30)*D7 -> 8.82137

Sheet Monthly KPI
A1: Till Date | B1: ='Daily Dashboard'!B3 -> 45871
A2: ES Energy Private Limited Performance Summary
A3: Year | B3: Days | C3: Estimated POA(KWh/m2) | D3: Measured POA (KWh/m2) | E3: Budgeted Energy (MWh) | F3: Measured Energy (MWh) | G3: Targt PR (%) | H3: Measured PR(%) | I3: Target DC CUF (%) | J3: Measured DC CUF (%) | K3: Target GA (%) | L3: Measured GA (%) | M3: Target PA (%) | N3: Measured PA (%) | O3: Target TA (%) | P3: Measured TA (%)
A4: ='Daily Dashboard'!$B$2 -> 45870 | B4: =DAY(B1) -> 2 | C4: =_xlfn.XLOOKUP($A4,'Modelling New'!$D:$D,'Modelling New'!R:R) -> 8.8935185 | D4: =SUMIF('Daily KPI'!$D:$D,A4,'Daily KPI'!I:I) -> 9.48 | E4: =_xlfn.XLOOKUP($A4,'Modelling New'!$D:$D,'Modelling New'!U:U) -> 66.024514 | F4: =SUMIF('Daily KPI'!$D:$D,'Monthly KPI'!$A4,'Daily KPI'!AA:AA)/1000 -> 71.42796 | G4: =IFERROR(E4/C4/'Modelling New'!$AP$1,"") -> 0.70656621 | H4: =IFERROR(F4/D4/'Modelling New'!$AP$1,"") -> 0.7171024 | I4: =IFERROR(E4/(B4*24*'Modelling New'!$AP$1),"") -> 0.13091374 | J4: =IFERROR(F4/(B4*24*'Modelling New'!$AP$1),"") -> 0.14162772 | K4: =_xlfn.XLOOKUP($A4,'Modelling New'!D:D,'Modelling New'!AE:AE) -> 0.997 | L4: =IFERROR(AVERAGEIF('Daily KPI'!$D:$D,'Monthly KPI'!$A4,'Daily KPI'!R:R),"") -> 1 | M4: =_xlfn.XLOOKUP($A4,'Modelling New'!D:D,'Modelling New'!AD:AD) -> 0.995 | N4: =IFERROR(AVERAGEIF('Daily KPI'!$D:$D,'Monthly KPI'!$A4,'Daily KPI'!O:O),"") -> 0.99590011 | O4: =_xlfn.XLOOKUP($A4,'Modelling New'!$D:$D,'Modelling New'!AF:AF) -> 0.999 | P4: =IFERROR(AVERAGEIF('Daily KPI'!$D:$D,'Monthly KPI'!$A4,'Daily KPI'!T:T),"") -> 1
A7: Start Date | B7: =B8-6 -> 45865
A8: End Date | B8: =B1 -> 45871
A9: ES Energy Private Limited Performance Summary
A10: Year | B10: Days | C10: Estimated POA(KWh/m2) | D10: Measured POA (KWh/m2) | E10: Budgeted Energy (MWh) | F10: Measured Energy (MWh) | G10: Targt PR (%) | H10: Measured PR(%) | I10: Target DC CUF (%) | J10: Measured DC CUF (%) | K10: Target GA (%) | L10: Measured GA (%) | M10: Target PA (%) | N10: Measured PA (%) | O10: Target TA (%) | P10: Measured TA (%)
A11: =A4 -> 45870 | B11: =(B8-B7)+1 -> 7 | C11: =SUMIFS('Daily KPI'!AC:AC,'Daily KPI'!$A:$A,">="&$B$7,'Daily KPI'!$A:$A,"<="&$B$8) -> 30.24075 | D11: =SUMIFS('Daily KPI'!I:I,'Daily KPI'!$A:$A,">="&$B$7,'Daily KPI'!$A:$A,"<="&$B$8) -> 25.72 | E11: =SUMIFS('Daily KPI'!AD:AD,'Daily KPI'!$A:$A,">="&$B$7,'Daily KPI'!$A:$A,"<="&$B$8)/1000 -> 223.15016 | F11: =SUMIFS('Daily KPI'!AA:AA,'Daily KPI'!$A:$A,">="&$B$7,'Daily KPI'!$A:$A,"<="&$B$8)/1000 -> 200.02136 | G11: =IFERROR(E11/C11/'Modelling New'!$AP$1,"") -> 0.70230525 | H11: =IFERROR(F11/D11/'Modelling New'!$AP$1,"") -> 0.74016182 | I11: =IFERROR(E11/(B11*24*'Modelling New'!$AP$1),"") -> 0.12641808 | J11: =IFERROR(F11/(B11*24*'Modelling New'!$AP$1),"") -> 0.11331525 | K11: =_xlfn.XLOOKUP($A11,'Modelling New'!$D:$D,'Modelling New'!AE:AE) -> 0.997 | L11: =AVERAGEIFS('Daily KPI'!R:R,'Daily KPI'!$A:$A,">="&$B$7,'Daily KPI'!$A:$A,"<="&$B$8) -> 1 | M11: =_xlfn.XLOOKUP($A11,'Modelling New'!$D:$D,'Modelling New'!AD:AD) -> 0.995 | N11: =AVERAGEIFS('Daily KPI'!O:O,'Daily KPI'!$A:$A,">="&$B$7,'Daily KPI'!$A:$A,"<="&$B$8) -> 0.99783697 | O11: =_xlfn.XLOOKUP($A11,'Modelling New'!D:D,'Modelling New'!AF:AF) -> 0.999 | P11: =AVERAGEIFS('Daily KPI'!T:T,'Daily KPI'!$A:$A,">="&$B$7,'Daily KPI'!$A:$A,"<="&$B$8) -> 1

Sheet Daily KPI
A1: Date | B1: Financial Year | C1: Calendar Year | D1: Month Year | E1: Days | F1: Operating Hours | G1: GHI-UP (KWh/m2) | H1: GHI-Down(KWh/m2) | I1: POA-UP(KWh/m2) | J1: POA-Down(KWh/m2) | K1: Amb_Temp(°C) | L1: Mod_Temp(°C) | M1: WS_Avg(m/s) | N1: WS_Max(m/s) | O1: PA(%) | P1: MA (%) | Q1: IGA (%) | R1: EGA(%) | S1: EMA (%) | T1: TA (%) | U1: PR(%) | V1: WPR(%) | W1: CUF(%) | X1: Gen_Exp (kWh) | Y1: Mtr_Export (kWh) | Z1: Mtr_Import (kWh) | AA1: Mtr_Net_Exp (KWh) | AB1: Operational Capacity (MW) | AC1: Bugt_Resource | AD1: Bugt_Energy | AE1: Bugt PR | AF1: Bugt CUF | AG1: Bugt_PA | AH1: Bugt_EGA | AI1: Expected Energy | AJ1: Actual Energy WPR | AK1: RA (%) | AL1: Mod Clean Dry (Num) | AM1: Mod Clean Wet (Num) | AN1: Line Loss(%) | AO1: Reactive Power (%) | AP1: Bugt Line loss (%) (Wind) | AQ1: Bugt Reactive Power (%) (Wind) | AR1: Bugt Capacity | AS1: CC*Bugt
A2: 45745 | B2: =YEAR(Table13[[#This Row],[Date]])+IF(MONTH(Table13[[#This Row],[Date]])>=4,1,0) -> 2025 | C2: =YEAR(Table13[[#This Row],[Date]]) -> 2025 | D2: =Table13[[#This Row],[Date]]-DAY(Table13[[#This Row],[Date]])+1 -> 45717 | E2: =DAY(EOMONTH(A2,0)) -> 31 | F2: {=IFERROR(_xlfn.XLOOKUP(Table13[[#This Row],[Date]],Raw_Data[[#All],[Date]],Raw_Data[[#All],[Operating Hours]]),"")} -> 12 | G2: =IFERROR(_xlfn.XLOOKUP($A2,'Raw Data'!$G:$G,'Raw Data'!S:S)/1000,"") -> 6.6 | I2: =IFERROR(_xlfn.XLOOKUP($A2,'Raw Data'!$G:$G,'Raw Data'!AF:AF)/1000,"") -> 7.375 | K2: =IFERROR(_xlfn.XLOOKUP($A2,'Raw Data'!$G:$G,'Raw Data'!W:W),"") -> 30.493778 | L2: =IFERROR(_xlfn.XLOOKUP($A2,'Raw Data'!$G:$G,'Raw Data'!X:X),"") -> 46.458636 | M2: =IFERROR(_xlfn.XLOOKUP($A2,'Raw Data'!$G:$G,'Raw Data'!Y:Y),"") -> 0.67533815 | N2: =IFERROR(_xlfn.XLOOKUP($A2,'Raw Data'!$G:$G,'Raw Data'!Z:Z),"") -> 0.69938042 | O2: =IFERROR(1-SUMIF('Plant BD'!$H:$H,$A2,'Plant BD'!$AE:$AE)/($AA2+SUMIF('Plant BD'!$H:$H,$A2,'Plant BD'!$AE:$AE)),"") | R2: =IFERROR(1-SUMIF('Grid BD'!$H:$H,$A2,'Grid BD'!$AD:$AD)/($AA2+SUMIF('Grid BD'!$H:$H,$A2,'Grid BD'!$AD:$AD)),"") | T2: =IFERROR(1-SUMIF(Tracker_BD!H:H,$A2,Tracker_BD!AI:AI)/$F2,"") -> 1 | U2: =IFERROR(AA2/(I2*1000)/AB2,"") | W2: =IFERROR(AA2/(24*1000*AR2),"") | X2: =IFERROR(_xlfn.XLOOKUP($A2,'Raw Data'!$G:$G,'Raw Data'!AB:AB),"") -> 51086 | Y2: =IFERROR(_xlfn.XLOOKUP($A2,'Raw Data'!$G:$G,'Raw Data'!AC:AC),"") | Z2: =IFERROR(_xlfn.XLOOKUP($A2,'Raw Data'!$G:$G,'Raw Data'!AD:AD),"") | AA2: =IFERROR(_xlfn.XLOOKUP($A2,'Raw Data'!$G:$G,'Raw Data'!AE:AE),"") | AB2: =_xlfn.XLOOKUP($D2,'Modelling New'!D:D,'Modelling New'!N:N) -> 10.507 | AC2: =IFERROR(_xlfn.XLOOKUP($D2,'Modelling New'!$D:$D,'Modelling New'!P:P),"") -> 7.9800663 | AD2: =IFERROR(_xlfn.XLOOKUP($D2,'Modelling New'!$D:$D,'Modelling New'!T:T)*1000,"") -> 58906.452 | AE2: =IFERROR(AD2/AC2/AB2/1000,"") -> 0.70255063 | AF2: =IFERROR(_xlfn.XLOOKUP($D2,'Modelling New'!$D:$D,'Modelling New'!W:W),"") -> 0.23360003 | AG2: =IFERROR(_xlfn.XLOOKUP($D2,'Modelling New'!$D:$D,'Modelling New'!AD:AD),"") -> 0.995 | AH2: =IFERROR(_xlfn.XLOOKUP($D2,'Modelling New'!$D:$D,'Modelling New'!AE:AE),"") -> 0.997 | AR2: =IFERROR(_xlfn.XLOOKUP($D2,'Modelling New'!$D:$D,'Modelling New'!$N:$N),"") -> 10.507
A3: =A2+1 -> 45746 | B3: =YEAR(Table13[[#This Row],[Date]])+IF(MONTH(Table13[[#This Row],[Date]])>=4,1,0) -> 2025 | C3: =YEAR(Table13[[#This Row],[Date]]) -> 2025 | D3: =Table13[[#This Row],[Date]]-DAY(Table13[[#This Row],[Date]])+1 -> 45717 | E3: =DAY(EOMONTH(A3,0)) -> 31 | F3: {=IFERROR(_xlfn.XLOOKUP(Table13[[#This Row],[Date]],Raw_Data[[#All],[Date]],Raw_Data[[#All],[Operating Hours]]),"")} -> 12.016667 | G3: =IFERROR(_xlfn.XLOOKUP($A3,'Raw Data'!$G:$G,'Raw Data'!S:S)/1000,"") -> 6.48 | I3: =IFERROR(_xlfn.XLOOKUP($A3,'Raw Data'!$G:$G,'Raw Data'!AF:AF)/1000,"") -> 7.35 | K3: =IFERROR(_xlfn.XLOOKUP($A3,'Raw Data'!$G:$G,'Raw Data'!W:W),"") -> 30.195025 | L3: =IFERROR(_xlfn.XLOOKUP($A3,'Raw Data'!$G:$G,'Raw Data'!X:X),"") -> 46.433191 | M3: =IFERROR(_xlfn.XLOOKUP($A3,'Raw Data'!$G:$G,'Raw Data'!Y:Y),"") -> 0.77068708 | N3: =IFERROR(_xlfn.XLOOKUP($A3,'Raw Data'!$G:$G,'Raw Data'!Z:Z),"") -> 3.0955796 | O3: =IFERROR(1-SUMIF('Plant BD'!$H:$H,$A3,'Plant BD'!$AE:$AE)/($AA3+SUMIF('Plant BD'!$H:$H,$A3,'Plant BD'!$AE:$AE)),"") -> 0.99412885 | R3: =IFERROR(1-SUMIF('Grid BD'!$H:$H,$A3,'Grid BD'!$AD:$AD)/($AA3+SUMIF('Grid BD'!$H:$H,$A3,'Grid BD'!$AD:$AD)),"") -> 1 | T3: =IFERROR(1-SUMIF(Tracker_BD!H:H,$A3,Tracker_BD!AI:AI)/$F3,"") -> 1 | U3: =IFERROR(AA3/(I3*1000)/AB3,"") -> 0.69065974 | W3: =IFERROR(AA3/(24*1000*AR3),"") -> 0.21151455 | X3: =IFERROR(_xlfn.XLOOKUP($A3,'Raw Data'!$G:$G,'Raw Data'!AB:AB),"") -> 50755 | Y3: =IFERROR(_xlfn.XLOOKUP($A3,'Raw Data'!$G:$G,'Raw Data'!AC:AC),"") -> 53644.4 | Z3: =IFERROR(_xlfn.XLOOKUP($A3,'Raw Data'!$G:$G,'Raw Data'!AD:AD),"") -> 307.2 | AA3: =IFERROR(_xlfn.XLOOKUP($A3,'Raw Data'!$G:$G,'Raw Data'!AE:AE),"") -> 53337.2 | AB3: =_xlfn.XLOOKUP($D3,'Modelling New'!D:D,'Modelling New'!N:N) -> 10.507 | AC3: =IFERROR(_xlfn.XLOOKUP($D3,'Modelling New'!$D:$D,'Modelling New'!P:P),"") -> 7.9800663 | AD3: =IFERROR(_xlfn.XLOOKUP($D3,'Modelling New'!$D:$D,'Modelling New'!T:T)*1000,"") -> 58906.452 | AE3: =IFERROR(AD3/AC3/AB3/1000,"") -> 0.70255063 | AF3: =IFERROR(_xlfn.XLOOKUP($D3,'Modelling New'!$D:$D,'Modelling New'!W:W),"") -> 0.23360003 | AG3: =IFERROR(_xlfn.XLOOKUP($D3,'Modelling New'!$D:$D,'Modelling New'!AD:AD),"") -> 0.995 | AH3: =IFERROR(_xlfn.XLOOKUP($D3,'Modelling New'!$D:$D,'Modelling New'!AE:AE),"") -> 0.997 | AR3: =IFERROR(_xlfn.XLOOKUP($D3,'Modelling New'!$D:$D,'Modelling New'!$N:$N),"") -> 10.507
A4: =A3+1 -> 45747 | B4: =YEAR(Table13[[#This Row],[Date]])+IF(MONTH(Table13[[#This Row],[Date]])>=4,1,0) -> 2025 | C4: =YEAR(Table13[[#This Row],[Date]]) -> 2025 | D4: =Table13[[#This Row],[Date]]-DAY(Table13[[#This Row],[Date]])+1 -> 45717 | E4: =DAY(EOMONTH(A4,0)) -> 31 | F4: {=IFERROR(_xlfn.XLOOKUP(Table13[[#This Row],[Date]],Raw_Data[[#All],[Date]],Raw_Data[[#All],[Operating Hours]]),"")} -> 12.066667 | G4: =IFERROR(_xlfn.XLOOKUP($A4,'Raw Data'!$G:$G,'Raw Data'!S:S)/1000,"") -> 6.12 | I4: =IFERROR(_xlfn.XLOOKUP($A4,'Raw Data'!$G:$G,'Raw Data'!AF:AF)/1000,"") -> 6.55 | K4: =IFERROR(_xlfn.XLOOKUP($A4,'Raw Data'!$G:$G,'Raw Data'!W:W),"") -> 30.040435 | L4: =IFERROR(_xlfn.XLOOKUP($A4,'Raw Data'!$G:$G,'Raw Data'!X:X),"") -> 44.9267 | M4: =IFERROR(_xlfn.XLOOKUP($A4,'Raw Data'!$G:$G,'Raw Data'!Y:Y),"") -> 0.68876265 | N4: =IFERROR(_xlfn.XLOOKUP($A4,'Raw Data'!$G:$G,'Raw Data'!Z:Z),"") -> 3.2757179 | O4: =IFERROR(1-SUMIF('Plant BD'!$H:$H,$A4,'Plant BD'!$AE:$AE)/($AA4+SUMIF('Plant BD'!$H:$H,$A4,'Plant BD'!$AE:$AE)),"") -> 1 | R4: =IFERROR(1-SUMIF('Grid BD'!$H:$H,$A4,'Grid BD'!$AD:$AD)/($AA4+SUMIF('Grid BD'!$H:$H,$A4,'Grid BD'!$AD:$AD)),"") -> 1 | T4: =IFERROR(1-SUMIF(Tracker_BD!H:H,$A4,Tracker_BD!AI:AI)/$F4,"") -> 1 | U4: =IFERROR(AA4/(I4*1000)/AB4,"") -> 0.70321828 | W4: =IFERROR(AA4/(24*1000*AR4),"") -> 0.19191999 | X4: =IFERROR(_xlfn.XLOOKUP($A4,'Raw Data'!$G:$G,'Raw Data'!AB:AB),"") -> 46606 | Y4: =IFERROR(_xlfn.XLOOKUP($A4,'Raw Data'!$G:$G,'Raw Data'!AC:AC),"") -> 48696.2 | Z4: =IFERROR(_xlfn.XLOOKUP($A4,'Raw Data'!$G:$G,'Raw Data'!AD:AD),"") -> 300.12 | AA4: =IFERROR(_xlfn.XLOOKUP($A4,'Raw Data'!$G:$G,'Raw Data'!AE:AE),"") -> 48396.08 | AB4: =_xlfn.XLOOKUP($D4,'Modelling New'!D:D,'Modelling New'!N:N) -> 10.507 | AC4: =IFERROR(_xlfn.XLOOKUP($D4,'Modelling New'!$D:$D,'Modelling New'!P:P),"") -> 7.9800663 | AD4: =IFERROR(_xlfn.XLOOKUP($D4,'Modelling New'!$D:$D,'Modelling New'!T:T)*1000,"") -> 58906.452 | AE4: =IFERROR(AD4/AC4/AB4/1000,"") -> 0.70255063 | AF4: =IFERROR(_xlfn.XLOOKUP($D4,'Modelling New'!$D:$D,'Modelling New'!W:W),"") -> 0.23360003 | AG4: =IFERROR(_xlfn.XLOOKUP($D4,'Modelling New'!$D:$D,'Modelling New'!AD:AD),"") -> 0.995 | AH4: =IFERROR(_xlfn.XLOOKUP($D4,'Modelling New'!$D:$D,'Modelling New'!AE:AE),"") -> 0.997 | AR4: =IFERROR(_xlfn.XLOOKUP($D4,'Modelling New'!$D:$D,'Modelling New'!$N:$N),"") -> 10.507
A5: =A4+1 -> 45748 | B5: =YEAR(Table13[[#This Row],[Date]])+IF(MONTH(Table13[[#This Row],[Date]])>=4,1,0) -> 2026 | C5: =YEAR(Table13[[#This Row],[Date]]) -> 2025 | D5: =Table13[[#This Row],[Date]]-DAY(Table13[[#This Row],[Date]])+1 -> 45748 | E5: =DAY(EOMONTH(A5,0)) -> 30 | F5: {=IFERROR(_xlfn.XLOOKUP(Table13[[#This Row],[Date]],Raw_Data[[#All],[Date]],Raw_Data[[#All],[Operating Hours]]),"")} -> 12.033333 | G5: =IFERROR(_xlfn.XLOOKUP($A5,'Raw Data'!$G:$G,'Raw Data'!S:S)/1000,"") -> 5.15 | I5: =IFERROR(_xlfn.XLOOKUP($A5,'Raw Data'!$G:$G,'Raw Data'!AF:AF)/1000,"") -> 5.39 | K5: =IFERROR(_xlfn.XLOOKUP($A5,'Raw Data'!$G:$G,'Raw Data'!W:W),"") -> 28.438176 | L5: =IFERROR(_xlfn.XLOOKUP($A5,'Raw Data'!$G:$G,'Raw Data'!X:X),"") -> 41.541825 | M5: =IFERROR(_xlfn.XLOOKUP($A5,'Raw Data'!$G:$G,'Raw Data'!Y:Y),"") -> 0.68870556 | N5: =IFERROR(_xlfn.XLOOKUP($A5,'Raw Data'!$G:$G,'Raw Data'!Z:Z),"") -> 0.78930177 | O5: =IFERROR(1-SUMIF('Plant BD'!$H:$H,$A5,'Plant BD'!$AE:$AE)/($AA5+SUMIF('Plant BD'!$H:$H,$A5,'Plant BD'!$AE:$AE)),"") -> 1 | R5: =IFERROR(1-SUMIF('Grid BD'!$H:$H,$A5,'Grid BD'!$AD:$AD)/($AA5+SUMIF('Grid BD'!$H:$H,$A5,'Grid BD'!$AD:$AD)),"") -> 1 | T5: =IFERROR(1-SUMIF(Tracker_BD!H:H,$A5,Tracker_BD!AI:AI)/$F5,"") -> 1 | U5: =IFERROR(AA5/(I5*1000)/AB5,"") -> 0.70387318 | W5: =IFERROR(AA5/(24*1000*AR5),"") -> 0.15807819 | X5: =IFERROR(_xlfn.XLOOKUP($A5,'Raw Data'!$G:$G,'Raw Data'!AB:AB),"") -> 39403 | Y5: =IFERROR(_xlfn.XLOOKUP($A5,'Raw Data'!$G:$G,'Raw Data'!AC:AC),"") -> 40160.4 | Z5: =IFERROR(_xlfn.XLOOKUP($A5,'Raw Data'!$G:$G,'Raw Data'!AD:AD),"") -> 298.14 | AA5: =IFERROR(_xlfn.XLOOKUP($A5,'Raw Data'!$G:$G,'Raw Data'!AE:AE),"") -> 39862.26 | AB5: =_xlfn.XLOOKUP($D5,'Modelling New'!D:D,'Modelling New'!N:N) -> 10.507 | AC5: =IFERROR(_xlfn.XLOOKUP($D5,'Modelling New'!$D:$D,'Modelling New'!P:P),"") -> 7.5896068 | AD5: =IFERROR(_xlfn.XLOOKUP($D5,'Modelling New'!$D:$D,'Modelling New'!T:T)*1000,"") -> 52819.056 | AE5: =IFERROR(AD5/AC5/AB5/1000,"") -> 0.66235776 | AF5: =IFERROR(_xlfn.XLOOKUP($D5,'Modelling New'!$D:$D,'Modelling New'!W:W),"") -> 0.20945979 | AG5: =IFERROR(_xlfn.XLOOKUP($D5,'Modelling New'!$D:$D,'Modelling New'!AD:AD),"") -> 0.995 | AH5: =IFERROR(_xlfn.XLOOKUP($D5,'Modelling New'!$D:$D,'Modelling New'!AE:AE),"") -> 0.997 | AR5: =IFERROR(_xlfn.XLOOKUP($D5,'Modelling New'!$D:$D,'Modelling New'!$N:$N),"") -> 10.507
A6: =A5+1 -> 45749 | B6: =YEAR(Table13[[#This Row],[Date]])+IF(MONTH(Table13[[#This Row],[Date]])>=4,1,0) -> 2026 | C6: =YEAR(Table13[[#This Row],[Date]]) -> 2025 | D6: =Table13[[#This Row],[Date]]-DAY(Table13[[#This Row],[Date]])+1 -> 45748 | E6: =DAY(EOMONTH(A6,0)) -> 30 | F6: {=IFERROR(_xlfn.XLOOKUP(Table13[[#This Row],[Date]],Raw_Data[[#All],[Date]],Raw_Data[[#All],[Operating Hours]]),"")} -> 11.85 | G6: =IFERROR(_xlfn.XLOOKUP($A6,'Raw Data'!$G:$G,'Raw Data'!S:S)/1000,"") -> 5.9 | I6: =IFERROR(_xlfn.XLOOKUP($A6,'Raw Data'!$G:$G,'Raw Data'!AF:AF)/1000,"") -> 6.35 | K6: =IFERROR(_xlfn.XLOOKUP($A6,'Raw Data'!$G:$G,'Raw Data'!W:W),"") -> 28.478929 | L6: =IFERROR(_xlfn.XLOOKUP($A6,'Raw Data'!$G:$G,'Raw Data'!X:X),"") -> 44.056629 | M6: =IFERROR(_xlfn.XLOOKUP($A6,'Raw Data'!$G:$G,'Raw Data'!Y:Y),"") -> 0.6846936 | N6: =IFERROR(_xlfn.XLOOKUP($A6,'Raw Data'!$G:$G,'Raw Data'!Z:Z),"") -> 1.9063103 | O6: =IFERROR(1-SUMIF('Plant BD'!$H:$H,$A6,'Plant BD'!$AE:$AE)/($AA6+SUMIF('Plant BD'!$H:$H,$A6,'Plant BD'!$AE:$AE)),"") -> 0.99719811 | R6: =IFERROR(1-SUMIF('Grid BD'!$H:$H,$A6,'Grid BD'!$AD:$AD)/($AA6+SUMIF('Grid BD'!$H:$H,$A6,'Grid BD'!$AD:$AD)),"") -> 1 | T6: =IFERROR(1-SUMIF(Tracker_BD!H:H,$A6,Tracker_BD!AI:AI)/$F6,"") -> 1 | U6: =IFERROR(AA6/(I6*1000)/AB6,"") -> 0.69345985 | W6: =IFERROR(AA6/(24*1000*AR6),"") -> 0.18347792 | X6: =IFERROR(_xlfn.XLOOKUP($A6,'Raw Data'!$G:$G,'Raw Data'!AB:AB),"") -> 44735 | Y6: =IFERROR(_xlfn.XLOOKUP($A6,'Raw Data'!$G:$G,'Raw Data'!AC:AC),"") -> 46564.5 | Z6: =IFERROR(_xlfn.XLOOKUP($A6,'Raw Data'!$G:$G,'Raw Data'!AD:AD),"") -> 297.24 | AA6: =IFERROR(_xlfn.XLOOKUP($A6,'Raw Data'!$G:$G,'Raw Data'!AE:AE),"") -> 46267.26 | AB6: =_xlfn.XLOOKUP($D6,'Modelling New'!D:D,'Modelling New'!N:N) -> 10.507 | AC6: =IFERROR(_xlfn.XLOOKUP($D6,'Modelling New'!$D:$D,'Modelling New'!P:P),"") -> 7.5896068 | AD6: =IFERROR(_xlfn.XLOOKUP($D6,'Modelling New'!$D:$D,'Modelling New'!T:T)*1000,"") -> 52819.056 | AE6: =IFERROR(AD6/AC6/AB6/1000,"") -> 0.66235776 | AF6: =IFERROR(_xlfn.XLOOKUP($D6,'Modelling New'!$D:$D,'Modelling New'!W:W),"") -> 0.20945979 | AG6: =IFERROR(_xlfn.XLOOKUP($D6,'Modelling New'!$D:$D,'Modelling New'!AD:AD),"") -> 0.995 | AH6: =IFERROR(_xlfn.XLOOKUP($D6,'Modelling New'!$D:$D,'Modelling New'!AE:AE),"") -> 0.997 | AR6: =IFERROR(_xlfn.XLOOKUP($D6,'Modelling New'!$D:$D,'Modelling New'!$N:$N),"") -> 10.507
A7: =A6+1 -> 45750 | B7: =YEAR(Table13[[#This Row],[Date]])+IF(MONTH(Table13[[#This Row],[Date]])>=4,1,0) -> 2026 | C7: =YEAR(Table13[[#This Row],[Date]]) -> 2025 | D7: =Table13[[#This Row],[Date]]-DAY(Table13[[#This Row],[Date]])+1 -> 45748 | E7: =DAY(EOMONTH(A7,0)) -> 30 | F7: {=IFERROR(_xlfn.XLOOKUP(Table13[[#This Row],[Date]],Raw_Data[[#All],[Date]],Raw_Data[[#All],[Operating Hours]]),"")} -> 11.816667 | G7: =IFERROR(_xlfn.XLOOKUP($A7,'Raw Data'!$G:$G,'Raw Data'!S:S)/1000,"") -> 3.96 | I7: =IFERROR(_xlfn.XLOOKUP($A7,'Raw Data'!$G:$G,'Raw Data'!AF:AF)/1000,"") -> 4.01 | K7: =IFERROR(_xlfn.XLOOKUP($A7,'Raw Data'!$G:$G,'Raw Data'!W:W),"") -> 25.54595 | L7: =IFERROR(_xlfn.XLOOKUP($A7,'Raw Data'!$G:$G,'Raw Data'!X:X),"") -> 35.857204 | M7: =IFERROR(_xlfn.XLOOKUP($A7,'Raw Data'!$G:$G,'Raw Data'!Y:Y),"") -> 0.823894 | N7: =IFERROR(_xlfn.XLOOKUP($A7,'Raw Data'!$G:$G,'Raw Data'!Z:Z),"") -> 5.4077555 | O7: =IFERROR(1-SUMIF('Plant BD'!$H:$H,$A7,'Plant BD'!$AE:$AE)/($AA7+SUMIF('Plant BD'!$H:$H,$A7,'Plant BD'!$AE:$AE)),"") -> 1 | R7: =IFERROR(1-SUMIF('Grid BD'!$H:$H,$A7,'Grid BD'!$AD:$AD)/($AA7+SUMIF('Grid BD'!$H:$H,$A7,'Grid BD'!$AD:$AD)),"") -> 1 | T7: =IFERROR(1-SUMIF(Tracker_BD!H:H,$A7,Tracker_BD!AI:AI)/$F7,"") -> 1 | U7: =IFERROR(AA7/(I7*1000)/AB7,"") -> 0.71446111 | W7: =IFERROR(AA7/(24*1000*AR7),"") -> 0.11937454 | X7: =IFERROR(_xlfn.XLOOKUP($A7,'Raw Data'!$G:$G,'Raw Data'!AB:AB),"") -> 31063 | Y7: =IFERROR(_xlfn.XLOOKUP($A7,'Raw Data'!$G:$G,'Raw Data'!AC:AC),"") -> 30406.1 | Z7: =IFERROR(_xlfn.XLOOKUP($A7,'Raw Data'!$G:$G,'Raw Data'!AD:AD),"") -> 303.66 | AA7: =IFERROR(_xlfn.XLOOKUP($A7,'Raw Data'!$G:$G,'Raw Data'!AE:AE),"") -> 30102.44 | AB7: =_xlfn.XLOOKUP($D7,'Modelling New'!D:D,'Modelling New'!N:N) -> 10.507 | AC7: =IFERROR(_xlfn.XLOOKUP($D7,'Modelling New'!$D:$D,'Modelling New'!P:P),"") -> 7.5896068 | AD7: =IFERROR(_xlfn.XLOOKUP($D7,'Modelling New'!$D:$D,'Modelling New'!T:T)*1000,"") -> 52819.056 | AE7: =IFERROR(AD7/AC7/AB7/1000,"") -> 0.66235776 | AF7: =IFERROR(_xlfn.XLOOKUP($D7,'Modelling New'!$D:$D,'Modelling New'!W:W),"") -> 0.20945979 | AG7: =IFERROR(_xlfn.XLOOKUP($D7,'Modelling New'!$D:$D,'Modelling New'!AD:AD),"") -> 0.995 | AH7: =IFERROR(_xlfn.XLOOKUP($D7,'Modelling New'!$D:$D,'Modelling New'!AE:AE),"") -> 0.997 | AR7: =IFERROR(_xlfn.XLOOKUP($D7,'Modelling New'!$D:$D,'Modelling New'!$N:$N),"") -> 10.507
A8: =A7+1 -> 45751 | B8: =YEAR(Table13[[#This Row],[Date]])+IF(MONTH(Table13[[#This Row],[Date]])>=4,1,0) -> 2026 | C8: =YEAR(Table13[[#This Row],[Date]]) -> 2025 | D8: =Table13[[#This Row],[Date]]-DAY(Table13[[#This Row],[Date]])+1 -> 45748 | E8: =DAY(EOMONTH(A8,0)) -> 30 | F8: {=IFERROR(_xlfn.XLOOKUP(Table13[[#This Row],[Date]],Raw_Data[[#All],[Date]],Raw_Data[[#All],[Operating Hours]]),"")} -> 11.716667 | G8: =IFERROR(_xlfn.XLOOKUP($A8,'Raw Data'!$G:$G,'Raw Data'!S:S)/1000,"") -> 6.87 | I8: =IFERROR(_xlfn.XLOOKUP($A8,'Raw Data'!$G:$G,'Raw Data'!AF:AF)/1000,"") -> 7.54 | K8: =IFERROR(_xlfn.XLOOKUP($A8,'Raw Data'!$G:$G,'Raw Data'!W:W),"") -> 29.781802 | L8: =IFERROR(_xlfn.XLOOKUP($A8,'Raw Data'!$G:$G,'Raw Data'!X:X),"") -> 46.94898 | M8: =IFERROR(_xlfn.XLOOKUP($A8,'Raw Data'!$G:$G,'Raw Data'!Y:Y),"") -> 0.66325763 | N8: =IFERROR(_xlfn.XLOOKUP($A8,'Raw Data'!$G:$G,'Raw Data'!Z:Z),"") -> 3.4187512 | O8: =IFERROR(1-SUMIF('Plant BD'!$H:$H,$A8,'Plant BD'!$AE:$AE)/($AA8+SUMIF('Plant BD'!$H:$H,$A8,'Plant BD'!$AE:$AE)),"") -> 0.93784971 | R8: =IFERROR(1-SUMIF('Grid BD'!$H:$H,$A8,'Grid BD'!$AD:$AD)/($AA8+SUMIF('Grid BD'!$H:$H,$A8,'Grid BD'!$AD:$AD)),"") -> 1 | T8: =IFERROR(1-SUMIF(Tracker_BD!H:H,$A8,Tracker_BD!AI:AI)/$F8,"") -> 1 | U8: =IFERROR(AA8/(I8*1000)/AB8,"") -> 0.63809425 | W8: =IFERROR(AA8/(24*1000*AR8),"") -> 0.20046794 | X8: =IFERROR(_xlfn.XLOOKUP($A8,'Raw Data'!$G:$G,'Raw Data'!AB:AB),"") -> 48037 | Y8: =IFERROR(_xlfn.XLOOKUP($A8,'Raw Data'!$G:$G,'Raw Data'!AC:AC),"") -> 50867.5 | Z8: =IFERROR(_xlfn.XLOOKUP($A8,'Raw Data'!$G:$G,'Raw Data'!AD:AD),"") -> 315.9 | AA8: =IFERROR(_xlfn.XLOOKUP($A8,'Raw Data'!$G:$G,'Raw Data'!AE:AE),"") -> 50551.6 | AB8: =_xlfn.XLOOKUP($D8,'Modelling New'!D:D,'Modelling New'!N:N) -> 10.507 | AC8: =IFERROR(_xlfn.XLOOKUP($D8,'Modelling New'!$D:$D,'Modelling New'!P:P),"") -> 7.5896068 | AD8: =IFERROR(_xlfn.XLOOKUP($D8,'Modelling New'!$D:$D,'Modelling New'!T:T)*1000,"") -> 52819.056 | AE8: =IFERROR(AD8/AC8/AB8/1000,"") -> 0.66235776 | AF8: =IFERROR(_xlfn.XLOOKUP($D8,'Modelling New'!$D:$D,'Modelling New'!W:W),"") -> 0.20945979 | AG8: =IFERROR(_xlfn.XLOOKUP($D8,'Modelling New'!$D:$D,'Modelling New'!AD:AD),"") -> 0.995 | AH8: =IFERROR(_xlfn.XLOOKUP($D8,'Modelling New'!$D:$D,'Modelling New'!AE:AE),"") -> 0.997 | AR8: =IFERROR(_xlfn.XLOOKUP($D8,'Modelling New'!$D:$D,'Modelling New'!$N:$N),"") -> 10.507
A9: =A8+1 -> 45752 | B9: =YEAR(Table13[[#This Row],[Date]])+IF(MONTH(Table13[[#This Row],[Date]])>=4,1,0) -> 2026 | C9: =YEAR(Table13[[#This Row],[Date]]) -> 2025 | D9: =Table13[[#This Row],[Date]]-DAY(Table13[[#This Row],[Date]])+1 -> 45748 | E9: =DAY(EOMONTH(A9,0)) -> 30 | F9: {=IFERROR(_xlfn.XLOOKUP(Table13[[#This Row],[Date]],Raw_Data[[#All],[Date]],Raw_Data[[#All],[Operating Hours]]),"")} -> 12.033333 | G9: =IFERROR(_xlfn.XLOOKUP($A9,'Raw Data'!$G:$G,'Raw Data'!S:S)/1000,"") -> 5.83 | I9: =IFERROR(_xlfn.XLOOKUP($A9,'Raw Data'!$G:$G,'Raw Data'!AF:AF)/1000,"") -> 6.46 | K9: =IFERROR(_xlfn.XLOOKUP($A9,'Raw Data'!$G:$G,'Raw Data'!W:W),"") -> 28.418744 | L9: =IFERROR(_xlfn.XLOOKUP($A9,'Raw Data'!$G:$G,'Raw Data'!X:X),"") -> 45.769404 | M9: =IFERROR(_xlfn.XLOOKUP($A9,'Raw Data'!$G:$G,'Raw Data'!Y:Y),"") -> 0.6846936 | N9: =IFERROR(_xlfn.XLOOKUP($A9,'Raw Data'!$G:$G,'Raw Data'!Z:Z),"") -> 1.9063103 | O9: =IFERROR(1-SUMIF('Plant BD'!$H:$H,$A9,'Plant BD'!$AE:$AE)/($AA9+SUMIF('Plant BD'!$H:$H,$A9,'Plant BD'!$AE:$AE)),"") -> 0.94531103 | R9: =IFERROR(1-SUMIF('Grid BD'!$H:$H,$A9,'Grid BD'!$AD:$AD)/($AA9+SUMIF('Grid BD'!$H:$H,$A9,'Grid BD'!$AD:$AD)),"") -> 1 | T9: =IFERROR(1-SUMIF(Tracker_BD!H:H,$A9,Tracker_BD!AI:AI)/$F9,"") -> 1 | U9: =IFERROR(AA9/(I9*1000)/AB9,"") -> 0.62010142 | W9: =IFERROR(AA9/(24*1000*AR9),"") -> 0.16691063 | X9: =IFERROR(_xlfn.XLOOKUP($A9,'Raw Data'!$G:$G,'Raw Data'!AB:AB),"") -> 40547 | Y9: =IFERROR(_xlfn.XLOOKUP($A9,'Raw Data'!$G:$G,'Raw Data'!AC:AC),"") -> 42409.8 | Z9: =IFERROR(_xlfn.XLOOKUP($A9,'Raw Data'!$G:$G,'Raw Data'!AD:AD),"") -> 320.28 | AA9: =IFERROR(_xlfn.XLOOKUP($A9,'Raw Data'!$G:$G,'Raw Data'!AE:AE),"") -> 42089.52 | AB9: =_xlfn.XLOOKUP($D9,'Modelling New'!D:D,'Modelling New'!N:N) -> 10.507 | AC9: =IFERROR(_xlfn.XLOOKUP($D9,'Modelling New'!$D:$D,'Modelling New'!P:P),"") -> 7.5896068 | AD9: =IFERROR(_xlfn.XLOOKUP($D9,'Modelling New'!$D:$D,'Modelling New'!T:T)*1000,"") -> 52819.056 | AE9: =IFERROR(AD9/AC9/AB9/1000,"") -> 0.66235776 | AF9: =IFERROR(_xlfn.XLOOKUP($D9,'Modelling New'!$D:$D,'Modelling New'!W:W),"") -> 0.20945979 | AG9: =IFERROR(_xlfn.XLOOKUP($D9,'Modelling New'!$D:$D,'Modelling New'!AD:AD),"") -> 0.995 | AH9: =IFERROR(_xlfn.XLOOKUP($D9,'Modelling New'!$D:$D,'Modelling New'!AE:AE),"") -> 0.997 | AR9: =IFERROR(_xlfn.XLOOKUP($D9,'Modelling New'!$D:$D,'Modelling New'!$N:$N),"") -> 10.507
A10: =A9+1 -> 45753 | B10: =YEAR(Table13[[#This Row],[Date]])+IF(MONTH(Table13[[#This Row],[Date]])>=4,1,0) -> 2026 | C10: =YEAR(Table13[[#This Row],[Date]]) -> 2025 | D10: =Table13[[#This Row],[Date]]-DAY(Table13[[#This Row],[Date]])+1 -> 45748 | E10: =DAY(EOMONTH(A10,0)) -> 30 | F10: {=IFERROR(_xlfn.XLOOKUP(Table13[[#This Row],[Date]],Raw_Data[[#All],[Date]],Raw_Data[[#All],[Operating Hours]]),"")} -> 11.933333 | G10: =IFERROR(_xlfn.XLOOKUP($A10,'Raw Data'!$G:$G,'Raw Data'!S:S)/1000,"") -> 6.67 | I10: =IFERROR(_xlfn.XLOOKUP($A10,'Raw Data'!$G:$G,'Raw Data'!AF:AF)/1000,"") -> 7.57 | K10: =IFERROR(_xlfn.XLOOKUP($A10,'Raw Data'!$G:$G,'Raw Data'!W:W),"") -> 28.769765 | L10: =IFERROR(_xlfn.XLOOKUP($A10,'Raw Data'!$G:$G,'Raw Data'!X:X),"") -> 47.362188 | M10: =IFERROR(_xlfn.XLOOKUP($A10,'Raw Data'!$G:$G,'Raw Data'!Y:Y),"") -> 0.80936407 | N10: =IFERROR(_xlfn.XLOOKUP($A10,'Raw Data'!$G:$G,'Raw Data'!Z:Z),"") -> 5.3675416 | O10: =IFERROR(1-SUMIF('Plant BD'!$H:$H,$A10,'Plant BD'!$AE:$AE)/($AA10+SUMIF('Plant BD'!$H:$H,$A10,'Plant BD'!$AE:$AE)),"") -> 0.92124183 | R10: =IFERROR(1-SUMIF('Grid BD'!$H:$H,$A10,'Grid BD'!$AD:$AD)/($AA10+SUMIF('Grid BD'!$H:$H,$A10,'Grid BD'!$AD:$AD)),"") -> 1 | T10: =IFERROR(1-SUMIF(Tracker_BD!H:H,$A10,Tracker_BD!AI:AI)/$F10,"") -> 1 | U10: =IFERROR(AA10/(I10*1000)/AB10,"") -> 0.62281182 | W10: =IFERROR(AA10/(24*1000*AR10),"") -> 0.19644523 | X10: =IFERROR(_xlfn.XLOOKUP($A10,'Raw Data'!$G:$G,'Raw Data'!AB:AB),"") -> 46811 | Y10: =IFERROR(_xlfn.XLOOKUP($A10,'Raw Data'!$G:$G,'Raw Data'!AC:AC),"") -> 49870.8 | Z10: =IFERROR(_xlfn.XLOOKUP($A10,'Raw Data'!$G:$G,'Raw Data'!AD:AD),"") -> 333.6 | AA10: =IFERROR(_xlfn.XLOOKUP($A10,'Raw Data'!$G:$G,'Raw Data'!AE:AE),"") -> 49537.2 | AB10: =_xlfn.XLOOKUP($D10,'Modelling New'!D:D,'Modelling New'!N:N) -> 10.507 | AC10: =IFERROR(_xlfn.XLOOKUP($D10,'Modelling New'!$D:$D,'Modelling New'!P:P),"") -> 7.5896068 | AD10: =IFERROR(_xlfn.XLOOKUP($D10,'Modelling New'!$D:$D,'Modelling New'!T:T)*1000,"") -> 52819.056 | AE10: =IFERROR(AD10/AC10/AB10/1000,"") -> 0.66235776 | AF10: =IFERROR(_xlfn.XLOOKUP($D10,'Modelling New'!$D:$D,'Modelling New'!W:W),"") -> 0.20945979 | AG10: =IFERROR(_xlfn.XLOOKUP($D10,'Modelling New'!$D:$D,'Modelling New'!AD:AD),"") -> 0.995 | AH10: =IFERROR(_xlfn.XLOOKUP($D10,'Modelling New'!$D:$D,'Modelling New'!AE:AE),"") -> 0.997 | AR10: =IFERROR(_xlfn.XLOOKUP($D10,'Modelling New'!$D:$D,'Modelling New'!$N:$N),"") -> 10.507
A11: =A10+1 -> 45754 | B11: =YEAR(Table13[[#This Row],[Date]])+IF(MONTH(Table13[[#This Row],[Date]])>=4,1,0) -> 2026 | C11: =YEAR(Table13[[#This Row],[Date]]) -> 2025 | D11: =Table13[[#This Row],[Date]]-DAY(Table13[[#This Row],[Date]])+1 -> 45748 | E11: =DAY(EOMONTH(A11,0)) -> 30 | F11: {=IFERROR(_xlfn.XLOOKUP(Table13[[#This Row],[Date]],Raw_Data[[#All],[Date]],Raw_Data[[#All],[Operating Hours]]),"")} -> 12.083333 | G11: =IFERROR(_xlfn.XLOOKUP($A11,'Raw Data'!$G:$G,'Raw Data'!S:S)/1000,"") -> 6.71 | I11: =IFERROR(_xlfn.XLOOKUP($A11,'Raw Data'!$G:$G,'Raw Data'!AF:AF)/1000,"") -> 7.795 | K11: =IFERROR(_xlfn.XLOOKUP($A11,'Raw Data'!$G:$G,'Raw Data'!W:W),"") -> 30.24294 | L11: =IFERROR(_xlfn.XLOOKUP($A11,'Raw Data'!$G:$G,'Raw Data'!X:X),"") -> 47.944769 | M11: =IFERROR(_xlfn.XLOOKUP($A11,'Raw Data'!$G:$G,'Raw Data'!Y:Y),"") -> 0.93582213 | N11: =IFERROR(_xlfn.XLOOKUP($A11,'Raw Data'!$G:$G,'Raw Data'!Z:Z),"") -> 4.3852015 | O11: =IFERROR(1-SUMIF('Plant BD'!$H:$H,$A11,'Plant BD'!$AE:$AE)/($AA11+SUMIF('Plant BD'!$H:$H,$A11,'Plant BD'!$AE:$AE)),"") -> 0.9538163 | R11: =IFERROR(1-SUMIF('Grid BD'!$H:$H,$A11,'Grid BD'!$AD:$AD)/($AA11+SUMIF('Grid BD'!$H:$H,$A11,'Grid BD'!$AD:$AD)),"") -> 1 | T11: =IFERROR(1-SUMIF(Tracker_BD!H:H,$A11,Tracker_BD!AI:AI)/$F11,"") -> 1 | U11: =IFERROR(AA11/(I11*1000)/AB11,"") -> 0.64301529 | W11: =IFERROR(AA11/(24*1000*AR11),"") -> 0.20884601 | X11: =IFERROR(_xlfn.XLOOKUP($A11,'Raw Data'!$G:$G,'Raw Data'!AB:AB),"") -> 49735 | Y11: =IFERROR(_xlfn.XLOOKUP($A11,'Raw Data'!$G:$G,'Raw Data'!AC:AC),"") -> 52971 | Z11: =IFERROR(_xlfn.XLOOKUP($A11,'Raw Data'!$G:$G,'Raw Data'!AD:AD),"") -> 306.72 | AA11: =IFERROR(_xlfn.XLOOKUP($A11,'Raw Data'!$G:$G,'Raw Data'!AE:AE),"") -> 52664.28 | AB11: =_xlfn.XLOOKUP($D11,'Modelling New'!D:D,'Modelling New'!N:N) -> 10.507 | AC11: =IFERROR(_xlfn.XLOOKUP($D11,'Modelling New'!$D:$D,'Modelling New'!P:P),"") -> 7.5896068 | AD11: =IFERROR(_xlfn.XLOOKUP($D11,'Modelling New'!$D:$D,'Modelling New'!T:T)*1000,"") -> 52819.056 | AE11: =IFERROR(AD11/AC11/AB11/1000,"") -> 0.66235776 | AF11: =IFERROR(_xlfn.XLOOKUP($D11,'Modelling New'!$D:$D,'Modelling New'!W:W),"") -> 0.20945979 | AG11: =IFERROR(_xlfn.XLOOKUP($D11,'Modelling New'!$D:$D,'Modelling New'!AD:AD),"") -> 0.995 | AH11: =IFERROR(_xlfn.XLOOKUP($D11,'Modelling New'!$D:$D,'Modelling New'!AE:AE),"") -> 0.997 | AR11: =IFERROR(_xlfn.XLOOKUP($D11,'Modelling New'!$D:$D,'Modelling New'!$N:$N),"") -> 10.507
A12: =A11+1 -> 45755 | B12: =YEAR(Table13[[#This Row],[Date]])+IF(MONTH(Table13[[#This Row],[Date]])>=4,1,0) -> 2026 | C12: =YEAR(Table13[[#This Row],[Date]]) -> 2025 | D12: =Table13[[#This Row],[Date]]-DAY(Table13[[#This Row],[Date]])+1 -> 45748 | E12: =DAY(EOMONTH(A12,0)) -> 30 | F12: {=IFERROR(_xlfn.XLOOKUP(Table13[[#This Row],[Date]],Raw_Data[[#All],[Date]],Raw_Data[[#All],[Operating Hours]]),"")} -> 11.75 | G12: =IFERROR(_xlfn.XLOOKUP($A12,'Raw Data'!$G:$G,'Raw Data'!S:S)/1000,"") -> 6.17 | I12: =IFERROR(_xlfn.XLOOKUP($A12,'Raw Data'!$G:$G,'Raw Data'!AF:AF)/1000,"") -> 6.915 | K12: =IFERROR(_xlfn.XLOOKUP($A12,'Raw Data'!$G:$G,'Raw Data'!W:W),"") -> 29.899258 | L12: =IFERROR(_xlfn.XLOOKUP($A12,'Raw Data'!$G:$G,'Raw Data'!X:X),"") -> 45.501593 | M12: =IFERROR(_xlfn.XLOOKUP($A12,'Raw Data'!$G:$G,'Raw Data'!Y:Y),"") -> 0.88285476 | N12: =IFERROR(_xlfn.XLOOKUP($A12,'Raw Data'!$G:$G,'Raw Data'!Z:Z),"") -> 3.6838334 | O12: =IFERROR(1-SUMIF('Plant BD'!$H:$H,$A12,'Plant BD'!$AE:$AE)/($AA12+SUMIF('Plant BD'!$H:$H,$A12,'Plant BD'!$AE:$AE)),"") -> 1 | R12: =IFERROR(1-SUMIF('Grid BD'!$H:$H,$A12,'Grid BD'!$AD:$AD)/($AA12+SUMIF('Grid BD'!$H:$H,$A12,'Grid BD'!$AD:$AD)),"") -> 1 | T12: =IFERROR(1-SUMIF(Tracker_BD!H:H,$A12,Tracker_BD!AI:AI)/$F12,"") -> 1 | U12: =IFERROR(AA12/(I12*1000)/AB12,"") -> 0.67399147 | W12: =IFERROR(AA12/(24*1000*AR12),"") -> 0.19419379 | X12: =IFERROR(_xlfn.XLOOKUP($A12,'Raw Data'!$G:$G,'Raw Data'!AB:AB),"") -> 47199 | Y12: =IFERROR(_xlfn.XLOOKUP($A12,'Raw Data'!$G:$G,'Raw Data'!AC:AC),"") -> 49299.7 | Z12: =IFERROR(_xlfn.XLOOKUP($A12,'Raw Data'!$G:$G,'Raw Data'!AD:AD),"") -> 330.24 | AA12: =IFERROR(_xlfn.XLOOKUP($A12,'Raw Data'!$G:$G,'Raw Data'!AE:AE),"") -> 48969.46 | AB12: =_xlfn.XLOOKUP($D12,'Modelling New'!D:D,'Modelling New'!N:N) -> 10.507 | AC12: =IFERROR(_xlfn.XLOOKUP($D12,'Modelling New'!$D:$D,'Modelling New'!P:P),"") -> 7.5896068 | AD12: =IFERROR(_xlfn.XLOOKUP($D12,'Modelling New'!$D:$D,'Modelling New'!T:T)*1000,"") -> 52819.056 | AE12: =IFERROR(AD12/AC12/AB12/1000,"") -> 0.66235776 | AF12: =IFERROR(_xlfn.XLOOKUP($D12,'Modelling New'!$D:$D,'Modelling New'!W:W),"") -> 0.20945979 | AG12: =IFERROR(_xlfn.XLOOKUP($D12,'Modelling New'!$D:$D,'Modelling New'!AD:AD),"") -> 0.995 | AH12: =IFERROR(_xlfn.XLOOKUP($D12,'Modelling New'!$D:$D,'Modelling New'!AE:AE),"") -> 0.997 | AR12: =IFERROR(_xlfn.XLOOKUP($D12,'Modelling New'!$D:$D,'Modelling New'!$N:$N),"") -> 10.507
A13: =A12+1 -> 45756 | B13: =YEAR(Table13[[#This Row],[Date]])+IF(MONTH(Table13[[#This Row],[Date]])>=4,1,0) -> 2026 | C13: =YEAR(Table13[[#This Row],[Date]]) -> 2025 | D13: =Table13[[#This Row],[Date]]-DAY(Table13[[#This Row],[Date]])+1 -> 45748 | E13: =DAY(EOMONTH(A13,0)) -> 30 | F13: {=IFERROR(_xlfn.XLOOKUP(Table13[[#This Row],[Date]],Raw_Data[[#All],[Date]],Raw_Data[[#All],[Operating Hours]]),"")} -> 11.95 | G13: =IFERROR(_xlfn.XLOOKUP($A13,'Raw Data'!$G:$G,'Raw Data'!S:S)/1000,"") -> 6.37 | I13: =IFERROR(_xlfn.XLOOKUP($A13,'Raw Data'!$G:$G,'Raw Data'!AF:AF)/1000,"") -> 7.28 | K13: =IFERROR(_xlfn.XLOOKUP($A13,'Raw Data'!$G:$G,'Raw Data'!W:W),"") -> 29.618574 | L13: =IFERROR(_xlfn.XLOOKUP($A13,'Raw Data'!$G:$G,'Raw Data'!X:X),"") -> 46.94412 | M13: =IFERROR(_xlfn.XLOOKUP($A13,'Raw Data'!$G:$G,'Raw Data'!Y:Y),"") -> 0.86043045 | N13: =IFERROR(_xlfn.XLOOKUP($A13,'Raw Data'!$G:$G,'Raw Data'!Z:Z),"") -> 2.7864522 | O13: =IFERROR(1-SUMIF('Plant BD'!$H:$H,$A13,'Plant BD'!$AE:$AE)/($AA13+SUMIF('Plant BD'!$H:$H,$A13,'Plant BD'!$AE:$AE)),"") -> 0.99545403 | R13: =IFERROR(1-SUMIF('Grid BD'!$H:$H,$A13,'Grid BD'!$AD:$AD)/($AA13+SUMIF('Grid BD'!$H:$H,$A13,'Grid BD'!$AD:$AD)),"") -> 1 | T13: =IFERROR(1-SUMIF(Tracker_BD!H:H,$A13,Tracker_BD!AI:AI)/$F13,"") -> 1 | U13: =IFERROR(AA13/(I13*1000)/AB13,"") -> 0.68165205 | W13: =IFERROR(AA13/(24*1000*AR13),"") -> 0.20676779 | X13: =IFERROR(_xlfn.XLOOKUP($A13,'Raw Data'!$G:$G,'Raw Data'!AB:AB),"") -> 49847 | Y13: =IFERROR(_xlfn.XLOOKUP($A13,'Raw Data'!$G:$G,'Raw Data'!AC:AC),"") -> 52462 | Z13: =IFERROR(_xlfn.XLOOKUP($A13,'Raw Data'!$G:$G,'Raw Data'!AD:AD),"") -> 321.78 | AA13: =IFERROR(_xlfn.XLOOKUP($A13,'Raw Data'!$G:$G,'Raw Data'!AE:AE),"") -> 52140.22 | AB13: =_xlfn.XLOOKUP($D13,'Modelling New'!D:D,'Modelling New'!N:N) -> 10.507 | AC13: =IFERROR(_xlfn.XLOOKUP($D13,'Modelling New'!$D:$D,'Modelling New'!P:P),"") -> 7.5896068 | AD13: =IFERROR(_xlfn.XLOOKUP($D13,'Modelling New'!$D:$D,'Modelling New'!T:T)*1000,"") -> 52819.056 | AE13: =IFERROR(AD13/AC13/AB13/1000,"") -> 0.66235776 | AF13: =IFERROR(_xlfn.XLOOKUP($D13,'Modelling New'!$D:$D,'Modelling New'!W:W),"") -> 0.20945979 | AG13: =IFERROR(_xlfn.XLOOKUP($D13,'Modelling New'!$D:$D,'Modelling New'!AD:AD),"") -> 0.995 | AH13: =IFERROR(_xlfn.XLOOKUP($D13,'Modelling New'!$D:$D,'Modelling New'!AE:AE),"") -> 0.997 | AR13: =IFERROR(_xlfn.XLOOKUP($D13,'Modelling New'!$D:$D,'Modelling New'!$N:$N),"") -> 10.507
A14: =A13+1 -> 45757 | B14: =YEAR(Table13[[#This Row],[Date]])+IF(MONTH(Table13[[#This Row],[Date]])>=4,1,0) -> 2026 | C14: =YEAR(Table13[[#This Row],[Date]]) -> 2025 | D14: =Table13[[#This Row],[Date]]-DAY(Table13[[#This Row],[Date]])+1 -> 45748 | E14: =DAY(EOMONTH(A14,0)) -> 30 | F14: {=IFERROR(_xlfn.XLOOKUP(Table13[[#This Row],[Date]],Raw_Data[[#All],[Date]],Raw_Data[[#All],[Operating Hours]]),"")} -> 12.233333 | G14: =IFERROR(_xlfn.XLOOKUP($A14,'Raw Data'!$G:$G,'Raw Data'!S:S)/1000,"") -> 5.79 | I14: =IFERROR(_xlfn.XLOOKUP($A14,'Raw Data'!$G:$G,'Raw Data'!AF:AF)/1000,"") -> 6.5 | K14: =IFERROR(_xlfn.XLOOKUP($A14,'Raw Data'!$G:$G,'Raw Data'!W:W),"") -> 28.709098 | L14: =IFERROR(_xlfn.XLOOKUP($A14,'Raw Data'!$G:$G,'Raw Data'!X:X),"") -> 41.839647 | M14: =IFERROR(_xlfn.XLOOKUP($A14,'Raw Data'!$G:$G,'Raw Data'!Y:Y),"") -> 1.2755808 | N14: =IFERROR(_xlfn.XLOOKUP($A14,'Raw Data'!$G:$G,'Raw Data'!Z:Z),"") -> 3.9576976 | O14: =IFERROR(1-SUMIF('Plant BD'!$H:$H,$A14,'Plant BD'!$AE:$AE)/($AA14+SUMIF('Plant BD'!$H:$H,$A14,'Plant BD'!$AE:$AE)),"") -> 1 | R14: =IFERROR(1-SUMIF('Grid BD'!$H:$H,$A14,'Grid BD'!$AD:$AD)/($AA14+SUMIF('Grid BD'!$H:$H,$A14,'Grid BD'!$AD:$AD)),"") -> 1 | T14: =IFERROR(1-SUMIF(Tracker_BD!H:H,$A14,Tracker_BD!AI:AI)/$F14,"") -> 1 | U14: =IFERROR(AA14/(I14*1000)/AB14,"") -> 0.70655724 | W14: =IFERROR(AA14/(24*1000*AR14),"") -> 0.19135925 | X14: =IFERROR(_xlfn.XLOOKUP($A14,'Raw Data'!$G:$G,'Raw Data'!AB:AB),"") -> 46529 | Y14: =IFERROR(_xlfn.XLOOKUP($A14,'Raw Data'!$G:$G,'Raw Data'!AC:AC),"") -> 48565 | Z14: =IFERROR(_xlfn.XLOOKUP($A14,'Raw Data'!$G:$G,'Raw Data'!AD:AD),"") -> 310.32 | AA14: =IFERROR(_xlfn.XLOOKUP($A14,'Raw Data'!$G:$G,'Raw Data'!AE:AE),"") -> 48254.68 | AB14: =_xlfn.XLOOKUP($D14,'Modelling New'!D:D,'Modelling New'!N:N) -> 10.507 | AC14: =IFERROR(_xlfn.XLOOKUP($D14,'Modelling New'!$D:$D,'Modelling New'!P:P),"") -> 7.5896068 | AD14: =IFERROR(_xlfn.XLOOKUP($D14,'Modelling New'!$D:$D,'Modelling New'!T:T)*1000,"") -> 52819.056 | AE14: =IFERROR(AD14/AC14/AB14/1000,"") -> 0.66235776 | AF14: =IFERROR(_xlfn.XLOOKUP($D14,'Modelling New'!$D:$D,'Modelling New'!W:W),"") -> 0.20945979 | AG14: =IFERROR(_xlfn.XLOOKUP($D14,'Modelling New'!$D:$D,'Modelling New'!AD:AD),"") -> 0.995 | AH14: =IFERROR(_xlfn.XLOOKUP($D14,'Modelling New'!$D:$D,'Modelling New'!AE:AE),"") -> 0.997 | AR14: =IFERROR(_xlfn.XLOOKUP($D14,'Modelling New'!$D:$D,'Modelling New'!$N:$N),"") -> 10.507
... A279: =A278+1 -> 46022 | B279: =YEAR(Table13[[#This Row],[Date]])+IF(MONTH(Table13[[#This Row],[Date]])>=4,1,0) -> 2026 | C279: =YEAR(Table13[[#This Row],[Date]]) -> 2025 | D279: =Table13[[#This Row],[Date]]-DAY(Table13[[#This Row],[Date]])+1 -> 45992 | E279: =DAY(EOMONTH(A279,0)) -> 31 | F279: {=IFERROR(_xlfn.XLOOKUP(Table13[[#This Row],[Date]],Raw_Data[[#All],[Date]],Raw_Data[[#All],[Operating Hours]]),"")} | G279: =IFERROR(_xlfn.XLOOKUP($A279,'Raw Data'!$G:$G,'Raw Data'!S:S)/1000,"") | I279: =IFERROR(_xlfn.XLOOKUP($A279,'Raw Data'!$G:$G,'Raw Data'!AF:AF)/1000,"") | K279: =IFERROR(_xlfn.XLOOKUP($A279,'Raw Data'!$G:$G,'Raw Data'!W:W),"") | L279: =IFERROR(_xlfn.XLOOKUP($A279,'Raw Data'!$G:$G,'Raw Data'!X:X),"") | M279: =IFERROR(_xlfn.XLOOKUP($A279,'Raw Data'!$G:$G,'Raw Data'!Y:Y),"") | N279: =IFERROR(_xlfn.XLOOKUP($A279,'Raw Data'!$G:$G,'Raw Data'!Z:Z),"") | O279: =IFERROR(1-SUMIF('Plant BD'!$H:$H,$A279,'Plant BD'!$AE:$AE)/($AA279+SUMIF('Plant BD'!$H:$H,$A279,'Plant BD'!$AE:$AE)),"") | R279: =IFERROR(1-SUMIF('Grid BD'!$H:$H,$A279,'Grid BD'!$AD:$AD)/($AA279+SUMIF('Grid BD'!$H:$H,$A279,'Grid BD'!$AD:$AD)),"") | T279: =IFERROR(1-SUMIF(Tracker_BD!H:H,$A279,Tracker_BD!AI:AI)/$F279,"") | U279: =IFERROR(AA279/(I279*1000)/AB279,"") | W279: =IFERROR(AA279/(24*1000*AR279),"") | X279: =IFERROR(_xlfn.XLOOKUP($A279,'Raw Data'!$G:$G,'Raw Data'!AB:AB),"") | Y279: =IFERROR(_xlfn.XLOOKUP($A279,'Raw Data'!$G:$G,'Raw Data'!AC:AC),"") | Z279: =IFERROR(_xlfn.XLOOKUP($A279,'Raw Data'!$G:$G,'Raw Data'!AD:AD),"") | AA279: =IFERROR(_xlfn.XLOOKUP($A279,'Raw Data'!$G:$G,'Raw Data'!AE:AE),"") | AB279: =_xlfn.XLOOKUP($D279,'Modelling New'!D:D,'Modelling New'!N:N) -> 10.507 | AC279: =IFERROR(_xlfn.XLOOKUP($D279,'Modelling New'!$D:$D,'Modelling New'!P:P),"") -> 5.6710452 | AD279: =IFERROR(_xlfn.XLOOKUP($D279,'Modelling New'!$D:$D,'Modelling New'!T:T)*1000,"") -> 43169.874 | AE279: =IFERROR(AD279/AC279/AB279/1000,"") -> 0.72450092 | AF279: =IFERROR(_xlfn.XLOOKUP($D279,'Modelling New'!$D:$D,'Modelling New'!W:W),"") -> 0.17119489 | AG279: =IFERROR(_xlfn.XLOOKUP($D279,'Modelling New'!$D:$D,'Modelling New'!AD:AD),"") -> 0.995 | AH279: =IFERROR(_xlfn.XLOOKUP($D279,'Modelling New'!$D:$D,'Modelling New'!AE:AE),"") -> 0.997 | AR279: =IFERROR(_xlfn.XLOOKUP($D279,'Modelling New'!$D:$D,'Modelling New'!$N:$N),"") -> 10.507

Sheet Annual KPI
A1: Till Date | B1: ='Daily Dashboard'!B3 -> 45871 | C1: ='Daily Dashboard'!$B$2 -> 45870
A2: ES Energy Private Limited Performance Summary
A3: Financial Year | B3: Days | C3: Estimated POA(KWh/m2) | D3: Measured POA (KWh/m2) | E3: Budgeted Energy (MWh) | F3: Measured Energy (MWh) | G3: Targt PR (%) | H3: Measured PR(%) | I3: Target DC CUF (%) | J3: Measured DC CUF (%) | K3: Target GA (%) | L3: Measured GA (%) | M3: Target PA (%) | N3: Measured PA (%) | O3: Target TA (%) | P3: Measured TA (%)
A4: =YEAR(B1)+IF(MONTH(B1)>=4,1,0) -> 2026 | B4: =($B$1-'Daily Dashboard'!$B$5)+1 -> 124 | C4: =_xlfn.XLOOKUP($C$1,'Modelling New'!$D:$D,'Modelling New'!$S:$S) -> 741.59588 | D4: =IFERROR(SUMIFS('Daily KPI'!$I:$I,'Daily KPI'!$B:$B,'Annual KPI'!$A4,'Daily KPI'!$A:$A,"<="&'Annual KPI'!$B$1),"") -> 655.5315 | E4: =_xlfn.XLOOKUP($C$1,'Modelling New'!$D:$D,'Modelling New'!$V:$V) -> 5321.2008 | F4: =IFERROR(SUMIFS('Daily KPI'!$AA:$AA,'Daily KPI'!$B:$B,'Annual KPI'!$A4,'Daily KPI'!$A:$A,"<="&'Annual KPI'!$B$1)/1000,"") -> 4932.9495 | G4: =IFERROR(E4/C4/'Modelling New'!$AP$1,"") -> 0.6829102 | H4: =IFERROR(F4/D4/'Modelling New'!$AP$1,"") -> 0.71620009 | I4: =IFERROR(E4/(B4*24*'Modelling New'!$AP$1),"") -> 0.17017587 | J4: =IFERROR(F4/(B4*24*'Modelling New'!$AP$1),"") -> 0.15775932 | K4: =_xlfn.XLOOKUP($C$1,'Modelling New'!$D:$D,'Modelling New'!$AE:$AE) -> 0.997 | L4: =IFERROR(AVERAGEIFS('Daily KPI'!$R:$R,'Daily KPI'!$B:$B,'Annual KPI'!$A4,'Daily KPI'!$A:$A,"<="&'Annual KPI'!$B$1),"") -> 0.9917799 | M4: =_xlfn.XLOOKUP($C$1,'Modelling New'!$D:$D,'Modelling New'!$AD:$AD) -> 0.995 | N4: =IFERROR(AVERAGEIFS('Daily KPI'!$O:$O,'Daily KPI'!$B:$B,'Annual KPI'!$A4,'Daily KPI'!$A:$A,"<="&'Annual KPI'!$B$1),"") -> 0.99394742 | O4: =_xlfn.XLOOKUP($C$1,'Modelling New'!$D:$D,'Modelling New'!$AF:$AF) -> 0.999 | P4: =IFERROR(AVERAGEIFS('Daily KPI'!$T:$T,'Daily KPI'!$B:$B,'Annual KPI'!$A4,'Daily KPI'!$A:$A,"<="&'Annual KPI'!$B$1),"") -> 1
A7: ES Energy Private Limited Performance Summary
A8: Year | B8: Days | C8: Estimated POA(KWh/m2) | D8: Measured POA (KWh/m2) | E8: Budgeted Energy (MWh) | F8: Measured Energy (MWh) | G8: Targt PR (%) | H8: Measured PR(%) | I8: Target DC CUF (%) | J8: Measured DC CUF (%) | K8: Target GA (%) | L8: Measured GA (%) | M8: Target PA (%) | N8: Measured PA (%) | O8: Target TA (%) | P8: Measured TA (%)
A9: 45748 | B9: =IFERROR(_xlfn.XLOOKUP($A9,'Modelling New'!$D:$D,'Modelling New'!$Q:$Q),"") -> 30 | C9: =_xlfn.XLOOKUP($A9,'Modelling New'!$D:$D,'Modelling New'!$R:$R) -> 227.6882 | D9: =SUMIF('Daily KPI'!$D:$D,$A9,'Daily KPI'!$I:$I) -> 203.345 | E9: =_xlfn.XLOOKUP($A9,'Modelling New'!$D:$D,'Modelling New'!$U:$U) -> 1584.5717 | F9: =SUMIF('Daily KPI'!$D:$D,$A9,'Daily KPI'!$AA:$AA)/1000 -> 1460.2205 | G9: =IFERROR(E9/C9/'Modelling New'!$AP$1,"") -> 0.66235776 | H9: =IFERROR(F9/D9/'Modelling New'!$AP$1,"") -> 0.68344916 | I9: =IFERROR(E9/(B9*24*'Modelling New'!$AP$1),"") -> 0.20945979 | J9: =IFERROR(F9/(B9*24*'Modelling New'!$AP$1),"") -> 0.19302218 | K9: =_xlfn.XLOOKUP($A9,'Modelling New'!$D:$D,'Modelling New'!AE:AE) -> 0.997 | L9: =IFERROR(AVERAGEIF('Daily KPI'!$D:$D,$A9,'Daily KPI'!$R:$R),"") -> 1 | M9: 0.995 | N9: =IFERROR(AVERAGEIF('Daily KPI'!$D:$D,$A9,'Daily KPI'!O:O),"") -> 0.98586041 | O9: 0.999 | P9: =IFERROR(AVERAGEIF('Daily KPI'!$D:$D,$A9,'Daily KPI'!T:T),"") -> 1
A10: 45778 | B10: =IFERROR(_xlfn.XLOOKUP($A10,'Modelling New'!$D:$D,'Modelling New'!$Q:$Q),"") -> 31 | C10: =_xlfn.XLOOKUP($A10,'Modelling New'!$D:$D,'Modelling New'!$R:$R) -> 215.54431 | D10: =SUMIF('Daily KPI'!$D:$D,$A10,'Daily KPI'!$I:$I) -> 173.3315 | E10: =_xlfn.XLOOKUP($A10,'Modelling New'!$D:$D,'Modelling New'!$U:$U) -> 1574.4307 | F10: =SUMIF('Daily KPI'!$D:$D,$A10,'Daily KPI'!$AA:$AA)/1000 -> 1312.1832 | G10: =IFERROR(E10/C10/'Modelling New'!$AP$1,"") -> 0.69519759 | H10: =IFERROR(F10/D10/'Modelling New'!$AP$1,"") -> 0.72050706 | I10: =IFERROR(E10/(B10*24*'Modelling New'!$AP$1),"") -> 0.20140576 | J10: =IFERROR(F10/(B10*24*'Modelling New'!$AP$1),"") -> 0.16785829 | K10: =_xlfn.XLOOKUP($A10,'Modelling New'!$D:$D,'Modelling New'!AE:AE) -> 0.997 | L10: =IFERROR(AVERAGEIF('Daily KPI'!$D:$D,$A10,'Daily KPI'!$R:$R),"") -> 0.99600892 | M10: 0.995 | N10: =IFERROR(AVERAGEIF('Daily KPI'!$D:$D,$A10,'Daily KPI'!O:O),"") -> 0.99500374 | O10: 0.999 | P10: =IFERROR(AVERAGEIF('Daily KPI'!$D:$D,$A10,'Daily KPI'!T:T),"") -> 1
A11: 45809 | B11: =IFERROR(_xlfn.XLOOKUP($A11,'Modelling New'!$D:$D,'Modelling New'!$Q:$Q),"") -> 30 | C11: =_xlfn.XLOOKUP($A11,'Modelling New'!$D:$D,'Modelling New'!$R:$R) -> 157.11702 | D11: =SUMIF('Daily KPI'!$D:$D,$A11,'Daily KPI'!$I:$I) -> 151.985 | E11: =_xlfn.XLOOKUP($A11,'Modelling New'!$D:$D,'Modelling New'!$U:$U) -> 1121.9949 | F11: =SUMIF('Daily KPI'!$D:$D,$A11,'Daily KPI'!$AA:$AA)/1000 -> 1169.0173 | G11: =IFERROR(E11/C11/'Modelling New'!$AP$1,"") -> 0.67965561 | H11: =IFERROR(F11/D11/'Modelling New'!$AP$1,"") -> 0.73205122 | I11: =IFERROR(E11/(B11*24*'Modelling New'!$AP$1),"") -> 0.14831314 | J11: =IFERROR(F11/(B11*24*'Modelling New'!$AP$1),"") -> 0.1545289 | K11: =_xlfn.XLOOKUP($A11,'Modelling New'!$D:$D,'Modelling New'!AE:AE) -> 0.997 | L11: =IFERROR(AVERAGEIF('Daily KPI'!$D:$D,$A11,'Daily KPI'!$R:$R),"") -> 0.97110871 | M11: 0.995 | N11: =IFERROR(AVERAGEIF('Daily KPI'!$D:$D,$A11,'Daily KPI'!O:O),"") -> 0.99854781 | O11: 0.999 | P11: =IFERROR(AVERAGEIF('Daily KPI'!$D:$D,$A11,'Daily KPI'!T:T),"") -> 1
A12: 45839 | B12: =IFERROR(_xlfn.XLOOKUP($A12,'Modelling New'!$D:$D,'Modelling New'!$Q:$Q),"") -> 31 | C12: =_xlfn.XLOOKUP($A12,'Modelling New'!$D:$D,'Modelling New'!$R:$R) -> 132.35283 | D12: =SUMIF('Daily KPI'!$D:$D,$A12,'Daily KPI'!$I:$I) -> 117.39 | E12: =_xlfn.XLOOKUP($A12,'Modelling New'!$D:$D,'Modelling New'!$U:$U) -> 974.179 | F12: =SUMIF('Daily KPI'!$D:$D,$A12,'Daily KPI'!$AA:$AA)/1000 -> 920.10058 | G12: =IFERROR(E12/C12/'Modelling New'!$AP$1,"") -> 0.70053008 | H12: =IFERROR(F12/D12/'Modelling New'!$AP$1,"") -> 0.74597706 | I12: =IFERROR(E12/(B12*24*'Modelling New'!$AP$1),"") -> 0.12461981 | J12: =IFERROR(F12/(B12*24*'Modelling New'!$AP$1),"") -> 0.11770194 | K12: =_xlfn.XLOOKUP($A12,'Modelling New'!$D:$D,'Modelling New'!AE:AE) -> 0.997 | L12: =IFERROR(AVERAGEIF('Daily KPI'!$D:$D,$A12,'Daily KPI'!$R:$R),"") -> 0.99906999 | M12: 0.995 | N12: =IFERROR(AVERAGEIF('Daily KPI'!$D:$D,$A12,'Daily KPI'!O:O),"") -> 0.99613925 | O12: 0.999 | P12: =IFERROR(AVERAGEIF('Daily KPI'!$D:$D,$A12,'Daily KPI'!T:T),"") -> 1
A13: 45870 | B13: =IFERROR(_xlfn.XLOOKUP($A13,'Modelling New'!$D:$D,'Modelling New'!$Q:$Q),"") -> 2 | C13: =_xlfn.XLOOKUP($A13,'Modelling New'!$D:$D,'Modelling New'!$R:$R) -> 8.8935185 | D13: =SUMIF('Daily KPI'!$D:$D,$A13,'Daily KPI'!$I:$I) -> 9.48 | E13: =_xlfn.XLOOKUP($A13,'Modelling New'!$D:$D,'Modelling New'!$U:$U) -> 66.024514 | F13: =SUMIF('Daily KPI'!$D:$D,$A13,'Daily KPI'!$AA:$AA)/1000 -> 71.42796 | G13: =IFERROR(E13/C13/'Modelling New'!$AP$1,"") -> 0.70656621 | H13: =IFERROR(F13/D13/'Modelling New'!$AP$1,"") -> 0.7171024 | I13: =IFERROR(E13/(B13*24*'Modelling New'!$AP$1),"") -> 0.13091374 | J13: =IFERROR(F13/(B13*24*'Modelling New'!$AP$1),"") -> 0.14162772 | K13: =_xlfn.XLOOKUP($A13,'Modelling New'!$D:$D,'Modelling New'!AE:AE) -> 0.997 | L13: =IFERROR(AVERAGEIF('Daily KPI'!$D:$D,$A13,'Daily KPI'!$R:$R),"") -> 1 | M13: 0.995 | N13: =IFERROR(AVERAGEIF('Daily KPI'!$D:$D,$A13,'Daily KPI'!O:O),"") -> 0.99590011 | O13: 0.999 | P13: =IFERROR(AVERAGEIF('Daily KPI'!$D:$D,$A13,'Daily KPI'!T:T),"") -> 1
A14: 45901 | B14: =IFERROR(_xlfn.XLOOKUP($A14,'Modelling New'!$D:$D,'Modelling New'!$Q:$Q),"") -> 0 | C14: =_xlfn.XLOOKUP($A14,'Modelling New'!$D:$D,'Modelling New'!$R:$R) -> 0 | D14: =SUMIF('Daily KPI'!$D:$D,$A14,'Daily KPI'!$I:$I) -> 0 | E14: =_xlfn.XLOOKUP($A14,'Modelling New'!$D:$D,'Modelling New'!$U:$U) -> 0 | F14: =SUMIF('Daily KPI'!$D:$D,$A14,'Daily KPI'!$AA:$AA)/1000 -> 0 | G14: =IFERROR(E14/C14/'Modelling New'!$AP$1,"") | H14: =IFERROR(F14/D14/'Modelling New'!$AP$1,"") | I14: =IFERROR(E14/(B14*24*'Modelling New'!$AP$1),"") | J14: =IFERROR(F14/(B14*24*'Modelling New'!$AP$1),"") | K14: =_xlfn.XLOOKUP($A14,'Modelling New'!$D:$D,'Modelling New'!AE:AE) -> 0.997 | L14: =IFERROR(AVERAGEIF('Daily KPI'!$D:$D,$A14,'Daily KPI'!$R:$R),"") | M14: 0.995 | N14: =IFERROR(AVERAGEIF('Daily KPI'!$D:$D,$A14,'Daily KPI'!O:O),"") | O14: 0.999 | P14: =IFERROR(AVERAGEIF('Daily KPI'!$D:$D,$A14,'Daily KPI'!T:T),"")
A15: 45931 | B15: =IFERROR(_xlfn.XLOOKUP($A15,'Modelling New'!$D:$D,'Modelling New'!$Q:$Q),"") -> 0 | C15: =_xlfn.XLOOKUP($A15,'Modelling New'!$D:$D,'Modelling New'!$R:$R) -> 0 | D15: =SUMIF('Daily KPI'!$D:$D,$A15,'Daily KPI'!$I:$I) -> 0 | E15: =_xlfn.XLOOKUP($A15,'Modelling New'!$D:$D,'Modelling New'!$U:$U) -> 0 | F15: =SUMIF('Daily KPI'!$D:$D,$A15,'Daily KPI'!$AA:$AA)/1000 -> 0 | G15: =IFERROR(E15/C15/'Modelling New'!$AP$1,"") | H15: =IFERROR(F15/D15/'Modelling New'!$AP$1,"") | I15: =IFERROR(E15/(B15*24*'Modelling New'!$AP$1),"") | J15: =IFERROR(F15/(B15*24*'Modelling New'!$AP$1),"") | K15: =_xlfn.XLOOKUP($A15,'Modelling New'!$D:$D,'Modelling New'!AE:AE) -> 0.997 | L15: =IFERROR(AVERAGEIF('Daily KPI'!$D:$D,$A15,'Daily KPI'!$R:$R),"") | M15: 0.995 | N15: =IFERROR(AVERAGEIF('Daily KPI'!$D:$D,$A15,'Daily KPI'!O:O),"") | O15: 0.999 | P15: =IFERROR(AVERAGEIF('Daily KPI'!$D:$D,$A15,'Daily KPI'!T:T),"")
A16: 45962 | B16: =IFERROR(_xlfn.XLOOKUP($A16,'Modelling New'!$D:$D,'Modelling New'!$Q:$Q),"") -> 0 | C16: =_xlfn.XLOOKUP($A16,'Modelling New'!$D:$D,'Modelling New'!$R:$R) -> 0 | D16: =SUMIF('Daily KPI'!$D:$D,$A16,'Daily KPI'!$I:$I) -> 0 | E16: =_xlfn.XLOOKUP($A16,'Modelling New'!$D:$D,'Modelling New'!$U:$U) -> 0 | F16: =SUMIF('Daily KPI'!$D:$D,$A16,'Daily KPI'!$AA:$AA)/1000 -> 0 | G16: =IFERROR(E16/C16/'Modelling New'!$AP$1,"") | H16: =IFERROR(F16/D16/'Modelling New'!$AP$1,"") | I16: =IFERROR(E16/(B16*24*'Modelling New'!$AP$1),"") | J16: =IFERROR(F16/(B16*24*'Modelling New'!$AP$1),"") | K16: =_xlfn.XLOOKUP($A16,'Modelling New'!$D:$D,'Modelling New'!AE:AE) -> 0.997 | L16: =IFERROR(AVERAGEIF('Daily KPI'!$D:$D,$A16,'Daily KPI'!$R:$R),"") | M16: 0.995 | N16: =IFERROR(AVERAGEIF('Daily KPI'!$D:$D,$A16,'Daily KPI'!O:O),"") | O16: 0.999 | P16: =IFERROR(AVERAGEIF('Daily KPI'!$D:$D,$A16,'Daily KPI'!T:T),"")
A17: 45992 | B17: =IFERROR(_xlfn.XLOOKUP($A17,'Modelling New'!$D:$D,'Modelling New'!$Q:$Q),"") -> 0 | C17: =_xlfn.XLOOKUP($A17,'Modelling New'!$D:$D,'Modelling New'!$R:$R) -> 0 | D17: =SUMIF('Daily KPI'!$D:$D,$A17,'Daily KPI'!$I:$I) -> 0 | E17: =_xlfn.XLOOKUP($A17,'Modelling New'!$D:$D,'Modelling New'!$U:$U) -> 0 | F17: =SUMIF('Daily KPI'!$D:$D,$A17,'Daily KPI'!$AA:$AA)/1000 -> 0 | G17: =IFERROR(E17/C17/'Modelling New'!$AP$1,"") | H17: =IFERROR(F17/D17/'Modelling New'!$AP$1,"") | I17: =IFERROR(E17/(B17*24*'Modelling New'!$AP$1),"") | J17: =IFERROR(F17/(B17*24*'Modelling New'!$AP$1),"") | K17: =_xlfn.XLOOKUP($A17,'Modelling New'!$D:$D,'Modelling New'!AE:AE) -> 0.997 | L17: =IFERROR(AVERAGEIF('Daily KPI'!$D:$D,$A17,'Daily KPI'!$R:$R),"") | M17: 0.995 | N17: =IFERROR(AVERAGEIF('Daily KPI'!$D:$D,$A17,'Daily KPI'!O:O),"") | O17: 0.999 | P17: =IFERROR(AVERAGEIF('Daily KPI'!$D:$D,$A17,'Daily KPI'!T:T),"")
A18: 46023 | B18: =IFERROR(_xlfn.XLOOKUP($A18,'Modelling New'!$D:$D,'Modelling New'!$Q:$Q),"") -> 0 | C18: =_xlfn.XLOOKUP($A18,'Modelling New'!$D:$D,'Modelling New'!$R:$R) -> 0 | D18: =SUMIF('Daily KPI'!$D:$D,$A18,'Daily KPI'!$I:$I) -> 0 | E18: =_xlfn.XLOOKUP($A18,'Modelling New'!$D:$D,'Modelling New'!$U:$U) -> 0 | F18: =SUMIF('Daily KPI'!$D:$D,$A18,'Daily KPI'!$AA:$AA)/1000 -> 0 | G18: =IFERROR(E18/C18/'Modelling New'!$AP$1,"") | H18: =IFERROR(F18/D18/'Modelling New'!$AP$1,"") | I18: =IFERROR(E18/(B18*24*'Modelling New'!$AP$1),"") | J18: =IFERROR(F18/(B18*24*'Modelling New'!$AP$1),"") | K18: =_xlfn.XLOOKUP($A18,'Modelling New'!$D:$D,'Modelling New'!AE:AE) -> 0.997 | L18: =IFERROR(AVERAGEIF('Daily KPI'!$D:$D,$A18,'Daily KPI'!$R:$R),"") | M18: 0.995 | N18: =IFERROR(AVERAGEIF('Daily KPI'!$D:$D,$A18,'Daily KPI'!O:O),"") | O18: 0.999 | P18: =IFERROR(AVERAGEIF('Daily KPI'!$D:$D,$A18,'Daily KPI'!T:T),"")
A19: 46054 | B19: =IFERROR(_xlfn.XLOOKUP($A19,'Modelling New'!$D:$D,'Modelling New'!$Q:$Q),"") -> 0 | C19: =_xlfn.XLOOKUP($A19,'Modelling New'!$D:$D,'Modelling New'!$R:$R) -> 0 | D19: =SUMIF('Daily KPI'!$D:$D,$A19,'Daily KPI'!$I:$I) -> 0 | E19: =_xlfn.XLOOKUP($A19,'Modelling New'!$D:$D,'Modelling New'!$U:$U) -> 0 | F19: =SUMIF('Daily KPI'!$D:$D,$A19,'Daily KPI'!$AA:$AA)/1000 -> 0 | G19: =IFERROR(E19/C19/'Modelling New'!$AP$1,"") | H19: =IFERROR(F19/D19/'Modelling New'!$AP$1,"") | I19: =IFERROR(E19/(B19*24*'Modelling New'!$AP$1),"") | J19: =IFERROR(F19/(B19*24*'Modelling New'!$AP$1),"") | K19: =_xlfn.XLOOKUP($A19,'Modelling New'!$D:$D,'Modelling New'!AE:AE) -> 0.997 | L19: =IFERROR(AVERAGEIF('Daily KPI'!$D:$D,$A19,'Daily KPI'!$R:$R),"") | M19: 0.995 | N19: =IFERROR(AVERAGEIF('Daily KPI'!$D:$D,$A19,'Daily KPI'!O:O),"") | O19: 0.999 | P19: =IFERROR(AVERAGEIF('Daily KPI'!$D:$D,$A19,'Daily KPI'!T:T),"")
A20: 46082 | B20: =IFERROR(_xlfn.XLOOKUP($A20,'Modelling New'!$D:$D,'Modelling New'!$Q:$Q),"") -> 0 | C20: =_xlfn.XLOOKUP($A20,'Modelling New'!$D:$D,'Modelling New'!$R:$R) -> 0 | D20: =SUMIF('Daily KPI'!$D:$D,$A20,'Daily KPI'!$I:$I) -> 0 | E20: =_xlfn.XLOOKUP($A20,'Modelling New'!$D:$D,'Modelling New'!$U:$U) -> 0 | F20: =SUMIF('Daily KPI'!$D:$D,$A20,'Daily KPI'!$AA:$AA)/1000 -> 0 | G20: =IFERROR(E20/C20/'Modelling New'!$AP$1,"") | H20: =IFERROR(F20/D20/'Modelling New'!$AP$1,"") | I20: =IFERROR(E20/(B20*24*'Modelling New'!$AP$1),"") | J20: =IFERROR(F20/(B20*24*'Modelling New'!$AP$1),"") | K20: =_xlfn.XLOOKUP($A20,'Modelling New'!$D:$D,'Modelling New'!AE:AE) -> 0.997 | L20: =IFERROR(AVERAGEIF('Daily KPI'!$D:$D,$A20,'Daily KPI'!$R:$R),"") | M20: 0.995 | N20: =IFERROR(AVERAGEIF('Daily KPI'!$D:$D,$A20,'Daily KPI'!O:O),"") | O20: 0.999 | P20: =IFERROR(AVERAGEIF('Daily KPI'!$D:$D,$A20,'Daily KPI'!T:T),"")

Sheet Raw Data
Q1: 68346.586 | R1: 9.517276 | AH1: 68213.041
H2: 2 | I2: =H2+1 -> 3 | J2: =I2+1 -> 4 | K2: =J2+1 -> 5 | L2: =K2+1 -> 6 | M2: =L2+1 -> 7 | N2: =M2+1 -> 8 | O2: =N2+1 -> 9 | P2: =O2+1 -> 10 | ... AI2: =AH2+1 -> 29
A3: Finacial Year | B3: Calendar Year | C3: Contrcatual Year | D3: Operating Year | E3: Month Year | F3: Days | G3: Date | H3: Plant DC Capcity (MW) | I3: Sunrise Time (POA>20 W/m2) | J3: Sunset Time (POA<20 W/m2) | K3: IC1_Inv1 | L3: IC1_Inv2 | M3: IC1_Inv3 | N3: IC1_Inv4 | O3: IC2_Inv1 | P3: IC2_Inv2 | Q3: 66 kV ABT Main Meter Reading (Export) | R3: 66 kV CRP MFM Reading (Import) | S3: GHI(Wh/m2) | T3: POA1(Wh/m2) | U3: POA2(Wh/m2) | V3: Avg. POA Lost (W/m2) | W3: Avg. Ambient Temp (POA>20W/m2) | X3: Avg. Module Temp (POA>20W/m2) | Y3: Avg. Wind Speed (m/s) | Z3: Max. Wind Speed (m/s) | AA3: Rain Fall (mm) | AB3: Inverters Generation ( kWh) | AC3: Export (kWh) | AD3: Import (kWh) | AE3: Net Export (kWh) | AF3: Avg. POA without Exclusion (W/m2)2 | AG3: Net Avg. POA with Exclusion (W/m2) | AH3: 66 kV ABT Check Meter Reading (Export) | AI3: Operating Hours
A4: FY2024-25 | B4: 2025 | C4: Year_2 | D4: Year_2 | E4: 45717 | F4: =DAY(EOMONTH(Raw_Data[[#This Row],[Month Year]],0)) -> 31 | G4: 45745 | H4: =_xlfn.XLOOKUP(Raw_Data[[#This Row],[Month Year]],'Modelling New'!D:D,'Modelling New'!N:N) -> 10.507 | I4: 0.27013889 | J4: 0.77013889 | K4: 8820 | L4: 9612 | M4: 9180 | N4: 9120 | O4: 9072 | P4: 5282 | Q4: 115938.36 | R4: 15.472499 | S4: 6600 | T4: 7390 | U4: 7360 | V4: 0 | W4: 30.493778 | X4: 46.458636 | Y4: 0.67533815 | Z4: 0.69938042 | AA4: 0 | AB4: =SUM(Raw_Data[[#This Row],[IC1_Inv1]:[IC2_Inv2]]) -> 51086 | AC4: =IF((Raw_Data[[#This Row],[66 kV ABT Main Meter Reading (Export)]]-#REF!)*1000<0,0,(Raw_Data[[#This Row],[66 kV ABT Main Meter Reading (Export)]]-#REF!)*1000) -> #REF! | AD4: =IF((Raw_Data[[#This Row],[66 kV CRP MFM Reading (Import)]]-#REF!)*60000<0,0,(Raw_Data[[#This Row],[66 kV CRP MFM Reading (Import)]]-#REF!)*60000) -> #REF! | AE4: =Raw_Data[[#This Row],[Export (kWh)]]-Raw_Data[[#This Row],[Import (kWh)]] -> #REF! | AF4: =IFERROR(AVERAGE(Raw_Data[[#This Row],[POA1(Wh/m2)]:[POA2(Wh/m2)]]),"") -> 7375 | AG4: =IFERROR(Raw_Data[[#This Row],[Avg. POA without Exclusion (W/m2)2]]-Raw_Data[[#This Row],[Avg. POA Lost (W/m2)]],"") -> 7375 | AH4: 115751.64 | AI4: =(J4-I4)*24 -> 12
A5: FY2024-25 | B5: 2025 | C5: Year_2 | D5: Year_2 | E5: 45717 | F5: =DAY(EOMONTH(Raw_Data[[#This Row],[Month Year]],0)) -> 31 | G5: 45746 | H5: =_xlfn.XLOOKUP(Raw_Data[[#This Row],[Month Year]],'Modelling New'!D:D,'Modelling New'!N:N) -> 10.507 | I5: 0.26944444 | J5: 0.77013889 | K5: 8560 | L5: 9650 | M5: 9150 | N5: 9063 | O5: 9050 | P5: 5282 | Q5: 115992 | R5: 15.477619 | S5: 6480 | T5: 7350 | U5: 7350 | V5: 0 | W5: 30.195025 | X5: 46.433191 | Y5: 0.77068708 | Z5: 3.0955796 | AA5: 0 | AB5: =SUM(Raw_Data[[#This Row],[IC1_Inv1]:[IC2_Inv2]]) -> 50755 | AC5: =IF((Raw_Data[[#This Row],[66 kV ABT Main Meter Reading (Export)]]-Q4)*1000<0,0,(Raw_Data[[#This Row],[66 kV ABT Main Meter Reading (Export)]]-Q4)*1000) -> 53644.4 | AD5: =IF((Raw_Data[[#This Row],[66 kV CRP MFM Reading (Import)]]-R4)*60000<0,0,(Raw_Data[[#This Row],[66 kV CRP MFM Reading (Import)]]-R4)*60000) -> 307.2 | AE5: =Raw_Data[[#This Row],[Export (kWh)]]-Raw_Data[[#This Row],[Import (kWh)]] -> 53337.2 | AF5: =IFERROR(AVERAGE(Raw_Data[[#This Row],[POA1(Wh/m2)]:[POA2(Wh/m2)]]),"") -> 7350 | AG5: =IFERROR(Raw_Data[[#This Row],[Avg. POA without Exclusion (W/m2)2]]-Raw_Data[[#This Row],[Avg. POA Lost (W/m2)]],"") -> 7350 | AH5: 115805.21 | AI5: =(J5-I5)*24 -> 12.016667
A6: FY2024-25 | B6: 2025 | C6: Year_2 | D6: Year_2 | E6: 45717 | F6: =DAY(EOMONTH(Raw_Data[[#This Row],[Month Year]],0)) -> 31 | G6: 45747 | H6: =_xlfn.XLOOKUP(Raw_Data[[#This Row],[Month Year]],'Modelling New'!D:D,'Modelling New'!N:N) -> 10.507 | I6: 0.26805556 | J6: 0.77083333 | K6: 7943 | L6: 8710 | M6: 8171 | N6: 8270 | O6: 8230 | P6: 5282 | Q6: 116040.7 | R6: 15.482621 | S6: 6120 | T6: 6550 | U6: 6550 | V6: 0 | W6: 30.040435 | X6: 44.9267 | Y6: 0.68876265 | Z6: 3.2757179 | AA6: 0 | AB6: =SUM(Raw_Data[[#This Row],[IC1_Inv1]:[IC2_Inv2]]) -> 46606 | AC6: =IF((Raw_Data[[#This Row],[66 kV ABT Main Meter Reading (Export)]]-Q5)*1000<0,0,(Raw_Data[[#This Row],[66 kV ABT Main Meter Reading (Export)]]-Q5)*1000) -> 48696.2 | AD6: =IF((Raw_Data[[#This Row],[66 kV CRP MFM Reading (Import)]]-R5)*60000<0,0,(Raw_Data[[#This Row],[66 kV CRP MFM Reading (Import)]]-R5)*60000) -> 300.12 | AE6: =Raw_Data[[#This Row],[Export (kWh)]]-Raw_Data[[#This Row],[Import (kWh)]] -> 48396.08 | AF6: =IFERROR(AVERAGE(Raw_Data[[#This Row],[POA1(Wh/m2)]:[POA2(Wh/m2)]]),"") -> 6550 | AG6: =IFERROR(Raw_Data[[#This Row],[Avg. POA without Exclusion (W/m2)2]]-Raw_Data[[#This Row],[Avg. POA Lost (W/m2)]],"") -> 6550 | AH6: 115853.85 | AI6: =(J6-I6)*24 -> 12.066667
A7: FY2025-26 | B7: 2025 | C7: Year_2 | D7: Year_3 | E7: 45748 | F7: =DAY(EOMONTH(Raw_Data[[#This Row],[Month Year]],0)) -> 30 | G7: 45748 | H7: =_xlfn.XLOOKUP(Raw_Data[[#This Row],[Month Year]],'Modelling New'!D:D,'Modelling New'!N:N) -> 10.507 | I7: 0.27013889 | J7: 0.77152778 | K7: 6540 | L7: 7074 | M7: 6790 | N7: 6934 | O7: 6783 | P7: 5282 | Q7: 116080.86 | R7: 15.48759 | S7: 5150 | T7: 5390 | U7: 5390 | V7: 0 | W7: 28.438176 | X7: 41.541825 | Y7: 0.68870556 | Z7: 0.78930177 | AA7: 0 | AB7: =SUM(Raw_Data[[#This Row],[IC1_Inv1]:[IC2_Inv2]]) -> 39403 | AC7: =IF((Raw_Data[[#This Row],[66 kV ABT Main Meter Reading (Export)]]-Q6)*1000<0,0,(Raw_Data[[#This Row],[66 kV ABT Main Meter Reading (Export)]]-Q6)*1000) -> 40160.4 | AD7: =IF((Raw_Data[[#This Row],[66 kV CRP MFM Reading (Import)]]-R6)*60000<0,0,(Raw_Data[[#This Row],[66 kV CRP MFM Reading (Import)]]-R6)*60000) -> 298.14 | AE7: =Raw_Data[[#This Row],[Export (kWh)]]-Raw_Data[[#This Row],[Import (kWh)]] -> 39862.26 | AF7: =IFERROR(AVERAGE(Raw_Data[[#This Row],[POA1(Wh/m2)]:[POA2(Wh/m2)]]),"") -> 5390 | AG7: =IFERROR(Raw_Data[[#This Row],[Avg. POA without Exclusion (W/m2)2]]-Raw_Data[[#This Row],[Avg. POA Lost (W/m2)]],"") -> 5390 | AH7: 115893.95 | AI7: =(J7-I7)*24 -> 12.033333
A8: FY2025-26 | B8: 2025 | C8: Year_2 | D8: Year_3 | E8: 45748 | F8: =DAY(EOMONTH(Raw_Data[[#This Row],[Month Year]],0)) -> 30 | G8: 45749 | H8: =_xlfn.XLOOKUP(Raw_Data[[#This Row],[Month Year]],'Modelling New'!D:D,'Modelling New'!N:N) -> 10.507 | I8: 0.26597222 | J8: 0.75972222 | K8: 7520 | L8: 8243 | M8: 7860 | N8: 8010 | O8: 7820 | P8: 5282 | Q8: 116127.42 | R8: 15.492544 | S8: 5900 | T8: 6350 | U8: 6350 | V8: 0 | W8: 28.478929 | X8: 44.056629 | Y8: 0.6846936 | Z8: 1.9063103 | AA8: 0 | AB8: =SUM(Raw_Data[[#This Row],[IC1_Inv1]:[IC2_Inv2]]) -> 44735 | AC8: =IF((Raw_Data[[#This Row],[66 kV ABT Main Meter Reading (Export)]]-Q7)*1000<0,0,(Raw_Data[[#This Row],[66 kV ABT Main Meter Reading (Export)]]-Q7)*1000) -> 46564.5 | AD8: =IF((Raw_Data[[#This Row],[66 kV CRP MFM Reading (Import)]]-R7)*60000<0,0,(Raw_Data[[#This Row],[66 kV CRP MFM Reading (Import)]]-R7)*60000) -> 297.24 | AE8: =Raw_Data[[#This Row],[Export (kWh)]]-Raw_Data[[#This Row],[Import (kWh)]] -> 46267.26 | AF8: =IFERROR(AVERAGE(Raw_Data[[#This Row],[POA1(Wh/m2)]:[POA2(Wh/m2)]]),"") -> 6350 | AG8: =IFERROR(Raw_Data[[#This Row],[Avg. POA without Exclusion (W/m2)2]]-Raw_Data[[#This Row],[Avg. POA Lost (W/m2)]],"") -> 6350 | AH8: 115940.45 | AI8: =(J8-I8)*24 -> 11.85
A9: FY2025-26 | B9: 2025 | C9: Year_2 | D9: Year_3 | E9: 45748 | F9: =DAY(EOMONTH(Raw_Data[[#This Row],[Month Year]],0)) -> 30 | G9: 45750 | H9: =_xlfn.XLOOKUP(Raw_Data[[#This Row],[Month Year]],'Modelling New'!D:D,'Modelling New'!N:N) -> 10.507 | I9: 0.26319444 | J9: 0.75555556 | K9: 4840 | L9: 5440 | M9: 5230 | N9: 5361 | O9: 4910 | P9: 5282 | Q9: 116157.83 | R9: 15.497605 | S9: 3960 | T9: 4010 | U9: 4010 | V9: 0 | W9: 25.54595 | X9: 35.857204 | Y9: 0.823894 | Z9: 5.4077555 | AA9: 3.81 | AB9: =SUM(Raw_Data[[#This Row],[IC1_Inv1]:[IC2_Inv2]]) -> 31063 | AC9: =IF((Raw_Data[[#This Row],[66 kV ABT Main Meter Reading (Export)]]-Q8)*1000<0,0,(Raw_Data[[#This Row],[66 kV ABT Main Meter Reading (Export)]]-Q8)*1000) -> 30406.1 | AD9: =IF((Raw_Data[[#This Row],[66 kV CRP MFM Reading (Import)]]-R8)*60000<0,0,(Raw_Data[[#This Row],[66 kV CRP MFM Reading (Import)]]-R8)*60000) -> 303.66 | AE9: =Raw_Data[[#This Row],[Export (kWh)]]-Raw_Data[[#This Row],[Import (kWh)]] -> 30102.44 | AF9: =IFERROR(AVERAGE(Raw_Data[[#This Row],[POA1(Wh/m2)]:[POA2(Wh/m2)]]),"") -> 4010 | AG9: =IFERROR(Raw_Data[[#This Row],[Avg. POA without Exclusion (W/m2)2]]-Raw_Data[[#This Row],[Avg. POA Lost (W/m2)]],"") -> 4010 | AH9: 115970.82 | AI9: =(J9-I9)*24 -> 11.816667
A10: FY2025-26 | B10: 2025 | C10: Year_2 | D10: Year_3 | E10: 45748 | F10: =DAY(EOMONTH(Raw_Data[[#This Row],[Month Year]],0)) -> 30 | G10: 45751 | H10: =_xlfn.XLOOKUP(Raw_Data[[#This Row],[Month Year]],'Modelling New'!D:D,'Modelling New'!N:N) -> 10.507 | I10: 0.27152778 | J10: 0.75972222 | K10: 8884 | L10: 9660 | M10: 9350 | N10: 6091 | O10: 8770 | P10: 5282 | Q10: 116208.7 | R10: 15.50287 | S10: 6870 | T10: 7540 | U10: 7540 | V10: 0 | W10: 29.781802 | X10: 46.94898 | Y10: 0.66325763 | Z10: 3.4187512 | AA10: 0 | AB10: =SUM(Raw_Data[[#This Row],[IC1_Inv1]:[IC2_Inv2]]) -> 48037 | AC10: =IF((Raw_Data[[#This Row],[66 kV ABT Main Meter Reading (Export)]]-Q9)*1000<0,0,(Raw_Data[[#This Row],[66 kV ABT Main Meter Reading (Export)]]-Q9)*1000) -> 50867.5 | AD10: =IF((Raw_Data[[#This Row],[66 kV CRP MFM Reading (Import)]]-R9)*60000<0,0,(Raw_Data[[#This Row],[66 kV CRP MFM Reading (Import)]]-R9)*60000) -> 315.9 | AE10: =Raw_Data[[#This Row],[Export (kWh)]]-Raw_Data[[#This Row],[Import (kWh)]] -> 50551.6 | AF10: =IFERROR(AVERAGE(Raw_Data[[#This Row],[POA1(Wh/m2)]:[POA2(Wh/m2)]]),"") -> 7540 | AG10: =IFERROR(Raw_Data[[#This Row],[Avg. POA without Exclusion (W/m2)2]]-Raw_Data[[#This Row],[Avg. POA Lost (W/m2)]],"") -> 7540 | AH10: 116021.62 | AI10: =(J10-I10)*24 -> 11.716667
A11: FY2025-26 | B11: 2025 | C11: Year_2 | D11: Year_3 | E11: 45748 | F11: =DAY(EOMONTH(Raw_Data[[#This Row],[Month Year]],0)) -> 30 | G11: 45752 | H11: =_xlfn.XLOOKUP(Raw_Data[[#This Row],[Month Year]],'Modelling New'!D:D,'Modelling New'!N:N) -> 10.507 | I11: 0.26458333 | J11: 0.76597222 | K11: 7660 | L11: 8382 | M11: 7993 | N11: 3420 | O11: 7810 | P11: 5282 | Q11: 116251.1 | R11: 15.508208 | S11: 5830 | T11: 6460 | U11: 6460 | V11: 0 | W11: 28.418744 | X11: 45.769404 | Y11: 0.6846936 | Z11: 1.9063103 | AA11: 0 | AB11: =SUM(Raw_Data[[#This Row],[IC1_Inv1]:[IC2_Inv2]]) -> 40547 | AC11: =IF((Raw_Data[[#This Row],[66 kV ABT Main Meter Reading (Export)]]-Q10)*1000<0,0,(Raw_Data[[#This Row],[66 kV ABT Main Meter Reading (Export)]]-Q10)*1000) -> 42409.8 | AD11: =IF((Raw_Data[[#This Row],[66 kV CRP MFM Reading (Import)]]-R10)*60000<0,0,(Raw_Data[[#This Row],[66 kV CRP MFM Reading (Import)]]-R10)*60000) -> 320.28 | AE11: =Raw_Data[[#This Row],[Export (kWh)]]-Raw_Data[[#This Row],[Import (kWh)]] -> 42089.52 | AF11: =IFERROR(AVERAGE(Raw_Data[[#This Row],[POA1(Wh/m2)]:[POA2(Wh/m2)]]),"") -> 6460 | AG11: =IFERROR(Raw_Data[[#This Row],[Avg. POA without Exclusion (W/m2)2]]-Raw_Data[[#This Row],[Avg. POA Lost (W/m2)]],"") -> 6460 | AH11: 116063.98 | AI11: =(J11-I11)*24 -> 12.033333
A12: FY2025-26 | B12: 2025 | C12: Year_2 | D12: Year_3 | E12: 45748 | F12: =DAY(EOMONTH(Raw_Data[[#This Row],[Month Year]],0)) -> 30 | G12: 45753 | H12: =_xlfn.XLOOKUP(Raw_Data[[#This Row],[Month Year]],'Modelling New'!D:D,'Modelling New'!N:N) -> 10.507 | I12: 0.27083333 | J12: 0.76805556 | K12: 8570 | L12: 9534 | M12: 9143 | N12: 5111 | O12: 9171 | P12: 5282 | Q12: 116300.98 | R12: 15.513768 | S12: 6670 | T12: 7600 | U12: 7540 | V12: 0 | W12: 28.769765 | X12: 47.362188 | Y12: 0.80936407 | Z12: 5.3675416 | AA12: 4.11 | AB12: =SUM(Raw_Data[[#This Row],[IC1_Inv1]:[IC2_Inv2]]) -> 46811 | AC12: =IF((Raw_Data[[#This Row],[66 kV ABT Main Meter Reading (Export)]]-Q11)*1000<0,0,(Raw_Data[[#This Row],[66 kV ABT Main Meter Reading (Export)]]-Q11)*1000) -> 49870.8 | AD12: =IF((Raw_Data[[#This Row],[66 kV CRP MFM Reading (Import)]]-R11)*60000<0,0,(Raw_Data[[#This Row],[66 kV CRP MFM Reading (Import)]]-R11)*60000) -> 333.6 | AE12: =Raw_Data[[#This Row],[Export (kWh)]]-Raw_Data[[#This Row],[Import (kWh)]] -> 49537.2 | AF12: =IFERROR(AVERAGE(Raw_Data[[#This Row],[POA1(Wh/m2)]:[POA2(Wh/m2)]]),"") -> 7570 | AG12: =IFERROR(Raw_Data[[#This Row],[Avg. POA without Exclusion (W/m2)2]]-Raw_Data[[#This Row],[Avg. POA Lost (W/m2)]],"") -> 7570 | AH12: 116113.79 | AI12: =(J12-I12)*24 -> 11.933333
A13: FY2025-26 | B13: 2025 | C13: Year_2 | D13: Year_3 | E13: 45748 | F13: =DAY(EOMONTH(Raw_Data[[#This Row],[Month Year]],0)) -> 30 | G13: 45754 | H13: =_xlfn.XLOOKUP(Raw_Data[[#This Row],[Month Year]],'Modelling New'!D:D,'Modelling New'!N:N) -> 10.507 | I13: 0.26458333 | J13: 0.76805556 | K13: 9130 | L13: 9772 | M13: 9340 | N13: 6838 | O13: 9373 | P13: 5282 | Q13: 116353.95 | R13: 15.51888 | S13: 6710 | T13: 7840 | U13: 7750 | V13: 0 | W13: 30.24294 | X13: 47.944769 | Y13: 0.93582213 | Z13: 4.3852015 | AA13: 0 | AB13: =SUM(Raw_Data[[#This Row],[IC1_Inv1]:[IC2_Inv2]]) -> 49735 | AC13: =IF((Raw_Data[[#This Row],[66 kV ABT Main Meter Reading (Export)]]-Q12)*1000<0,0,(Raw_Data[[#This Row],[66 kV ABT Main Meter Reading (Export)]]-Q12)*1000) -> 52971 | AD13: =IF((Raw_Data[[#This Row],[66 kV CRP MFM Reading (Import)]]-R12)*60000<0,0,(Raw_Data[[#This Row],[66 kV CRP MFM Reading (Import)]]-R12)*60000) -> 306.72 | AE13: =Raw_Data[[#This Row],[Export (kWh)]]-Raw_Data[[#This Row],[Import (kWh)]] -> 52664.28 | AF13: =IFERROR(AVERAGE(Raw_Data[[#This Row],[POA1(Wh/m2)]:[POA2(Wh/m2)]]),"") -> 7795 | AG13: =IFERROR(Raw_Data[[#This Row],[Avg. POA without Exclusion (W/m2)2]]-Raw_Data[[#This Row],[Avg. POA Lost (W/m2)]],"") -> 7795 | AH13: 116166.69 | AI13: =(J13-I13)*24 -> 12.083333
A14: FY2025-26 | B14: 2025 | C14: Year_2 | D14: Year_3 | E14: 45748 | F14: =DAY(EOMONTH(Raw_Data[[#This Row],[Month Year]],0)) -> 30 | G14: 45755 | H14: =_xlfn.XLOOKUP(Raw_Data[[#This Row],[Month Year]],'Modelling New'!D:D,'Modelling New'!N:N) -> 10.507 | I14: 0.26319444 | J14: 0.75277778 | K14: 7940 | L14: 8753 | M14: 8484 | N14: 8450 | O14: 8290 | P14: 5282 | Q14: 116403.25 | R14: 15.524384 | S14: 6170 | T14: 6980 | U14: 6850 | V14: 0 | W14: 29.899258 | X14: 45.501593 | Y14: 0.88285476 | Z14: 3.6838334 | AA14: 0 | AB14: =SUM(Raw_Data[[#This Row],[IC1_Inv1]:[IC2_Inv2]]) -> 47199 | AC14: =IF((Raw_Data[[#This Row],[66 kV ABT Main Meter Reading (Export)]]-Q13)*1000<0,0,(Raw_Data[[#This Row],[66 kV ABT Main Meter Reading (Export)]]-Q13)*1000) -> 49299.7 | AD14: =IF((Raw_Data[[#This Row],[66 kV CRP MFM Reading (Import)]]-R13)*60000<0,0,(Raw_Data[[#This Row],[66 kV CRP MFM Reading (Import)]]-R13)*60000) -> 330.24 | AE14: =Raw_Data[[#This Row],[Export (kWh)]]-Raw_Data[[#This Row],[Import (kWh)]] -> 48969.46 | AF14: =IFERROR(AVERAGE(Raw_Data[[#This Row],[POA1(Wh/m2)]:[POA2(Wh/m2)]]),"") -> 6915 | AG14: =IFERROR(Raw_Data[[#This Row],[Avg. POA without Exclusion (W/m2)2]]-Raw_Data[[#This Row],[Avg. POA Lost (W/m2)]],"") -> 6915 | AH14: 116215.93 | AI14: =(J14-I14)*24 -> 11.75
A15: FY2025-26 | B15: 2025 | C15: Year_2 | D15: Year_3 | E15: 45748 | F15: =DAY(EOMONTH(Raw_Data[[#This Row],[Month Year]],0)) -> 30 | G15: 45756 | H15: =_xlfn.XLOOKUP(Raw_Data[[#This Row],[Month Year]],'Modelling New'!D:D,'Modelling New'!N:N) -> 10.507 | I15: 0.2625 | J15: 0.76041667 | K15: 8330 | L15: 9320 | M15: 9010 | N15: 9142 | O15: 8763 | P15: 5282 | Q15: 116455.71 | R15: 15.529747 | S15: 6370 | T15: 7300 | U15: 7260 | V15: 0 | W15: 29.618574 | X15: 46.94412 | Y15: 0.86043045 | Z15: 2.7864522 | AA15: 0 | AB15: =SUM(Raw_Data[[#This Row],[IC1_Inv1]:[IC2_Inv2]]) -> 49847 | AC15: =IF((Raw_Data[[#This Row],[66 kV ABT Main Meter Reading (Export)]]-Q14)*1000<0,0,(Raw_Data[[#This Row],[66 kV ABT Main Meter Reading (Export)]]-Q14)*1000) -> 52462 | AD15: =IF((Raw_Data[[#This Row],[66 kV CRP MFM Reading (Import)]]-R14)*60000<0,0,(Raw_Data[[#This Row],[66 kV CRP MFM Reading (Import)]]-R14)*60000) -> 321.78 | AE15: =Raw_Data[[#This Row],[Export (kWh)]]-Raw_Data[[#This Row],[Import (kWh)]] -> 52140.22 | AF15: =IFERROR(AVERAGE(Raw_Data[[#This Row],[POA1(Wh/m2)]:[POA2(Wh/m2)]]),"") -> 7280 | AG15: =IFERROR(Raw_Data[[#This Row],[Avg. POA without Exclusion (W/m2)2]]-Raw_Data[[#This Row],[Avg. POA Lost (W/m2)]],"") -> 7280 | AH15: 116268.33 | AI15: =(J15-I15)*24 -> 11.95
A16: FY2025-26 | B16: 2025 | C16: Year_2 | D16: Year_3 | E16: 45748 | F16: =DAY(EOMONTH(Raw_Data[[#This Row],[Month Year]],0)) -> 30 | G16: 45757 | H16: =_xlfn.XLOOKUP(Raw_Data[[#This Row],[Month Year]],'Modelling New'!D:D,'Modelling New'!N:N) -> 10.507 | I16: 0.26319444 | J16: 0.77291667 | K16: 7913 | L16: 8490 | M16: 8390 | N16: 8324 | O16: 8130 | P16: 5282 | Q16: 116504.27 | R16: 15.534919 | S16: 5790 | T16: 6500 | U16: 6500 | V16: 0 | W16: 28.709098 | X16: 41.839647 | Y16: 1.2755808 | Z16: 3.9576976 | AA16: 0 | AB16: =SUM(Raw_Data[[#This Row],[IC1_Inv1]:[IC2_Inv2]]) -> 46529 | AC16: =IF((Raw_Data[[#This Row],[66 kV ABT Main Meter Reading (Export)]]-Q15)*1000<0,0,(Raw_Data[[#This Row],[66 kV ABT Main Meter Reading (Export)]]-Q15)*1000) -> 48565 | AD16: =IF((Raw_Data[[#This Row],[66 kV CRP MFM Reading (Import)]]-R15)*60000<0,0,(Raw_Data[[#This Row],[66 kV CRP MFM Reading (Import)]]-R15)*60000) -> 310.32 | AE16: =Raw_Data[[#This Row],[Export (kWh)]]-Raw_Data[[#This Row],[Import (kWh)]] -> 48254.68 | AF16: =IFERROR(AVERAGE(Raw_Data[[#This Row],[POA1(Wh/m2)]:[POA2(Wh/m2)]]),"") -> 6500 | AG16: =IFERROR(Raw_Data[[#This Row],[Avg. POA without Exclusion (W/m2)2]]-Raw_Data[[#This Row],[Avg. POA Lost (W/m2)]],"") -> 6500 | AH16: 116316.83 | AI16: =(J16-I16)*24 -> 12.233333
... A22: FY2025-26 | B22: 2025 | C22: Year_2 | D22: Year_3 | E22: 45748 | F22: =DAY(EOMONTH(Raw_Data[[#This Row],[Month Year]],0)) -> 30 | G22: 45763 | H22: =_xlfn.XLOOKUP(Raw_Data[[#This Row],[Month Year]],'Modelling New'!D:D,'Modelling New'!N:N) -> 10.507 | I22: 0.26736111 | J22: 0.76388889 | K22: 8150 | L22: 8624 | M22: 8654 | N22: 8440 | O22: 8466 | P22: 5282 | Q22: 116811.16 | R22: 15.566282 | S22: 5890 | T22: 6750 | U22: 6750 | V22: 0 | W22: 28.769765 | X22: 47.362188 | Y22: 0.80936407 | Z22: 5.3675416 | AA22: 0 | AB22: =SUM(Raw_Data[[#This Row],[IC1_Inv1]:[IC2_Inv2]]) -> 47616 | AC22: =IF((Raw_Data[[#This Row],[66 kV ABT Main Meter Reading (Export)]]-Q21)*1000<0,0,(Raw_Data[[#This Row],[66 kV ABT Main Meter Reading (Export)]]-Q21)*1000) -> 50024.5 | AD22: =IF((Raw_Data[[#This Row],[66 kV CRP MFM Reading (Import)]]-R21)*60000<0,0,(Raw_Data[[#This Row],[66 kV CRP MFM Reading (Import)]]-R21)*60000) -> 311.52 | AE22: =Raw_Data[[#This Row],[Export (kWh)]]-Raw_Data[[#This Row],[Import (kWh)]] -> 49712.98 | AF22: =IFERROR(AVERAGE(Raw_Data[[#This Row],[POA1(Wh/m2)]:[POA2(Wh/m2)]]),"") -> 6750 | AG22: =IFERROR(Raw_Data[[#This Row],[Avg. POA without Exclusion (W/m2)2]]-Raw_Data[[#This Row],[Avg. POA Lost (W/m2)]],"") -> 6750 | AH22: 116623.34 | AI22: =(J22-I22)*24 -> 11.916667
A23: FY2025-26 | B23: 2025 | C23: Year_2 | D23: Year_3 | E23: 45748 | F23: 30 | G23: 45764 | H23: =_xlfn.XLOOKUP(Raw_Data[[#This Row],[Month Year]],'Modelling New'!D:D,'Modelling New'!N:N) -> 10.507 | I23: 0.26388889 | J23: 0.76388889 | K23: 8560 | L23: 9994 | M23: 9810 | N23: 9742 | O23: 9540 | P23: 5282 | Q23: 116867.79 | R23: 15.571962 | S23: 6950 | T23: 7710 | U23: 7710 | V23: 0 | W23: 28.462962 | X23: 43.485844 | Y23: 1.6153198 | Z23: 3.9034866 | AA23: 0 | AB23: =SUM(Raw_Data[[#This Row],[IC1_Inv1]:[IC2_Inv2]]) -> 52928 | AC23: =IF((Raw_Data[[#This Row],[66 kV ABT Main Meter Reading (Export)]]-Q22)*1000<0,0,(Raw_Data[[#This Row],[66 kV ABT Main Meter Reading (Export)]]-Q22)*1000) -> 56633 | AD23: =IF((Raw_Data[[#This Row],[66 kV CRP MFM Reading (Import)]]-R22)*60000<0,0,(Raw_Data[[#This Row],[66 kV CRP MFM Reading (Import)]]-R22)*60000) -> 340.8 | AE23: =Raw_Data[[#This Row],[Export (kWh)]]-Raw_Data[[#This Row],[Import (kWh)]] -> 56292.2 | AF23: =IFERROR(AVERAGE(Raw_Data[[#This Row],[POA1(Wh/m2)]:[POA2(Wh/m2)]]),"") -> 7710 | AG23: =IFERROR(Raw_Data[[#This Row],[Avg. POA without Exclusion (W/m2)2]]-Raw_Data[[#This Row],[Avg. POA Lost (W/m2)]],"") -> 7710 | AH23: 116679.9 | AI23: =(J23-I23)*24 -> 12
A24: FY2025-26 | B24: 2025 | C24: Year_2 | D24: Year_3 | E24: 45748 | F24: 30 | G24: 45765 | H24: =_xlfn.XLOOKUP(Raw_Data[[#This Row],[Month Year]],'Modelling New'!D:D,'Modelling New'!N:N) -> 10.507 | I24: 0.26458333 | J24: 0.76597222 | K24: 7910 | L24: 8822 | M24: 8600 | N24: 8810 | O24: 8114 | P24: 5282 | Q24: 116917.4 | R24: 15.577608 | S24: 6150 | T24: 6690 | U24: 6690 | V24: 0 | W24: 28.769765 | X24: 47.362188 | Y24: 0.80936407 | Z24: 5.3675416 | AA24: 0 | AB24: =SUM(Raw_Data[[#This Row],[IC1_Inv1]:[IC2_Inv2]]) -> 47538 | AC24: =IF((Raw_Data[[#This Row],[66 kV ABT Main Meter Reading (Export)]]-Q23)*1000<0,0,(Raw_Data[[#This Row],[66 kV ABT Main Meter Reading (Export)]]-Q23)*1000) -> 49607.9 | AD24: =IF((Raw_Data[[#This Row],[66 kV CRP MFM Reading (Import)]]-R23)*60000<0,0,(Raw_Data[[#This Row],[66 kV CRP MFM Reading (Import)]]-R23)*60000) -> 338.76 | AE24: =Raw_Data[[#This Row],[Export (kWh)]]-Raw_Data[[#This Row],[Import (kWh)]] -> 49269.14 | AF24: =IFERROR(AVERAGE(Raw_Data[[#This Row],[POA1(Wh/m2)]:[POA2(Wh/m2)]]),"") -> 6690 | AG24: =IFERROR(Raw_Data[[#This Row],[Avg. POA without Exclusion (W/m2)2]]-Raw_Data[[#This Row],[Avg. POA Lost (W/m2)]],"") -> 6690 | AH24: 116729.45 | AI24: =(J24-I24)*24 -> 12.033333
A25: FY2025-26 | B25: 2025 | C25: Year_2 | D25: Year_3 | E25: 45748 | F25: =DAY(EOMONTH(Raw_Data[[#This Row],[Month Year]],0)) -> 30 | G25: 45766 | H25: =_xlfn.XLOOKUP(Raw_Data[[#This Row],[Month Year]],'Modelling New'!D:D,'Modelling New'!N:N) -> 10.507 | I25: 0.26597222 | J25: 0.75833333 | K25: 8310 | L25: 8910 | M25: 8811 | N25: 8844 | O25: 8650 | P25: 5282 | Q25: 116968.65 | R25: 15.582689 | S25: 6150 | T25: 6690 | U25: 6690 | V25: 0 | W25: 30.166 | X25: 48.516029 | Y25: 0.50302143 | Z25: 0.51511904 | AA25: 4.24 | AB25: =SUM(Raw_Data[[#This Row],[IC1_Inv1]:[IC2_Inv2]]) -> 48807 | AC25: =IF((Raw_Data[[#This Row],[66 kV ABT Main Meter Reading (Export)]]-Q24)*1000<0,0,(Raw_Data[[#This Row],[66 kV ABT Main Meter Reading (Export)]]-Q24)*1000) -> 51255.3 | AD25: =IF((Raw_Data[[#This Row],[66 kV CRP MFM Reading (Import)]]-R24)*60000<0,0,(Raw_Data[[#This Row],[66 kV CRP MFM Reading (Import)]]-R24)*60000) -> 304.86 | AE25: =Raw_Data[[#This Row],[Export (kWh)]]-Raw_Data[[#This Row],[Import (kWh)]] -> 50950.44 | AF25: =IFERROR(AVERAGE(Raw_Data[[#This Row],[POA1(Wh/m2)]:[POA2(Wh/m2)]]),"") -> 6690 | AG25: =IFERROR(Raw_Data[[#This Row],[Avg. POA without Exclusion (W/m2)2]]-Raw_Data[[#This Row],[Avg. POA Lost (W/m2)]],"") -> 6690 | AH25: 116780.64 | AI25: =(J25-I25)*24 -> 11.816667
A26: FY2025-26 | B26: 2025 | C26: Year_2 | D26: Year_3 | E26: 45748 | F26: =DAY(EOMONTH(Raw_Data[[#This Row],[Month Year]],0)) -> 30 | G26: 45767 | H26: =_xlfn.XLOOKUP(Raw_Data[[#This Row],[Month Year]],'Modelling New'!D:D,'Modelling New'!N:N) -> 10.507 | I26: 0.26736111 | J26: 0.75347222 | K26: 5892 | L26: 6274 | M26: 6310 | N26: 6382 | O26: 5975 | P26: 5282 | Q26: 117004.88 | R26: 15.587733 | S26: 4300 | T26: 4670 | U26: 4670 | V26: 0 | W26: 25.080103 | X26: 36.13118 | Y26: 1.249667 | Z26: 5.4514184 | AA26: 0 | AB26: =SUM(Raw_Data[[#This Row],[IC1_Inv1]:[IC2_Inv2]]) -> 36115 | AC26: =IF((Raw_Data[[#This Row],[66 kV ABT Main Meter Reading (Export)]]-Q25)*1000<0,0,(Raw_Data[[#This Row],[66 kV ABT Main Meter Reading (Export)]]-Q25)*1000) -> 36221.9 | AD26: =IF((Raw_Data[[#This Row],[66 kV CRP MFM Reading (Import)]]-R25)*60000<0,0,(Raw_Data[[#This Row],[66 kV CRP MFM Reading (Import)]]-R25)*60000) -> 302.64 | AE26: =Raw_Data[[#This Row],[Export (kWh)]]-Raw_Data[[#This Row],[Import (kWh)]] -> 35919.26 | AF26: =IFERROR(AVERAGE(Raw_Data[[#This Row],[POA1(Wh/m2)]:[POA2(Wh/m2)]]),"") -> 4670 | AG26: =IFERROR(Raw_Data[[#This Row],[Avg. POA without Exclusion (W/m2)2]]-Raw_Data[[#This Row],[Avg. POA Lost (W/m2)]],"") -> 4670 | AH26: 116816.82 | AI26: =(J26-I26)*24 -> 11.666667
A27: FY2025-26 | B27: 2025 | C27: Year_2 | D27: Year_3 | E27: 45748 | F27: =DAY(EOMONTH(Raw_Data[[#This Row],[Month Year]],0)) -> 30 | G27: 45768 | H27: =_xlfn.XLOOKUP(Raw_Data[[#This Row],[Month Year]],'Modelling New'!D:D,'Modelling New'!N:N) -> 10.507 | I27: 0.26319444 | J27: 0.76666667 | K27: 8020 | L27: 8530 | M27: 8550 | N27: 5164 | O27: 8150 | P27: 5282 | Q27: 117050.7 | R27: 15.594088 | S27: 6230 | T27: 6940 | U27: 6940 | V27: 0 | W27: 28.478929 | X27: 44.056629 | Y27: 0.6846936 | Z27: 1.9063103 | AA27: 0 | AB27: =SUM(Raw_Data[[#This Row],[IC1_Inv1]:[IC2_Inv2]]) -> 43696 | AC27: =IF((Raw_Data[[#This Row],[66 kV ABT Main Meter Reading (Export)]]-Q26)*1000<0,0,(Raw_Data[[#This Row],[66 kV ABT Main Meter Reading (Export)]]-Q26)*1000) -> 45826.5 | AD27: =IF((Raw_Data[[#This Row],[66 kV CRP MFM Reading (Import)]]-R26)*60000<0,0,(Raw_Data[[#This Row],[66 kV CRP MFM Reading (Import)]]-R26)*60000) -> 381.3 | AE27: =Raw_Data[[#This Row],[Export (kWh)]]-Raw_Data[[#This Row],[Import (kWh)]] -> 45445.2 | AF27: =IFERROR(AVERAGE(Raw_Data[[#This Row],[POA1(Wh/m2)]:[POA2(Wh/m2)]]),"") -> 6940 | AG27: =IFERROR(Raw_Data[[#This Row],[Avg. POA without Exclusion (W/m2)2]]-Raw_Data[[#This Row],[Avg. POA Lost (W/m2)]],"") -> 6940 | AH27: 116862.59 | AI27: =(J27-I27)*24 -> 12.083333
A28: FY2025-26 | B28: 2025 | C28: Year_2 | D28: Year_3 | E28: 45748 | F28: =DAY(EOMONTH(Raw_Data[[#This Row],[Month Year]],0)) -> 30 | G28: 45769 | H28: =_xlfn.XLOOKUP(Raw_Data[[#This Row],[Month Year]],'Modelling New'!D:D,'Modelling New'!N:N) -> 10.507 | I28: 0.26041667 | J28: 0.76736111 | K28: 8742 | L28: 9490 | M28: 9130 | N28: 8990 | O28: 8891 | P28: 5282 | Q28: 117104.07 | R28: 15.598378 | S28: 6420 | T28: 7200 | U28: 7200 | V28: 0 | W28: 30.195025 | X28: 46.433191 | Y28: 0.77068708 | Z28: 3.0955796 | AA28: 0 | AB28: =SUM(Raw_Data[[#This Row],[IC1_Inv1]:[IC2_Inv2]]) -> 50525 | AC28: =IF((Raw_Data[[#This Row],[66 kV ABT Main Meter Reading (Export)]]-Q27)*1000<0,0,(Raw_Data[[#This Row],[66 kV ABT Main Meter Reading (Export)]]-Q27)*1000) -> 53370.8 | AD28: =IF((Raw_Data[[#This Row],[66 kV CRP MFM Reading (Import)]]-R27)*60000<0,0,(Raw_Data[[#This Row],[66 kV CRP MFM Reading (Import)]]-R27)*60000) -> 257.4 | AE28: =Raw_Data[[#This Row],[Export (kWh)]]-Raw_Data[[#This Row],[Import (kWh)]] -> 53113.4 | AF28: =IFERROR(AVERAGE(Raw_Data[[#This Row],[POA1(Wh/m2)]:[POA2(Wh/m2)]]),"") -> 7200 | AG28: =IFERROR(Raw_Data[[#This Row],[Avg. POA without Exclusion (W/m2)2]]-Raw_Data[[#This Row],[Avg. POA Lost (W/m2)]],"") -> 7200 | AH28: 116915.89 | AI28: =(J28-I28)*24 -> 12.166667
A29: FY2025-26 | B29: 2025 | C29: Year_2 | D29: Year_3 | E29: 45748 | F29: =DAY(EOMONTH(Raw_Data[[#This Row],[Month Year]],0)) -> 30 | G29: 45770 | H29: =_xlfn.XLOOKUP(Raw_Data[[#This Row],[Month Year]],'Modelling New'!D:D,'Modelling New'!N:N) -> 10.507 | I29: 0.25972222 | J29: 0.76597222 | K29: 7754 | L29: 8430 | M29: 8210 | N29: 8030 | O29: 8060 | P29: 5282 | Q29: 117151.81 | R29: 15.60347 | S29: 6080 | T29: 6450 | U29: 6350 | V29: 0 | W29: 30.227744 | X29: 45.456095 | Y29: 0.88646143 | Z29: 4.0238667 | AA29: 0 | AB29: =SUM(Raw_Data[[#This Row],[IC1_Inv1]:[IC2_Inv2]]) -> 45766 | AC29: =IF((Raw_Data[[#This Row],[66 kV ABT Main Meter Reading (Export)]]-Q28)*1000<0,0,(Raw_Data[[#This Row],[66 kV ABT Main Meter Reading (Export)]]-Q28)*1000) -> 47736.8 | AD29: =IF((Raw_Data[[#This Row],[66 kV CRP MFM Reading (Import)]]-R28)*60000<0,0,(Raw_Data[[#This Row],[66 kV CRP MFM Reading (Import)]]-R28)*60000) -> 305.52 | AE29: =Raw_Data[[#This Row],[Export (kWh)]]-Raw_Data[[#This Row],[Import (kWh)]] -> 47431.28 | AF29: =IFERROR(AVERAGE(Raw_Data[[#This Row],[POA1(Wh/m2)]:[POA2(Wh/m2)]]),"") -> 6400 | AG29: =IFERROR(Raw_Data[[#This Row],[Avg. POA without Exclusion (W/m2)2]]-Raw_Data[[#This Row],[Avg. POA Lost (W/m2)]],"") -> 6400 | AH29: 116963.57 | AI29: =(J29-I29)*24 -> 12.15
A30: FY2025-26 | B30: 2025 | C30: Year_2 | D30: Year_3 | E30: 45748 | F30: =DAY(EOMONTH(Raw_Data[[#This Row],[Month Year]],0)) -> 30 | G30: 45771 | H30: =_xlfn.XLOOKUP(Raw_Data[[#This Row],[Month Year]],'Modelling New'!D:D,'Modelling New'!N:N) -> 10.507 | I30: 0.26041667 | J30: 0.76944444 | K30: 8640 | L30: 9480 | M30: 9200 | N30: 8880 | O30: 8784 | P30: 5282 | Q30: 117204.74 | R30: 15.608566 | S30: 6660 | T30: 7200 | U30: 7150 | V30: 0 | W30: 30.716914 | X30: 47.324329 | Y30: 1.0548261 | Z30: 4.0429811 | AA30: 0 | AB30: =SUM(Raw_Data[[#This Row],[IC1_Inv1]:[IC2_Inv2]]) -> 50266 | AC30: =IF((Raw_Data[[#This Row],[66 kV ABT Main Meter Reading (Export)]]-Q29)*1000<0,0,(Raw_Data[[#This Row],[66 kV ABT Main Meter Reading (Export)]]-Q29)*1000) -> 52925.3 | AD30: =IF((Raw_Data[[#This Row],[66 kV CRP MFM Reading (Import)]]-R29)*60000<0,0,(Raw_Data[[#This Row],[66 kV CRP MFM Reading (Import)]]-R29)*60000) -> 305.76 | AE30: =Raw_Data[[#This Row],[Export (kWh)]]-Raw_Data[[#This Row],[Import (kWh)]] -> 52619.54 | AF30: =IFERROR(AVERAGE(Raw_Data[[#This Row],[POA1(Wh/m2)]:[POA2(Wh/m2)]]),"") -> 7175 | AG30: =IFERROR(Raw_Data[[#This Row],[Avg. POA without Exclusion (W/m2)2]]-Raw_Data[[#This Row],[Avg. POA Lost (W/m2)]],"") -> 7175 | AH30: 117016.43 | AI30: =(J30-I30)*24 -> 12.216667
A31: FY2025-26 | B31: 2025 | C31: Year_2 | D31: Year_3 | E31: 45748 | F31: =DAY(EOMONTH(Raw_Data[[#This Row],[Month Year]],0)) -> 30 | G31: 45772 | H31: =_xlfn.XLOOKUP(Raw_Data[[#This Row],[Month Year]],'Modelling New'!D:D,'Modelling New'!N:N) -> 10.507 | I31: 0.26527778 | J31: 0.76666667 | K31: 7962 | L31: 8503 | M31: 8341 | N31: 8020 | O31: 8130 | P31: 5282 | Q31: 117253.03 | R31: 15.613711 | S31: 6140 | T31: 6510 | U31: 6450 | V31: 0 | W31: 30.478982 | X31: 47.159384 | Y31: 0.89743581 | Z31: 3.338526 | AA31: 0 | AB31: =SUM(Raw_Data[[#This Row],[IC1_Inv1]:[IC2_Inv2]]) -> 46238 | AC31: =IF((Raw_Data[[#This Row],[66 kV ABT Main Meter Reading (Export)]]-Q30)*1000<0,0,(Raw_Data[[#This Row],[66 kV ABT Main Meter Reading (Export)]]-Q30)*1000) -> 48299.1 | AD31: =IF((Raw_Data[[#This Row],[66 kV CRP MFM Reading (Import)]]-R30)*60000<0,0,(Raw_Data[[#This Row],[66 kV CRP MFM Reading (Import)]]-R30)*60000) -> 308.7 | AE31: =Raw_Data[[#This Row],[Export (kWh)]]-Raw_Data[[#This Row],[Import (kWh)]] -> 47990.4 | AF31: =IFERROR(AVERAGE(Raw_Data[[#This Row],[POA1(Wh/m2)]:[POA2(Wh/m2)]]),"") -> 6480 | AG31: =IFERROR(Raw_Data[[#This Row],[Avg. POA without Exclusion (W/m2)2]]-Raw_Data[[#This Row],[Avg. POA Lost (W/m2)]],"") -> 6480 | AH31: 117064.67 | AI31: =(J31-I31)*24 -> 12.033333
A32: FY2025-26 | B32: 2025 | C32: Year_2 | D32: Year_3 | E32: 45748 | F32: =DAY(EOMONTH(Raw_Data[[#This Row],[Month Year]],0)) -> 30 | G32: 45773 | H32: =_xlfn.XLOOKUP(Raw_Data[[#This Row],[Month Year]],'Modelling New'!D:D,'Modelling New'!N:N) -> 10.507 | I32: 0.25625 | J32: 0.76666667 | K32: 8730 | L32: 9490 | M32: 9420 | N32: 9260 | O32: 9122 | P32: 5282 | Q32: 117307.4 | R32: 15.618859 | S32: 6830 | T32: 7600 | U32: 7510 | V32: 0 | W32: 30.130226 | X32: 47.661407 | Y32: 1.2326966 | Z32: 4.8131528 | AA32: 0 | AB32: =SUM(Raw_Data[[#This Row],[IC1_Inv1]:[IC2_Inv2]]) -> 51304 | AC32: =IF((Raw_Data[[#This Row],[66 kV ABT Main Meter Reading (Export)]]-Q31)*1000<0,0,(Raw_Data[[#This Row],[66 kV ABT Main Meter Reading (Export)]]-Q31)*1000) -> 54362.6 | AD32: =IF((Raw_Data[[#This Row],[66 kV CRP MFM Reading (Import)]]-R31)*60000<0,0,(Raw_Data[[#This Row],[66 kV CRP MFM Reading (Import)]]-R31)*60000) -> 308.88 | AE32: =Raw_Data[[#This Row],[Export (kWh)]]-Raw_Data[[#This Row],[Import (kWh)]] -> 54053.72 | AF32: =IFERROR(AVERAGE(Raw_Data[[#This Row],[POA1(Wh/m2)]:[POA2(Wh/m2)]]),"") -> 7555 | AG32: =IFERROR(Raw_Data[[#This Row],[Avg. POA without Exclusion (W/m2)2]]-Raw_Data[[#This Row],[Avg. POA Lost (W/m2)]],"") -> 7555 | AH32: 117118.97 | AI32: =(J32-I32)*24 -> 12.25
A33: FY2025-26 | B33: 2025 | C33: Year_2 | D33: Year_3 | E33: 45748 | F33: =DAY(EOMONTH(Raw_Data[[#This Row],[Month Year]],0)) -> 30 | G33: 45774 | H33: =_xlfn.XLOOKUP(Raw_Data[[#This Row],[Month Year]],'Modelling New'!D:D,'Modelling New'!N:N) -> 10.507 | I33: 0.25833333 | J33: 0.76388889 | K33: 7660 | L33: 8302 | M33: 8050 | N33: 7940 | O33: 8224 | P33: 5282 | Q33: 117355.03 | R33: 15.623802 | S33: 6070 | T33: 6380 | U33: 6380 | V33: 0 | W33: 30.227744 | X33: 45.456095 | Y33: 0.88646143 | Z33: 4.0238667 | AA33: 0 | AB33: =SUM(Raw_Data[[#This Row],[IC1_Inv1]:[IC2_Inv2]]) -> 45458 | AC33: =IF((Raw_Data[[#This Row],[66 kV ABT Main Meter Reading (Export)]]-Q32)*1000<0,0,(Raw_Data[[#This Row],[66 kV ABT Main Meter Reading (Export)]]-Q32)*1000) -> 47634.5 | AD33: =IF((Raw_Data[[#This Row],[66 kV CRP MFM Reading (Import)]]-R32)*60000<0,0,(Raw_Data[[#This Row],[66 kV CRP MFM Reading (Import)]]-R32)*60000) -> 296.58 | AE33: =Raw_Data[[#This Row],[Export (kWh)]]-Raw_Data[[#This Row],[Import (kWh)]] -> 47337.92 | AF33: =IFERROR(AVERAGE(Raw_Data[[#This Row],[POA1(Wh/m2)]:[POA2(Wh/m2)]]),"") -> 6380 | AG33: =IFERROR(Raw_Data[[#This Row],[Avg. POA without Exclusion (W/m2)2]]-Raw_Data[[#This Row],[Avg. POA Lost (W/m2)]],"") -> 6380 | AH33: 117166.55 | AI33: =(J33-I33)*24 -> 12.133333
A34: FY2025-26 | B34: 2025 | C34: Year_2 | D34: Year_3 | E34: 45748 | F34: =DAY(EOMONTH(Raw_Data[[#This Row],[Month Year]],0)) -> 30 | G34: 45775 | H34: =_xlfn.XLOOKUP(Raw_Data[[#This Row],[Month Year]],'Modelling New'!D:D,'Modelling New'!N:N) -> 10.507 | I34: 0.26041667 | J34: 0.75486111 | K34: 8650 | L34: 9430 | M34: 9140 | N34: 9240 | O34: 9082 | P34: 5282 | Q34: 117408.91 | R34: 15.62877 | S34: 6450 | T34: 7200 | U34: 7200 | V34: 0 | W34: 30.195025 | X34: 46.433191 | Y34: 0.77068708 | Z34: 3.0955796 | AA34: 3.45 | AB34: =SUM(Raw_Data[[#This Row],[IC1_Inv1]:[IC2_Inv2]]) -> 50824 | AC34: =IF((Raw_Data[[#This Row],[66 kV ABT Main Meter Reading (Export)]]-Q33)*1000<0,0,(Raw_Data[[#This Row],[66 kV ABT Main Meter Reading (Export)]]-Q33)*1000) -> 53883 | AD34: =IF((Raw_Data[[#This Row],[66 kV CRP MFM Reading (Import)]]-R33)*60000<0,0,(Raw_Data[[#This Row],[66 kV CRP MFM Reading (Import)]]-R33)*60000) -> 298.08 | AE34: =Raw_Data[[#This Row],[Export (kWh)]]-Raw_Data[[#This Row],[Import (kWh)]] -> 53584.92 | AF34: =IFERROR(AVERAGE(Raw_Data[[#This Row],[POA1(Wh/m2)]:[POA2(Wh/m2)]]),"") -> 7200 | AG34: =IFERROR(Raw_Data[[#This Row],[Avg. POA without Exclusion (W/m2)2]]-Raw_Data[[#This Row],[Avg. POA Lost (W/m2)]],"") -> 7200 | AH34: 117220.37 | AI34: =(J34-I34)*24 -> 11.866667
A35: FY2025-26 | B35: 2025 | C35: Year_2 | D35: Year_3 | E35: 45748 | F35: =DAY(EOMONTH(Raw_Data[[#This Row],[Month Year]],0)) -> 30 | G35: 45776 | H35: =_xlfn.XLOOKUP(Raw_Data[[#This Row],[Month Year]],'Modelling New'!D:D,'Modelling New'!N:N) -> 10.507 | I35: 0.25486111 | J35: 0.76805556 | K35: 7980 | L35: 8610 | M35: 8541 | N35: 8650 | O35: 8423 | P35: 5282 | Q35: 117458.81 | R35: 15.634207 | S35: 6320 | T35: 6740 | U35: 6740 | V35: 0 | W35: 28.832486 | X35: 45.329904 | Y35: 0.84027799 | Z35: 4.5701981 | AA35: 1.98 | AB35: =SUM(Raw_Data[[#This Row],[IC1_Inv1]:[IC2_Inv2]]) -> 47486 | AC35: =IF((Raw_Data[[#This Row],[66 kV ABT Main Meter Reading (Export)]]-Q34)*1000<0,0,(Raw_Data[[#This Row],[66 kV ABT Main Meter Reading (Export)]]-Q34)*1000) -> 49894.5 | AD35: =IF((Raw_Data[[#This Row],[66 kV CRP MFM Reading (Import)]]-R34)*60000<0,0,(Raw_Data[[#This Row],[66 kV CRP MFM Reading (Import)]]-R34)*60000) -> 326.22 | AE35: =Raw_Data[[#This Row],[Export (kWh)]]-Raw_Data[[#This Row],[Import (kWh)]] -> 49568.28 | AF35: =IFERROR(AVERAGE(Raw_Data[[#This Row],[POA1(Wh/m2)]:[POA2(Wh/m2)]]),"") -> 6740 | AG35: =IFERROR(Raw_Data[[#This Row],[Avg. POA without Exclusion (W/m2)2]]-Raw_Data[[#This Row],[Avg. POA Lost (W/m2)]],"") -> 6740 | AH35: 117270.2 | AI35: =(J35-I35)*24 -> 12.316667
A36: FY2025-26 | B36: 2025 | C36: Year_2 | D36: Year_3 | E36: 45748 | F36: =DAY(EOMONTH(Raw_Data[[#This Row],[Month Year]],0)) -> 30 | G36: 45777 | H36: =_xlfn.XLOOKUP(Raw_Data[[#This Row],[Month Year]],'Modelling New'!D:D,'Modelling New'!N:N) -> 10.507 | I36: 0.25694444 | J36: 0.76597222 | K36: 8224 | L36: 9020 | M36: 8731 | N36: 9010 | O36: 8534 | P36: 5282 | Q36: 117510.33 | R36: 15.639569 | S36: 6390 | T36: 6920 | U36: 6920 | V36: 0 | W36: 29.060166 | X36: 45.871413 | Y36: 1.0986528 | Z36: 8.6628733 | AA36: 0 | AB36: =SUM(Raw_Data[[#This Row],[IC1_Inv1]:[IC2_Inv2]]) -> 48801 | AC36: =IF((Raw_Data[[#This Row],[66 kV ABT Main Meter Reading (Export)]]-Q35)*1000<0,0,(Raw_Data[[#This Row],[66 kV ABT Main Meter Reading (Export)]]-Q35)*1000) -> 51524.8 | AD36: =IF((Raw_Data[[#This Row],[66 kV CRP MFM Reading (Import)]]-R35)*60000<0,0,(Raw_Data[[#This Row],[66 kV CRP MFM Reading (Import)]]-R35)*60000) -> 321.72 | AE36: =Raw_Data[[#This Row],[Export (kWh)]]-Raw_Data[[#This Row],[Import (kWh)]] -> 51203.08 | AF36: =IFERROR(AVERAGE(Raw_Data[[#This Row],[POA1(Wh/m2)]:[POA2(Wh/m2)]]),"") -> 6920 | AG36: =IFERROR(Raw_Data[[#This Row],[Avg. POA without Exclusion (W/m2)2]]-Raw_Data[[#This Row],[Avg. POA Lost (W/m2)]],"") -> 6920 | AH36: 117321.67 | AI36: =(J36-I36)*24 -> 12.216667
... A54: FY2025-26 | B54: 2025 | C54: Year_2 | D54: Year_3 | E54: 45778 | F54: =DAY(EOMONTH(Raw_Data[[#This Row],[Month Year]],0)) -> 31 | G54: 45795 | H54: =_xlfn.XLOOKUP(Raw_Data[[#This Row],[Month Year]],'Modelling New'!D:D,'Modelling New'!N:N) -> 10.507 | I54: 0.25902778 | J54: 0.77291667 | K54: 7091 | L54: 8424 | M54: 8420 | N54: 8413 | O54: 8262 | P54: 5282 | Q54: 118433.32 | R54: 15.73264 | S54: 6050 | T54: 6370 | U54: 6430 | V54: 0 | W54: 27.759019 | X54: 41.244253 | Y54: 1.1752846 | Z54: 4.1536446 | AA54: 0 | AB54: =SUM(Raw_Data[[#This Row],[IC1_Inv1]:[IC2_Inv2]]) -> 45892 | AC54: =IF((Raw_Data[[#This Row],[66 kV ABT Main Meter Reading (Export)]]-Q53)*1000<0,0,(Raw_Data[[#This Row],[66 kV ABT Main Meter Reading (Export)]]-Q53)*1000) -> 48124 | AD54: =IF((Raw_Data[[#This Row],[66 kV CRP MFM Reading (Import)]]-R53)*60000<0,0,(Raw_Data[[#This Row],[66 kV CRP MFM Reading (Import)]]-R53)*60000) -> 320.16 | AE54: =Raw_Data[[#This Row],[Export (kWh)]]-Raw_Data[[#This Row],[Import (kWh)]] -> 47803.84 | AF54: =IFERROR(AVERAGE(Raw_Data[[#This Row],[POA1(Wh/m2)]:[POA2(Wh/m2)]]),"") -> 6400 | AG54: =IFERROR(Raw_Data[[#This Row],[Avg. POA without Exclusion (W/m2)2]]-Raw_Data[[#This Row],[Avg. POA Lost (W/m2)]],"") -> 6400 | AH54: 118243.52 | AI54: =(J54-I54)*24 -> 12.333333
A55: FY2025-26 | B55: 2025 | C55: Year_2 | D55: Year_3 | E55: 45778 | F55: =DAY(EOMONTH(Raw_Data[[#This Row],[Month Year]],0)) -> 31 | G55: 45796 | H55: =_xlfn.XLOOKUP(Raw_Data[[#This Row],[Month Year]],'Modelling New'!D:D,'Modelling New'!N:N) -> 10.507 | I55: 0.27222222 | J55: 0.76111111 | K55: 3680 | L55: 3950 | M55: 4031 | N55: 3983 | O55: 3960 | P55: 5282 | Q55: 118456.23 | R55: 15.738228 | S55: 2800 | T55: 2690 | U55: 2710 | V55: 0 | W55: 24.540712 | X55: 30.841079 | Y55: 0.73104974 | Z55: 3.1101618 | AA55: 3.24 | AB55: =SUM(Raw_Data[[#This Row],[IC1_Inv1]:[IC2_Inv2]]) -> 24886 | AC55: =IF((Raw_Data[[#This Row],[66 kV ABT Main Meter Reading (Export)]]-Q54)*1000<0,0,(Raw_Data[[#This Row],[66 kV ABT Main Meter Reading (Export)]]-Q54)*1000) -> 22910 | AD55: =IF((Raw_Data[[#This Row],[66 kV CRP MFM Reading (Import)]]-R54)*60000<0,0,(Raw_Data[[#This Row],[66 kV CRP MFM Reading (Import)]]-R54)*60000) -> 335.28 | AE55: =Raw_Data[[#This Row],[Export (kWh)]]-Raw_Data[[#This Row],[Import (kWh)]] -> 22574.72 | AF55: =IFERROR(AVERAGE(Raw_Data[[#This Row],[POA1(Wh/m2)]:[POA2(Wh/m2)]]),"") -> 2700 | AG55: =IFERROR(Raw_Data[[#This Row],[Avg. POA without Exclusion (W/m2)2]]-Raw_Data[[#This Row],[Avg. POA Lost (W/m2)]],"") -> 2700 | AH55: 118266.4 | AI55: =('Raw Data'!J55-'Raw Data'!I55)*24 -> 11.733333
A56: FY2025-26 | B56: 2025 | C56: Year_2 | D56: Year_3 | E56: 45778 | F56: =DAY(EOMONTH(Raw_Data[[#This Row],[Month Year]],0)) -> 31 | G56: 45797 | H56: =_xlfn.XLOOKUP(Raw_Data[[#This Row],[Month Year]],'Modelling New'!D:D,'Modelling New'!N:N) -> 10.507 | I56: 0.28888889 | J56: 0.77152778 | K56: 4362 | L56: 4641 | M56: 4806 | N56: 4760 | O56: 4474 | P56: 5282 | Q56: 118483.33 | R56: 15.74397 | S56: 3400 | T56: 3380 | U56: 3260 | V56: 0 | W56: 24.45407 | X56: 32.887441 | Y56: 0.93559595 | Z56: 5.0808783 | AA56: 2.43 | AB56: =SUM(Raw_Data[[#This Row],[IC1_Inv1]:[IC2_Inv2]]) -> 28325 | AC56: =IF((Raw_Data[[#This Row],[66 kV ABT Main Meter Reading (Export)]]-Q55)*1000<0,0,(Raw_Data[[#This Row],[66 kV ABT Main Meter Reading (Export)]]-Q55)*1000) -> 27107.6 | AD56: =IF((Raw_Data[[#This Row],[66 kV CRP MFM Reading (Import)]]-R55)*60000<0,0,(Raw_Data[[#This Row],[66 kV CRP MFM Reading (Import)]]-R55)*60000) -> 344.52 | AE56: =Raw_Data[[#This Row],[Export (kWh)]]-Raw_Data[[#This Row],[Import (kWh)]] -> 26763.08 | AF56: =IFERROR(AVERAGE(Raw_Data[[#This Row],[POA1(Wh/m2)]:[POA2(Wh/m2)]]),"") -> 3320 | AG56: =IFERROR(Raw_Data[[#This Row],[Avg. POA without Exclusion (W/m2)2]]-Raw_Data[[#This Row],[Avg. POA Lost (W/m2)]],"") -> 3320 | AH56: 118293.47 | AI56: =(J56-I56)*24 -> 11.583333
A57: FY2025-26 | B57: 2025 | C57: Year_2 | D57: Year_3 | E57: 45778 | F57: =DAY(EOMONTH(Raw_Data[[#This Row],[Month Year]],0)) -> 31 | G57: 45798 | H57: =_xlfn.XLOOKUP(Raw_Data[[#This Row],[Month Year]],'Modelling New'!D:D,'Modelling New'!N:N) -> 10.507 | I57: 0.25277778 | J57: 0.775 | K57: 5010 | L57: 5360 | M57: 5422 | N57: 5411 | O57: 5180 | P57: 5282 | Q57: 118514.49 | R57: 15.749264 | S57: 3840 | T57: 3910 | U57: 3830 | V57: 0 | W57: 24.499703 | X57: 32.526554 | Y57: 1.7049342 | Z57: 8.8072701 | AA57: 1.43 | AB57: =SUM(Raw_Data[[#This Row],[IC1_Inv1]:[IC2_Inv2]]) -> 31665 | AC57: =IF((Raw_Data[[#This Row],[66 kV ABT Main Meter Reading (Export)]]-Q56)*1000<0,0,(Raw_Data[[#This Row],[66 kV ABT Main Meter Reading (Export)]]-Q56)*1000) -> 31150.6 | AD57: =IF((Raw_Data[[#This Row],[66 kV CRP MFM Reading (Import)]]-R56)*60000<0,0,(Raw_Data[[#This Row],[66 kV CRP MFM Reading (Import)]]-R56)*60000) -> 317.64 | AE57: =Raw_Data[[#This Row],[Export (kWh)]]-Raw_Data[[#This Row],[Import (kWh)]] -> 30832.96 | AF57: =IFERROR(AVERAGE(Raw_Data[[#This Row],[POA1(Wh/m2)]:[POA2(Wh/m2)]]),"") -> 3870 | AG57: =IFERROR(Raw_Data[[#This Row],[Avg. POA without Exclusion (W/m2)2]]-Raw_Data[[#This Row],[Avg. POA Lost (W/m2)]],"") -> 3870 | AH57: 118324.58 | AI57: =(J57-I57)*24 -> 12.533333
A58: FY2025-26 | B58: 2025 | C58: Year_2 | D58: Year_3 | E58: 45778 | F58: =DAY(EOMONTH(Raw_Data[[#This Row],[Month Year]],0)) -> 31 | G58: 45799 | H58: =_xlfn.XLOOKUP(Raw_Data[[#This Row],[Month Year]],'Modelling New'!D:D,'Modelling New'!N:N) -> 10.507 | I58: 0.25555556 | J58: 0.775 | K58: 6942 | L58: 7274 | M58: 7250 | N58: 7222 | O58: 7000 | P58: 5282 | Q58: 118556.75 | R58: 15.754284 | S58: 5170 | T58: 5400 | U58: 5360 | V58: 0 | W58: 26.409495 | X58: 37.032904 | Y58: 1.5430993 | Z58: 6.5776701 | AA58: 0 | AB58: =SUM(Raw_Data[[#This Row],[IC1_Inv1]:[IC2_Inv2]]) -> 40970 | AC58: =IF((Raw_Data[[#This Row],[66 kV ABT Main Meter Reading (Export)]]-Q57)*1000<0,0,(Raw_Data[[#This Row],[66 kV ABT Main Meter Reading (Export)]]-Q57)*1000) -> 42265.1 | AD58: =IF((Raw_Data[[#This Row],[66 kV CRP MFM Reading (Import)]]-R57)*60000<0,0,(Raw_Data[[#This Row],[66 kV CRP MFM Reading (Import)]]-R57)*60000) -> 301.2 | AE58: =Raw_Data[[#This Row],[Export (kWh)]]-Raw_Data[[#This Row],[Import (kWh)]] -> 41963.9 | AF58: =IFERROR(AVERAGE(Raw_Data[[#This Row],[POA1(Wh/m2)]:[POA2(Wh/m2)]]),"") -> 5380 | AG58: =IFERROR(Raw_Data[[#This Row],[Avg. POA without Exclusion (W/m2)2]]-Raw_Data[[#This Row],[Avg. POA Lost (W/m2)]],"") -> 5380 | AH58: 118366.79 | AI58: =(J58-I58)*24 -> 12.466667
A59: FY2025-26 | B59: 2025 | C59: Year_2 | D59: Year_3 | E59: 45778 | F59: =DAY(EOMONTH(Raw_Data[[#This Row],[Month Year]],0)) -> 31 | G59: 45800 | H59: =_xlfn.XLOOKUP(Raw_Data[[#This Row],[Month Year]],'Modelling New'!D:D,'Modelling New'!N:N) -> 10.507 | I59: 0.25277778 | J59: 0.77569444 | K59: 6620 | L59: 6810 | M59: 6870 | N59: 6800 | O59: 6443 | P59: 5282 | Q59: 118596.48 | R59: 15.759245 | S59: 4282 | T59: 5250 | U59: 5250 | V59: 0 | W59: 25.442632 | X59: 35.224339 | Y59: 2.3077944 | Z59: 8.0038242 | AA59: 1.21 | AB59: =SUM(Raw_Data[[#This Row],[IC1_Inv1]:[IC2_Inv2]]) -> 38825 | AC59: =IF((Raw_Data[[#This Row],[66 kV ABT Main Meter Reading (Export)]]-Q58)*1000<0,0,(Raw_Data[[#This Row],[66 kV ABT Main Meter Reading (Export)]]-Q58)*1000) -> 39726.5 | AD59: =IF((Raw_Data[[#This Row],[66 kV CRP MFM Reading (Import)]]-R58)*60000<0,0,(Raw_Data[[#This Row],[66 kV CRP MFM Reading (Import)]]-R58)*60000) -> 297.66 | AE59: =Raw_Data[[#This Row],[Export (kWh)]]-Raw_Data[[#This Row],[Import (kWh)]] -> 39428.84 | AF59: =IFERROR(AVERAGE(Raw_Data[[#This Row],[POA1(Wh/m2)]:[POA2(Wh/m2)]]),"") -> 5250 | AG59: =IFERROR(Raw_Data[[#This Row],[Avg. POA without Exclusion (W/m2)2]]-Raw_Data[[#This Row],[Avg. POA Lost (W/m2)]],"") -> 5250 | AH59: 118406.46 | AI59: =(J59-I59)*24 -> 12.55
A60: FY2025-26 | B60: 2025 | C60: Year_2 | D60: Year_3 | E60: 45778 | F60: =DAY(EOMONTH(Raw_Data[[#This Row],[Month Year]],0)) -> 31 | G60: 45801 | H60: =_xlfn.XLOOKUP(Raw_Data[[#This Row],[Month Year]],'Modelling New'!D:D,'Modelling New'!N:N) -> 10.507 | I60: 0.25277778 | J60: 0.76388889 | K60: 4030 | L60: 4320 | M60: 4290 | N60: 1955 | O60: 4190 | P60: 5282 | Q60: 118619.13 | R60: 15.764404 | S60: 3050 | T60: 3040 | U60: 2970 | V60: 0 | W60: 24.932756 | X60: 31.188187 | Y60: 2.7854981 | Z60: 9.2160501 | AA60: 2.12 | AB60: =SUM(Raw_Data[[#This Row],[IC1_Inv1]:[IC2_Inv2]]) -> 24067 | AC60: =IF((Raw_Data[[#This Row],[66 kV ABT Main Meter Reading (Export)]]-Q59)*1000<0,0,(Raw_Data[[#This Row],[66 kV ABT Main Meter Reading (Export)]]-Q59)*1000) -> 22653.2 | AD60: =IF((Raw_Data[[#This Row],[66 kV CRP MFM Reading (Import)]]-R59)*60000<0,0,(Raw_Data[[#This Row],[66 kV CRP MFM Reading (Import)]]-R59)*60000) -> 309.54 | AE60: =Raw_Data[[#This Row],[Export (kWh)]]-Raw_Data[[#This Row],[Import (kWh)]] -> 22343.66 | AF60: =IFERROR(AVERAGE(Raw_Data[[#This Row],[POA1(Wh/m2)]:[POA2(Wh/m2)]]),"") -> 3005 | AG60: =IFERROR(Raw_Data[[#This Row],[Avg. POA without Exclusion (W/m2)2]]-Raw_Data[[#This Row],[Avg. POA Lost (W/m2)]],"") -> 3005 | AH60: 11829.078 | AI60: =(J60-I60)*24 -> 12.266667
A61: FY2025-26 | B61: 2025 | C61: Year_2 | D61: Year_3 | E61: 45778 | F61: =DAY(EOMONTH(Raw_Data[[#This Row],[Month Year]],0)) -> 31 | G61: 45802 | H61: =_xlfn.XLOOKUP(Raw_Data[[#This Row],[Month Year]],'Modelling New'!D:D,'Modelling New'!N:N) -> 10.507 | I61: 0.25833333 | J61: 0.77222222 | K61: 4590 | L61: 4380 | M61: 4883 | N61: 4344 | O61: 4821 | P61: 5282 | Q61: 118646.89 | R61: 15.769967 | S61: 3080 | T61: 3180 | U61: 3180 | V61: 0 | W61: 23.994255 | X61: 30.119326 | Y61: 2.6118079 | Z61: 8.8609304 | AA61: 5.2 | AB61: =SUM(Raw_Data[[#This Row],[IC1_Inv1]:[IC2_Inv2]]) -> 28300 | AC61: =IF((Raw_Data[[#This Row],[66 kV ABT Main Meter Reading (Export)]]-Q60)*1000<0,0,(Raw_Data[[#This Row],[66 kV ABT Main Meter Reading (Export)]]-Q60)*1000) -> 27757.2 | AD61: =IF((Raw_Data[[#This Row],[66 kV CRP MFM Reading (Import)]]-R60)*60000<0,0,(Raw_Data[[#This Row],[66 kV CRP MFM Reading (Import)]]-R60)*60000) -> 333.78 | AE61: =Raw_Data[[#This Row],[Export (kWh)]]-Raw_Data[[#This Row],[Import (kWh)]] -> 27423.42 | AF61: =IFERROR(AVERAGE(Raw_Data[[#This Row],[POA1(Wh/m2)]:[POA2(Wh/m2)]]),"") -> 3180 | AG61: =IFERROR(Raw_Data[[#This Row],[Avg. POA without Exclusion (W/m2)2]]-Raw_Data[[#This Row],[Avg. POA Lost (W/m2)]],"") -> 3180 | AH61: 118456.8 | AI61: =(J61-I61)*24 -> 12.333333
A62: FY2025-26 | B62: 2025 | C62: Year_2 | D62: Year_3 | E62: 45778 | F62: =DAY(EOMONTH(Raw_Data[[#This Row],[Month Year]],0)) -> 31 | G62: 45803 | H62: =_xlfn.XLOOKUP(Raw_Data[[#This Row],[Month Year]],'Modelling New'!D:D,'Modelling New'!N:N) -> 10.507 | I62: 0.25694444 | J62: 0.77152778 | K62: 4620 | L62: 5083 | M62: 5130 | N62: 5092 | O62: 4990 | P62: 5282 | Q62: 118676.29 | R62: 15.775542 | S62: 3520 | T62: 3480 | U62: 3480 | V62: 0 | W62: 25.965017 | X62: 35.671256 | Y62: 0.92166124 | Z62: 10.155362 | AA62: 2.1 | AB62: =SUM(Raw_Data[[#This Row],[IC1_Inv1]:[IC2_Inv2]]) -> 30197 | AC62: =IF((Raw_Data[[#This Row],[66 kV ABT Main Meter Reading (Export)]]-Q61)*1000<0,0,(Raw_Data[[#This Row],[66 kV ABT Main Meter Reading (Export)]]-Q61)*1000) -> 29399 | AD62: =IF((Raw_Data[[#This Row],[66 kV CRP MFM Reading (Import)]]-R61)*60000<0,0,(Raw_Data[[#This Row],[66 kV CRP MFM Reading (Import)]]-R61)*60000) -> 334.5 | AE62: =Raw_Data[[#This Row],[Export (kWh)]]-Raw_Data[[#This Row],[Import (kWh)]] -> 29064.5 | AF62: =IFERROR(AVERAGE(Raw_Data[[#This Row],[POA1(Wh/m2)]:[POA2(Wh/m2)]]),"") -> 3480 | AG62: =IFERROR(Raw_Data[[#This Row],[Avg. POA without Exclusion (W/m2)2]]-Raw_Data[[#This Row],[Avg. POA Lost (W/m2)]],"") -> 3480 | AH62: 118486.16 | AI62: =(J62-I62)*24 -> 12.35
A63: FY2025-26 | B63: 2025 | C63: Year_2 | D63: Year_3 | E63: 45778 | F63: =DAY(EOMONTH(Raw_Data[[#This Row],[Month Year]],0)) -> 31 | G63: 45804 | H63: =_xlfn.XLOOKUP(Raw_Data[[#This Row],[Month Year]],'Modelling New'!D:D,'Modelling New'!N:N) -> 10.507 | I63: 0.25694444 | J63: 0.77430556 | K63: 5150 | L63: 5414 | M63: 5460 | N63: 5411 | O63: 5362 | P63: 5282 | Q63: 118707.96 | R63: 15.780419 | S63: 3820 | T63: 3830 | U63: 3820 | V63: 0 | W63: 24.499703 | X63: 32.526554 | Y63: 1.7049342 | Z63: 8.8072701 | AA63: 0.52 | AB63: =SUM(Raw_Data[[#This Row],[IC1_Inv1]:[IC2_Inv2]]) -> 32079 | AC63: =IF((Raw_Data[[#This Row],[66 kV ABT Main Meter Reading (Export)]]-Q62)*1000<0,0,(Raw_Data[[#This Row],[66 kV ABT Main Meter Reading (Export)]]-Q62)*1000) -> 31673.3 | AD63: =IF((Raw_Data[[#This Row],[66 kV CRP MFM Reading (Import)]]-R62)*60000<0,0,(Raw_Data[[#This Row],[66 kV CRP MFM Reading (Import)]]-R62)*60000) -> 292.62 | AE63: =Raw_Data[[#This Row],[Export (kWh)]]-Raw_Data[[#This Row],[Import (kWh)]] -> 31380.68 | AF63: =IFERROR(AVERAGE(Raw_Data[[#This Row],[POA1(Wh/m2)]:[POA2(Wh/m2)]]),"") -> 3825 | AG63: =IFERROR(Raw_Data[[#This Row],[Avg. POA without Exclusion (W/m2)2]]-Raw_Data[[#This Row],[Avg. POA Lost (W/m2)]],"") -> 3825 | AH63: 118517.79 | AI63: =(J63-I63)*24 -> 12.416667
A64: FY2025-26 | B64: 2025 | C64: Year_2 | D64: Year_3 | E64: 45778 | F64: =DAY(EOMONTH(Raw_Data[[#This Row],[Month Year]],0)) -> 31 | G64: 45805 | H64: =_xlfn.XLOOKUP(Raw_Data[[#This Row],[Month Year]],'Modelling New'!D:D,'Modelling New'!N:N) -> 10.507 | I64: 0.25416667 | J64: 0.75486111 | K64: 4540 | L64: 4770 | M64: 4862 | N64: 4830 | O64: 4630 | P64: 5282 | Q64: 118735.63 | R64: 15.787002 | S64: 3450 | T64: 3340 | U64: 3360 | V64: 0 | W64: 25.063543 | X64: 31.196019 | Y64: 1.7758525 | Z64: 9.2261448 | AA64: 0.21 | AB64: =SUM(Raw_Data[[#This Row],[IC1_Inv1]:[IC2_Inv2]]) -> 28914 | AC64: =IF((Raw_Data[[#This Row],[66 kV ABT Main Meter Reading (Export)]]-Q63)*1000<0,0,(Raw_Data[[#This Row],[66 kV ABT Main Meter Reading (Export)]]-Q63)*1000) -> 27668.9 | AD64: =IF((Raw_Data[[#This Row],[66 kV CRP MFM Reading (Import)]]-R63)*60000<0,0,(Raw_Data[[#This Row],[66 kV CRP MFM Reading (Import)]]-R63)*60000) -> 394.98 | AE64: =Raw_Data[[#This Row],[Export (kWh)]]-Raw_Data[[#This Row],[Import (kWh)]] -> 27273.92 | AF64: =IFERROR(AVERAGE(Raw_Data[[#This Row],[POA1(Wh/m2)]:[POA2(Wh/m2)]]),"") -> 3350 | AG64: =IFERROR(Raw_Data[[#This Row],[Avg. POA without Exclusion (W/m2)2]]-Raw_Data[[#This Row],[Avg. POA Lost (W/m2)]],"") -> 3350 | AH64: 118545.42 | AI64: =(J64-I64)*24 -> 12.016667
A65: FY2025-26 | B65: 2025 | C65: Year_2 | D65: Year_3 | E65: 45778 | F65: =DAY(EOMONTH(Raw_Data[[#This Row],[Month Year]],0)) -> 31 | G65: 45806 | H65: =_xlfn.XLOOKUP(Raw_Data[[#This Row],[Month Year]],'Modelling New'!D:D,'Modelling New'!N:N) -> 10.507 | I65: 0.25347222 | J65: 0.77708333 | K65: 5094 | L65: 5370 | M65: 5461 | N65: 5470 | O65: 5260 | P65: 5282 | Q65: 118767.09 | R65: 15.790632 | S65: 3820 | T65: 3750 | U65: 3710 | V65: 0 | W65: 24.850416 | X65: 32.00487 | Y65: 1.7221131 | Z65: 6.3480244 | AA65: 0.19 | AB65: =SUM(Raw_Data[[#This Row],[IC1_Inv1]:[IC2_Inv2]]) -> 31937 | AC65: =IF((Raw_Data[[#This Row],[66 kV ABT Main Meter Reading (Export)]]-Q64)*1000<0,0,(Raw_Data[[#This Row],[66 kV ABT Main Meter Reading (Export)]]-Q64)*1000) -> 31459.8 | AD65: =IF((Raw_Data[[#This Row],[66 kV CRP MFM Reading (Import)]]-R64)*60000<0,0,(Raw_Data[[#This Row],[66 kV CRP MFM Reading (Import)]]-R64)*60000) -> 217.8 | AE65: =Raw_Data[[#This Row],[Export (kWh)]]-Raw_Data[[#This Row],[Import (kWh)]] -> 31242 | AF65: =IFERROR(AVERAGE(Raw_Data[[#This Row],[POA1(Wh/m2)]:[POA2(Wh/m2)]]),"") -> 3730 | AG65: =IFERROR(Raw_Data[[#This Row],[Avg. POA without Exclusion (W/m2)2]]-Raw_Data[[#This Row],[Avg. POA Lost (W/m2)]],"") -> 3730 | AH65: 118576.83 | AI65: =(J65-I65)*24 -> 12.566667
A66: FY2025-26 | B66: 2025 | C66: Year_2 | D66: Year_3 | E66: 45778 | F66: =DAY(EOMONTH(Raw_Data[[#This Row],[Month Year]],0)) -> 31 | G66: 45807 | H66: =_xlfn.XLOOKUP(Raw_Data[[#This Row],[Month Year]],'Modelling New'!D:D,'Modelling New'!N:N) -> 10.507 | I66: 0.25138889 | J66: 0.76944444 | K66: 3930 | L66: 4144 | M66: 4223 | N66: 4152 | O66: 4081 | P66: 5282 | Q66: 118791.26 | R66: 15.796594 | S66: 3040 | T66: 2850 | U66: 2830 | V66: 0 | W66: 24.906243 | X66: 31.001992 | Y66: 1.1342576 | Z66: 6.0709405 | AA66: 0 | AB66: =SUM(Raw_Data[[#This Row],[IC1_Inv1]:[IC2_Inv2]]) -> 25812 | AC66: =IF((Raw_Data[[#This Row],[66 kV ABT Main Meter Reading (Export)]]-Q65)*1000<0,0,(Raw_Data[[#This Row],[66 kV ABT Main Meter Reading (Export)]]-Q65)*1000) -> 24174.1 | AD66: =IF((Raw_Data[[#This Row],[66 kV CRP MFM Reading (Import)]]-R65)*60000<0,0,(Raw_Data[[#This Row],[66 kV CRP MFM Reading (Import)]]-R65)*60000) -> 357.72 | AE66: =Raw_Data[[#This Row],[Export (kWh)]]-Raw_Data[[#This Row],[Import (kWh)]] -> 23816.38 | AF66: =IFERROR(AVERAGE(Raw_Data[[#This Row],[POA1(Wh/m2)]:[POA2(Wh/m2)]]),"") -> 2840 | AG66: =IFERROR(Raw_Data[[#This Row],[Avg. POA without Exclusion (W/m2)2]]-Raw_Data[[#This Row],[Avg. POA Lost (W/m2)]],"") -> 2840 | AH66: 118600.97 | AI66: =(J66-I66)*24 -> 12.433333
A67: FY2025-26 | B67: 2025 | C67: Year_2 | D67: Year_3 | E67: 45778 | F67: =DAY(EOMONTH(Raw_Data[[#This Row],[Month Year]],0)) -> 31 | G67: 45808 | H67: =_xlfn.XLOOKUP(Raw_Data[[#This Row],[Month Year]],'Modelling New'!D:D,'Modelling New'!N:N) -> 10.507 | I67: 0.25347222 | J67: 0.77708333 | K67: 6630 | L67: 7132 | M67: 7072 | N67: 6970 | O67: 6810 | P67: 5282 | Q67: 118832.19 | R67: 15.800861 | S67: 5150 | T67: 5190 | U67: 5180 | V67: 0 | W67: 26.577622 | X67: 37.228113 | Y67: 0.83760739 | Z67: 4.3920546 | AA67: 0 | AB67: =SUM(Raw_Data[[#This Row],[IC1_Inv1]:[IC2_Inv2]]) -> 39896 | AC67: =IF((Raw_Data[[#This Row],[66 kV ABT Main Meter Reading (Export)]]-Q66)*1000<0,0,(Raw_Data[[#This Row],[66 kV ABT Main Meter Reading (Export)]]-Q66)*1000) -> 40932.2 | AD67: =IF((Raw_Data[[#This Row],[66 kV CRP MFM Reading (Import)]]-R66)*60000<0,0,(Raw_Data[[#This Row],[66 kV CRP MFM Reading (Import)]]-R66)*60000) -> 256.02 | AE67: =Raw_Data[[#This Row],[Export (kWh)]]-Raw_Data[[#This Row],[Import (kWh)]] -> 40676.18 | AF67: =IFERROR(AVERAGE(Raw_Data[[#This Row],[POA1(Wh/m2)]:[POA2(Wh/m2)]]),"") -> 5185 | AG67: =IFERROR(Raw_Data[[#This Row],[Avg. POA without Exclusion (W/m2)2]]-Raw_Data[[#This Row],[Avg. POA Lost (W/m2)]],"") -> 5185 | AH67: 118641.85 | AI67: =(J67-I67)*24 -> 12.566667
... A130: FY2025-26 | B130: 2025 | C130: Year_2 | D130: Year_3 | E130: 45870 | F130: =DAY(EOMONTH(Raw_Data[[#This Row],[Month Year]],0)) -> 31 | G130: 45871 | H130: =_xlfn.XLOOKUP(Raw_Data[[#This Row],[Month Year]],'Modelling New'!D:D,'Modelling New'!N:N) -> 10.507 | I130: 0.26180556 | J130: 0.77013889 | K130: 6680 | L130: 7542 | M130: 7453 | N130: 7250 | O130: 7220 | P130: 6744 | Q130: 121011.67 | R130: 16.116364 | S130: 5380 | T130: 5640 | U130: 5630 | V130: 0 | W130: 26.793818 | X130: 39.362696 | Y130: 0.67056341 | Z130: 1.922352 | AA130: 1.1 | AB130: =SUM(Raw_Data[[#This Row],[IC1_Inv1]:[IC2_Inv2]]) -> 42889 | AC130: =IF((Raw_Data[[#This Row],[66 kV ABT Main Meter Reading (Export)]]-Q129)*1000<0,0,(Raw_Data[[#This Row],[66 kV ABT Main Meter Reading (Export)]]-Q129)*1000) -> 42574.5 | AD130: =IF((Raw_Data[[#This Row],[66 kV CRP MFM Reading (Import)]]-R129)*60000<0,0,(Raw_Data[[#This Row],[66 kV CRP MFM Reading (Import)]]-R129)*60000) -> 240.48 | AE130: =Raw_Data[[#This Row],[Export (kWh)]]-Raw_Data[[#This Row],[Import (kWh)]] -> 42334.02 | AF130: =IFERROR(AVERAGE(Raw_Data[[#This Row],[POA1(Wh/m2)]:[POA2(Wh/m2)]]),"") -> 5635 | AG130: =IFERROR(Raw_Data[[#This Row],[Avg. POA without Exclusion (W/m2)2]]-Raw_Data[[#This Row],[Avg. POA Lost (W/m2)]],"") -> 5635 | AH130: 120818.47 | AI130: =(J130-I130)*24 -> 12.2

Sheet Inv_SY
J1: =VLOOKUP(J2,'Basic Data'!$A$1:$B$7,2,0) -> 1669.29 | K1: =VLOOKUP(K2,'Basic Data'!$A$1:$B$7,2,0) -> 1833.3 | L1: =VLOOKUP(L2,'Basic Data'!$A$1:$B$7,2,0) -> 1785.84 | M1: =VLOOKUP(M2,'Basic Data'!$A$1:$B$7,2,0) -> 1785.42 | N1: =VLOOKUP(N2,'Basic Data'!$A$1:$B$7,2,0) -> 1763.16 | O1: =VLOOKUP(O2,'Basic Data'!$A$1:$B$7,2,0) -> 1669.29
A2: Finacial Year | B2: Start Month | C2: Calendor Year | D2: Contrcatual Year | E2: Operating Year | F2: Month Year | G2: Days | H2: Date | I2: Plant DC Capcity (MW) | J2: IC1_Inv1 | K2: IC1_Inv2 | L2: IC1_Inv3 | M2: IC1_Inv4 | N2: IC2_Inv1 | O2: IC2_Inv2 | P2: Avg. SY | Q2: Max. SY
A3: FY2022-23 | B3: 4 | C3: 2022 | D3: Year_1 | E3: Year_1 | F3: 44652 | G3: =DAY(EOMONTH(F3,0)) -> 30 | H3: 44652 | I3: =_xlfn.XLOOKUP(Table12[[#This Row],[Month Year]],'Modelling New'!D:D,'Modelling New'!N:N) -> 10.507 | J3: ='Raw Data'!#REF!/J$1 -> #REF! | K3: ='Raw Data'!#REF!/K$1 -> #REF! | L3: ='Raw Data'!#REF!/L$1 -> #REF! | M3: ='Raw Data'!#REF!/M$1 -> #REF! | N3: ='Raw Data'!#REF!/N$1 -> #REF! | O3: ='Raw Data'!#REF!/O$1 -> #REF! | P3: =IFERROR(AVERAGEIF(J3:O3,">"&0,J3:O3),"") | Q3: =MAXA(J3:O3) -> #REF!
A4: FY2022-23 | B4: 4 | C4: 2022 | D4: Year_1 | E4: Year_1 | F4: 44652 | G4: =DAY(EOMONTH(F4,0)) -> 30 | H4: =H3+1 -> 44653 | I4: =_xlfn.XLOOKUP(Table12[[#This Row],[Month Year]],'Modelling New'!D:D,'Modelling New'!N:N) -> 10.507 | J4: ='Raw Data'!#REF!/J$1 -> #REF! | K4: ='Raw Data'!#REF!/K$1 -> #REF! | L4: ='Raw Data'!#REF!/L$1 -> #REF! | M4: ='Raw Data'!#REF!/M$1 -> #REF! | N4: ='Raw Data'!#REF!/N$1 -> #REF! | O4: ='Raw Data'!#REF!/O$1 -> #REF! | P4: =IFERROR(AVERAGEIF(J4:O4,">"&0,J4:O4),"") | Q4: =MAXA(J4:O4) -> #REF!
A5: FY2022-23 | B5: 4 | C5: 2022 | D5: Year_1 | E5: Year_1 | F5: 44652 | G5: =DAY(EOMONTH(F5,0)) -> 30 | H5: =H4+1 -> 44654 | I5: =_xlfn.XLOOKUP(Table12[[#This Row],[Month Year]],'Modelling New'!D:D,'Modelling New'!N:N) -> 10.507 | J5: ='Raw Data'!#REF!/J$1 -> #REF! | K5: ='Raw Data'!#REF!/K$1 -> #REF! | L5: ='Raw Data'!#REF!/L$1 -> #REF! | M5: ='Raw Data'!#REF!/M$1 -> #REF! | N5: ='Raw Data'!#REF!/N$1 -> #REF! | O5: ='Raw Data'!#REF!/O$1 -> #REF! | P5: =IFERROR(AVERAGEIF(J5:O5,">"&0,J5:O5),"") | Q5: =MAXA(J5:O5) -> #REF!
A6: FY2022-23 | B6: 4 | C6: 2022 | D6: Year_1 | E6: Year_1 | F6: 44652 | G6: =DAY(EOMONTH(F6,0)) -> 30 | H6: =H5+1 -> 44655 | I6: =_xlfn.XLOOKUP(Table12[[#This Row],[Month Year]],'Modelling New'!D:D,'Modelling New'!N:N) -> 10.507 | J6: ='Raw Data'!#REF!/J$1 -> #REF! | K6: ='Raw Data'!#REF!/K$1 -> #REF! | L6: ='Raw Data'!#REF!/L$1 -> #REF! | M6: ='Raw Data'!#REF!/M$1 -> #REF! | N6: ='Raw Data'!#REF!/N$1 -> #REF! | O6: ='Raw Data'!#REF!/O$1 -> #REF! | P6: =IFERROR(AVERAGEIF(J6:O6,">"&0,J6:O6),"") | Q6: =MAXA(J6:O6) -> #REF!
A7: FY2022-23 | B7: 4 | C7: 2022 | D7: Year_1 | E7: Year_1 | F7: 44652 | G7: =DAY(EOMONTH(F7,0)) -> 30 | H7: =H6+1 -> 44656 | I7: =_xlfn.XLOOKUP(Table12[[#This Row],[Month Year]],'Modelling New'!D:D,'Modelling New'!N:N) -> 10.507 | J7: ='Raw Data'!#REF!/J$1 -> #REF! | K7: ='Raw Data'!#REF!/K$1 -> #REF! | L7: ='Raw Data'!#REF!/L$1 -> #REF! | M7: ='Raw Data'!#REF!/M$1 -> #REF! | N7: ='Raw Data'!#REF!/N$1 -> #REF! | O7: ='Raw Data'!#REF!/O$1 -> #REF! | P7: =IFERROR(AVERAGEIF(J7:O7,">"&0,J7:O7),"") | Q7: =MAXA(J7:O7) -> #REF!
A8: FY2022-23 | B8: 4 | C8: 2022 | D8: Year_1 | E8: Year_1 | F8: 44652 | G8: =DAY(EOMONTH(F8,0)) -> 30 | H8: =H7+1 -> 44657 | I8: =_xlfn.XLOOKUP(Table12[[#This Row],[Month Year]],'Modelling New'!D:D,'Modelling New'!N:N) -> 10.507 | J8: ='Raw Data'!#REF!/J$1 -> #REF! | K8: ='Raw Data'!#REF!/K$1 -> #REF! | L8: ='Raw Data'!#REF!/L$1 -> #REF! | M8: ='Raw Data'!#REF!/M$1 -> #REF! | N8: ='Raw Data'!#REF!/N$1 -> #REF! | O8: ='Raw Data'!#REF!/O$1 -> #REF! | P8: =IFERROR(AVERAGEIF(J8:O8,">"&0,J8:O8),"") | Q8: =MAXA(J8:O8) -> #REF!
A9: FY2022-23 | B9: 4 | C9: 2022 | D9: Year_1 | E9: Year_1 | F9: 44652 | G9: =DAY(EOMONTH(F9,0)) -> 30 | H9: =H8+1 -> 44658 | I9: =_xlfn.XLOOKUP(Table12[[#This Row],[Month Year]],'Modelling New'!D:D,'Modelling New'!N:N) -> 10.507 | J9: ='Raw Data'!#REF!/J$1 -> #REF! | K9: ='Raw Data'!#REF!/K$1 -> #REF! | L9: ='Raw Data'!#REF!/L$1 -> #REF! | M9: ='Raw Data'!#REF!/M$1 -> #REF! | N9: ='Raw Data'!#REF!/N$1 -> #REF! | O9: ='Raw Data'!#REF!/O$1 -> #REF! | P9: =IFERROR(AVERAGEIF(J9:O9,">"&0,J9:O9),"") | Q9: =MAXA(J9:O9) -> #REF!
A10: FY2022-23 | B10: 4 | C10: 2022 | D10: Year_1 | E10: Year_1 | F10: 44652 | G10: =DAY(EOMONTH(F10,0)) -> 30 | H10: =H9+1 -> 44659 | I10: =_xlfn.XLOOKUP(Table12[[#This Row],[Month Year]],'Modelling New'!D:D,'Modelling New'!N:N) -> 10.507 | J10: ='Raw Data'!#REF!/J$1 -> #REF! | K10: ='Raw Data'!#REF!/K$1 -> #REF! | L10: ='Raw Data'!#REF!/L$1 -> #REF! | M10: ='Raw Data'!#REF!/M$1 -> #REF! | N10: ='Raw Data'!#REF!/N$1 -> #REF! | O10: ='Raw Data'!#REF!/O$1 -> #REF! | P10: =IFERROR(AVERAGEIF(J10:O10,">"&0,J10:O10),"") | Q10: =MAXA(J10:O10) -> #REF!
A11: FY2022-23 | B11: 4 | C11: 2022 | D11: Year_1 | E11: Year_1 | F11: 44652 | G11: =DAY(EOMONTH(F11,0)) -> 30 | H11: =H10+1 -> 44660 | I11: =_xlfn.XLOOKUP(Table12[[#This Row],[Month Year]],'Modelling New'!D:D,'Modelling New'!N:N) -> 10.507 | J11: ='Raw Data'!#REF!/J$1 -> #REF! | K11: ='Raw Data'!#REF!/K$1 -> #REF! | L11: ='Raw Data'!#REF!/L$1 -> #REF! | M11: ='Raw Data'!#REF!/M$1 -> #REF! | N11: ='Raw Data'!#REF!/N$1 -> #REF! | O11: ='Raw Data'!#REF!/O$1 -> #REF! | P11: =IFERROR(AVERAGEIF(J11:O11,">"&0,J11:O11),"") | Q11: =MAXA(J11:O11) -> #REF!
A12: FY2022-23 | B12: 4 | C12: 2022 | D12: Year_1 | E12: Year_1 | F12: 44652 | G12: =DAY(EOMONTH(F12,0)) -> 30 | H12: =H11+1 -> 44661 | I12: =_xlfn.XLOOKUP(Table12[[#This Row],[Month Year]],'Modelling New'!D:D,'Modelling New'!N:N) -> 10.507 | J12: ='Raw Data'!#REF!/J$1 -> #REF! | K12: ='Raw Data'!#REF!/K$1 -> #REF! | L12: ='Raw Data'!#REF!/L$1 -> #REF! | M12: ='Raw Data'!#REF!/M$1 -> #REF! | N12: ='Raw Data'!#REF!/N$1 -> #REF! | O12: ='Raw Data'!#REF!/O$1 -> #REF! | P12: =IFERROR(AVERAGEIF(J12:O12,">"&0,J12:O12),"") | Q12: =MAXA(J12:O12) -> #REF!
A13: FY2022-23 | B13: 4 | C13: 2022 | D13: Year_1 | E13: Year_1 | F13: 44652 | G13: =DAY(EOMONTH(F13,0)) -> 30 | H13: =H12+1 -> 44662 | I13: =_xlfn.XLOOKUP(Table12[[#This Row],[Month Year]],'Modelling New'!D:D,'Modelling New'!N:N) -> 10.507 | J13: ='Raw Data'!#REF!/J$1 -> #REF! | K13: ='Raw Data'!#REF!/K$1 -> #REF! | L13: ='Raw Data'!#REF!/L$1 -> #REF! | M13: ='Raw Data'!#REF!/M$1 -> #REF! | N13: ='Raw Data'!#REF!/N$1 -> #REF! | O13: ='Raw Data'!#REF!/O$1 -> #REF! | P13: =IFERROR(AVERAGEIF(J13:O13,">"&0,J13:O13),"") | Q13: =MAXA(J13:O13) -> #REF!
A14: FY2022-23 | B14: 4 | C14: 2022 | D14: Year_1 | E14: Year_1 | F14: 44652 | G14: =DAY(EOMONTH(F14,0)) -> 30 | H14: =H13+1 -> 44663 | I14: =_xlfn.XLOOKUP(Table12[[#This Row],[Month Year]],'Modelling New'!D:D,'Modelling New'!N:N) -> 10.507 | J14: ='Raw Data'!#REF!/J$1 -> #REF! | K14: ='Raw Data'!#REF!/K$1 -> #REF! | L14: ='Raw Data'!#REF!/L$1 -> #REF! | M14: ='Raw Data'!#REF!/M$1 -> #REF! | N14: ='Raw Data'!#REF!/N$1 -> #REF! | O14: ='Raw Data'!#REF!/O$1 -> #REF! | P14: =IFERROR(AVERAGEIF(J14:O14,">"&0,J14:O14),"") | Q14: =MAXA(J14:O14) -> #REF!
A15: FY2022-23 | B15: 4 | C15: 2022 | D15: Year_1 | E15: Year_1 | F15: 44652 | G15: =DAY(EOMONTH(F15,0)) -> 30 | H15: =H14+1 -> 44664 | I15: =_xlfn.XLOOKUP(Table12[[#This Row],[Month Year]],'Modelling New'!D:D,'Modelling New'!N:N) -> 10.507 | J15: ='Raw Data'!#REF!/J$1 -> #REF! | K15: ='Raw Data'!#REF!/K$1 -> #REF! | L15: ='Raw Data'!#REF!/L$1 -> #REF! | M15: ='Raw Data'!#REF!/M$1 -> #REF! | N15: ='Raw Data'!#REF!/N$1 -> #REF! | O15: ='Raw Data'!#REF!/O$1 -> #REF! | P15: =IFERROR(AVERAGEIF(J15:O15,">"&0,J15:O15),"") | Q15: =MAXA(J15:O15) -> #REF!
... A1095: FY2024-25 | B1095: 3 | C1095: 2025 | D1095: Year_2 | E1095: Year_2 | F1095: 45717 | G1095: =DAY(EOMONTH(F1095,0)) -> 31 | H1095: =H1094+1 -> 45744 | I1095: =_xlfn.XLOOKUP(Table12[[#This Row],[Month Year]],'Modelling New'!D:D,'Modelling New'!N:N) -> 10.507 | J1095: ='Raw Data'!#REF!/J$1 -> #REF! | K1095: ='Raw Data'!#REF!/K$1 -> #REF! | L1095: ='Raw Data'!#REF!/L$1 -> #REF! | M1095: ='Raw Data'!#REF!/M$1 -> #REF! | N1095: ='Raw Data'!#REF!/N$1 -> #REF! | O1095: ='Raw Data'!#REF!/O$1 -> #REF! | P1095: =IFERROR(AVERAGEIF(J1095:O1095,">"&0,J1095:O1095),"") | Q1095: =MAXA(J1095:O1095) -> #REF!
A1096: FY2024-25 | B1096: 3 | C1096: 2025 | D1096: Year_2 | E1096: Year_2 | F1096: 45717 | G1096: =DAY(EOMONTH(F1096,0)) -> 31 | H1096: =H1095+1 -> 45745 | I1096: =_xlfn.XLOOKUP(Table12[[#This Row],[Month Year]],'Modelling New'!D:D,'Modelling New'!N:N) -> 10.507 | J1096: ='Raw Data'!K4/J$1 -> 5.2836835 | K1096: ='Raw Data'!L4/K$1 -> 5.2430044 | L1096: ='Raw Data'!M4/L$1 -> 5.1404381 | M1096: ='Raw Data'!N4/M$1 -> 5.1080418 | N1096: ='Raw Data'!O4/N$1 -> 5.1453073 | O1096: ='Raw Data'!P4/O$1 -> 3.1642195 | P1096: =IFERROR(AVERAGEIF(J1096:O1096,">"&0,J1096:O1096),"") -> 4.8474491 | Q1096: =MAXA(J1096:O1096) -> 5.2836835
A1097: FY2024-25 | B1097: 3 | C1097: 2025 | D1097: Year_2 | E1097: Year_2 | F1097: 45717 | G1097: =DAY(EOMONTH(F1097,0)) -> 31 | H1097: =H1096+1 -> 45746 | I1097: =_xlfn.XLOOKUP(Table12[[#This Row],[Month Year]],'Modelling New'!D:D,'Modelling New'!N:N) -> 10.507 | J1097: ='Raw Data'!K5/J$1 -> 5.1279286 | K1097: ='Raw Data'!L5/K$1 -> 5.2637321 | L1097: ='Raw Data'!M5/L$1 -> 5.1236393 | M1097: ='Raw Data'!N5/M$1 -> 5.0761165 | N1097: ='Raw Data'!O5/N$1 -> 5.1328297 | O1097: ='Raw Data'!P5/O$1 -> 3.1642195 | P1097: =IFERROR(AVERAGEIF(J1097:O1097,">"&0,J1097:O1097),"") -> 4.8147443 | Q1097: =MAXA(J1097:O1097) -> 5.2637321
A1098: FY2024-25 | B1098: 3 | C1098: 2025 | D1098: Year_2 | E1098: Year_2 | F1098: 45717 | G1098: =DAY(EOMONTH(F1098,0)) -> 31 | H1098: =H1097+1 -> 45747 | I1098: =_xlfn.XLOOKUP(Table12[[#This Row],[Month Year]],'Modelling New'!D:D,'Modelling New'!N:N) -> 10.507 | J1098: ='Raw Data'!K6/J$1 -> 4.7583104 | K1098: ='Raw Data'!L6/K$1 -> 4.7509955 | L1098: ='Raw Data'!M6/L$1 -> 4.5754379 | M1098: ='Raw Data'!N6/M$1 -> 4.6319633 | N1098: ='Raw Data'!O6/N$1 -> 4.6677556 | O1098: ='Raw Data'!P6/O$1 -> 3.1642195 | P1098: =IFERROR(AVERAGEIF(J1098:O1098,">"&0,J1098:O1098),"") -> 4.4247804 | Q1098: =MAXA(J1098:O1098) -> 4.7583104
A1099: FY2025-26 | B1099: 4 | C1099: 2025 | D1099: Year_3 | E1099: Year_3 | F1099: 45748 | G1099: =DAY(EOMONTH(F1099,0)) -> 30 | H1099: =H1098+1 -> 45748 | I1099: =_xlfn.XLOOKUP(Table12[[#This Row],[Month Year]],'Modelling New'!D:D,'Modelling New'!N:N) -> 10.507 | J1099: ='Raw Data'!K7/J$1 -> 3.9178333 | K1099: ='Raw Data'!L7/K$1 -> 3.8586156 | L1099: ='Raw Data'!M7/L$1 -> 3.8021323 | M1099: ='Raw Data'!N7/M$1 -> 3.88368 | N1099: ='Raw Data'!O7/N$1 -> 3.84707 | O1099: ='Raw Data'!P7/O$1 -> 3.1642195 | P1099: =IFERROR(AVERAGEIF(J1099:O1099,">"&0,J1099:O1099),"") -> 3.7455918 | Q1099: =MAXA(J1099:O1099) -> 3.9178333
A1100: FY2025-26 | B1100: 4 | C1100: 2025 | D1100: Year_3 | E1100: Year_3 | F1100: 45748 | G1100: =DAY(EOMONTH(F1100,0)) -> 30 | H1100: =H1099+1 -> 45749 | I1100: =_xlfn.XLOOKUP(Table12[[#This Row],[Month Year]],'Modelling New'!D:D,'Modelling New'!N:N) -> 10.507 | J1100: ='Raw Data'!K8/J$1 -> 4.5049093 | K1100: ='Raw Data'!L8/K$1 -> 4.4962636 | L1100: ='Raw Data'!M8/L$1 -> 4.4012901 | M1100: ='Raw Data'!N8/M$1 -> 4.4863393 | N1100: ='Raw Data'!O8/N$1 -> 4.4352186 | O1100: ='Raw Data'!P8/O$1 -> 3.1642195 | P1100: =IFERROR(AVERAGEIF(J1100:O1100,">"&0,J1100:O1100),"") -> 4.2480401 | Q1100: =MAXA(J1100:O1100) -> 4.5049093
A1101: FY2025-26 | B1101: 4 | C1101: 2025 | D1101: Year_3 | E1101: Year_3 | F1101: 45748 | G1101: =DAY(EOMONTH(F1101,0)) -> 30 | H1101: =H1100+1 -> 45750 | I1101: =_xlfn.XLOOKUP(Table12[[#This Row],[Month Year]],'Modelling New'!D:D,'Modelling New'!N:N) -> 10.507 | J1101: ='Raw Data'!K9/J$1 -> 2.8994363 | K1101: ='Raw Data'!L9/K$1 -> 2.9673267 | L1101: ='Raw Data'!M9/L$1 -> 2.9285938 | M1101: ='Raw Data'!N9/M$1 -> 3.0026548 | N1101: ='Raw Data'!O9/N$1 -> 2.7847728 | O1101: ='Raw Data'!P9/O$1 -> 3.1642195 | P1101: =IFERROR(AVERAGEIF(J1101:O1101,">"&0,J1101:O1101),"") -> 2.957834 | Q1101: =MAXA(J1101:O1101) -> 3.1642195
A1102: FY2025-26 | B1102: 4 | C1102: 2025 | D1102: Year_3 | E1102: Year_3 | F1102: 45748 | G1102: =DAY(EOMONTH(F1102,0)) -> 30 | H1102: =H1101+1 -> 45751 | I1102: =_xlfn.XLOOKUP(Table12[[#This Row],[Month Year]],'Modelling New'!D:D,'Modelling New'!N:N) -> 10.507 | J1102: ='Raw Data'!K10/J$1 -> 5.3220231 | K1102: ='Raw Data'!L10/K$1 -> 5.2691867 | L1102: ='Raw Data'!M10/L$1 -> 5.2356314 | M1102: ='Raw Data'!N10/M$1 -> 3.4115222 | N1102: ='Raw Data'!O10/N$1 -> 4.9740239 | O1102: ='Raw Data'!P10/O$1 -> 3.1642195 | P1102: =IFERROR(AVERAGEIF(J1102:O1102,">"&0,J1102:O1102),"") -> 4.5627678 | Q1102: =MAXA(J1102:O1102) -> 5.3220231
A1103: FY2025-26 | B1103: 4 | C1103: 2025 | D1103: Year_3 | E1103: Year_3 | F1103: 45748 | G1103: =DAY(EOMONTH(F1103,0)) -> 30 | H1103: =H1102+1 -> 45752 | I1103: =_xlfn.XLOOKUP(Table12[[#This Row],[Month Year]],'Modelling New'!D:D,'Modelling New'!N:N) -> 10.507 | J1103: ='Raw Data'!K11/J$1 -> 4.5887773 | K1103: ='Raw Data'!L11/K$1 -> 4.5720831 | L1103: ='Raw Data'!M11/L$1 -> 4.4757649 | M1103: ='Raw Data'!N11/M$1 -> 1.9155157 | N1103: ='Raw Data'!O11/N$1 -> 4.4295469 | O1103: ='Raw Data'!P11/O$1 -> 3.1642195 | P1103: =IFERROR(AVERAGEIF(J1103:O1103,">"&0,J1103:O1103),"") -> 3.8576512 | Q1103: =MAXA(J1103:O1103) -> 4.5887773
A1104: FY2025-26 | B1104: 4 | C1104: 2025 | D1104: Year_3 | E1104: Year_3 | F1104: 45748 | G1104: =DAY(EOMONTH(F1104,0)) -> 30 | H1104: =H1103+1 -> 45753 | I1104: =_xlfn.XLOOKUP(Table12[[#This Row],[Month Year]],'Modelling New'!D:D,'Modelling New'!N:N) -> 10.507 | J1104: ='Raw Data'!K12/J$1 -> 5.1339192 | K1104: ='Raw Data'!L12/K$1 -> 5.2004582 | L1104: ='Raw Data'!M12/L$1 -> 5.1197196 | M1104: ='Raw Data'!N12/M$1 -> 2.8626318 | N1104: ='Raw Data'!O12/N$1 -> 5.2014565 | O1104: ='Raw Data'!P12/O$1 -> 3.1642195 | P1104: =IFERROR(AVERAGEIF(J1104:O1104,">"&0,J1104:O1104),"") -> 4.4470675 | Q1104: =MAXA(J1104:O1104) -> 5.2014565
A1105: FY2025-26 | B1105: 4 | C1105: 2025 | D1105: Year_3 | E1105: Year_3 | F1105: 45748 | G1105: =DAY(EOMONTH(F1105,0)) -> 30 | H1105: =H1104+1 -> 45754 | I1105: =_xlfn.XLOOKUP(Table12[[#This Row],[Month Year]],'Modelling New'!D:D,'Modelling New'!N:N) -> 10.507 | J1105: ='Raw Data'!K13/J$1 -> 5.4693912 | K1105: ='Raw Data'!L13/K$1 -> 5.3302787 | L1105: ='Raw Data'!M13/L$1 -> 5.2300318 | M1105: ='Raw Data'!N13/M$1 -> 3.8299112 | N1105: ='Raw Data'!O13/N$1 -> 5.3160235 | O1105: ='Raw Data'!P13/O$1 -> 3.1642195 | P1105: =IFERROR(AVERAGEIF(J1105:O1105,">"&0,J1105:O1105),"") -> 4.7233093 | Q1105: =MAXA(J1105:O1105) -> 5.4693912
A1106: FY2025-26 | B1106: 4 | C1106: 2025 | D1106: Year_3 | E1106: Year_3 | F1106: 45748 | G1106: =DAY(EOMONTH(F1106,0)) -> 30 | H1106: =H1105+1 -> 45755 | I1106: =_xlfn.XLOOKUP(Table12[[#This Row],[Month Year]],'Modelling New'!D:D,'Modelling New'!N:N) -> 10.507 | J1106: ='Raw Data'!K14/J$1 -> 4.7565132 | K1106: ='Raw Data'!L14/K$1 -> 4.7744504 | L1106: ='Raw Data'!M14/L$1 -> 4.7507056 | M1106: ='Raw Data'!N14/M$1 -> 4.73278 | N1106: ='Raw Data'!O14/N$1 -> 4.7017854 | O1106: ='Raw Data'!P14/O$1 -> 3.1642195 | P1106: =IFERROR(AVERAGEIF(J1106:O1106,">"&0,J1106:O1106),"") -> 4.4800757 | Q1106: =MAXA(J1106:O1106) -> 4.7744504
A1107: FY2025-26 | B1107: 4 | C1107: 2025 | D1107: Year_3 | E1107: Year_3 | F1107: 45748 | G1107: =DAY(EOMONTH(F1107,0)) -> 30 | H1107: =H1106+1 -> 45756 | I1107: =_xlfn.XLOOKUP(Table12[[#This Row],[Month Year]],'Modelling New'!D:D,'Modelling New'!N:N) -> 10.507 | J1107: ='Raw Data'!K15/J$1 -> 4.9901455 | K1107: ='Raw Data'!L15/K$1 -> 5.0837288 | L1107: ='Raw Data'!M15/L$1 -> 5.0452448 | M1107: ='Raw Data'!N15/M$1 -> 5.1203638 | N1107: ='Raw Data'!O15/N$1 -> 4.9700538 | O1107: ='Raw Data'!P15/O$1 -> 3.1642195 | P1107: =IFERROR(AVERAGEIF(J1107:O1107,">"&0,J1107:O1107),"") -> 4.7289594 | Q1107: =MAXA(J1107:O1107) -> 5.1203638
... A1193: FY2025-26 | B1193: 6 | C1193: 2025 | D1193: Year_3 | E1193: Year_3 | F1193: 45839 | G1193: =DAY(EOMONTH(F1193,0)) -> 31 | H1193: =H1192+1 -> 45842 | I1193: =_xlfn.XLOOKUP(Table12[[#This Row],[Month Year]],'Modelling New'!D:D,'Modelling New'!N:N) -> 10.507 | J1193: ='Raw Data'!K101/J$1 -> 4.0496259 | K1193: ='Raw Data'!L101/K$1 -> 3.967163 | L1193: ='Raw Data'!M101/L$1 -> 4.0037181 | M1193: ='Raw Data'!N101/M$1 -> 4.0332247 | N1193: ='Raw Data'!O101/N$1 -> 3.8396969 | O1193: ='Raw Data'!P101/O$1 -> 3.1642195 | P1193: =IFERROR(AVERAGEIF(J1193:O1193,">"&0,J1193:O1193),"") -> 3.8429414 | Q1193: =MAXA(J1193:O1193) -> 4.0496259
A1194: FY2025-26 | B1194: 6 | C1194: 2025 | D1194: Year_3 | E1194: Year_3 | F1194: 45839 | G1194: =DAY(EOMONTH(F1194,0)) -> 31 | H1194: =H1193+1 -> 45843 | I1194: =_xlfn.XLOOKUP(Table12[[#This Row],[Month Year]],'Modelling New'!D:D,'Modelling New'!N:N) -> 10.507 | J1194: ='Raw Data'!K103/J$1 -> 3.01146 | K1194: ='Raw Data'!L103/K$1 -> 2.9875089 | L1194: ='Raw Data'!M103/L$1 -> 2.9868297 | M1194: ='Raw Data'!N103/M$1 -> 2.9920131 | N1194: ='Raw Data'!O103/N$1 -> 2.9293995 | O1194: ='Raw Data'!P103/O$1 -> 3.1642195 | P1194: =IFERROR(AVERAGEIF(J1194:O1194,">"&0,J1194:O1194),"") -> 3.0119051 | Q1194: =MAXA(J1194:O1194) -> 3.1642195
A1195: FY2025-26 | B1195: 6 | C1195: 2025 | D1195: Year_3 | E1195: Year_3 | F1195: 45839 | G1195: =DAY(EOMONTH(F1195,0)) -> 31 | H1195: =H1194+1 -> 45844 | I1195: =_xlfn.XLOOKUP(Table12[[#This Row],[Month Year]],'Modelling New'!D:D,'Modelling New'!N:N) -> 10.507 | J1195: ='Raw Data'!K104/J$1 -> 3.3978518 | K1195: ='Raw Data'!L104/K$1 -> 3.2127857 | L1195: ='Raw Data'!M104/L$1 -> 3.3720826 | M1195: ='Raw Data'!N104/M$1 -> 3.2989437 | N1195: ='Raw Data'!O104/N$1 -> 3.2895483 | O1195: ='Raw Data'!P104/O$1 -> 3.1642195 | P1195: =IFERROR(AVERAGEIF(J1195:O1195,">"&0,J1195:O1195),"") -> 3.2892386 | Q1195: =MAXA(J1195:O1195) -> 3.3978518
A1196: FY2025-26 | B1196: 6 | C1196: 2025 | D1196: Year_3 | E1196: Year_3 | F1196: 45839 | G1196: =DAY(EOMONTH(F1196,0)) -> 31 | H1196: =H1195+1 -> 45845 | I1196: =_xlfn.XLOOKUP(Table12[[#This Row],[Month Year]],'Modelling New'!D:D,'Modelling New'!N:N) -> 10.507 | J1196: ='Raw Data'!K105/J$1 -> 4.1017439 | K1196: ='Raw Data'!L105/K$1 -> 4.036437 | L1196: ='Raw Data'!M105/L$1 -> 4.0401156 | M1196: ='Raw Data'!N105/M$1 -> 4.1491638 | N1196: ='Raw Data'!O105/N$1 -> 3.8839357 | O1196: ='Raw Data'!P105/O$1 -> 3.1642195 | P1196: =IFERROR(AVERAGEIF(J1196:O1196,">"&0,J1196:O1196),"") -> 3.8959359 | Q1196: =MAXA(J1196:O1196) -> 4.1491638
A1197: FY2025-26 | B1197: 6 | C1197: 2025 | D1197: Year_3 | E1197: Year_3 | F1197: 45839 | G1197: =DAY(EOMONTH(F1197,0)) -> 31 | H1197: =H1196+1 -> 45846 | I1197: =_xlfn.XLOOKUP(Table12[[#This Row],[Month Year]],'Modelling New'!D:D,'Modelling New'!N:N) -> 10.507 | J1197: ='Raw Data'!K106/J$1 -> 3.924423 | K1197: ='Raw Data'!L106/K$1 -> 3.836797 | L1197: ='Raw Data'!M106/L$1 -> 3.9281235 | M1197: ='Raw Data'!N106/M$1 -> 3.7996662 | N1197: ='Raw Data'!O106/N$1 -> 3.7251299 | O1197: ='Raw Data'!P106/O$1 -> 3.1642195 | P1197: =IFERROR(AVERAGEIF(J1197:O1197,">"&0,J1197:O1197),"") -> 3.7297265 | Q1197: =MAXA(J1197:O1197) -> 3.9281235
A1198: FY2025-26 | B1198: 6 | C1198: 2025 | D1198: Year_3 | E1198: Year_3 | F1198: 45839 | G1198: =DAY(EOMONTH(F1198,0)) -> 31 | H1198: =H1197+1 -> 45847 | I1198: =_xlfn.XLOOKUP(Table12[[#This Row],[Month Year]],'Modelling New'!D:D,'Modelling New'!N:N) -> 10.507 | J1198: ='Raw Data'!K107/J$1 -> 2.5513841 | K1198: ='Raw Data'!L107/K$1 -> 2.4660448 | L1198: ='Raw Data'!M107/L$1 -> 2.5718989 | M1198: ='Raw Data'!N107/M$1 -> 2.5204154 | N1198: ='Raw Data'!O107/N$1 -> 2.487012 | O1198: ='Raw Data'!P107/O$1 -> 3.1642195 | P1198: =IFERROR(AVERAGEIF(J1198:O1198,">"&0,J1198:O1198),"") -> 2.6268291 | Q1198: =MAXA(J1198:O1198) -> 3.1642195
A1199: FY2025-26 | B1199: 6 | C1199: 2025 | D1199: Year_3 | E1199: Year_3 | F1199: 45839 | G1199: =DAY(EOMONTH(F1199,0)) -> 31 | H1199: =H1198+1 -> 45848 | I1199: =_xlfn.XLOOKUP(Table12[[#This Row],[Month Year]],'Modelling New'!D:D,'Modelling New'!N:N) -> 10.507 | J1199: ='Raw Data'!K108/J$1 -> 3.9316116 | K1199: ='Raw Data'!L108/K$1 -> 3.8455245 | L1199: ='Raw Data'!M108/L$1 -> 3.9813197 | M1199: ='Raw Data'!N108/M$1 -> 3.8758387 | N1199: ='Raw Data'!O108/N$1 -> 3.8005626 | O1199: ='Raw Data'!P108/O$1 -> 3.1642195 | P1199: =IFERROR(AVERAGEIF(J1199:O1199,">"&0,J1199:O1199),"") -> 3.7665128 | Q1199: =MAXA(J1199:O1199) -> 3.9813197
A1200: FY2025-26 | B1200: 6 | C1200: 2025 | D1200: Year_3 | E1200: Year_3 | F1200: 45839 | G1200: =DAY(EOMONTH(F1200,0)) -> 31 | H1200: =H1199+1 -> 45849 | I1200: =_xlfn.XLOOKUP(Table12[[#This Row],[Month Year]],'Modelling New'!D:D,'Modelling New'!N:N) -> 10.507 | J1200: ='Raw Data'!K109/J$1 -> 3.3912622 | K1200: ='Raw Data'!L109/K$1 -> 3.3933344 | L1200: ='Raw Data'!M109/L$1 -> 3.4000806 | M1200: ='Raw Data'!N109/M$1 -> 3.27654 | N1200: ='Raw Data'!O109/N$1 -> 3.2385036 | O1200: ='Raw Data'!P109/O$1 -> 3.1642195 | P1200: =IFERROR(AVERAGEIF(J1200:O1200,">"&0,J1200:O1200),"") -> 3.3106567 | Q1200: =MAXA(J1200:O1200) -> 3.4000806
A1201: FY2025-26 | B1201: 6 | C1201: 2025 | D1201: Year_3 | E1201: Year_3 | F1201: 45839 | G1201: =DAY(EOMONTH(F1201,0)) -> 31 | H1201: =H1200+1 -> 45850 | I1201: =_xlfn.XLOOKUP(Table12[[#This Row],[Month Year]],'Modelling New'!D:D,'Modelling New'!N:N) -> 10.507 | J1201: ='Raw Data'!K110/J$1 -> 3.3127857 | K1201: ='Raw Data'!L110/K$1 -> 3.3491518 | L1201: ='Raw Data'!M110/L$1 -> 3.3933611 | M1201: ='Raw Data'!N110/M$1 -> 3.3437511 | N1201: ='Raw Data'!O110/N$1 -> 3.2385036 | O1201: ='Raw Data'!P110/O$1 -> 3.1642195 | P1201: =IFERROR(AVERAGEIF(J1201:O1201,">"&0,J1201:O1201),"") -> 3.3002955 | Q1201: =MAXA(J1201:O1201) -> 3.3933611
A1202: FY2025-26 | B1202: 6 | C1202: 2025 | D1202: Year_3 | E1202: Year_3 | F1202: 45839 | G1202: =DAY(EOMONTH(F1202,0)) -> 31 | H1202: =H1201+1 -> 45851 | I1202: =_xlfn.XLOOKUP(Table12[[#This Row],[Month Year]],'Modelling New'!D:D,'Modelling New'!N:N) -> 10.507 | J1202: ='Raw Data'!K111/J$1 -> 3.4865122 | K1202: ='Raw Data'!L111/K$1 -> 3.621884 | L1202: ='Raw Data'!M111/L$1 -> 3.650943 | M1202: ='Raw Data'!N111/M$1 -> 3.6125954 | N1202: ='Raw Data'!O111/N$1 -> 3.4483541 | O1202: ='Raw Data'!P111/O$1 -> 3.1642195 | P1202: =IFERROR(AVERAGEIF(J1202:O1202,">"&0,J1202:O1202),"") -> 3.497418 | Q1202: =MAXA(J1202:O1202) -> 3.650943
A1203: FY2025-26 | B1203: 6 | C1203: 2025 | D1203: Year_3 | E1203: Year_3 | F1203: 45839 | G1203: =DAY(EOMONTH(F1203,0)) -> 31 | H1203: =H1202+1 -> 45852 | I1203: =_xlfn.XLOOKUP(Table12[[#This Row],[Month Year]],'Modelling New'!D:D,'Modelling New'!N:N) -> 10.507 | J1203: ='Raw Data'!K112/J$1 -> 2.7478748 | K1203: ='Raw Data'!L112/K$1 -> 2.7049583 | L1203: ='Raw Data'!M112/L$1 -> 2.7449268 | M1203: ='Raw Data'!N112/M$1 -> 2.73045 | N1203: ='Raw Data'!O112/N$1 -> 2.6231312 | O1203: ='Raw Data'!P112/O$1 -> 3.1642195 | P1203: =IFERROR(AVERAGEIF(J1203:O1203,">"&0,J1203:O1203),"") -> 2.7859268 | Q1203: =MAXA(J1203:O1203) -> 3.1642195
A1204: FY2025-26 | B1204: 6 | C1204: 2025 | D1204: Year_3 | E1204: Year_3 | F1204: 45839 | G1204: =DAY(EOMONTH(F1204,0)) -> 31 | H1204: =H1203+1 -> 45853 | I1204: =_xlfn.XLOOKUP(Table12[[#This Row],[Month Year]],'Modelling New'!D:D,'Modelling New'!N:N) -> 10.507 | J1204: ='Raw Data'!K113/J$1 -> 3.0659742 | K1204: ='Raw Data'!L113/K$1 -> 3.0682376 | L1204: ='Raw Data'!M113/L$1 -> 3.0641043 | M1204: ='Raw Data'!N113/M$1 -> 2.9908929 | N1204: ='Raw Data'!O113/N$1 -> 2.8613399 | O1204: ='Raw Data'!P113/O$1 -> 3.1642195 | P1204: =IFERROR(AVERAGEIF(J1204:O1204,">"&0,J1204:O1204),"") -> 3.0357947 | Q1204: =MAXA(J1204:O1204) -> 3.1642195
A1205: FY2025-26 | B1205: 6 | C1205: 2025 | D1205: Year_3 | E1205: Year_3 | F1205: 45839 | G1205: =DAY(EOMONTH(F1205,0)) -> 31 | H1205: =H1204+1 -> 45854 | I1205: =_xlfn.XLOOKUP(Table12[[#This Row],[Month Year]],'Modelling New'!D:D,'Modelling New'!N:N) -> 10.507 | J1205: ='Raw Data'!K114/J$1 -> 3.9370032 | K1205: ='Raw Data'!L114/K$1 -> 3.7331588 | L1205: ='Raw Data'!M114/L$1 -> 3.8547686 | M1205: ='Raw Data'!N114/M$1 -> 3.8383126 | N1205: ='Raw Data'!O114/N$1 -> 3.909458 | O1205: ='Raw Data'!P114/O$1 -> 3.1642195 | P1205: =IFERROR(AVERAGEIF(J1205:O1205,">"&0,J1205:O1205),"") -> 3.7394868 | Q1205: =MAXA(J1205:O1205) -> 3.9370032
... A1215: FY2025-26 | B1215: 6 | C1215: 2025 | D1215: Year_3 | E1215: Year_3 | F1215: 45839 | G1215: =DAY(EOMONTH(F1215,0)) -> 31 | H1215: =H1214+1 -> 45864 | I1215: =_xlfn.XLOOKUP(Table12[[#This Row],[Month Year]],'Modelling New'!D:D,'Modelling New'!N:N) -> 10.507 | J1215: ='Raw Data'!K124/J$1 -> 2.4142 | K1215: ='Raw Data'!L124/K$1 -> 2.3580429 | L1215: ='Raw Data'!M124/L$1 -> 2.4319088 | M1215: ='Raw Data'!N124/M$1 -> 2.3820726 | N1215: ='Raw Data'!O124/N$1 -> 2.3140271 | O1215: ='Raw Data'!P124/O$1 -> 2.3027754 | P1215: =IFERROR(AVERAGEIF(J1215:O1215,">"&0,J1215:O1215),"") -> 2.3671711 | Q1215: =MAXA(J1215:O1215) -> 2.4319088
A1216: FY2025-26 | B1216: 6 | C1216: 2025 | D1216: Year_3 | E1216: Year_3 | F1216: 45839 | G1216: =DAY(EOMONTH(F1216,0)) -> 31 | H1216: =H1215+1 -> 45865 | I1216: =_xlfn.XLOOKUP(Table12[[#This Row],[Month Year]],'Modelling New'!D:D,'Modelling New'!N:N) -> 10.507 | J1216: ='Raw Data'!K126/J$1 -> 2.4699124 | K1216: ='Raw Data'!L126/K$1 -> 2.4840452 | L1216: ='Raw Data'!M126/L$1 -> 2.4705461 | M1216: ='Raw Data'!N126/M$1 -> 2.4408823 | N1216: ='Raw Data'!O126/N$1 -> 2.3939971 | O1216: ='Raw Data'!P126/O$1 -> 2.3638793 | P1216: =IFERROR(AVERAGEIF(J1216:O1216,">"&0,J1216:O1216),"") -> 2.4372104 | Q1216: =MAXA(J1216:O1216) -> 2.4840452
A1217: FY2025-26 | B1217: 6 | C1217: 2025 | D1217: Year_3 | E1217: Year_3 | F1217: 45839 | G1217: =DAY(EOMONTH(F1217,0)) -> 31 | H1217: =H1216+1 -> 45866 | I1217: =_xlfn.XLOOKUP(Table12[[#This Row],[Month Year]],'Modelling New'!D:D,'Modelling New'!N:N) -> 10.507 | J1217: ='Raw Data'!K127/J$1 -> 3.2349083 | K1217: ='Raw Data'!L127/K$1 -> 3.2618775 | L1217: ='Raw Data'!M127/L$1 -> 3.2724096 | M1217: ='Raw Data'!N127/M$1 -> 3.2054083 | N1217: ='Raw Data'!O127/N$1 -> 3.1647723 | O1217: ='Raw Data'!P127/O$1 -> 3.1091063 | P1217: =IFERROR(AVERAGEIF(J1217:O1217,">"&0,J1217:O1217),"") -> 3.2080804 | Q1217: =MAXA(J1217:O1217) -> 3.2724096
A1218: FY2025-26 | B1218: 6 | C1218: 2025 | D1218: Year_3 | E1218: Year_3 | F1218: 45839 | G1218: =DAY(EOMONTH(F1218,0)) -> 31 | H1218: =H1217+1 -> 45867 | I1218: =_xlfn.XLOOKUP(Table12[[#This Row],[Month Year]],'Modelling New'!D:D,'Modelling New'!N:N) -> 10.507 | J1218: ='Raw Data'!K128/J$1 -> 2.10928 | K1218: ='Raw Data'!L128/K$1 -> 2.0836742 | L1218: ='Raw Data'!M128/L$1 -> 2.1054518 | M1218: ='Raw Data'!N128/M$1 -> 2.0891443 | N1218: ='Raw Data'!O128/N$1 -> 2.0531319 | O1218: ='Raw Data'!P128/O$1 -> 2.0314026 | P1218: =IFERROR(AVERAGEIF(J1218:O1218,">"&0,J1218:O1218),"") -> 2.0786808 | Q1218: =MAXA(J1218:O1218) -> 2.10928
A1219: FY2025-26 | B1219: 6 | C1219: 2025 | D1219: Year_3 | E1219: Year_3 | F1219: 45839 | G1219: =DAY(EOMONTH(F1219,0)) -> 31 | H1219: =H1218+1 -> 45868 | I1219: =_xlfn.XLOOKUP(Table12[[#This Row],[Month Year]],'Modelling New'!D:D,'Modelling New'!N:N) -> 10.507 | J1219: ='Raw Data'!K129/J$1 -> 2.8575023 | K1219: ='Raw Data'!L129/K$1 -> 2.8473245 | L1219: ='Raw Data'!M129/L$1 -> 2.9073153 | M1219: ='Raw Data'!N129/M$1 -> 2.7836587 | N1219: ='Raw Data'!O129/N$1 -> 2.7683251 | O1219: ='Raw Data'!P129/O$1 -> 2.7197192 | P1219: =IFERROR(AVERAGEIF(J1219:O1219,">"&0,J1219:O1219),"") -> 2.8139742 | Q1219: =MAXA(J1219:O1219) -> 2.9073153
A1220: FY2025-26 | B1220: 6 | C1220: 2025 | D1220: Year_3 | E1220: Year_3 | F1220: 45839 | G1220: =DAY(EOMONTH(F1220,0)) -> 31 | H1220: =H1219+1 -> 45869 | I1220: =_xlfn.XLOOKUP(Table12[[#This Row],[Month Year]],'Modelling New'!D:D,'Modelling New'!N:N) -> 10.507 | J1220: ='Raw Data'!K130/J$1 -> 4.0017013 | K1220: ='Raw Data'!L130/K$1 -> 4.113893 | L1220: ='Raw Data'!M130/L$1 -> 4.1733862 | M1220: ='Raw Data'!N130/M$1 -> 4.0606692 | N1220: ='Raw Data'!O130/N$1 -> 4.0949205 | O1220: ='Raw Data'!P130/O$1 -> 4.040041 | P1220: =IFERROR(AVERAGEIF(J1220:O1220,">"&0,J1220:O1220),"") -> 4.0807685 | Q1220: =MAXA(J1220:O1220) -> 4.1733862
G1221: =DAY(EOMONTH(F1221,0)) -> 31 | H1221: =H1220+1 -> 45870 | I1221: =_xlfn.XLOOKUP(Table12[[#This Row],[Month Year]],'Modelling New'!D:D,'Modelling New'!N:N) -> 0 | J1221: ='Raw Data'!K131/J$1 -> 0 | K1221: ='Raw Data'!L131/K$1 -> 0 | L1221: ='Raw Data'!M131/L$1 -> 0 | M1221: ='Raw Data'!N131/M$1 -> 0 | N1221: ='Raw Data'!O131/N$1 -> 0 | O1221: ='Raw Data'!P131/O$1 -> 0 | P1221: =IFERROR(AVERAGEIF(J1221:O1221,">"&0,J1221:O1221),"") | Q1221: =MAXA(J1221:O1221) -> 0
G1222: =DAY(EOMONTH(F1222,0)) -> 31 | H1222: =H1221+1 -> 45871 | I1222: =_xlfn.XLOOKUP(Table12[[#This Row],[Month Year]],'Modelling New'!D:D,'Modelling New'!N:N) -> 0 | J1222: ='Raw Data'!K132/J$1 -> 0 | K1222: ='Raw Data'!L132/K$1 -> 0 | L1222: ='Raw Data'!M132/L$1 -> 0 | M1222: ='Raw Data'!N132/M$1 -> 0 | N1222: ='Raw Data'!O132/N$1 -> 0 | O1222: ='Raw Data'!P132/O$1 -> 0 | P1222: =IFERROR(AVERAGEIF(J1222:O1222,">"&0,J1222:O1222),"") | Q1222: =MAXA(J1222:O1222) -> 0
G1223: =DAY(EOMONTH(F1223,0)) -> 31 | H1223: =H1222+1 -> 45872 | I1223: =_xlfn.XLOOKUP(Table12[[#This Row],[Month Year]],'Modelling New'!D:D,'Modelling New'!N:N) -> 0 | J1223: ='Raw Data'!K133/J$1 -> 0 | K1223: ='Raw Data'!L133/K$1 -> 0 | L1223: ='Raw Data'!M133/L$1 -> 0 | M1223: ='Raw Data'!N133/M$1 -> 0 | N1223: ='Raw Data'!O133/N$1 -> 0 | O1223: ='Raw Data'!P133/O$1 -> 0 | P1223: =IFERROR(AVERAGEIF(J1223:O1223,">"&0,J1223:O1223),"") | Q1223: =MAXA(J1223:O1223) -> 0
G1224: =DAY(EOMONTH(F1224,0)) -> 31 | H1224: =H1223+1 -> 45873 | I1224: =_xlfn.XLOOKUP(Table12[[#This Row],[Month Year]],'Modelling New'!D:D,'Modelling New'!N:N) -> 0 | J1224: ='Raw Data'!K134/J$1 -> 0 | K1224: ='Raw Data'!L134/K$1 -> 0 | L1224: ='Raw Data'!M134/L$1 -> 0 | M1224: ='Raw Data'!N134/M$1 -> 0 | N1224: ='Raw Data'!O134/N$1 -> 0 | O1224: ='Raw Data'!P134/O$1 -> 0 | P1224: =IFERROR(AVERAGEIF(J1224:O1224,">"&0,J1224:O1224),"") | Q1224: =MAXA(J1224:O1224) -> 0
G1225: =DAY(EOMONTH(F1225,0)) -> 31 | H1225: =H1224+1 -> 45874 | I1225: =_xlfn.XLOOKUP(Table12[[#This Row],[Month Year]],'Modelling New'!D:D,'Modelling New'!N:N) -> 0 | J1225: ='Raw Data'!K135/J$1 -> 0 | K1225: ='Raw Data'!L135/K$1 -> 0 | L1225: ='Raw Data'!M135/L$1 -> 0 | M1225: ='Raw Data'!N135/M$1 -> 0 | N1225: ='Raw Data'!O135/N$1 -> 0 | O1225: ='Raw Data'!P135/O$1 -> 0 | P1225: =IFERROR(AVERAGEIF(J1225:O1225,">"&0,J1225:O1225),"") | Q1225: =MAXA(J1225:O1225) -> 0
G1226: =DAY(EOMONTH(F1226,0)) -> 31 | H1226: =H1225+1 -> 45875 | I1226: =_xlfn.XLOOKUP(Table12[[#This Row],[Month Year]],'Modelling New'!D:D,'Modelling New'!N:N) -> 0 | J1226: ='Raw Data'!K136/J$1 -> 0 | K1226: ='Raw Data'!L136/K$1 -> 0 | L1226: ='Raw Data'!M136/L$1 -> 0 | M1226: ='Raw Data'!N136/M$1 -> 0 | N1226: ='Raw Data'!O136/N$1 -> 0 | O1226: ='Raw Data'!P136/O$1 -> 0 | P1226: =IFERROR(AVERAGEIF(J1226:O1226,">"&0,J1226:O1226),"") | Q1226: =MAXA(J1226:O1226) -> 0
G1227: =DAY(EOMONTH(F1227,0)) -> 31 | H1227: =H1226+1 -> 45876 | I1227: =_xlfn.XLOOKUP(Table12[[#This Row],[Month Year]],'Modelling New'!D:D,'Modelling New'!N:N) -> 0 | J1227: ='Raw Data'!K137/J$1 -> 0 | K1227: ='Raw Data'!L137/K$1 -> 0 | L1227: ='Raw Data'!M137/L$1 -> 0 | M1227: ='Raw Data'!N137/M$1 -> 0 | N1227: ='Raw Data'!O137/N$1 -> 0 | O1227: ='Raw Data'!P137/O$1 -> 0 | P1227: =IFERROR(AVERAGEIF(J1227:O1227,">"&0,J1227:O1227),"") | Q1227: =MAXA(J1227:O1227) -> 0
G1228: =DAY(EOMONTH(F1228,0)) -> 31 | H1228: =H1227+1 -> 45877 | I1228: =_xlfn.XLOOKUP(Table12[[#This Row],[Month Year]],'Modelling New'!D:D,'Modelling New'!N:N) -> 0 | J1228: ='Raw Data'!K138/J$1 -> 0 | K1228: ='Raw Data'!L138/K$1 -> 0 | L1228: ='Raw Data'!M138/L$1 -> 0 | M1228: ='Raw Data'!N138/M$1 -> 0 | N1228: ='Raw Data'!O138/N$1 -> 0 | O1228: ='Raw Data'!P138/O$1 -> 0 | P1228: =IFERROR(AVERAGEIF(J1228:O1228,">"&0,J1228:O1228),"") | Q1228: =MAXA(J1228:O1228) -> 0
G1229: =DAY(EOMONTH(F1229,0)) -> 31 | H1229: =H1228+1 -> 45878 | I1229: =_xlfn.XLOOKUP(Table12[[#This Row],[Month Year]],'Modelling New'!D:D,'Modelling New'!N:N) -> 0 | J1229: ='Raw Data'!K139/J$1 -> 0 | K1229: ='Raw Data'!L139/K$1 -> 0 | L1229: ='Raw Data'!M139/L$1 -> 0 | M1229: ='Raw Data'!N139/M$1 -> 0 | N1229: ='Raw Data'!O139/N$1 -> 0 | O1229: ='Raw Data'!P139/O$1 -> 0 | P1229: =IFERROR(AVERAGEIF(J1229:O1229,">"&0,J1229:O1229),"") | Q1229: =MAXA(J1229:O1229) -> 0
G1230: =DAY(EOMONTH(F1230,0)) -> 31 | H1230: =H1229+1 -> 45879 | I1230: =_xlfn.XLOOKUP(Table12[[#This Row],[Month Year]],'Modelling New'!D:D,'Modelling New'!N:N) -> 0 | J1230: ='Raw Data'!K140/J$1 -> 0 | K1230: ='Raw Data'!L140/K$1 -> 0 | L1230: ='Raw Data'!M140/L$1 -> 0 | M1230: ='Raw Data'!N140/M$1 -> 0 | N1230: ='Raw Data'!O140/N$1 -> 0 | O1230: ='Raw Data'!P140/O$1 -> 0 | P1230: =IFERROR(AVERAGEIF(J1230:O1230,">"&0,J1230:O1230),"") | Q1230: =MAXA(J1230:O1230) -> 0
G1231: =DAY(EOMONTH(F1231,0)) -> 31 | H1231: =H1230+1 -> 45880 | I1231: =_xlfn.XLOOKUP(Table12[[#This Row],[Month Year]],'Modelling New'!D:D,'Modelling New'!N:N) -> 0 | J1231: ='Raw Data'!K141/J$1 -> 0 | K1231: ='Raw Data'!L141/K$1 -> 0 | L1231: ='Raw Data'!M141/L$1 -> 0 | M1231: ='Raw Data'!N141/M$1 -> 0 | N1231: ='Raw Data'!O141/N$1 -> 0 | O1231: ='Raw Data'!P141/O$1 -> 0 | P1231: =IFERROR(AVERAGEIF(J1231:O1231,">"&0,J1231:O1231),"") | Q1231: =MAXA(J1231:O1231) -> 0
G1232: =DAY(EOMONTH(F1232,0)) -> 31 | H1232: =H1231+1 -> 45881 | I1232: =_xlfn.XLOOKUP(Table12[[#This Row],[Month Year]],'Modelling New'!D:D,'Modelling New'!N:N) -> 0 | J1232: ='Raw Data'!K142/J$1 -> 0 | K1232: ='Raw Data'!L142/K$1 -> 0 | L1232: ='Raw Data'!M142/L$1 -> 0 | M1232: ='Raw Data'!N142/M$1 -> 0 | N1232: ='Raw Data'!O142/N$1 -> 0 | O1232: ='Raw Data'!P142/O$1 -> 0 | P1232: =IFERROR(AVERAGEIF(J1232:O1232,">"&0,J1232:O1232),"") | Q1232: =MAXA(J1232:O1232) -> 0
... G1237: =DAY(EOMONTH(F1237,0)) -> 31 | H1237: =H1236+1 -> 45886 | I1237: =_xlfn.XLOOKUP(Table12[[#This Row],[Month Year]],'Modelling New'!D:D,'Modelling New'!N:N) -> 0 | J1237: ='Raw Data'!K147/J$1 -> 0 | K1237: ='Raw Data'!L147/K$1 -> 0 | L1237: ='Raw Data'!M147/L$1 -> 0 | M1237: ='Raw Data'!N147/M$1 -> 0 | N1237: ='Raw Data'!O147/N$1 -> 0 | O1237: ='Raw Data'!P147/O$1 -> 0 | P1237: =IFERROR(AVERAGEIF(J1237:O1237,">"&0,J1237:O1237),"") | Q1237: =MAXA(J1237:O1237) -> 0

Sheet Tracker_BD
A3: Sr. No. | B3: Financial Year | C3: Calendar Year | D3: Contractual Year | E3: Operating Year | F3: Month Year | G3: Days | H3: Date | I3: Sunrise Time (POA>20 W/m2) | J3: Sunset Time (POA<20 W/m2) | K3: Total Generation Time | L3: Affected Equipment | M3: Plant Equivalent Weightage | N3: Angle of affected equipment | O3: Inv Number | P3: Gateway Number | Q3: Grid Number | R3: MSAT Number | S3: Table Number | T3: Fault Category | U3: Fault Code (As per HMI) | V3: Breakdown Description | W3: Fault Time | X3: Fault Acknowledgement Time | Y3: Work Start time on Fault | Z3: Work Completion time on fault | AA3: Acknowledgement time | AB3: Response Time | AC3: Resolution Time | AD3: Breakdown Time | AE3: Action taken | AF3: Status | AG3: Avg. Target Angle during Fault Time (Radians) | AH3: Approximate Energy Loss Factor (%) | AI3: Plant Equivalent breakdown | AJ3: Old equipment Serial Number | AK3: New Equipment Serial Number | AL3: Column1
A4: 1 | B4: FY2024-25 | C4: 2024 | D4: Year_2 | E4: Year_2 | F4: 45717 | G4: =DAY(EOMONTH(Tracker_BD[[#This Row],[Month Year]],0)) -> 31 | H4: 45745 | I4: =IFERROR(VLOOKUP(Tracker_BD[[#This Row],[Date]],Raw_Data[[Date]:[Sunset Time (POA<20 W/m2)]],3,0),"") -> 0.27013889 | J4: =IFERROR(VLOOKUP(Tracker_BD[[#This Row],[Date]],Raw_Data[[Date]:[Sunset Time (POA<20 W/m2)]],4,0),"") -> 0.77013889 | K4: =IFERROR((Tracker_BD[[#This Row],[Sunset Time (POA<20 W/m2)]]-Tracker_BD[[#This Row],[Sunrise Time (POA>20 W/m2)]])*24,"") -> 12 | L4: Actuator Type1 | N4: 0 | O4: IC1_Inv4 | P4: G5 | Q4: G4 | R4: 37 | S4: T108 | T4: Actuator | U4: Actuator fail | V4: Actuator fail | W4: 0.34027778 | X4: 0.34027778 | Y4: 0.34027778 | Z4: 0.36805556 | AA4: =IF(Tracker_BD[[#This Row],[Fault Acknowledgement Time ]]="NA","",(Tracker_BD[[#This Row],[Fault Acknowledgement Time ]]-Tracker_BD[[#This Row],[Fault Time]])*24) -> 0 | AB4: =IFERROR((Tracker_BD[[#This Row],[Work Start time on Fault]]-Tracker_BD[[#This Row],[Fault Time]])*24,"") -> 0 | AC4: =IFERROR((Tracker_BD[[#This Row],[Work Completion time on fault]]-Tracker_BD[[#This Row],[Fault Time]])*24,"") -> 0.66666667 | AD4: =IFERROR((Tracker_BD[[#This Row],[Work Completion time on fault]]-Tracker_BD[[#This Row],[Fault Time]])*24,"") -> 0.66666667 | AE4: Actuator 2 No Limit Switch was replaced | AF4: Close | AI4: =IFERROR(Tracker_BD[[#This Row],[Breakdown Time]]*Tracker_BD[[#This Row],[Plant Equivalent Weightage]],"")
A5: =A4+1 -> 2 | B5: FY2024-25 | C5: 2024 | D5: Year_2 | E5: Year_2 | F5: 45717 | G5: =DAY(EOMONTH(Tracker_BD[[#This Row],[Month Year]],0)) -> 31 | H5: 45745 | I5: =IFERROR(VLOOKUP(Tracker_BD[[#This Row],[Date]],Raw_Data[[Date]:[Sunset Time (POA<20 W/m2)]],3,0),"") -> 0.27013889 | J5: =IFERROR(VLOOKUP(Tracker_BD[[#This Row],[Date]],Raw_Data[[Date]:[Sunset Time (POA<20 W/m2)]],4,0),"") -> 0.77013889 | K5: =IFERROR((Tracker_BD[[#This Row],[Sunset Time (POA<20 W/m2)]]-Tracker_BD[[#This Row],[Sunrise Time (POA>20 W/m2)]])*24,"") -> 12 | L5: Actuator Type1 | N5: 0 | O5: IC1_Inv3 | P5: G3 | Q5: G5 | R5: 64 | S5: T95 | T5: Actuator | U5: Actuator fail | V5: Actuator fail | W5: 0.36111111 | X5: 0.36111111 | Y5: 0.36111111 | Z5: 0.39583333 | AA5: =IF(Tracker_BD[[#This Row],[Fault Acknowledgement Time ]]="NA","",(Tracker_BD[[#This Row],[Fault Acknowledgement Time ]]-Tracker_BD[[#This Row],[Fault Time]])*24) -> 0 | AB5: =IFERROR((Tracker_BD[[#This Row],[Work Start time on Fault]]-Tracker_BD[[#This Row],[Fault Time]])*24,"") -> 0 | AC5: =IFERROR((Tracker_BD[[#This Row],[Work Completion time on fault]]-Tracker_BD[[#This Row],[Fault Time]])*24,"") -> 0.83333333 | AD5: =IFERROR((Tracker_BD[[#This Row],[Work Completion time on fault]]-Tracker_BD[[#This Row],[Fault Time]])*24,"") -> 0.83333333 | AE5: 1 No Medium Gear Replaced | AF5: Close | AI5: =IFERROR(Tracker_BD[[#This Row],[Breakdown Time]]*Tracker_BD[[#This Row],[Plant Equivalent Weightage]],"")
A6: =A5+1 -> 3 | B6: FY2024-25 | C6: 2024 | D6: Year_2 | E6: Year_2 | F6: 45717 | G6: =DAY(EOMONTH(Tracker_BD[[#This Row],[Month Year]],0)) -> 31 | H6: 45745 | I6: =IFERROR(VLOOKUP(Tracker_BD[[#This Row],[Date]],Raw_Data[[Date]:[Sunset Time (POA<20 W/m2)]],3,0),"") -> 0.27013889 | J6: =IFERROR(VLOOKUP(Tracker_BD[[#This Row],[Date]],Raw_Data[[Date]:[Sunset Time (POA<20 W/m2)]],4,0),"") -> 0.77013889 | K6: =IFERROR((Tracker_BD[[#This Row],[Sunset Time (POA<20 W/m2)]]-Tracker_BD[[#This Row],[Sunrise Time (POA>20 W/m2)]])*24,"") -> 12 | L6: Actuator Type1 | N6: 0 | O6: IC1_Inv2 | P6: G5 | Q6: G4 | R6: 27 | S6: T65 | T6: Actuator | U6: Actuator fail | V6: Actuator fail | W6: 0.38888889 | X6: 0.38888889 | Y6: 0.38888889 | Z6: 0.42361111 | AA6: =IF(Tracker_BD[[#This Row],[Fault Acknowledgement Time ]]="NA","",(Tracker_BD[[#This Row],[Fault Acknowledgement Time ]]-Tracker_BD[[#This Row],[Fault Time]])*24) -> 0 | AB6: =IFERROR((Tracker_BD[[#This Row],[Work Start time on Fault]]-Tracker_BD[[#This Row],[Fault Time]])*24,"") -> 0 | AC6: =IFERROR((Tracker_BD[[#This Row],[Work Completion time on fault]]-Tracker_BD[[#This Row],[Fault Time]])*24,"") -> 0.83333333 | AD6: =IFERROR((Tracker_BD[[#This Row],[Work Completion time on fault]]-Tracker_BD[[#This Row],[Fault Time]])*24,"") -> 0.83333333 | AE6: 1 No Actuator Motor | AF6: Close | AI6: =IFERROR(Tracker_BD[[#This Row],[Breakdown Time]]*Tracker_BD[[#This Row],[Plant Equivalent Weightage]],"")
A7: =A6+1 -> 4 | B7: FY2024-25 | C7: 2024 | D7: Year_2 | E7: Year_2 | F7: 45717 | G7: =DAY(EOMONTH(Tracker_BD[[#This Row],[Month Year]],0)) -> 31 | H7: 45745 | I7: =IFERROR(VLOOKUP(Tracker_BD[[#This Row],[Date]],Raw_Data[[Date]:[Sunset Time (POA<20 W/m2)]],3,0),"") -> 0.27013889 | J7: =IFERROR(VLOOKUP(Tracker_BD[[#This Row],[Date]],Raw_Data[[Date]:[Sunset Time (POA<20 W/m2)]],4,0),"") -> 0.77013889 | K7: =IFERROR((Tracker_BD[[#This Row],[Sunset Time (POA<20 W/m2)]]-Tracker_BD[[#This Row],[Sunrise Time (POA>20 W/m2)]])*24,"") -> 12 | L7: Actuator Type1 | N7: 0 | O7: IC1_Inv3 | P7: G1 | Q7: G3 | R7: 12 | S7: T57 | T7: Actuator | U7: Actuator fail | V7: Actuator fail | W7: 0.40277778 | X7: 0.40277778 | Y7: 0.40277778 | Z7: 0.43055556 | AA7: =IF(Tracker_BD[[#This Row],[Fault Acknowledgement Time ]]="NA","",(Tracker_BD[[#This Row],[Fault Acknowledgement Time ]]-Tracker_BD[[#This Row],[Fault Time]])*24) -> 0 | AB7: =IFERROR((Tracker_BD[[#This Row],[Work Start time on Fault]]-Tracker_BD[[#This Row],[Fault Time]])*24,"") -> 0 | AC7: =IFERROR((Tracker_BD[[#This Row],[Work Completion time on fault]]-Tracker_BD[[#This Row],[Fault Time]])*24,"") -> 0.66666667 | AD7: =IFERROR((Tracker_BD[[#This Row],[Work Completion time on fault]]-Tracker_BD[[#This Row],[Fault Time]])*24,"") -> 0.66666667 | AE7: Actuator 2 No Limit Switch was replaced | AF7: Close | AI7: =IFERROR(Tracker_BD[[#This Row],[Breakdown Time]]*Tracker_BD[[#This Row],[Plant Equivalent Weightage]],"")
