Workbook
Name BD_Relation: [1]Basic_Data!$B$3:$B$14
Name BD_Relation: [1]Basic_Data!$B$3:$B$14
Name BD_Relation: #REF!
Name BD_Relation: [1]Basic_Data!$B$3:$B$14
Name Date: [1]Basic_Data!$D$3:$D$33
Name Date: [1]Basic_Data!$D$3:$D$33
Name Date: #REF!
Name Date: [1]Basic_Data!$D$3:$D$33
Name dccap: [2]DGR!$D$7:$D$14
Name dccap: [2]DGR!$D$7:$D$14
Name dccap: #REF!
Name dccap: [2]DGR!$D$7:$D$14
Name Digos: '[3]Basic Data'!#REF!
Name Digos: '[3]Basic Data'!#REF!
Name Digos: #REF!
Name Digos: '[3]Basic Data'!#REF!
Name engg: [1]Basic_Data!$L$3:$L$16
Name engg: [1]Basic_Data!$L$3:$L$16
Name engg: #REF!
Name engg: [1]Basic_Data!$L$3:$L$16
Name Equipment: [1]Basic_Data!$F$3:$F$5
Name Equipment: [1]Basic_Data!$F$3:$F$5
Name Equipment: #REF!
Name Equipment: [1]Basic_Data!$F$3:$F$5
Name error: [1]Basic_Data!$M$3:$M$33
Name error: [1]Basic_Data!$M$3:$M$33
Name error: #REF!
Name error: [1]Basic_Data!$M$3:$M$33
Name Gstc: #REF!
Name Gstc: #REF!
Name Gstc: #REF!
Name Gstc: #REF!
Name Gstc: #REF!
Name Inverter: [1]Basic_Data!$H$3:$H$8
Name Inverter: [1]Basic_Data!$H$3:$H$8
Name Inverter: #REF!
Name Inverter: [1]Basic_Data!$H$3:$H$8
Name invlook: [2]DGR!$B$7:$D$14
Name invlook: [2]DGR!$B$7:$D$14
Name invlook: #REF!
Name invlook: [2]DGR!$B$7:$D$14
Name JB: [1]Basic_Data!$I$3:$I$68
Name JB: [1]Basic_Data!$I$3:$I$68
Name JB: #REF!
Name JB: [1]Basic_Data!$I$3:$I$68
Name jbp: [2]Basic_Data!$I$3:$J$66
Name jbp: [2]Basic_Data!$I$3:$J$66
Name jbp: #REF!
Name jbp: [2]Basic_Data!$I$3:$J$66
Name P1_SnW4240: '[3]Basic Data'!#REF!
Name P1_SnW4240: '[3]Basic Data'!#REF!
Name P1_SnW4240: #REF!
Name P1_SnW4240: '[3]Basic Data'!#REF!
Name P1SnW4240: '[3]Basic Data'!#REF!
Name P1SnW4240: '[3]Basic Data'!#REF!
Name P1SnW4240: #REF!
Name P1SnW4240: '[3]Basic Data'!#REF!
Name P1SnW51: '[3]Basic Data'!#REF!
Name P1SnW51: '[3]Basic Data'!#REF!
Name P1SnW51: #REF!

Sheet O2Summary
A2: Performance Summary TGPXIIPL
A3: Month | B3: 45839
A4: Date | B4: 45861
A5: Financial Year | B5: Year-1
A6: Year Start Date | B6: 45748
A7: Year End Date | B7: 46112
A9: Sr. No. | B9: Particular | C9: Target | D9: Measured | E9: Deviation | F9: Remarks
A10: 1 | B10: E_Grid Daily (MWh) | C10: =_xlfn.XLOOKUP($B$4,'Daily KPI'!$A:$A,'Daily KPI'!$AD:$AD)/1000 -> 963.88317 | D10: =_xlfn.XLOOKUP($B$4,'Daily KPI'!$A:$A,'Daily KPI'!$AA:$AA)/1000 -> 921.15 | E10: =D10/C10-1 -> -0.044334386
B11: E_Grid MTD(MWh) | C11: =MonthlyKPI!$E$4 -> 22169.313 | D11: =MonthlyKPI!F4 -> 14165.55 | E11: =D11/C11-1 -> -0.36102891
B12: E_Grid YTD (MWh) | C12: =AnnualKPI!$E$4 -> 95320.581 | D12: =AnnualKPI!F4 -> 78096.6 | E12: =D12/C12-1 -> -0.1806953
A13: 2 | B13: Wind Speed Daily | C13: =_xlfn.XLOOKUP($B$3,'Modelling New'!$D:$D,'Modelling New'!$J:$J) -> 8.18 | D13: =_xlfn.XLOOKUP($B$4,'Daily KPI'!$A:$A,'Daily KPI'!$M:$M) -> 7.7791907 | E13: =(D13-C13)/(C13) -> -0.048998691
B14: Wind Speed MTD | C14: =MonthlyKPI!C4 -> 8.18 | D14: =MonthlyKPI!D4 -> 6.5746369 | E14: =(D14-C14)/(C14) -> -0.19625466
B15: Wind Speed YTD | C15: =AnnualKPI!C4 -> 7.2925 | D15: =AnnualKPI!D4 -> 6.791176 | E15: =(D15-C15)/(C15) -> -0.068745156
A16: 3 | B16: PA Daily | C16: =_xlfn.XLOOKUP($B$3,'Modelling New'!$D:$D,'Modelling New'!$AE:$AE) -> 0.9603 | D16: =_xlfn.XLOOKUP($B$4,'Daily KPI'!$A:$A,'Daily KPI'!$O:$O) -> 0.9981291 | E16: =(D16-C16)/(C16) -> 0.039393002
B17: PA MTD | C17: =_xlfn.XLOOKUP($B$3,'Modelling New'!$D:$D,'Modelling New'!$AE:$AE) -> 0.9603 | D17: =MonthlyKPI!P4 -> 0.96580179 | E17: =(D17-C17)/(C17) -> 0.0057292437
B18: PA YTD | C18: =_xlfn.XLOOKUP($B$3,'Modelling New'!$D:$D,'Modelling New'!$AE:$AE) -> 0.9603 | D18: =AnnualKPI!P4 -> 0.94492141 | E18: =(D18-C18)/(C18) -> -0.016014356
A19: 4 | B19: EGA Daily | C19: =_xlfn.XLOOKUP($B$3,'Modelling New'!$D:$D,'Modelling New'!$AF:$AF) -> 0.995 | D19: =_xlfn.XLOOKUP($B$4,'Daily KPI'!$A:$A,'Daily KPI'!$R:$R) -> 1 | E19: =(D19-C19)/(C19) -> 0.0050251256
B20: EGA MTD | C20: =_xlfn.XLOOKUP($B$3,'Modelling New'!$D:$D,'Modelling New'!$AF:$AF) -> 0.995 | D20: =MonthlyKPI!J4 -> 1 | E20: =(D20-C20)/(C20) -> 0.0050251256
B21: EGA YTD | C21: =_xlfn.XLOOKUP($B$3,'Modelling New'!$D:$D,'Modelling New'!$AF:$AF) -> 0.995 | D21: =AnnualKPI!J4 -> 1 | E21: =(D21-C21)/(C21) -> 0.0050251256
A22: 5 | B22: IGA Daily | C22: =_xlfn.XLOOKUP($B$3,'Modelling New'!$D:$D,'Modelling New'!$AI:$AI) -> 0.99 | D22: =_xlfn.XLOOKUP($B$4,'Daily KPI'!$A:$A,'Daily KPI'!$Q:$Q) -> 1 | E22: =(D22-C22)/(C22) -> 0.01010101
B23: IGA MTD | C23: =_xlfn.XLOOKUP($B$3,'Modelling New'!$D:$D,'Modelling New'!$AI:$AI) -> 0.99 | D23: =MonthlyKPI!N4 -> 0.99549068 | E23: =(D23-C23)/(C23) -> 0.0055461371
B24: IGA YTD | C24: =_xlfn.XLOOKUP($B$3,'Modelling New'!$D:$D,'Modelling New'!$AI:$AI) -> 0.99 | D24: =AnnualKPI!N4 -> 0.97397844 | E24: =(D24-C24)/(C24) -> -0.016183396
A25: 6 | B25: MA Daily | C25: =_xlfn.XLOOKUP($B$3,'Modelling New'!$D:$D,'Modelling New'!$AH:$AH) -> 0.97 | D25: =_xlfn.XLOOKUP($B$4,'Daily KPI'!$A:$A,'Daily KPI'!$P:$P) -> 0.9981291 | E25: =(D25-C25)/(C25) -> 0.028999072
B26: MA MTD | C26: =_xlfn.XLOOKUP($B$3,'Modelling New'!$D:$D,'Modelling New'!$AH:$AH) -> 0.97 | D26: =MonthlyKPI!$L$4 -> 0.97017663 | E26: =(D26-C26)/(C26) -> 0.00018209668
B27: MA YTD | C27: =_xlfn.XLOOKUP($B$3,'Modelling New'!$D:$D,'Modelling New'!$AH:$AH) -> 0.97 | D27: =AnnualKPI!$L$4 -> 0.97016667 | E27: =(D27-C27)/(C27) -> 0.00017182005
A28: 7 | B28: CUF Daily | C28: =_xlfn.XLOOKUP($B$4,'Daily KPI'!$A:$A,'Daily KPI'!$AF:$AF) -> 0.57210539 | D28: =_xlfn.XLOOKUP($B$4,'Daily KPI'!$A:$A,'Daily KPI'!$W:$W) -> 0.54674145 | E28: =(D28-C28)/(C28) -> -0.044334386
B29: CUF MTD | C29: =MonthlyKPI!$G$4 -> 0.57210539 | D29: =MonthlyKPI!H4 -> 0.36555881 | E29: =(D29-C29)/(C29) -> -0.36102891
B30: CUF YTD | C30: =AnnualKPI!$G$4 -> 0.49628766 | D30: =AnnualKPI!H4 -> 0.40661081 | E30: =(D30-C30)/(C30) -> -0.1806953
A31: 8 | B31: Line Loss Daily | C31: =_xlfn.XLOOKUP($B$4,'Daily KPI'!$A:$A,'Daily KPI'!$AP:$AP) -> 0.05 | D31: =_xlfn.XLOOKUP($B$4,'Daily KPI'!$A:$A,'Daily KPI'!$AN:$AN) -> 0.028067499 | E31: =-(D31-C31)/(C31) -> 0.43865003
B32: Line Loss MTD | C32: =_xlfn.XLOOKUP($B$3,'Modelling New'!$D:$D,'Modelling New'!$AK:$AK) -> 0.05 | D32: =MonthlyKPI!$U$4 -> 0.02588579 | E32: =-(D32-C32)/(C32) -> 0.48228421
B33: Line Loss YTD | C33: =_xlfn.XLOOKUP($B$3,'Modelling New'!$D:$D,'Modelling New'!$AK:$AK) -> 0.05 | D33: =AnnualKPI!$R$4 -> 0.034314259 | E33: =-(D33-C33)/(C33) -> 0.31371481
A34: 9 | B34: Reactive Power Daily | C34: =_xlfn.XLOOKUP($B$4,'Daily KPI'!$A:$A,'Daily KPI'!$AQ:$AQ) -> 0.05 | D34: =_xlfn.XLOOKUP($B$4,'Daily KPI'!$A:$A,'Daily KPI'!$AO:$AO) -> 0.022315946 | E34: =-(D34-C34)/(C34) -> 0.55368108
B35: Reactive Power MTD | C35: =_xlfn.XLOOKUP($B$3,'Modelling New'!$D:$D,'Modelling New'!$AL:$AL) -> 0.05 | D35: =MonthlyKPI!$V$4 -> 0.0094907557 | E35: =-(D35-C35)/(C35) -> 0.81018489
B36: Reactive Power YTD | C36: =_xlfn.XLOOKUP($B$3,'Modelling New'!$D:$D,'Modelling New'!$AL:$AL) -> 0.05 | D36: =AnnualKPI!$S$4 -> 0.0079531024 | E36: =-(D36-C36)/(C36) -> 0.84093795
A37: 10 | B37: Expected Energy Daily | C37: =IFERROR(_xlfn.XLOOKUP($B$4,'Daily KPI'!$A:$A,'Daily KPI'!$AI:$AI),"") -> 986.77 | D37: =IFERROR(_xlfn.XLOOKUP($B$4,'Daily KPI'!A:A,'Daily KPI'!$X:$X)/1000,"") -> 947.751 | E37: =(D37-C37)/(C37) -> -0.039542143
B38: Expected Energy MTD | C38: =MonthlyKPI!$T$4 -> 15451.86 | D38: =IFERROR(SUMIF('Daily KPI'!D:D,$B$3,'Daily KPI'!$X:$X)/1000,"") -> 14543.762 | E38: =(D38-C38)/(C38) -> -0.058769494
B39: Expected Energy YTD | C39: =AnnualKPI!$Q$4 -> 84876.064 | D39: =IFERROR(SUMIFS('Daily KPI'!$X:$X,'Daily KPI'!$A:$A,">="&O2Summary!$B$6,'Daily KPI'!$A:$A,"<="&O2Summary!$B$4)/1000,"") -> 80683.689 | E39: =(D39-C39)/(C39) -> -0.049394084

Sheet MonthlyKPI
A1: Till Date | B1: =O2Summary!B4 -> 45861 | C1: 0 | D1: 0 | E1: 0 | F1: 0
A2: TGPXIIPL Performance Summary (MTD)
A3: Year | B3: Days | C3: Estimated WS(m/s) | D3: Measured WS (m/s) | E3: Budgeted Energy (MWh) | F3: Measured Energy (MWh) | G3: Target CUF (%) | H3: Measured CUF (%) | I3: Target GA (%) | J3: Measured GA (%) | K3: Target MA (%) | L3: Measured MA (%) | M3: Target IGA (%) | N3: Measured IGA (%) | O3: Target PA(%) | P3: Measured PA (%) | Q3: WTG Total (MWh) | R3: Line Losses(%) | S3: E_WS_Corrected | T3: Expected Energy | U3: Loss (%) | V3: Reactive Power (%)
A4: =O2Summary!B3 -> 45839 | B4: =DAY(B1) -> 23 | C4: =IFERROR(_xlfn.XLOOKUP($A$4,'Modelling New'!$D:$D,'Modelling New'!$AC:$AC),"") -> 8.18 | D4: =AVERAGEIF('Daily KPI'!$D:$D,$A$4,'Daily KPI'!$M:$M) -> 6.5746369 | E4: =IFERROR(_xlfn.XLOOKUP($A$4,'Modelling New'!$D:$D,'Modelling New'!$U:$U),"") -> 22169.313 | F4: =SUMIFS('Daily KPI'!$AA:$AA,'Daily KPI'!$D:$D,$A$4)/1000 -> 14165.55 | G4: =IFERROR(_xlfn.XLOOKUP($A$4,'Modelling New'!$D:$D,'Modelling New'!$X:$X),"") -> 0.57210539 | H4: =F4/(24*B4*(_xlfn.XLOOKUP($B$1,'Daily KPI'!$A:$A,'Daily KPI'!$AR:$AR))) -> 0.36555881 | I4: =_xlfn.XLOOKUP($A$4,'Modelling New'!$D:$D,'Modelling New'!$AF:$AF) -> 0.995 | J4: =AVERAGEIFS('Daily KPI'!$R:$R,'Daily KPI'!$A:$A,"<="&MonthlyKPI!$B$1,'Daily KPI'!$D:$D,$A$4) -> 1 | K4: =_xlfn.XLOOKUP($A$4,'Modelling New'!$D:$D,'Modelling New'!$AH:$AH) -> 0.97 | L4: =AVERAGEIFS('Daily KPI'!$P:$P,'Daily KPI'!$A:$A,"<="&MonthlyKPI!$B$1,'Daily KPI'!$D:$D,$A$4) -> 0.97017663 | M4: =_xlfn.XLOOKUP($A$4,'Modelling New'!$D:$D,'Modelling New'!$AI:$AI) -> 0.99 | N4: =AVERAGEIFS('Daily KPI'!$Q:$Q,'Daily KPI'!$A:$A,"<="&MonthlyKPI!$B$1,'Daily KPI'!$D:$D,$A$4) -> 0.99549068 | O4: =K4*M4 -> 0.9603 | P4: =L4*N4 -> 0.96580179 | Q4: =SUMIFS('Daily KPI'!$X:$X,'Daily KPI'!$D:$D,$A$4)/1000 -> 14543.762 | R4: =Q4/F4-1 -> 0.026699422 | S4: =SUMIFS(Input_Raw!BQ:BQ,Input_Raw!A:A,">="&A4,Input_Raw!A:A,"<="&B1) -> 15451.86 | T4: =SUMIFS('Daily KPI'!$AI:$AI,'Daily KPI'!$D:$D,$A$4) -> 15451.86 | U4: =IFERROR(AVERAGEIFS('Daily KPI'!$AN:$AN,'Daily KPI'!$D:$D,MonthlyKPI!$A$4,'Daily KPI'!$A:$A,"<="&MonthlyKPI!$B$1),"") -> 0.02588579 | V4: =AVERAGEIFS('Daily KPI'!$AO:$AO,'Daily KPI'!$A:$A,"<="&MonthlyKPI!$B$1,'Daily KPI'!$D:$D,$A$4) -> 0.0094907557
A7: Start Date | B7: =B8-6 -> 45855
A8: End Date | B8: =B1 -> 45861
A9: TGPXIIPL Performance Summary (WTD)
A10: Year | B10: Days | C10: Estimated WS(m/s) | D10: Measured WS (m/s) | E10: Budgeted Energy (MWh) | F10: Measured Energy (MWh) | G10: Target CUF (%) | H10: Measured CUF (%) | I10: Target GA (%) | J10: Measured GA (%) | K10: Target MA (%) | L10: Measured MA (%) | M10: Target IGA (%) | N10: Measured IGA (%) | O10: Target PA(%) | P10: Measured PA (%) | Q10: E_WS_Corrected
A11: =A4 -> 45839 | B11: =(B8-B7)+1 -> 7 | C11: =IFERROR(_xlfn.XLOOKUP($A$11,'Modelling New'!$D:$D,'Modelling New'!$AC:$AC),"") -> 8.18 | D11: =AVERAGEIFS('Daily KPI'!$M:$M,'Daily KPI'!$A:$A,">="&$B$7,'Daily KPI'!$A:$A,"<="&$B$8) -> 6.1080528 | E11: =SUMIFS('Daily KPI'!$AD:$AD,'Daily KPI'!$A:$A,">="&$B$7,'Daily KPI'!$A:$A,"<="&$B$8)/1000 -> 6747.1822 | F11: =SUMIFS('Daily KPI'!$AA:$AA,'Daily KPI'!$A:$A,">="&$B$7,'Daily KPI'!$A:$A,"<="&$B$8)/1000 -> 3759.3 | G11: =E11/(24*$B$11*'Basic Data'!$K$3) -> 0.57210539 | H11: =F11/(24*B11*'Basic Data'!$K$3) -> 0.31875763 | I11: =_xlfn.XLOOKUP($A$4,'Modelling New'!$D:$D,'Modelling New'!$AF:$AF) -> 0.995 | J11: =AVERAGEIFS('Daily KPI'!$R:$R,'Daily KPI'!$A:$A,">="&$B$7,'Daily KPI'!$A:$A,"<="&$B$8) -> 1 | K11: =_xlfn.XLOOKUP($A$4,'Modelling New'!$D:$D,'Modelling New'!$AH:$AH) -> 0.97 | L11: =AVERAGEIFS('Daily KPI'!$P:$P,'Daily KPI'!$A:$A,">="&$B$7,'Daily KPI'!$A:$A,"<="&$B$8) -> 0.99038662 | M11: =_xlfn.XLOOKUP($A$4,'Modelling New'!$D:$D,'Modelling New'!$AI:$AI) -> 0.99 | N11: =AVERAGEIFS('Daily KPI'!$Q:$Q,'Daily KPI'!$A:$A,">="&$B$7,'Daily KPI'!$A:$A,"<="&$B$8) -> 0.99766864 | O11: =K11*M11 -> 0.9603 | P11: =L11*N11 -> 0.98807767 | Q11: =SUMIFS(Input_Raw!BQ:BQ,Input_Raw!A:A,">="&B7,Input_Raw!A:A,"<="&B8) -> 4009.94
A14: Start Date | B14: =B15-29 -> 45832
A15: End Date | B15: =B8 -> 45861
A16: TGPXIIPL Performance Summary (LTD)
A17: Year | B17: Days | C17: Estimated WS(m/s) | D17: Measured WS (m/s) | E17: Budgeted Energy (MWh) | F17: Measured Energy (MWh) | G17: Target CUF (%) | H17: Measured CUF (%) | I17: Target GA (%) | J17: Measured GA (%) | K17: Target MA (%) | L17: Measured MA (%) | M17: Target IGA (%) | N17: Measured IGA (%) | O17: Target PA(%) | P17: Measured PA (%)
A18: =A11 -> 45839 | B18: =(B15-B14)+1 -> 30 | C18: =_xlfn.XLOOKUP($A$18,'Modelling New'!$D:$D,'Modelling New'!$AC:$AC) -> 8.18 | D18: =AVERAGEIFS('Daily KPI'!$M:$M,'Daily KPI'!$A:$A,">="&$B$14,'Daily KPI'!$A:$A,"<="&$B$15) -> 6.8225918 | E18: =SUMIFS('Daily KPI'!$AD:$AD,'Daily KPI'!$A:$A,">="&$B$14,'Daily KPI'!$A:$A,"<="&$B$15)/1000 -> 27780.606 | F18: =SUMIFS('Daily KPI'!$X:$X,'Daily KPI'!$A:$A,">="&$B$14,'Daily KPI'!$A:$A,"<="&$B$15)/1000 -> 21028.027 | G18: =E18/(24*$B$18*'Basic Data'!$K$3) -> 0.54963212 | H18: =F18/(24*B18*'Basic Data'!$K$3) -> 0.41603409 | I18: 0.997 | J18: =AVERAGEIFS('Daily KPI'!$R:$R,'Daily KPI'!$A:$A,">="&$B$14,'Daily KPI'!$A:$A,"<="&$B$15) -> 1 | K18: 0.986 | L18: =AVERAGEIFS('Daily KPI'!$P:$P,'Daily KPI'!$A:$A,">="&$B$14,'Daily KPI'!$A:$A,"<="&$B$15) -> 0.96570832 | M18: 0.995 | N18: =AVERAGEIFS('Daily KPI'!$Q:$Q,'Daily KPI'!$A:$A,">="&$B$14,'Daily KPI'!$A:$A,"<="&$B$15) -> 0.99654285 | O18: =K18*M18 -> 0.98107 | P18: =L18*N18 -> 0.96236972

Sheet Daily KPI
A1: Date | B1: Financial Year | C1: Calendar Year | D1: Month Year | E1: Days | F1: Operating Hours | G1: GHI-UP (KWh/m2) | H1: GHI-Down(KWh/m2) | I1: POA-UP(KWh/m2) | J1: POA-Down(KWh/m2) | K1: Amb_Temp(°C) | L1: Mod_Temp(°C) | M1: WS_Avg(m/s) | N1: WS_Max(m/s) | O1: PA(%) | P1: MA (%) | Q1: IGA (%) | R1: EGA(%) | S1: EMA (%) | T1: TA (%) | U1: PR(%) | V1: WPR(%) | W1: CUF(%) | X1: Gen_Exp (kWh) | Y1: Mtr_Export (kWh) | Z1: Mtr_Import (kWh) | AA1: Mtr_Net_Exp (KWh) | AB1: Operational Capacity (MW) | AC1: Bugt_Resource | AD1: Bugt_Energy | AE1: Bugt PR | AF1: Bugt CUF | AG1: Bugt_PA | AH1: Bugt_EGA | AI1: Expected Energy | AJ1: Actual Energy WPR | AK1: RA (%) | AL1: Mod Clean Dry (Num) | AM1: Mod Clean Wet (Num) | AN1: Line Loss(%) | AO1: Reactive Power (%) | AP1: Bugt Line loss (%) (Wind) | AQ1: Bugt Reactive Power (%) (Wind) | AR1: Bugt Capacity | AS1: CC*Bugt
A2: 45745 | B2: =YEAR(Table13[[#This Row],[Date]])+IF(MONTH(Table13[[#This Row],[Date]])>=4,1,0) -> 2025 | C2: =YEAR(Table13[[#This Row],[Date]]) -> 2025 | D2: =Table13[[#This Row],[Date]]-DAY(Table13[[#This Row],[Date]])+1 -> 45717 | E2: =DAY(EOMONTH(A2,0)) -> 31 | M2: =IFERROR(_xlfn.XLOOKUP($A2,Input_Raw!$A:$A,Input_Raw!BG:BG),"") -> 7.14 | N2: =IFERROR(_xlfn.XLOOKUP($A2,Input_Raw!$A:$A,Input_Raw!BH:BH),"") -> 0 | O2: =IFERROR(P2*Q2,"") -> 1 | P2: =IFERROR(1-SUMIF(WTG_BD!$F:$F,$A2,WTG_BD!$AA:$AA)/($AA2+SUMIF(WTG_BD!$F:$F,$A2,WTG_BD!$AA:$AA)),"") -> 1 | Q2: =IFERROR(1-SUMIF(IGA_BD!$F:$F,$A2,IGA_BD!$X:$X)/($AA2+SUMIF(IGA_BD!$F:$F,$A2,IGA_BD!$X:$X)),"") -> 1 | R2: =IFERROR(1-SUMIF(Grid_BD!$F:$F,$A2,Grid_BD!$Y:$Y)/($AA2+SUMIF(Grid_BD!$F:$F,$A2,Grid_BD!$Y:$Y)),"") -> 1 | W2: =IFERROR(AA2/(24*AR2*1000),"") -> 0.45806624 | X2: =IFERROR(_xlfn.XLOOKUP($A2,Input_Raw!$A:$A,Input_Raw!$BF:$BF),"") -> 801666 | Y2: =IFERROR(_xlfn.XLOOKUP($A2,Input_Raw!$A:$A,Input_Raw!BJ:BJ),"") -> 771750 | Z2: =IFERROR(_xlfn.XLOOKUP($A2,Input_Raw!$A:$A,Input_Raw!BK:BK),"") -> 0 | AA2: =IFERROR(_xlfn.XLOOKUP($A2,Input_Raw!$A:$A,Input_Raw!BL:BL),"") -> 771750 | AB2: =IFERROR(_xlfn.XLOOKUP($A2,Input_Raw!$A:$A,Input_Raw!$BO:$BO),"") -> 70.2 | AC2: =IFERROR(_xlfn.XLOOKUP($D2,'Modelling New'!$D:$D,'Modelling New'!$J:$J),"") -> 6.89 | AD2: =IFERROR(_xlfn.XLOOKUP($D2,'Modelling New'!$D:$D,'Modelling New'!$T:$T)*1000,"") -> 632771.03 | AF2: =IFERROR(_xlfn.XLOOKUP($D2,'Modelling New'!$D:$D,'Modelling New'!$W:$W),"") -> 0.37557635 | AG2: =IFERROR(_xlfn.XLOOKUP($D2,'Modelling New'!$D:$D,'Modelling New'!$AE:$AE),"") -> 0.9603 | AH2: =IFERROR(_xlfn.XLOOKUP($D2,'Modelling New'!$D:$D,'Modelling New'!$AF:$AF),"") -> 0.995 | AI2: =IFERROR(_xlfn.XLOOKUP($A2,Input_Raw!$A:$A,Input_Raw!$BQ:$BQ),"") -> 843.53353 | AN2: =IFERROR(_xlfn.XLOOKUP($A2,Input_Raw!$A:$A,Input_Raw!$BN:$BN),"") -> 0.037317287 | AO2: =IFERROR((_xlfn.XLOOKUP($A2,'WTG Reactive Power'!$A:$A,'WTG Reactive Power'!$AE:$AE))/Table13[[#This Row],[Gen_Exp (kWh)]],"") -> 0 | AP2: =IFERROR(_xlfn.XLOOKUP($D2,'Modelling New'!$D:$D,'Modelling New'!$AK:$AK),"") -> 0.05 | AQ2: =IFERROR(_xlfn.XLOOKUP($D2,'Modelling New'!$D:$D,'Modelling New'!$AL:$AL),"") -> 0.05 | AR2: =IFERROR(_xlfn.XLOOKUP($D2,'Modelling New'!$D:$D,'Modelling New'!$N:$N),"") -> 70.2
A3: =A2+1 -> 45746 | B3: =YEAR(Table13[[#This Row],[Date]])+IF(MONTH(Table13[[#This Row],[Date]])>=4,1,0) -> 2025 | C3: =YEAR(Table13[[#This Row],[Date]]) -> 2025 | D3: =Table13[[#This Row],[Date]]-DAY(Table13[[#This Row],[Date]])+1 -> 45717 | E3: =DAY(EOMONTH(A3,0)) -> 31 | M3: =IFERROR(_xlfn.XLOOKUP($A3,Input_Raw!$A:$A,Input_Raw!BG:BG),"") -> 5.9436966 | N3: =IFERROR(_xlfn.XLOOKUP($A3,Input_Raw!$A:$A,Input_Raw!BH:BH),"") -> 0 | O3: =IFERROR(P3*Q3,"") -> 1 | P3: =IFERROR(1-SUMIF(WTG_BD!$F:$F,$A3,WTG_BD!$AA:$AA)/($AA3+SUMIF(WTG_BD!$F:$F,$A3,WTG_BD!$AA:$AA)),"") -> 1 | Q3: =IFERROR(1-SUMIF(IGA_BD!$F:$F,$A3,IGA_BD!$X:$X)/($AA3+SUMIF(IGA_BD!$F:$F,$A3,IGA_BD!$X:$X)),"") -> 1 | R3: =IFERROR(1-SUMIF(Grid_BD!$F:$F,$A3,Grid_BD!$Y:$Y)/($AA3+SUMIF(Grid_BD!$F:$F,$A3,Grid_BD!$Y:$Y)),"") -> 1 | W3: =IFERROR(AA3/(24*AR3*1000),"") -> 0.31784188 | X3: =IFERROR(_xlfn.XLOOKUP($A3,Input_Raw!$A:$A,Input_Raw!$BF:$BF),"") -> 552111 | Y3: =IFERROR(_xlfn.XLOOKUP($A3,Input_Raw!$A:$A,Input_Raw!BJ:BJ),"") -> 535500 | Z3: =IFERROR(_xlfn.XLOOKUP($A3,Input_Raw!$A:$A,Input_Raw!BK:BK),"") -> 0 | AA3: =IFERROR(_xlfn.XLOOKUP($A3,Input_Raw!$A:$A,Input_Raw!BL:BL),"") -> 535500 | AB3: =IFERROR(_xlfn.XLOOKUP($A3,Input_Raw!$A:$A,Input_Raw!$BO:$BO),"") -> 70.2 | AC3: =IFERROR(_xlfn.XLOOKUP($D3,'Modelling New'!$D:$D,'Modelling New'!$J:$J),"") -> 6.89 | AD3: =IFERROR(_xlfn.XLOOKUP($D3,'Modelling New'!$D:$D,'Modelling New'!$T:$T)*1000,"") -> 632771.03 | AF3: =IFERROR(_xlfn.XLOOKUP($D3,'Modelling New'!$D:$D,'Modelling New'!$W:$W),"") -> 0.37557635 | AG3: =IFERROR(_xlfn.XLOOKUP($D3,'Modelling New'!$D:$D,'Modelling New'!$AE:$AE),"") -> 0.9603 | AH3: =IFERROR(_xlfn.XLOOKUP($D3,'Modelling New'!$D:$D,'Modelling New'!$AF:$AF),"") -> 0.995 | AI3: =IFERROR(_xlfn.XLOOKUP($A3,Input_Raw!$A:$A,Input_Raw!$BQ:$BQ),"") -> 562.59158 | AN3: =IFERROR(_xlfn.XLOOKUP($A3,Input_Raw!$A:$A,Input_Raw!$BN:$BN),"") -> 0.030086341 | AO3: =IFERROR((_xlfn.XLOOKUP($A3,'WTG Reactive Power'!$A:$A,'WTG Reactive Power'!$AE:$AE))/Table13[[#This Row],[Gen_Exp (kWh)]],"") -> 0 | AP3: =IFERROR(_xlfn.XLOOKUP($D3,'Modelling New'!$D:$D,'Modelling New'!$AK:$AK),"") -> 0.05 | AQ3: =IFERROR(_xlfn.XLOOKUP($D3,'Modelling New'!$D:$D,'Modelling New'!$AL:$AL),"") -> 0.05 | AR3: =IFERROR(_xlfn.XLOOKUP($D3,'Modelling New'!$D:$D,'Modelling New'!$N:$N),"") -> 70.2
A4: =A3+1 -> 45747 | B4: =YEAR(Table13[[#This Row],[Date]])+IF(MONTH(Table13[[#This Row],[Date]])>=4,1,0) -> 2025 | C4: =YEAR(Table13[[#This Row],[Date]]) -> 2025 | D4: =Table13[[#This Row],[Date]]-DAY(Table13[[#This Row],[Date]])+1 -> 45717 | E4: =DAY(EOMONTH(A4,0)) -> 31 | M4: =IFERROR(_xlfn.XLOOKUP($A4,Input_Raw!$A:$A,Input_Raw!BG:BG),"") -> 6.5130021 | N4: =IFERROR(_xlfn.XLOOKUP($A4,Input_Raw!$A:$A,Input_Raw!BH:BH),"") -> 0 | O4: =IFERROR(P4*Q4,"") -> 1 | P4: =IFERROR(1-SUMIF(WTG_BD!$F:$F,$A4,WTG_BD!$AA:$AA)/($AA4+SUMIF(WTG_BD!$F:$F,$A4,WTG_BD!$AA:$AA)),"") -> 1 | Q4: =IFERROR(1-SUMIF(IGA_BD!$F:$F,$A4,IGA_BD!$X:$X)/($AA4+SUMIF(IGA_BD!$F:$F,$A4,IGA_BD!$X:$X)),"") -> 1 | R4: =IFERROR(1-SUMIF(Grid_BD!$F:$F,$A4,Grid_BD!$Y:$Y)/($AA4+SUMIF(Grid_BD!$F:$F,$A4,Grid_BD!$Y:$Y)),"") -> 1 | W4: =IFERROR(AA4/(24*AR4*1000),"") -> 0.3838141 | X4: =IFERROR(_xlfn.XLOOKUP($A4,Input_Raw!$A:$A,Input_Raw!$BF:$BF),"") -> 667722 | Y4: =IFERROR(_xlfn.XLOOKUP($A4,Input_Raw!$A:$A,Input_Raw!BJ:BJ),"") -> 646650 | Z4: =IFERROR(_xlfn.XLOOKUP($A4,Input_Raw!$A:$A,Input_Raw!BK:BK),"") -> 0 | AA4: =IFERROR(_xlfn.XLOOKUP($A4,Input_Raw!$A:$A,Input_Raw!BL:BL),"") -> 646650 | AB4: =IFERROR(_xlfn.XLOOKUP($A4,Input_Raw!$A:$A,Input_Raw!$BO:$BO),"") -> 70.2 | AC4: =IFERROR(_xlfn.XLOOKUP($D4,'Modelling New'!$D:$D,'Modelling New'!$J:$J),"") -> 6.89 | AD4: =IFERROR(_xlfn.XLOOKUP($D4,'Modelling New'!$D:$D,'Modelling New'!$T:$T)*1000,"") -> 632771.03 | AF4: =IFERROR(_xlfn.XLOOKUP($D4,'Modelling New'!$D:$D,'Modelling New'!$W:$W),"") -> 0.37557635 | AG4: =IFERROR(_xlfn.XLOOKUP($D4,'Modelling New'!$D:$D,'Modelling New'!$AE:$AE),"") -> 0.9603 | AH4: =IFERROR(_xlfn.XLOOKUP($D4,'Modelling New'!$D:$D,'Modelling New'!$AF:$AF),"") -> 0.995 | AI4: =IFERROR(_xlfn.XLOOKUP($A4,Input_Raw!$A:$A,Input_Raw!$BQ:$BQ),"") -> 675.40492 | AN4: =IFERROR(_xlfn.XLOOKUP($A4,Input_Raw!$A:$A,Input_Raw!$BN:$BN),"") -> 0.031558044 | AO4: =IFERROR((_xlfn.XLOOKUP($A4,'WTG Reactive Power'!$A:$A,'WTG Reactive Power'!$AE:$AE))/Table13[[#This Row],[Gen_Exp (kWh)]],"") -> 0 | AP4: =IFERROR(_xlfn.XLOOKUP($D4,'Modelling New'!$D:$D,'Modelling New'!$AK:$AK),"") -> 0.05 | AQ4: =IFERROR(_xlfn.XLOOKUP($D4,'Modelling New'!$D:$D,'Modelling New'!$AL:$AL),"") -> 0.05 | AR4: =IFERROR(_xlfn.XLOOKUP($D4,'Modelling New'!$D:$D,'Modelling New'!$N:$N),"") -> 70.2
A5: =A4+1 -> 45748 | B5: =YEAR(Table13[[#This Row],[Date]])+IF(MONTH(Table13[[#This Row],[Date]])>=4,1,0) -> 2026 | C5: =YEAR(Table13[[#This Row],[Date]]) -> 2025 | D5: =Table13[[#This Row],[Date]]-DAY(Table13[[#This Row],[Date]])+1 -> 45748 | E5: =DAY(EOMONTH(A5,0)) -> 30 | M5: =IFERROR(_xlfn.XLOOKUP($A5,Input_Raw!$A:$A,Input_Raw!BG:BG),"") -> 6.0269097 | N5: =IFERROR(_xlfn.XLOOKUP($A5,Input_Raw!$A:$A,Input_Raw!BH:BH),"") -> 0 | O5: =IFERROR(P5*Q5,"") -> 0.98286451 | P5: =IFERROR(1-SUMIF(WTG_BD!$F:$F,$A5,WTG_BD!$AA:$AA)/($AA5+SUMIF(WTG_BD!$F:$F,$A5,WTG_BD!$AA:$AA)),"") -> 0.98286451 | Q5: =IFERROR(1-SUMIF(IGA_BD!$F:$F,$A5,IGA_BD!$X:$X)/($AA5+SUMIF(IGA_BD!$F:$F,$A5,IGA_BD!$X:$X)),"") -> 1 | R5: =IFERROR(1-SUMIF(Grid_BD!$F:$F,$A5,Grid_BD!$Y:$Y)/($AA5+SUMIF(Grid_BD!$F:$F,$A5,Grid_BD!$Y:$Y)),"") -> 1 | W5: =IFERROR(AA5/(24*AR5*1000),"") -> 0.31196581 | X5: =IFERROR(_xlfn.XLOOKUP($A5,Input_Raw!$A:$A,Input_Raw!$BF:$BF),"") -> 544118 | Y5: =IFERROR(_xlfn.XLOOKUP($A5,Input_Raw!$A:$A,Input_Raw!BJ:BJ),"") -> 525600 | Z5: =IFERROR(_xlfn.XLOOKUP($A5,Input_Raw!$A:$A,Input_Raw!BK:BK),"") -> 0 | AA5: =IFERROR(_xlfn.XLOOKUP($A5,Input_Raw!$A:$A,Input_Raw!BL:BL),"") -> 525600 | AB5: =IFERROR(_xlfn.XLOOKUP($A5,Input_Raw!$A:$A,Input_Raw!$BO:$BO),"") -> 70.2 | AC5: =IFERROR(_xlfn.XLOOKUP($D5,'Modelling New'!$D:$D,'Modelling New'!$J:$J),"") -> 6.65 | AD5: =IFERROR(_xlfn.XLOOKUP($D5,'Modelling New'!$D:$D,'Modelling New'!$T:$T)*1000,"") -> 697760.54 | AF5: =IFERROR(_xlfn.XLOOKUP($D5,'Modelling New'!$D:$D,'Modelling New'!$W:$W),"") -> 0.41415037 | AG5: =IFERROR(_xlfn.XLOOKUP($D5,'Modelling New'!$D:$D,'Modelling New'!$AE:$AE),"") -> 0.9603 | AH5: =IFERROR(_xlfn.XLOOKUP($D5,'Modelling New'!$D:$D,'Modelling New'!$AF:$AF),"") -> 0.995 | AI5: =IFERROR(_xlfn.XLOOKUP($A5,Input_Raw!$A:$A,Input_Raw!$BQ:$BQ),"") -> 664.42114 | AN5: =IFERROR(_xlfn.XLOOKUP($A5,Input_Raw!$A:$A,Input_Raw!$BN:$BN),"") -> 0.034033059 | AO5: =IFERROR((_xlfn.XLOOKUP($A5,'WTG Reactive Power'!$A:$A,'WTG Reactive Power'!$AE:$AE))/Table13[[#This Row],[Gen_Exp (kWh)]],"") -> 0 | AP5: =IFERROR(_xlfn.XLOOKUP($D5,'Modelling New'!$D:$D,'Modelling New'!$AK:$AK),"") -> 0.05 | AQ5: =IFERROR(_xlfn.XLOOKUP($D5,'Modelling New'!$D:$D,'Modelling New'!$AL:$AL),"") -> 0.05 | AR5: =IFERROR(_xlfn.XLOOKUP($D5,'Modelling New'!$D:$D,'Modelling New'!$N:$N),"") -> 70.2
A6: =A5+1 -> 45749 | B6: =YEAR(Table13[[#This Row],[Date]])+IF(MONTH(Table13[[#This Row],[Date]])>=4,1,0) -> 2026 | C6: =YEAR(Table13[[#This Row],[Date]]) -> 2025 | D6: =Table13[[#This Row],[Date]]-DAY(Table13[[#This Row],[Date]])+1 -> 45748 | E6: =DAY(EOMONTH(A6,0)) -> 30 | M6: =IFERROR(_xlfn.XLOOKUP($A6,Input_Raw!$A:$A,Input_Raw!BG:BG),"") -> 4.4381926 | N6: =IFERROR(_xlfn.XLOOKUP($A6,Input_Raw!$A:$A,Input_Raw!BH:BH),"") -> 0 | O6: =IFERROR(P6*Q6,"") -> 0.98144557 | P6: =IFERROR(1-SUMIF(WTG_BD!$F:$F,$A6,WTG_BD!$AA:$AA)/($AA6+SUMIF(WTG_BD!$F:$F,$A6,WTG_BD!$AA:$AA)),"") -> 0.98144557 | Q6: =IFERROR(1-SUMIF(IGA_BD!$F:$F,$A6,IGA_BD!$X:$X)/($AA6+SUMIF(IGA_BD!$F:$F,$A6,IGA_BD!$X:$X)),"") -> 1 | R6: =IFERROR(1-SUMIF(Grid_BD!$F:$F,$A6,Grid_BD!$Y:$Y)/($AA6+SUMIF(Grid_BD!$F:$F,$A6,Grid_BD!$Y:$Y)),"") -> 1 | W6: =IFERROR(AA6/(24*AR6*1000),"") -> 0.16372863 | X6: =IFERROR(_xlfn.XLOOKUP($A6,Input_Raw!$A:$A,Input_Raw!$BF:$BF),"") -> 285682 | Y6: =IFERROR(_xlfn.XLOOKUP($A6,Input_Raw!$A:$A,Input_Raw!BJ:BJ),"") -> 275850 | Z6: =IFERROR(_xlfn.XLOOKUP($A6,Input_Raw!$A:$A,Input_Raw!BK:BK),"") -> 0 | AA6: =IFERROR(_xlfn.XLOOKUP($A6,Input_Raw!$A:$A,Input_Raw!BL:BL),"") -> 275850 | AB6: =IFERROR(_xlfn.XLOOKUP($A6,Input_Raw!$A:$A,Input_Raw!$BO:$BO),"") -> 70.2 | AC6: =IFERROR(_xlfn.XLOOKUP($D6,'Modelling New'!$D:$D,'Modelling New'!$J:$J),"") -> 6.65 | AD6: =IFERROR(_xlfn.XLOOKUP($D6,'Modelling New'!$D:$D,'Modelling New'!$T:$T)*1000,"") -> 697760.54 | AF6: =IFERROR(_xlfn.XLOOKUP($D6,'Modelling New'!$D:$D,'Modelling New'!$W:$W),"") -> 0.41415037 | AG6: =IFERROR(_xlfn.XLOOKUP($D6,'Modelling New'!$D:$D,'Modelling New'!$AE:$AE),"") -> 0.9603 | AH6: =IFERROR(_xlfn.XLOOKUP($D6,'Modelling New'!$D:$D,'Modelling New'!$AF:$AF),"") -> 0.995 | AI6: =IFERROR(_xlfn.XLOOKUP($A6,Input_Raw!$A:$A,Input_Raw!$BQ:$BQ),"") -> 294.64036 | AN6: =IFERROR(_xlfn.XLOOKUP($A6,Input_Raw!$A:$A,Input_Raw!$BN:$BN),"") -> 0.034415889 | AO6: =IFERROR((_xlfn.XLOOKUP($A6,'WTG Reactive Power'!$A:$A,'WTG Reactive Power'!$AE:$AE))/Table13[[#This Row],[Gen_Exp (kWh)]],"") -> 0 | AP6: =IFERROR(_xlfn.XLOOKUP($D6,'Modelling New'!$D:$D,'Modelling New'!$AK:$AK),"") -> 0.05 | AQ6: =IFERROR(_xlfn.XLOOKUP($D6,'Modelling New'!$D:$D,'Modelling New'!$AL:$AL),"") -> 0.05 | AR6: =IFERROR(_xlfn.XLOOKUP($D6,'Modelling New'!$D:$D,'Modelling New'!$N:$N),"") -> 70.2
A7: =A6+1 -> 45750 | B7: =YEAR(Table13[[#This Row],[Date]])+IF(MONTH(Table13[[#This Row],[Date]])>=4,1,0) -> 2026 | C7: =YEAR(Table13[[#This Row],[Date]]) -> 2025 | D7: =Table13[[#This Row],[Date]]-DAY(Table13[[#This Row],[Date]])+1 -> 45748 | E7: =DAY(EOMONTH(A7,0)) -> 30 | M7: =IFERROR(_xlfn.XLOOKUP($A7,Input_Raw!$A:$A,Input_Raw!BG:BG),"") -> 4.8481903 | N7: =IFERROR(_xlfn.XLOOKUP($A7,Input_Raw!$A:$A,Input_Raw!BH:BH),"") -> 0 | O7: =IFERROR(P7*Q7,"") -> 0.97615985 | P7: =IFERROR(1-SUMIF(WTG_BD!$F:$F,$A7,WTG_BD!$AA:$AA)/($AA7+SUMIF(WTG_BD!$F:$F,$A7,WTG_BD!$AA:$AA)),"") -> 0.97651772 | Q7: =IFERROR(1-SUMIF(IGA_BD!$F:$F,$A7,IGA_BD!$X:$X)/($AA7+SUMIF(IGA_BD!$F:$F,$A7,IGA_BD!$X:$X)),"") -> 0.99963353 | R7: =IFERROR(1-SUMIF(Grid_BD!$F:$F,$A7,Grid_BD!$Y:$Y)/($AA7+SUMIF(Grid_BD!$F:$F,$A7,Grid_BD!$Y:$Y)),"") -> 1 | W7: =IFERROR(AA7/(24*AR7*1000),"") -> 0.20512821 | X7: =IFERROR(_xlfn.XLOOKUP($A7,Input_Raw!$A:$A,Input_Raw!$BF:$BF),"") -> 357239 | Y7: =IFERROR(_xlfn.XLOOKUP($A7,Input_Raw!$A:$A,Input_Raw!BJ:BJ),"") -> 346050 | Z7: =IFERROR(_xlfn.XLOOKUP($A7,Input_Raw!$A:$A,Input_Raw!BK:BK),"") -> 450 | AA7: =IFERROR(_xlfn.XLOOKUP($A7,Input_Raw!$A:$A,Input_Raw!BL:BL),"") -> 345600 | AB7: =IFERROR(_xlfn.XLOOKUP($A7,Input_Raw!$A:$A,Input_Raw!$BO:$BO),"") -> 70.2 | AC7: =IFERROR(_xlfn.XLOOKUP($D7,'Modelling New'!$D:$D,'Modelling New'!$J:$J),"") -> 6.65 | AD7: =IFERROR(_xlfn.XLOOKUP($D7,'Modelling New'!$D:$D,'Modelling New'!$T:$T)*1000,"") -> 697760.54 | AF7: =IFERROR(_xlfn.XLOOKUP($D7,'Modelling New'!$D:$D,'Modelling New'!$W:$W),"") -> 0.41415037 | AG7: =IFERROR(_xlfn.XLOOKUP($D7,'Modelling New'!$D:$D,'Modelling New'!$AE:$AE),"") -> 0.9603 | AH7: =IFERROR(_xlfn.XLOOKUP($D7,'Modelling New'!$D:$D,'Modelling New'!$AF:$AF),"") -> 0.995 | AI7: =IFERROR(_xlfn.XLOOKUP($A7,Input_Raw!$A:$A,Input_Raw!$BQ:$BQ),"") -> 371.21 | AN7: =IFERROR(_xlfn.XLOOKUP($A7,Input_Raw!$A:$A,Input_Raw!$BN:$BN),"") -> 0.031320768 | AO7: =IFERROR((_xlfn.XLOOKUP($A7,'WTG Reactive Power'!$A:$A,'WTG Reactive Power'!$AE:$AE))/Table13[[#This Row],[Gen_Exp (kWh)]],"") -> 0 | AP7: =IFERROR(_xlfn.XLOOKUP($D7,'Modelling New'!$D:$D,'Modelling New'!$AK:$AK),"") -> 0.05 | AQ7: =IFERROR(_xlfn.XLOOKUP($D7,'Modelling New'!$D:$D,'Modelling New'!$AL:$AL),"") -> 0.05 | AR7: =IFERROR(_xlfn.XLOOKUP($D7,'Modelling New'!$D:$D,'Modelling New'!$N:$N),"") -> 70.2
A8: =A7+1 -> 45751 | B8: =YEAR(Table13[[#This Row],[Date]])+IF(MONTH(Table13[[#This Row],[Date]])>=4,1,0) -> 2026 | C8: =YEAR(Table13[[#This Row],[Date]]) -> 2025 | D8: =Table13[[#This Row],[Date]]-DAY(Table13[[#This Row],[Date]])+1 -> 45748 | E8: =DAY(EOMONTH(A8,0)) -> 30 | M8: =IFERROR(_xlfn.XLOOKUP($A8,Input_Raw!$A:$A,Input_Raw!BG:BG),"") -> 4.2849993 | N8: =IFERROR(_xlfn.XLOOKUP($A8,Input_Raw!$A:$A,Input_Raw!BH:BH),"") -> 0 | O8: =IFERROR(P8*Q8,"") -> 0.9759052 | P8: =IFERROR(1-SUMIF(WTG_BD!$F:$F,$A8,WTG_BD!$AA:$AA)/($AA8+SUMIF(WTG_BD!$F:$F,$A8,WTG_BD!$AA:$AA)),"") -> 0.9759052 | Q8: =IFERROR(1-SUMIF(IGA_BD!$F:$F,$A8,IGA_BD!$X:$X)/($AA8+SUMIF(IGA_BD!$F:$F,$A8,IGA_BD!$X:$X)),"") -> 1 | R8: =IFERROR(1-SUMIF(Grid_BD!$F:$F,$A8,Grid_BD!$Y:$Y)/($AA8+SUMIF(Grid_BD!$F:$F,$A8,Grid_BD!$Y:$Y)),"") -> 1 | W8: =IFERROR(AA8/(24*AR8*1000),"") -> 0.15251068 | X8: =IFERROR(_xlfn.XLOOKUP($A8,Input_Raw!$A:$A,Input_Raw!$BF:$BF),"") -> 269263 | Y8: =IFERROR(_xlfn.XLOOKUP($A8,Input_Raw!$A:$A,Input_Raw!BJ:BJ),"") -> 257400 | Z8: =IFERROR(_xlfn.XLOOKUP($A8,Input_Raw!$A:$A,Input_Raw!BK:BK),"") -> 450 | AA8: =IFERROR(_xlfn.XLOOKUP($A8,Input_Raw!$A:$A,Input_Raw!BL:BL),"") -> 256950 | AB8: =IFERROR(_xlfn.XLOOKUP($A8,Input_Raw!$A:$A,Input_Raw!$BO:$BO),"") -> 70.2 | AC8: =IFERROR(_xlfn.XLOOKUP($D8,'Modelling New'!$D:$D,'Modelling New'!$J:$J),"") -> 6.65 | AD8: =IFERROR(_xlfn.XLOOKUP($D8,'Modelling New'!$D:$D,'Modelling New'!$T:$T)*1000,"") -> 697760.54 | AF8: =IFERROR(_xlfn.XLOOKUP($D8,'Modelling New'!$D:$D,'Modelling New'!$W:$W),"") -> 0.41415037 | AG8: =IFERROR(_xlfn.XLOOKUP($D8,'Modelling New'!$D:$D,'Modelling New'!$AE:$AE),"") -> 0.9603 | AH8: =IFERROR(_xlfn.XLOOKUP($D8,'Modelling New'!$D:$D,'Modelling New'!$AF:$AF),"") -> 0.995 | AI8: =IFERROR(_xlfn.XLOOKUP($A8,Input_Raw!$A:$A,Input_Raw!$BQ:$BQ),"") -> 281.07 | AN8: =IFERROR(_xlfn.XLOOKUP($A8,Input_Raw!$A:$A,Input_Raw!$BN:$BN),"") -> 0.044057297 | AO8: =IFERROR((_xlfn.XLOOKUP($A8,'WTG Reactive Power'!$A:$A,'WTG Reactive Power'!$AE:$AE))/Table13[[#This Row],[Gen_Exp (kWh)]],"") -> 0.0048463398 | AP8: =IFERROR(_xlfn.XLOOKUP($D8,'Modelling New'!$D:$D,'Modelling New'!$AK:$AK),"") -> 0.05 | AQ8: =IFERROR(_xlfn.XLOOKUP($D8,'Modelling New'!$D:$D,'Modelling New'!$AL:$AL),"") -> 0.05 | AR8: =IFERROR(_xlfn.XLOOKUP($D8,'Modelling New'!$D:$D,'Modelling New'!$N:$N),"") -> 70.2
A9: =A8+1 -> 45752 | B9: =YEAR(Table13[[#This Row],[Date]])+IF(MONTH(Table13[[#This Row],[Date]])>=4,1,0) -> 2026 | C9: =YEAR(Table13[[#This Row],[Date]]) -> 2025 | D9: =Table13[[#This Row],[Date]]-DAY(Table13[[#This Row],[Date]])+1 -> 45748 | E9: =DAY(EOMONTH(A9,0)) -> 30 | M9: =IFERROR(_xlfn.XLOOKUP($A9,Input_Raw!$A:$A,Input_Raw!BG:BG),"") -> 4.3638956 | N9: =IFERROR(_xlfn.XLOOKUP($A9,Input_Raw!$A:$A,Input_Raw!BH:BH),"") -> 0 | O9: =IFERROR(P9*Q9,"") -> 0.94684073 | P9: =IFERROR(1-SUMIF(WTG_BD!$F:$F,$A9,WTG_BD!$AA:$AA)/($AA9+SUMIF(WTG_BD!$F:$F,$A9,WTG_BD!$AA:$AA)),"") -> 0.9560255 | Q9: =IFERROR(1-SUMIF(IGA_BD!$F:$F,$A9,IGA_BD!$X:$X)/($AA9+SUMIF(IGA_BD!$F:$F,$A9,IGA_BD!$X:$X)),"") -> 0.99039276 | R9: =IFERROR(1-SUMIF(Grid_BD!$F:$F,$A9,Grid_BD!$Y:$Y)/($AA9+SUMIF(Grid_BD!$F:$F,$A9,Grid_BD!$Y:$Y)),"") -> 1 | W9: =IFERROR(AA9/(24*AR9*1000),"") -> 0.12713675 | X9: =IFERROR(_xlfn.XLOOKUP($A9,Input_Raw!$A:$A,Input_Raw!$BF:$BF),"") -> 223271 | Y9: =IFERROR(_xlfn.XLOOKUP($A9,Input_Raw!$A:$A,Input_Raw!BJ:BJ),"") -> 214200 | Z9: =IFERROR(_xlfn.XLOOKUP($A9,Input_Raw!$A:$A,Input_Raw!BK:BK),"") -> 0 | AA9: =IFERROR(_xlfn.XLOOKUP($A9,Input_Raw!$A:$A,Input_Raw!BL:BL),"") -> 214200 | AB9: =IFERROR(_xlfn.XLOOKUP($A9,Input_Raw!$A:$A,Input_Raw!$BO:$BO),"") -> 70.2 | AC9: =IFERROR(_xlfn.XLOOKUP($D9,'Modelling New'!$D:$D,'Modelling New'!$J:$J),"") -> 6.65 | AD9: =IFERROR(_xlfn.XLOOKUP($D9,'Modelling New'!$D:$D,'Modelling New'!$T:$T)*1000,"") -> 697760.54 | AF9: =IFERROR(_xlfn.XLOOKUP($D9,'Modelling New'!$D:$D,'Modelling New'!$W:$W),"") -> 0.41415037 | AG9: =IFERROR(_xlfn.XLOOKUP($D9,'Modelling New'!$D:$D,'Modelling New'!$AE:$AE),"") -> 0.9603 | AH9: =IFERROR(_xlfn.XLOOKUP($D9,'Modelling New'!$D:$D,'Modelling New'!$AF:$AF),"") -> 0.995 | AI9: =IFERROR(_xlfn.XLOOKUP($A9,Input_Raw!$A:$A,Input_Raw!$BQ:$BQ),"") -> 230.95 | AN9: =IFERROR(_xlfn.XLOOKUP($A9,Input_Raw!$A:$A,Input_Raw!$BN:$BN),"") -> 0.040627757 | AO9: =IFERROR((_xlfn.XLOOKUP($A9,'WTG Reactive Power'!$A:$A,'WTG Reactive Power'!$AE:$AE))/Table13[[#This Row],[Gen_Exp (kWh)]],"") -> 0.0040303488 | AP9: =IFERROR(_xlfn.XLOOKUP($D9,'Modelling New'!$D:$D,'Modelling New'!$AK:$AK),"") -> 0.05 | AQ9: =IFERROR(_xlfn.XLOOKUP($D9,'Modelling New'!$D:$D,'Modelling New'!$AL:$AL),"") -> 0.05 | AR9: =IFERROR(_xlfn.XLOOKUP($D9,'Modelling New'!$D:$D,'Modelling New'!$N:$N),"") -> 70.2
A10: =A9+1 -> 45753 | B10: =YEAR(Table13[[#This Row],[Date]])+IF(MONTH(Table13[[#This Row],[Date]])>=4,1,0) -> 2026 | C10: =YEAR(Table13[[#This Row],[Date]]) -> 2025 | D10: =Table13[[#This Row],[Date]]-DAY(Table13[[#This Row],[Date]])+1 -> 45748 | E10: =DAY(EOMONTH(A10,0)) -> 30 | M10: =IFERROR(_xlfn.XLOOKUP($A10,Input_Raw!$A:$A,Input_Raw!BG:BG),"") -> 6.4385764 | N10: =IFERROR(_xlfn.XLOOKUP($A10,Input_Raw!$A:$A,Input_Raw!BH:BH),"") -> 0 | O10: =IFERROR(P10*Q10,"") -> 0.98397972 | P10: =IFERROR(1-SUMIF(WTG_BD!$F:$F,$A10,WTG_BD!$AA:$AA)/($AA10+SUMIF(WTG_BD!$F:$F,$A10,WTG_BD!$AA:$AA)),"") -> 0.98397972 | Q10: =IFERROR(1-SUMIF(IGA_BD!$F:$F,$A10,IGA_BD!$X:$X)/($AA10+SUMIF(IGA_BD!$F:$F,$A10,IGA_BD!$X:$X)),"") -> 1 | R10: =IFERROR(1-SUMIF(Grid_BD!$F:$F,$A10,Grid_BD!$Y:$Y)/($AA10+SUMIF(Grid_BD!$F:$F,$A10,Grid_BD!$Y:$Y)),"") -> 1 | W10: =IFERROR(AA10/(24*AR10*1000),"") -> 0.35790598 | X10: =IFERROR(_xlfn.XLOOKUP($A10,Input_Raw!$A:$A,Input_Raw!$BF:$BF),"") -> 620284 | Y10: =IFERROR(_xlfn.XLOOKUP($A10,Input_Raw!$A:$A,Input_Raw!BJ:BJ),"") -> 603000 | Z10: =IFERROR(_xlfn.XLOOKUP($A10,Input_Raw!$A:$A,Input_Raw!BK:BK),"") -> 0 | AA10: =IFERROR(_xlfn.XLOOKUP($A10,Input_Raw!$A:$A,Input_Raw!BL:BL),"") -> 603000 | AB10: =IFERROR(_xlfn.XLOOKUP($A10,Input_Raw!$A:$A,Input_Raw!$BO:$BO),"") -> 70.2 | AC10: =IFERROR(_xlfn.XLOOKUP($D10,'Modelling New'!$D:$D,'Modelling New'!$J:$J),"") -> 6.65 | AD10: =IFERROR(_xlfn.XLOOKUP($D10,'Modelling New'!$D:$D,'Modelling New'!$T:$T)*1000,"") -> 697760.54 | AF10: =IFERROR(_xlfn.XLOOKUP($D10,'Modelling New'!$D:$D,'Modelling New'!$W:$W),"") -> 0.41415037 | AG10: =IFERROR(_xlfn.XLOOKUP($D10,'Modelling New'!$D:$D,'Modelling New'!$AE:$AE),"") -> 0.9603 | AH10: =IFERROR(_xlfn.XLOOKUP($D10,'Modelling New'!$D:$D,'Modelling New'!$AF:$AF),"") -> 0.995 | AI10: =IFERROR(_xlfn.XLOOKUP($A10,Input_Raw!$A:$A,Input_Raw!$BQ:$BQ),"") -> 667.03 | AN10: =IFERROR(_xlfn.XLOOKUP($A10,Input_Raw!$A:$A,Input_Raw!$BN:$BN),"") -> 0.027864656 | AO10: =IFERROR((_xlfn.XLOOKUP($A10,'WTG Reactive Power'!$A:$A,'WTG Reactive Power'!$AE:$AE))/Table13[[#This Row],[Gen_Exp (kWh)]],"") -> 0.0050781577 | AP10: =IFERROR(_xlfn.XLOOKUP($D10,'Modelling New'!$D:$D,'Modelling New'!$AK:$AK),"") -> 0.05 | AQ10: =IFERROR(_xlfn.XLOOKUP($D10,'Modelling New'!$D:$D,'Modelling New'!$AL:$AL),"") -> 0.05 | AR10: =IFERROR(_xlfn.XLOOKUP($D10,'Modelling New'!$D:$D,'Modelling New'!$N:$N),"") -> 70.2
A11: =A10+1 -> 45754 | B11: =YEAR(Table13[[#This Row],[Date]])+IF(MONTH(Table13[[#This Row],[Date]])>=4,1,0) -> 2026 | C11: =YEAR(Table13[[#This Row],[Date]]) -> 2025 | D11: =Table13[[#This Row],[Date]]-DAY(Table13[[#This Row],[Date]])+1 -> 45748 | E11: =DAY(EOMONTH(A11,0)) -> 30 | M11: =IFERROR(_xlfn.XLOOKUP($A11,Input_Raw!$A:$A,Input_Raw!BG:BG),"") -> 7.1744298 | N11: =IFERROR(_xlfn.XLOOKUP($A11,Input_Raw!$A:$A,Input_Raw!BH:BH),"") -> 0 | O11: =IFERROR(P11*Q11,"") -> 0.96775065 | P11: =IFERROR(1-SUMIF(WTG_BD!$F:$F,$A11,WTG_BD!$AA:$AA)/($AA11+SUMIF(WTG_BD!$F:$F,$A11,WTG_BD!$AA:$AA)),"") -> 0.9754159 | Q11: =IFERROR(1-SUMIF(IGA_BD!$F:$F,$A11,IGA_BD!$X:$X)/($AA11+SUMIF(IGA_BD!$F:$F,$A11,IGA_BD!$X:$X)),"") -> 0.99214155 | R11: =IFERROR(1-SUMIF(Grid_BD!$F:$F,$A11,Grid_BD!$Y:$Y)/($AA11+SUMIF(Grid_BD!$F:$F,$A11,Grid_BD!$Y:$Y)),"") -> 1 | W11: =IFERROR(AA11/(24*AR11*1000),"") -> 0.47649573 | X11: =IFERROR(_xlfn.XLOOKUP($A11,Input_Raw!$A:$A,Input_Raw!$BF:$BF),"") -> 834723 | Y11: =IFERROR(_xlfn.XLOOKUP($A11,Input_Raw!$A:$A,Input_Raw!BJ:BJ),"") -> 802800 | Z11: =IFERROR(_xlfn.XLOOKUP($A11,Input_Raw!$A:$A,Input_Raw!BK:BK),"") -> 0 | AA11: =IFERROR(_xlfn.XLOOKUP($A11,Input_Raw!$A:$A,Input_Raw!BL:BL),"") -> 802800 | AB11: =IFERROR(_xlfn.XLOOKUP($A11,Input_Raw!$A:$A,Input_Raw!$BO:$BO),"") -> 70.2 | AC11: =IFERROR(_xlfn.XLOOKUP($D11,'Modelling New'!$D:$D,'Modelling New'!$J:$J),"") -> 6.65 | AD11: =IFERROR(_xlfn.XLOOKUP($D11,'Modelling New'!$D:$D,'Modelling New'!$T:$T)*1000,"") -> 697760.54 | AF11: =IFERROR(_xlfn.XLOOKUP($D11,'Modelling New'!$D:$D,'Modelling New'!$W:$W),"") -> 0.41415037 | AG11: =IFERROR(_xlfn.XLOOKUP($D11,'Modelling New'!$D:$D,'Modelling New'!$AE:$AE),"") -> 0.9603 | AH11: =IFERROR(_xlfn.XLOOKUP($D11,'Modelling New'!$D:$D,'Modelling New'!$AF:$AF),"") -> 0.995 | AI11: =IFERROR(_xlfn.XLOOKUP($A11,Input_Raw!$A:$A,Input_Raw!$BQ:$BQ),"") -> 890.54 | AN11: =IFERROR(_xlfn.XLOOKUP($A11,Input_Raw!$A:$A,Input_Raw!$BN:$BN),"") -> 0.038243825 | AO11: =IFERROR((_xlfn.XLOOKUP($A11,'WTG Reactive Power'!$A:$A,'WTG Reactive Power'!$AE:$AE))/Table13[[#This Row],[Gen_Exp (kWh)]],"") -> 0.038275979 | AP11: =IFERROR(_xlfn.XLOOKUP($D11,'Modelling New'!$D:$D,'Modelling New'!$AK:$AK),"") -> 0.05 | AQ11: =IFERROR(_xlfn.XLOOKUP($D11,'Modelling New'!$D:$D,'Modelling New'!$AL:$AL),"") -> 0.05 | AR11: =IFERROR(_xlfn.XLOOKUP($D11,'Modelling New'!$D:$D,'Modelling New'!$N:$N),"") -> 70.2
A12: =A11+1 -> 45755 | B12: =YEAR(Table13[[#This Row],[Date]])+IF(MONTH(Table13[[#This Row],[Date]])>=4,1,0) -> 2026 | C12: =YEAR(Table13[[#This Row],[Date]]) -> 2025 | D12: =Table13[[#This Row],[Date]]-DAY(Table13[[#This Row],[Date]])+1 -> 45748 | E12: =DAY(EOMONTH(A12,0)) -> 30 | M12: =IFERROR(_xlfn.XLOOKUP($A12,Input_Raw!$A:$A,Input_Raw!BG:BG),"") -> 7.079092 | N12: =IFERROR(_xlfn.XLOOKUP($A12,Input_Raw!$A:$A,Input_Raw!BH:BH),"") -> 0 | O12: =IFERROR(P12*Q12,"") -> 0.97183445 | P12: =IFERROR(1-SUMIF(WTG_BD!$F:$F,$A12,WTG_BD!$AA:$AA)/($AA12+SUMIF(WTG_BD!$F:$F,$A12,WTG_BD!$AA:$AA)),"") -> 0.97183445 | Q12: =IFERROR(1-SUMIF(IGA_BD!$F:$F,$A12,IGA_BD!$X:$X)/($AA12+SUMIF(IGA_BD!$F:$F,$A12,IGA_BD!$X:$X)),"") -> 1 | R12: =IFERROR(1-SUMIF(Grid_BD!$F:$F,$A12,Grid_BD!$Y:$Y)/($AA12+SUMIF(Grid_BD!$F:$F,$A12,Grid_BD!$Y:$Y)),"") -> 1 | W12: =IFERROR(AA12/(24*AR12*1000),"") -> 0.47088675 | X12: =IFERROR(_xlfn.XLOOKUP($A12,Input_Raw!$A:$A,Input_Raw!$BF:$BF),"") -> 823138 | Y12: =IFERROR(_xlfn.XLOOKUP($A12,Input_Raw!$A:$A,Input_Raw!BJ:BJ),"") -> 793800 | Z12: =IFERROR(_xlfn.XLOOKUP($A12,Input_Raw!$A:$A,Input_Raw!BK:BK),"") -> 450 | AA12: =IFERROR(_xlfn.XLOOKUP($A12,Input_Raw!$A:$A,Input_Raw!BL:BL),"") -> 793350 | AB12: =IFERROR(_xlfn.XLOOKUP($A12,Input_Raw!$A:$A,Input_Raw!$BO:$BO),"") -> 70.2 | AC12: =IFERROR(_xlfn.XLOOKUP($D12,'Modelling New'!$D:$D,'Modelling New'!$J:$J),"") -> 6.65 | AD12: =IFERROR(_xlfn.XLOOKUP($D12,'Modelling New'!$D:$D,'Modelling New'!$T:$T)*1000,"") -> 697760.54 | AF12: =IFERROR(_xlfn.XLOOKUP($D12,'Modelling New'!$D:$D,'Modelling New'!$W:$W),"") -> 0.41415037 | AG12: =IFERROR(_xlfn.XLOOKUP($D12,'Modelling New'!$D:$D,'Modelling New'!$AE:$AE),"") -> 0.9603 | AH12: =IFERROR(_xlfn.XLOOKUP($D12,'Modelling New'!$D:$D,'Modelling New'!$AF:$AF),"") -> 0.995 | AI12: =IFERROR(_xlfn.XLOOKUP($A12,Input_Raw!$A:$A,Input_Raw!$BQ:$BQ),"") -> 885.16 | AN12: =IFERROR(_xlfn.XLOOKUP($A12,Input_Raw!$A:$A,Input_Raw!$BN:$BN),"") -> 0.035641654 | AO12: =IFERROR((_xlfn.XLOOKUP($A12,'WTG Reactive Power'!$A:$A,'WTG Reactive Power'!$AE:$AE))/Table13[[#This Row],[Gen_Exp (kWh)]],"") -> 0.003279936 | AP12: =IFERROR(_xlfn.XLOOKUP($D12,'Modelling New'!$D:$D,'Modelling New'!$AK:$AK),"") -> 0.05 | AQ12: =IFERROR(_xlfn.XLOOKUP($D12,'Modelling New'!$D:$D,'Modelling New'!$AL:$AL),"") -> 0.05 | AR12: =IFERROR(_xlfn.XLOOKUP($D12,'Modelling New'!$D:$D,'Modelling New'!$N:$N),"") -> 70.2
A13: =A12+1 -> 45756 | B13: =YEAR(Table13[[#This Row],[Date]])+IF(MONTH(Table13[[#This Row],[Date]])>=4,1,0) -> 2026 | C13: =YEAR(Table13[[#This Row],[Date]]) -> 2025 | D13: =Table13[[#This Row],[Date]]-DAY(Table13[[#This Row],[Date]])+1 -> 45748 | E13: =DAY(EOMONTH(A13,0)) -> 30 | M13: =IFERROR(_xlfn.XLOOKUP($A13,Input_Raw!$A:$A,Input_Raw!BG:BG),"") -> 7.08996 | N13: =IFERROR(_xlfn.XLOOKUP($A13,Input_Raw!$A:$A,Input_Raw!BH:BH),"") -> 0 | O13: =IFERROR(P13*Q13,"") -> 0.98745154 | P13: =IFERROR(1-SUMIF(WTG_BD!$F:$F,$A13,WTG_BD!$AA:$AA)/($AA13+SUMIF(WTG_BD!$F:$F,$A13,WTG_BD!$AA:$AA)),"") -> 0.98745154 | Q13: =IFERROR(1-SUMIF(IGA_BD!$F:$F,$A13,IGA_BD!$X:$X)/($AA13+SUMIF(IGA_BD!$F:$F,$A13,IGA_BD!$X:$X)),"") -> 1 | R13: =IFERROR(1-SUMIF(Grid_BD!$F:$F,$A13,Grid_BD!$Y:$Y)/($AA13+SUMIF(Grid_BD!$F:$F,$A13,Grid_BD!$Y:$Y)),"") -> 1 | W13: =IFERROR(AA13/(24*AR13*1000),"") -> 0.44070513 | X13: =IFERROR(_xlfn.XLOOKUP($A13,Input_Raw!$A:$A,Input_Raw!$BF:$BF),"") -> 766278 | Y13: =IFERROR(_xlfn.XLOOKUP($A13,Input_Raw!$A:$A,Input_Raw!BJ:BJ),"") -> 742500 | Z13: =IFERROR(_xlfn.XLOOKUP($A13,Input_Raw!$A:$A,Input_Raw!BK:BK),"") -> 0 | AA13: =IFERROR(_xlfn.XLOOKUP($A13,Input_Raw!$A:$A,Input_Raw!BL:BL),"") -> 742500 | AB13: =IFERROR(_xlfn.XLOOKUP($A13,Input_Raw!$A:$A,Input_Raw!$BO:$BO),"") -> 70.2 | AC13: =IFERROR(_xlfn.XLOOKUP($D13,'Modelling New'!$D:$D,'Modelling New'!$J:$J),"") -> 6.65 | AD13: =IFERROR(_xlfn.XLOOKUP($D13,'Modelling New'!$D:$D,'Modelling New'!$T:$T)*1000,"") -> 697760.54 | AF13: =IFERROR(_xlfn.XLOOKUP($D13,'Modelling New'!$D:$D,'Modelling New'!$W:$W),"") -> 0.41415037 | AG13: =IFERROR(_xlfn.XLOOKUP($D13,'Modelling New'!$D:$D,'Modelling New'!$AE:$AE),"") -> 0.9603 | AH13: =IFERROR(_xlfn.XLOOKUP($D13,'Modelling New'!$D:$D,'Modelling New'!$AF:$AF),"") -> 0.995 | AI13: =IFERROR(_xlfn.XLOOKUP($A13,Input_Raw!$A:$A,Input_Raw!$BQ:$BQ),"") -> 808 | AN13: =IFERROR(_xlfn.XLOOKUP($A13,Input_Raw!$A:$A,Input_Raw!$BN:$BN),"") -> 0.031030514 | AO13: =IFERROR((_xlfn.XLOOKUP($A13,'WTG Reactive Power'!$A:$A,'WTG Reactive Power'!$AE:$AE))/Table13[[#This Row],[Gen_Exp (kWh)]],"") -> 0.0035233166 | AP13: =IFERROR(_xlfn.XLOOKUP($D13,'Modelling New'!$D:$D,'Modelling New'!$AK:$AK),"") -> 0.05 | AQ13: =IFERROR(_xlfn.XLOOKUP($D13,'Modelling New'!$D:$D,'Modelling New'!$AL:$AL),"") -> 0.05 | AR13: =IFERROR(_xlfn.XLOOKUP($D13,'Modelling New'!$D:$D,'Modelling New'!$N:$N),"") -> 70.2
A14: =A13+1 -> 45757 | B14: =YEAR(Table13[[#This Row],[Date]])+IF(MONTH(Table13[[#This Row],[Date]])>=4,1,0) -> 2026 | C14: =YEAR(Table13[[#This Row],[Date]]) -> 2025 | D14: =Table13[[#This Row],[Date]]-DAY(Table13[[#This Row],[Date]])+1 -> 45748 | E14: =DAY(EOMONTH(A14,0)) -> 30 | M14: =IFERROR(_xlfn.XLOOKUP($A14,Input_Raw!$A:$A,Input_Raw!BG:BG),"") -> 8.2136084 | N14: =IFERROR(_xlfn.XLOOKUP($A14,Input_Raw!$A:$A,Input_Raw!BH:BH),"") -> 0 | O14: =IFERROR(P14*Q14,"") -> 0.98076312 | P14: =IFERROR(1-SUMIF(WTG_BD!$F:$F,$A14,WTG_BD!$AA:$AA)/($AA14+SUMIF(WTG_BD!$F:$F,$A14,WTG_BD!$AA:$AA)),"") -> 0.98076312 | Q14: =IFERROR(1-SUMIF(IGA_BD!$F:$F,$A14,IGA_BD!$X:$X)/($AA14+SUMIF(IGA_BD!$F:$F,$A14,IGA_BD!$X:$X)),"") -> 1 | R14: =IFERROR(1-SUMIF(Grid_BD!$F:$F,$A14,Grid_BD!$Y:$Y)/($AA14+SUMIF(Grid_BD!$F:$F,$A14,Grid_BD!$Y:$Y)),"") -> 1 | W14: =IFERROR(AA14/(24*AR14*1000),"") -> 0.57852564 | X14: =IFERROR(_xlfn.XLOOKUP($A14,Input_Raw!$A:$A,Input_Raw!$BF:$BF),"") -> 1006142 | Y14: =IFERROR(_xlfn.XLOOKUP($A14,Input_Raw!$A:$A,Input_Raw!BJ:BJ),"") -> 974700 | Z14: =IFERROR(_xlfn.XLOOKUP($A14,Input_Raw!$A:$A,Input_Raw!BK:BK),"") -> 0 | AA14: =IFERROR(_xlfn.XLOOKUP($A14,Input_Raw!$A:$A,Input_Raw!BL:BL),"") -> 974700 | AB14: =IFERROR(_xlfn.XLOOKUP($A14,Input_Raw!$A:$A,Input_Raw!$BO:$BO),"") -> 70.2 | AC14: =IFERROR(_xlfn.XLOOKUP($D14,'Modelling New'!$D:$D,'Modelling New'!$J:$J),"") -> 6.65 | AD14: =IFERROR(_xlfn.XLOOKUP($D14,'Modelling New'!$D:$D,'Modelling New'!$T:$T)*1000,"") -> 697760.54 | AF14: =IFERROR(_xlfn.XLOOKUP($D14,'Modelling New'!$D:$D,'Modelling New'!$W:$W),"") -> 0.41415037 | AG14: =IFERROR(_xlfn.XLOOKUP($D14,'Modelling New'!$D:$D,'Modelling New'!$AE:$AE),"") -> 0.9603 | AH14: =IFERROR(_xlfn.XLOOKUP($D14,'Modelling New'!$D:$D,'Modelling New'!$AF:$AF),"") -> 0.995 | AI14: =IFERROR(_xlfn.XLOOKUP($A14,Input_Raw!$A:$A,Input_Raw!$BQ:$BQ),"") -> 1103.33 | AN14: =IFERROR(_xlfn.XLOOKUP($A14,Input_Raw!$A:$A,Input_Raw!$BN:$BN),"") -> 0.031250062 | AO14: =IFERROR((_xlfn.XLOOKUP($A14,'WTG Reactive Power'!$A:$A,'WTG Reactive Power'!$AE:$AE))/Table13[[#This Row],[Gen_Exp (kWh)]],"") -> 0.016548241 | AP14: =IFERROR(_xlfn.XLOOKUP($D14,'Modelling New'!$D:$D,'Modelling New'!$AK:$AK),"") -> 0.05 | AQ14: =IFERROR(_xlfn.XLOOKUP($D14,'Modelling New'!$D:$D,'Modelling New'!$AL:$AL),"") -> 0.05 | AR14: =IFERROR(_xlfn.XLOOKUP($D14,'Modelling New'!$D:$D,'Modelling New'!$N:$N),"") -> 70.2
... A369: =A368+1 -> 46112 | B369: =YEAR(Table13[[#This Row],[Date]])+IF(MONTH(Table13[[#This Row],[Date]])>=4,1,0) -> 2026 | C369: =YEAR(Table13[[#This Row],[Date]]) -> 2026 | D369: =Table13[[#This Row],[Date]]-DAY(Table13[[#This Row],[Date]])+1 -> 46082 | E369: =DAY(EOMONTH(A369,0)) -> 31 | M369: =IFERROR(_xlfn.XLOOKUP($A369,Input_Raw!$A:$A,Input_Raw!BG:BG),"") | N369: =IFERROR(_xlfn.XLOOKUP($A369,Input_Raw!$A:$A,Input_Raw!BH:BH),"") | O369: =IFERROR(P369*Q369,"") | P369: =IFERROR(1-SUMIF(WTG_BD!$F:$F,$A369,WTG_BD!$AA:$AA)/($AA369+SUMIF(WTG_BD!$F:$F,$A369,WTG_BD!$AA:$AA)),"") | Q369: =IFERROR(1-SUMIF(IGA_BD!$F:$F,$A369,IGA_BD!$X:$X)/($AA369+SUMIF(IGA_BD!$F:$F,$A369,IGA_BD!$X:$X)),"") | R369: =IFERROR(1-SUMIF(Grid_BD!$F:$F,$A369,Grid_BD!$Y:$Y)/($AA369+SUMIF(Grid_BD!$F:$F,$A369,Grid_BD!$Y:$Y)),"") | W369: =IFERROR(AA369/(24*AR369*1000),"") | X369: =IFERROR(_xlfn.XLOOKUP($A369,Input_Raw!$A:$A,Input_Raw!$BF:$BF),"") | Y369: =IFERROR(_xlfn.XLOOKUP($A369,Input_Raw!$A:$A,Input_Raw!BJ:BJ),"") | Z369: =IFERROR(_xlfn.XLOOKUP($A369,Input_Raw!$A:$A,Input_Raw!BK:BK),"") | AA369: =IFERROR(_xlfn.XLOOKUP($A369,Input_Raw!$A:$A,Input_Raw!BL:BL),"") | AB369: =IFERROR(_xlfn.XLOOKUP($A369,Input_Raw!$A:$A,Input_Raw!$BO:$BO),"") | AC369: =IFERROR(_xlfn.XLOOKUP($D369,'Modelling New'!$D:$D,'Modelling New'!$J:$J),"") -> 6.89 | AD369: =IFERROR(_xlfn.XLOOKUP($D369,'Modelling New'!$D:$D,'Modelling New'!$T:$T)*1000,"") -> 629607.19 | AF369: =IFERROR(_xlfn.XLOOKUP($D369,'Modelling New'!$D:$D,'Modelling New'!$W:$W),"") -> 0.37369847 | AG369: =IFERROR(_xlfn.XLOOKUP($D369,'Modelling New'!$D:$D,'Modelling New'!$AE:$AE),"") -> 0.9603 | AH369: =IFERROR(_xlfn.XLOOKUP($D369,'Modelling New'!$D:$D,'Modelling New'!$AF:$AF),"") -> 0.995 | AI369: =IFERROR(_xlfn.XLOOKUP($A369,Input_Raw!$A:$A,Input_Raw!$BQ:$BQ),"") | AN369: =IFERROR(_xlfn.XLOOKUP($A369,Input_Raw!$A:$A,Input_Raw!$BN:$BN),"") | AO369: =IFERROR((_xlfn.XLOOKUP($A369,'WTG Reactive Power'!$A:$A,'WTG Reactive Power'!$AE:$AE))/Table13[[#This Row],[Gen_Exp (kWh)]],"") | AP369: =IFERROR(_xlfn.XLOOKUP($D369,'Modelling New'!$D:$D,'Modelling New'!$AK:$AK),"") -> 0.05 | AQ369: =IFERROR(_xlfn.XLOOKUP($D369,'Modelling New'!$D:$D,'Modelling New'!$AL:$AL),"") -> 0.05 | AR369: =IFERROR(_xlfn.XLOOKUP($D369,'Modelling New'!$D:$D,'Modelling New'!$N:$N),"") -> 70.2

Sheet AnnualKPI
A1: Till Date | B1: =O2Summary!B4 -> 45861 | C1: =O2Summary!$B$3 -> 45839
A2: TGPXIIPL Performance Summary-YTD
A3: Year | B3: Days | C3: Estimated WS(m/s) | D3: Measured WS (m/s) | E3: Budgeted Energy (MWh) | F3: Measured Energy (MWh) | G3: Target CUF (%) | H3: Measured CUF (%) | I3: Target GA (%) | J3: Measured GA (%) | K3: Target MA (%) | L3: Measured MA (%) | M3: Target IGA(%) | N3: Measured IGA (%) | O3: Target PA(%) | P3: Measured PA (%) | Q3: Expected Energy | R3: Loss (%) | S3: Reactive Power (%)
A4: =YEAR(B1)+IF(MONTH(B1)>=4,1,0) -> 2026 | B4: =$B$1-(O2Summary!$B$6)+1 -> 114 | C4: =_xlfn.XLOOKUP($C$1,'Modelling New'!$D:$D,'Modelling New'!$AD:$AD) -> 7.2925 | D4: =AVERAGEIFS('Daily KPI'!$M:$M,'Daily KPI'!$A:$A,">="&O2Summary!$B$6,'Daily KPI'!$A:$A,"<="&AnnualKPI!$B$1) -> 6.791176 | E4: =_xlfn.XLOOKUP($C$1,'Modelling New'!$D:$D,'Modelling New'!$V:$V) -> 95320.581 | F4: =SUMIFS('Daily KPI'!$AA:$AA,'Daily KPI'!$A:$A,">="&O2Summary!$B$6,'Daily KPI'!$A:$A,"<="&AnnualKPI!$B$1)/1000 -> 78096.6 | G4: =_xlfn.XLOOKUP($C$1,'Modelling New'!$D:$D,'Modelling New'!$Y:$Y) -> 0.49628766 | H4: =IFERROR(F4/(B4*24*(_xlfn.XLOOKUP($B$1,'Daily KPI'!$A:$A,'Daily KPI'!$AR:$AR))),"") -> 0.40661081 | I4: =_xlfn.XLOOKUP($C$1,'Modelling New'!$D:$D,'Modelling New'!$AF:$AF) -> 0.995 | J4: =AVERAGEIFS('Daily KPI'!$R:$R,'Daily KPI'!$A:$A,">="&O2Summary!$B$6,'Daily KPI'!$A:$A,"<="&AnnualKPI!$B$1) -> 1 | K4: =_xlfn.XLOOKUP($C$1,'Modelling New'!$D:$D,'Modelling New'!$AH:$AH) -> 0.97 | L4: =AVERAGEIFS('Daily KPI'!$P:$P,'Daily KPI'!$A:$A,">="&O2Summary!$B$6,'Daily KPI'!$A:$A,"<="&AnnualKPI!$B$1) -> 0.97016667 | M4: =_xlfn.XLOOKUP($C$1,'Modelling New'!$D:$D,'Modelling New'!$AI:$AI) -> 0.99 | N4: =AVERAGEIFS('Daily KPI'!$Q:$Q,'Daily KPI'!$A:$A,">="&O2Summary!$B$6,'Daily KPI'!$A:$A,"<="&AnnualKPI!$B$1) -> 0.97397844 | O4: =K4*M4 -> 0.9603 | P4: =L4*N4 -> 0.94492141 | Q4: =SUMIFS('Daily KPI'!$AI:$AI,'Daily KPI'!$D:$D,">="&O2Summary!$B$6,'Daily KPI'!$A:$A,"<="&AnnualKPI!$B$1) -> 84876.064 | R4: =IFERROR(AVERAGEIFS('Daily KPI'!$AN:$AN,'Daily KPI'!$D:$D,O2Summary!$B$6,'Daily KPI'!$A:$A,"<="&AnnualKPI!$B$1),"") -> 0.034314259 | S4: =IFERROR(AVERAGEIFS('Daily KPI'!$AO:$AO,'Daily KPI'!$D:$D,O2Summary!$B$6,'Daily KPI'!$A:$A,"<="&AnnualKPI!$B$1),"") -> 0.0079531024

Sheet Analytices
A2: Start Date | B2: =O2Summary!B3 -> 45839
A3: End Date | B3: =O2Summary!B4 -> 45861 | C3: =((B3-B2)+1)*24 -> 552 | D3: =MEDIAN(B21:AA21) -> 6.5
A4: WTG No. | B4: O2_01 | C4: O2_02 | D4: O2_03 | E4: O2_04 | F4: O2_05 | G4: O2_06 | H4: O2_07 | I4: O2_08 | J4: O2_09 | K4: O2_10 | L4: O2_11 | M4: O2_12 | N4: O2_13 | O4: O2_14 | P4: O2_15 | Q4: O2_16 | R4: O2_17 | S4: O2_18 | T4: O2_19 | U4: O2_20 | V4: O2_21 | W4: O2_22 | X4: O2_23 | Y4: O2_24 | Z4: O2_25 | AA4: O2_26
A5: MA | B5: =IFERROR(($C$3-B6)/$C$3,1) -> 0.99978865 | C5: =IFERROR(($C$3-C6)/$C$3,1) -> 0.99978865 | D5: =IFERROR(($C$3-D6)/$C$3,1) -> 0.99978865 | E5: =IFERROR(($C$3-E6)/$C$3,1) -> 0.99978865 | F5: =IFERROR(($C$3-F6)/$C$3,1) -> 0.99978865 | G5: =IFERROR(($C$3-G6)/$C$3,1) -> 0.99978865 | H5: =IFERROR(($C$3-H6)/$C$3,1) -> 0.99978865 | I5: =IFERROR(($C$3-I6)/$C$3,1) -> 0.99978865 | ... AA5: =IFERROR(($C$3-AA6)/$C$3,1) -> 0.99978865
A6: WTG BD Hours | B6: =SUMIFS(WTG_BD!$T:$T,WTG_BD!$F:$F,">="&Analytices!$B$2,WTG_BD!$F:$F,"<="&Analytices!$B$3,WTG_BD!$G:$G,$B$4) -> 0.11666667 | C6: =SUMIFS(WTG_BD!$T:$T,WTG_BD!$F:$F,">="&Analytices!$B$2,WTG_BD!$F:$F,"<="&Analytices!$B$3,WTG_BD!$G:$G,$B$4) -> 0.11666667 | D6: =SUMIFS(WTG_BD!$T:$T,WTG_BD!$F:$F,">="&Analytices!$B$2,WTG_BD!$F:$F,"<="&Analytices!$B$3,WTG_BD!$G:$G,$B$4) -> 0.11666667 | E6: =SUMIFS(WTG_BD!$T:$T,WTG_BD!$F:$F,">="&Analytices!$B$2,WTG_BD!$F:$F,"<="&Analytices!$B$3,WTG_BD!$G:$G,$B$4) -> 0.11666667 | F6: =SUMIFS(WTG_BD!$T:$T,WTG_BD!$F:$F,">="&Analytices!$B$2,WTG_BD!$F:$F,"<="&Analytices!$B$3,WTG_BD!$G:$G,$B$4) -> 0.11666667 | G6: =SUMIFS(WTG_BD!$T:$T,WTG_BD!$F:$F,">="&Analytices!$B$2,WTG_BD!$F:$F,"<="&Analytices!$B$3,WTG_BD!$G:$G,$B$4) -> 0.11666667 | H6: =SUMIFS(WTG_BD!$T:$T,WTG_BD!$F:$F,">="&Analytices!$B$2,WTG_BD!$F:$F,"<="&Analytices!$B$3,WTG_BD!$G:$G,$B$4) -> 0.11666667 | I6: =SUMIFS(WTG_BD!$T:$T,WTG_BD!$F:$F,">="&Analytices!$B$2,WTG_BD!$F:$F,"<="&Analytices!$B$3,WTG_BD!$G:$G,$B$4) -> 0.11666667 | ... AA6: =SUMIFS(WTG_BD!$T:$T,WTG_BD!$F:$F,">="&Analytices!$B$2,WTG_BD!$F:$F,"<="&Analytices!$B$3,WTG_BD!$G:$G,$B$4) -> 0.11666667
A7: IGA | B7: =($C$3-SUM(B8:B12))/$C$3 -> 0.99544082 | C7: =($C$3-SUM(C8:C12))/$C$3 -> 0.99544082 | D7: =($C$3-SUM(D8:D12))/$C$3 -> 0.99544082 | E7: =($C$3-SUM(E8:E12))/$C$3 -> 0.9986413 | F7: =($C$3-SUM(F8:F12))/$C$3 -> 0.99544082 | G7: =($C$3-SUM(G8:G12))/$C$3 -> 0.9986413 | H7: =($C$3-SUM(H8:H12))/$C$3 -> 0.9986413 | I7: =($C$3-SUM(I8:I12))/$C$3 -> 0.9986413 | ... AA7: =($C$3-SUM(AA8:AA12))/$C$3 -> 0.9986413
A8: METERING YARD
A9: FEEDER | B9: =SUMIFS(IGA_BD!$Q:$Q,IGA_BD!$G:$G,(VLOOKUP(B$4,'Basic Data'!$A:$F,6,0)),IGA_BD!$F:$F,">="&Analytices!$B$2,IGA_BD!$F:$F,"<="&Analytices!$B$3) -> 2.5166667 | C9: =SUMIFS(IGA_BD!$Q:$Q,IGA_BD!$G:$G,(VLOOKUP(C$4,'Basic Data'!$A:$F,6,0)),IGA_BD!$F:$F,">="&Analytices!$B$2,IGA_BD!$F:$F,"<="&Analytices!$B$3) -> 2.5166667 | D9: =SUMIFS(IGA_BD!$Q:$Q,IGA_BD!$G:$G,(VLOOKUP(D$4,'Basic Data'!$A:$F,6,0)),IGA_BD!$F:$F,">="&Analytices!$B$2,IGA_BD!$F:$F,"<="&Analytices!$B$3) -> 2.5166667 | E9: =SUMIFS(IGA_BD!$Q:$Q,IGA_BD!$G:$G,(VLOOKUP(E$4,'Basic Data'!$A:$F,6,0)),IGA_BD!$F:$F,">="&Analytices!$B$2,IGA_BD!$F:$F,"<="&Analytices!$B$3) -> 0.75 | F9: =SUMIFS(IGA_BD!$Q:$Q,IGA_BD!$G:$G,(VLOOKUP(F$4,'Basic Data'!$A:$F,6,0)),IGA_BD!$F:$F,">="&Analytices!$B$2,IGA_BD!$F:$F,"<="&Analytices!$B$3) -> 2.5166667 | G9: =SUMIFS(IGA_BD!$Q:$Q,IGA_BD!$G:$G,(VLOOKUP(G$4,'Basic Data'!$A:$F,6,0)),IGA_BD!$F:$F,">="&Analytices!$B$2,IGA_BD!$F:$F,"<="&Analytices!$B$3) -> 0.75 | H9: =SUMIFS(IGA_BD!$Q:$Q,IGA_BD!$G:$G,(VLOOKUP(H$4,'Basic Data'!$A:$F,6,0)),IGA_BD!$F:$F,">="&Analytices!$B$2,IGA_BD!$F:$F,"<="&Analytices!$B$3) -> 0.75 | I9: =SUMIFS(IGA_BD!$Q:$Q,IGA_BD!$G:$G,(VLOOKUP(I$4,'Basic Data'!$A:$F,6,0)),IGA_BD!$F:$F,">="&Analytices!$B$2,IGA_BD!$F:$F,"<="&Analytices!$B$3) -> 0.75 | ... AA9: =SUMIFS(IGA_BD!$Q:$Q,IGA_BD!$G:$G,(VLOOKUP(AA$4,'Basic Data'!$A:$F,6,0)),IGA_BD!$F:$F,">="&Analytices!$B$2,IGA_BD!$F:$F,"<="&Analytices!$B$3) -> 0.75
A10: OG
A11: TRANSFER | B11: =SUMIFS(Grid_BD!$R:$R,Grid_BD!$G:$G,(VLOOKUP(B$4,'Basic Data'!$A:$G,7,0)),Grid_BD!$F:$F,">="&Analytices!$B$2,Grid_BD!$F:$F,"<="&Analytices!$B$3) -> 0 | C11: =SUMIFS(Grid_BD!$R:$R,Grid_BD!$G:$G,(VLOOKUP(C$4,'Basic Data'!$A:$G,7,0)),Grid_BD!$F:$F,">="&Analytices!$B$2,Grid_BD!$F:$F,"<="&Analytices!$B$3) -> 0 | D11: =SUMIFS(Grid_BD!$R:$R,Grid_BD!$G:$G,(VLOOKUP(D$4,'Basic Data'!$A:$G,7,0)),Grid_BD!$F:$F,">="&Analytices!$B$2,Grid_BD!$F:$F,"<="&Analytices!$B$3) -> 0 | E11: =SUMIFS(Grid_BD!$R:$R,Grid_BD!$G:$G,(VLOOKUP(E$4,'Basic Data'!$A:$G,7,0)),Grid_BD!$F:$F,">="&Analytices!$B$2,Grid_BD!$F:$F,"<="&Analytices!$B$3) -> 0 | F11: =SUMIFS(Grid_BD!$R:$R,Grid_BD!$G:$G,(VLOOKUP(F$4,'Basic Data'!$A:$G,7,0)),Grid_BD!$F:$F,">="&Analytices!$B$2,Grid_BD!$F:$F,"<="&Analytices!$B$3) -> 0 | G11: =SUMIFS(Grid_BD!$R:$R,Grid_BD!$G:$G,(VLOOKUP(G$4,'Basic Data'!$A:$G,7,0)),Grid_BD!$F:$F,">="&Analytices!$B$2,Grid_BD!$F:$F,"<="&Analytices!$B$3) -> 0 | H11: =SUMIFS(Grid_BD!$R:$R,Grid_BD!$G:$G,(VLOOKUP(H$4,'Basic Data'!$A:$G,7,0)),Grid_BD!$F:$F,">="&Analytices!$B$2,Grid_BD!$F:$F,"<="&Analytices!$B$3) -> 0 | I11: =SUMIFS(Grid_BD!$R:$R,Grid_BD!$G:$G,(VLOOKUP(I$4,'Basic Data'!$A:$G,7,0)),Grid_BD!$F:$F,">="&Analytices!$B$2,Grid_BD!$F:$F,"<="&Analytices!$B$3) -> 0 | ... AA11: =SUMIFS(Grid_BD!$R:$R,Grid_BD!$G:$G,(VLOOKUP(AA$4,'Basic Data'!$A:$G,7,0)),Grid_BD!$F:$F,">="&Analytices!$B$2,Grid_BD!$F:$F,"<="&Analytices!$B$3) -> 0
A12: USS
A13: EGA | B13: =(C3-B14)/C3 -> 1 | C13: =$B$13 -> 1 | D13: =$B$13 -> 1 | E13: =$B$13 -> 1 | F13: =$B$13 -> 1 | G13: =$B$13 -> 1 | H13: =$B$13 -> 1 | I13: =$B$13 -> 1 | J13: =$B$13 -> 1 | ... AA13: =$B$13 -> 1
A14: External Grid | B14: =(SUMIFS(Grid_BD!$R:$R,Grid_BD!$F:$F,">="&Analytices!B2,Grid_BD!$F:$F,"<="&Analytices!B3,Grid_BD!$G:$G,"Line1")) -> 0 | C14: =$B$14 -> 0 | D14: =$B$14 -> 0 | E14: =$B$14 -> 0 | F14: =$B$14 -> 0 | G14: =$B$14 -> 0 | H14: =$B$14 -> 0 | I14: =$B$14 -> 0 | J14: =$B$14 -> 0 | ... AA14: =$B$14 -> 0
A15: Generation | B15: =SUMIFS(Input_Raw!F:F,Input_Raw!$A:$A,">="&Analytices!$B$2,Input_Raw!$A:$A,"<="&Analytices!$B$3) -> 538202 | C15: =SUMIFS(Input_Raw!G:G,Input_Raw!$A:$A,">="&Analytices!$B$2,Input_Raw!$A:$A,"<="&Analytices!$B$3) -> 584367 | D15: =SUMIFS(Input_Raw!H:H,Input_Raw!$A:$A,">="&Analytices!$B$2,Input_Raw!$A:$A,"<="&Analytices!$B$3) -> 546143 | E15: =SUMIFS(Input_Raw!I:I,Input_Raw!$A:$A,">="&Analytices!$B$2,Input_Raw!$A:$A,"<="&Analytices!$B$3) -> 559671 | F15: =SUMIFS(Input_Raw!J:J,Input_Raw!$A:$A,">="&Analytices!$B$2,Input_Raw!$A:$A,"<="&Analytices!$B$3) -> 575622 | G15: =SUMIFS(Input_Raw!K:K,Input_Raw!$A:$A,">="&Analytices!$B$2,Input_Raw!$A:$A,"<="&Analytices!$B$3) -> 604758 | H15: =SUMIFS(Input_Raw!L:L,Input_Raw!$A:$A,">="&Analytices!$B$2,Input_Raw!$A:$A,"<="&Analytices!$B$3) -> 545662 | I15: =SUMIFS(Input_Raw!M:M,Input_Raw!$A:$A,">="&Analytices!$B$2,Input_Raw!$A:$A,"<="&Analytices!$B$3) -> 568099 | J15: =SUMIFS(Input_Raw!N:N,Input_Raw!$A:$A,">="&Analytices!$B$2,Input_Raw!$A:$A,"<="&Analytices!$B$3) -> 549901 | K15: =SUMIFS(Input_Raw!O:O,Input_Raw!$A:$A,">="&Analytices!$B$2,Input_Raw!$A:$A,"<="&Analytices!$B$3) -> 569256 | L15: =SUMIFS(Input_Raw!P:P,Input_Raw!$A:$A,">="&Analytices!$B$2,Input_Raw!$A:$A,"<="&Analytices!$B$3) -> 537635 | M15: =SUMIFS(Input_Raw!Q:Q,Input_Raw!$A:$A,">="&Analytices!$B$2,Input_Raw!$A:$A,"<="&Analytices!$B$3) -> 354138 | N15: =SUMIFS(Input_Raw!R:R,Input_Raw!$A:$A,">="&Analytices!$B$2,Input_Raw!$A:$A,"<="&Analytices!$B$3) -> 546641 | O15: =SUMIFS(Input_Raw!S:S,Input_Raw!$A:$A,">="&Analytices!$B$2,Input_Raw!$A:$A,"<="&Analytices!$B$3) -> 562653 | P15: =SUMIFS(Input_Raw!T:T,Input_Raw!$A:$A,">="&Analytices!$B$2,Input_Raw!$A:$A,"<="&Analytices!$B$3) -> 543802 | Q15: =SUMIFS(Input_Raw!U:U,Input_Raw!$A:$A,">="&Analytices!$B$2,Input_Raw!$A:$A,"<="&Analytices!$B$3) -> 575628 | R15: =SUMIFS(Input_Raw!V:V,Input_Raw!$A:$A,">="&Analytices!$B$2,Input_Raw!$A:$A,"<="&Analytices!$B$3) -> 633712 | S15: =SUMIFS(Input_Raw!W:W,Input_Raw!$A:$A,">="&Analytices!$B$2,Input_Raw!$A:$A,"<="&Analytices!$B$3) -> 582491 | T15: =SUMIFS(Input_Raw!X:X,Input_Raw!$A:$A,">="&Analytices!$B$2,Input_Raw!$A:$A,"<="&Analytices!$B$3) -> 625710 | U15: =SUMIFS(Input_Raw!Y:Y,Input_Raw!$A:$A,">="&Analytices!$B$2,Input_Raw!$A:$A,"<="&Analytices!$B$3) -> 420435 | V15: =SUMIFS(Input_Raw!Z:Z,Input_Raw!$A:$A,">="&Analytices!$B$2,Input_Raw!$A:$A,"<="&Analytices!$B$3) -> 601585 | W15: =SUMIFS(Input_Raw!AA:AA,Input_Raw!$A:$A,">="&Analytices!$B$2,Input_Raw!$A:$A,"<="&Analytices!$B$3) -> 581579 | X15: =SUMIFS(Input_Raw!AB:AB,Input_Raw!$A:$A,">="&Analytices!$B$2,Input_Raw!$A:$A,"<="&Analytices!$B$3) -> 559900 | Y15: =SUMIFS(Input_Raw!AC:AC,Input_Raw!$A:$A,">="&Analytices!$B$2,Input_Raw!$A:$A,"<="&Analytices!$B$3) -> 599982 | Z15: =SUMIFS(Input_Raw!AD:AD,Input_Raw!$A:$A,">="&Analytices!$B$2,Input_Raw!$A:$A,"<="&Analytices!$B$3) -> 612784 | AA15: =SUMIFS(Input_Raw!AE:AE,Input_Raw!$A:$A,">="&Analytices!$B$2,Input_Raw!$A:$A,"<="&Analytices!$B$3) -> 563406
A16: PA | B16: =IFERROR(($C$3-(SUM(B8:B12,B14,B6)))/$C$3,1) -> 0.99522947 | C16: =IFERROR(($C$3-(SUM(C8:C12,C14,C6)))/$C$3,1) -> 0.99522947 | D16: =IFERROR(($C$3-(SUM(D8:D12,D14,D6)))/$C$3,1) -> 0.99522947 | E16: =IFERROR(($C$3-(SUM(E8:E12,E14,E6)))/$C$3,1) -> 0.99842995 | F16: =IFERROR(($C$3-(SUM(F8:F12,F14,F6)))/$C$3,1) -> 0.99522947 | G16: =IFERROR(($C$3-(SUM(G8:G12,G14,G6)))/$C$3,1) -> 0.99842995 | H16: =IFERROR(($C$3-(SUM(H8:H12,H14,H6)))/$C$3,1) -> 0.99842995 | I16: =IFERROR(($C$3-(SUM(I8:I12,I14,I6)))/$C$3,1) -> 0.99842995 | ... AA16: =IFERROR(($C$3-(SUM(AA8:AA12,AA14,AA6)))/$C$3,1) -> 0.99842995
A17: Sum of BD | B17: =SUMIFS(WTG_BD!$T:$T,WTG_BD!$F:$F,">="&Analytices!$B$2,WTG_BD!$F:$F,"<="&Analytices!$B$3,WTG_BD!$G:$G,B4) -> 0.11666667 | C17: =SUMIFS(WTG_BD!$T:$T,WTG_BD!$F:$F,">="&Analytices!$B$2,WTG_BD!$F:$F,"<="&Analytices!$B$3,WTG_BD!$G:$G,C4) -> 14.166667 | D17: =SUMIFS(WTG_BD!$T:$T,WTG_BD!$F:$F,">="&Analytices!$B$2,WTG_BD!$F:$F,"<="&Analytices!$B$3,WTG_BD!$G:$G,D4) -> 15.15 | E17: =SUMIFS(WTG_BD!$T:$T,WTG_BD!$F:$F,">="&Analytices!$B$2,WTG_BD!$F:$F,"<="&Analytices!$B$3,WTG_BD!$G:$G,E4) -> 6.35 | F17: =SUMIFS(WTG_BD!$T:$T,WTG_BD!$F:$F,">="&Analytices!$B$2,WTG_BD!$F:$F,"<="&Analytices!$B$3,WTG_BD!$G:$G,F4) -> 3.2166667 | G17: =SUMIFS(WTG_BD!$T:$T,WTG_BD!$F:$F,">="&Analytices!$B$2,WTG_BD!$F:$F,"<="&Analytices!$B$3,WTG_BD!$G:$G,G4) -> 10.133333 | H17: =SUMIFS(WTG_BD!$T:$T,WTG_BD!$F:$F,">="&Analytices!$B$2,WTG_BD!$F:$F,"<="&Analytices!$B$3,WTG_BD!$G:$G,H4) -> 5.8833333 | I17: =SUMIFS(WTG_BD!$T:$T,WTG_BD!$F:$F,">="&Analytices!$B$2,WTG_BD!$F:$F,"<="&Analytices!$B$3,WTG_BD!$G:$G,I4) -> 3.1333333 | ... AA17: =SUMIFS(WTG_BD!$T:$T,WTG_BD!$F:$F,">="&Analytices!$B$2,WTG_BD!$F:$F,"<="&Analytices!$B$3,WTG_BD!$G:$G,AA4) -> 4.7666667
A18: Count of BD | B18: =COUNTIFS(WTG_BD!$F:$F,">="&Analytices!$B$2,WTG_BD!$F:$F,"<="&Analytices!$B$3,WTG_BD!$G:$G,B4) -> 3 | C18: =COUNTIFS(WTG_BD!$F:$F,">="&Analytices!$B$2,WTG_BD!$F:$F,"<="&Analytices!$B$3,WTG_BD!$G:$G,C4) -> 10 | D18: =COUNTIFS(WTG_BD!$F:$F,">="&Analytices!$B$2,WTG_BD!$F:$F,"<="&Analytices!$B$3,WTG_BD!$G:$G,D4) -> 4 | E18: =COUNTIFS(WTG_BD!$F:$F,">="&Analytices!$B$2,WTG_BD!$F:$F,"<="&Analytices!$B$3,WTG_BD!$G:$G,E4) -> 10 | F18: =COUNTIFS(WTG_BD!$F:$F,">="&Analytices!$B$2,WTG_BD!$F:$F,"<="&Analytices!$B$3,WTG_BD!$G:$G,F4) -> 12 | G18: =COUNTIFS(WTG_BD!$F:$F,">="&Analytices!$B$2,WTG_BD!$F:$F,"<="&Analytices!$B$3,WTG_BD!$G:$G,G4) -> 5 | H18: =COUNTIFS(WTG_BD!$F:$F,">="&Analytices!$B$2,WTG_BD!$F:$F,"<="&Analytices!$B$3,WTG_BD!$G:$G,H4) -> 5 | I18: =COUNTIFS(WTG_BD!$F:$F,">="&Analytices!$B$2,WTG_BD!$F:$F,"<="&Analytices!$B$3,WTG_BD!$G:$G,I4) -> 2 | ... AA18: =COUNTIFS(WTG_BD!$F:$F,">="&Analytices!$B$2,WTG_BD!$F:$F,"<="&Analytices!$B$3,WTG_BD!$G:$G,AA4) -> 5
A19: MTTR WTG | B19: =IFERROR(B17/B18,0) -> 0.038888889 | C19: =IFERROR(C17/C18,0) -> 1.4166667 | D19: =IFERROR(D17/D18,0) -> 3.7875 | E19: =IFERROR(E17/E18,0) -> 0.635 | F19: =IFERROR(F17/F18,0) -> 0.26805556 | G19: =IFERROR(G17/G18,0) -> 2.0266667 | H19: =IFERROR(H17/H18,0) -> 1.1766667 | I19: =IFERROR(I17/I18,0) -> 1.5666667 | ... AA19: =IFERROR(AA17/AA18,0) -> 0.95333333
A20: MTBF WTG | B20: =IFERROR(($C$3-B17)/B18,$C$3) -> 183.96111 | C20: =IFERROR(($C$3-C17)/C18,$C$3) -> 53.783333 | D20: =IFERROR(($C$3-D17)/D18,$C$3) -> 134.2125 | E20: =IFERROR(($C$3-E17)/E18,$C$3) -> 54.565 | F20: =IFERROR(($C$3-F17)/F18,$C$3) -> 45.731944 | G20: =IFERROR(($C$3-G17)/G18,$C$3) -> 108.37333 | H20: =IFERROR(($C$3-H17)/H18,$C$3) -> 109.22333 | I20: =IFERROR(($C$3-I17)/I18,$C$3) -> 274.43333 | ... AA20: =IFERROR(($C$3-AA17)/AA18,$C$3) -> 109.44667
A21: WS (M/S) | B21: =ROUND(AVERAGEIFS(Input_Raw!AF:AF,Input_Raw!$A:$A,">="&Analytices!$B$2,Input_Raw!$A:$A,"<="&Analytices!$B$3),1) -> 6.5 | C21: =ROUND(AVERAGEIFS(Input_Raw!AG:AG,Input_Raw!$A:$A,">="&Analytices!$B$2,Input_Raw!$A:$A,"<="&Analytices!$B$3),1) -> 6.5 | D21: =ROUND(AVERAGEIFS(Input_Raw!AH:AH,Input_Raw!$A:$A,">="&Analytices!$B$2,Input_Raw!$A:$A,"<="&Analytices!$B$3),1) -> 6.4 | E21: =ROUND(AVERAGEIFS(Input_Raw!AI:AI,Input_Raw!$A:$A,">="&Analytices!$B$2,Input_Raw!$A:$A,"<="&Analytices!$B$3),1) -> 6.4 | F21: =ROUND(AVERAGEIFS(Input_Raw!AJ:AJ,Input_Raw!$A:$A,">="&Analytices!$B$2,Input_Raw!$A:$A,"<="&Analytices!$B$3),1) -> 6.6 | G21: =ROUND(AVERAGEIFS(Input_Raw!AK:AK,Input_Raw!$A:$A,">="&Analytices!$B$2,Input_Raw!$A:$A,"<="&Analytices!$B$3),1) -> 7 | H21: =ROUND(AVERAGEIFS(Input_Raw!AL:AL,Input_Raw!$A:$A,">="&Analytices!$B$2,Input_Raw!$A:$A,"<="&Analytices!$B$3),1) -> 6.4 | I21: =ROUND(AVERAGEIFS(Input_Raw!AM:AM,Input_Raw!$A:$A,">="&Analytices!$B$2,Input_Raw!$A:$A,"<="&Analytices!$B$3),1) -> 6.4 | J21: =ROUND(AVERAGEIFS(Input_Raw!AN:AN,Input_Raw!$A:$A,">="&Analytices!$B$2,Input_Raw!$A:$A,"<="&Analytices!$B$3),1) -> 6.5 | K21: =ROUND(AVERAGEIFS(Input_Raw!AO:AO,Input_Raw!$A:$A,">="&Analytices!$B$2,Input_Raw!$A:$A,"<="&Analytices!$B$3),1) -> 6.5 | L21: =ROUND(AVERAGEIFS(Input_Raw!AP:AP,Input_Raw!$A:$A,">="&Analytices!$B$2,Input_Raw!$A:$A,"<="&Analytices!$B$3),1) -> 6.5 | M21: =ROUND(AVERAGEIFS(Input_Raw!AQ:AQ,Input_Raw!$A:$A,">="&Analytices!$B$2,Input_Raw!$A:$A,"<="&Analytices!$B$3),1) -> 7.4 | N21: =ROUND(AVERAGEIFS(Input_Raw!AR:AR,Input_Raw!$A:$A,">="&Analytices!$B$2,Input_Raw!$A:$A,"<="&Analytices!$B$3),1) -> 6.4 | O21: =ROUND(AVERAGEIFS(Input_Raw!AS:AS,Input_Raw!$A:$A,">="&Analytices!$B$2,Input_Raw!$A:$A,"<="&Analytices!$B$3),1) -> 6.5 | P21: =ROUND(AVERAGEIFS(Input_Raw!AT:AT,Input_Raw!$A:$A,">="&Analytices!$B$2,Input_Raw!$A:$A,"<="&Analytices!$B$3),1) -> 6.4 | Q21: =ROUND(AVERAGEIFS(Input_Raw!AU:AU,Input_Raw!$A:$A,">="&Analytices!$B$2,Input_Raw!$A:$A,"<="&Analytices!$B$3),1) -> 6.5 | R21: =ROUND(AVERAGEIFS(Input_Raw!AV:AV,Input_Raw!$A:$A,">="&Analytices!$B$2,Input_Raw!$A:$A,"<="&Analytices!$B$3),1) -> 6.9 | S21: =ROUND(AVERAGEIFS(Input_Raw!AW:AW,Input_Raw!$A:$A,">="&Analytices!$B$2,Input_Raw!$A:$A,"<="&Analytices!$B$3),1) -> 6.6 | T21: =ROUND(AVERAGEIFS(Input_Raw!AX:AX,Input_Raw!$A:$A,">="&Analytices!$B$2,Input_Raw!$A:$A,"<="&Analytices!$B$3),1) -> 6.7 | U21: =ROUND(AVERAGEIFS(Input_Raw!AY:AY,Input_Raw!$A:$A,">="&Analytices!$B$2,Input_Raw!$A:$A,"<="&Analytices!$B$3),1) -> 6.4 | V21: =ROUND(AVERAGEIFS(Input_Raw!AZ:AZ,Input_Raw!$A:$A,">="&Analytices!$B$2,Input_Raw!$A:$A,"<="&Analytices!$B$3),1) -> 6.6 | W21: =ROUND(AVERAGEIFS(Input_Raw!BA:BA,Input_Raw!$A:$A,">="&Analytices!$B$2,Input_Raw!$A:$A,"<="&Analytices!$B$3),1) -> 6.7 | X21: =ROUND(AVERAGEIFS(Input_Raw!BB:BB,Input_Raw!$A:$A,">="&Analytices!$B$2,Input_Raw!$A:$A,"<="&Analytices!$B$3),1) -> 6.5 | Y21: =ROUND(AVERAGEIFS(Input_Raw!BC:BC,Input_Raw!$A:$A,">="&Analytices!$B$2,Input_Raw!$A:$A,"<="&Analytices!$B$3),1) -> 6.6 | Z21: =ROUND(AVERAGEIFS(Input_Raw!BD:BD,Input_Raw!$A:$A,">="&Analytices!$B$2,Input_Raw!$A:$A,"<="&Analytices!$B$3),1) -> 6.6 | AA21: =ROUND(AVERAGEIFS(Input_Raw!BE:BE,Input_Raw!$A:$A,">="&Analytices!$B$2,Input_Raw!$A:$A,"<="&Analytices!$B$3),1) -> 6.5
A23: Fault Analysis
A24: 45017
D25: Put hour Here | F25: Default hour for full Data
D26: =F26 -> 20256 | F26: =((TODAY()-1)-(A24))*24 -> 20256
A27: Finacial Year | B27: (Multiple Items)
A29: Row Labels | B29: Sum of Breakdown Time | C29: Count of Error Text | D29: MTTR | E29: MTBF
A30: Grand Total | D30: =B30/C30 -> #DIV/0! | E30: =$D$26/C30 -> #DIV/0!
D31: =B31/C31 -> #DIV/0! | E31: =$D$26/C31 -> #DIV/0!
D32: =B32/C32 -> #DIV/0! | E32: =$D$26/C32 -> #DIV/0!
D33: =B33/C33 -> #DIV/0! | E33: =$D$26/C33 -> #DIV/0!
D34: =B34/C34 -> #DIV/0! | E34: =$D$26/C34 -> #DIV/0!
D35: =B35/C35 -> #DIV/0! | E35: =$D$26/C35 -> #DIV/0!
D36: =B36/C36 -> #DIV/0! | E36: =$D$26/C36 -> #DIV/0!
D37: =B37/C37 -> #DIV/0! | E37: =$D$26/C37 -> #DIV/0!
D38: =B38/C38 -> #DIV/0! | E38: =$D$26/C38 -> #DIV/0!
D39: =B39/C39 -> #DIV/0! | E39: =$D$26/C39 -> #DIV/0!
D40: =B40/C40 -> #DIV/0! | E40: =$D$26/C40 -> #DIV/0!
D41: =B41/C41 -> #DIV/0! | E41: =$D$26/C41 -> #DIV/0!
D42: =B42/C42 -> #DIV/0! | E42: =$D$26/C42 -> #DIV/0!
... D108: =B108/C108 -> #DIV/0! | E108: =$D$26/C108 -> #DIV/0!

Sheet WTG Reactive Power
A1: 1 | B1: =A1+1 -> 2 | C1: =B1+1 -> 3 | D1: =C1+1 -> 4 | E1: =D1+1 -> 5 | F1: =E1+1 -> 6 | G1: =F1+1 -> 7 | H1: =G1+1 -> 8 | I1: =H1+1 -> 9 | ... AE1: =AD1+1 -> 31
A2: Date | B2: Financial Year | C2: Calendar Year | D2: Month Year | E2: O2_01 (kVArh) | F2: O2_02 (kVArh) | G2: O2_03 (kVArh) | H2: O2_04 (kVArh) | I2: O2_05 (kVArh) | J2: O2_06 (kVArh) | K2: O2_07 (kVArh) | L2: O2_08 (kVArh) | M2: O2_09 (kVArh) | N2: O2_10 (kVArh) | O2: O2_11 (kVArh) | P2: O2_12 (kVArh) | Q2: O2_13 (kVArh) | R2: O2_14 (kVArh) | S2: O2_15 (kVArh) | T2: O2_16 (kVArh) | U2: O2_17 (kVArh) | V2: O2_18 (kVArh) | W2: O2_19 (kVArh) | X2: O2_20 (kVArh) | Y2: O2_21 (kVArh) | Z2: O2_22 (kVArh) | AA2: O2_23 (kVArh) | AB2: O2_24 (kVArh) | AC2: O2_25 (kVArh) | AD2: O2_26 (kVArh) | AE2: Total Reactive Power (kVArh)
A3: 45383 | B3: =YEAR(Table7[[#This Row],[Date]])+IF(MONTH(Table7[[#This Row],[Date]])>=4,1,0) -> 2025 | C3: =YEAR(Table7[[#This Row],[Date]]) -> 2024 | D3: =A3-DAY(A3)+1 -> 45383 | AE3: =SUM(E3:AD3) -> 0
A4: =A3+1 -> 45384 | B4: =YEAR(Table7[[#This Row],[Date]])+IF(MONTH(Table7[[#This Row],[Date]])>=4,1,0) -> 2025 | C4: =YEAR(Table7[[#This Row],[Date]]) -> 2024 | D4: =A4-DAY(A4)+1 -> 45383 | AE4: =SUM(E4:AD4) -> 0
A5: =A4+1 -> 45385 | B5: =YEAR(Table7[[#This Row],[Date]])+IF(MONTH(Table7[[#This Row],[Date]])>=4,1,0) -> 2025 | C5: =YEAR(Table7[[#This Row],[Date]]) -> 2024 | D5: =A5-DAY(A5)+1 -> 45383 | AE5: =SUM(E5:AD5) -> 0
A6: =A5+1 -> 45386 | B6: =YEAR(Table7[[#This Row],[Date]])+IF(MONTH(Table7[[#This Row],[Date]])>=4,1,0) -> 2025 | C6: =YEAR(Table7[[#This Row],[Date]]) -> 2024 | D6: =A6-DAY(A6)+1 -> 45383 | AE6: =SUM(E6:AD6) -> 0
A7: =A6+1 -> 45387 | B7: =YEAR(Table7[[#This Row],[Date]])+IF(MONTH(Table7[[#This Row],[Date]])>=4,1,0) -> 2025 | C7: =YEAR(Table7[[#This Row],[Date]]) -> 2024 | D7: =A7-DAY(A7)+1 -> 45383 | AE7: =SUM(E7:AD7) -> 0
A8: =A7+1 -> 45388 | B8: =YEAR(Table7[[#This Row],[Date]])+IF(MONTH(Table7[[#This Row],[Date]])>=4,1,0) -> 2025 | C8: =YEAR(Table7[[#This Row],[Date]]) -> 2024 | D8: =A8-DAY(A8)+1 -> 45383 | AE8: =SUM(E8:AD8) -> 0
A9: =A8+1 -> 45389 | B9: =YEAR(Table7[[#This Row],[Date]])+IF(MONTH(Table7[[#This Row],[Date]])>=4,1,0) -> 2025 | C9: =YEAR(Table7[[#This Row],[Date]]) -> 2024 | D9: =A9-DAY(A9)+1 -> 45383 | AE9: =SUM(E9:AD9) -> 0
A10: =A9+1 -> 45390 | B10: =YEAR(Table7[[#This Row],[Date]])+IF(MONTH(Table7[[#This Row],[Date]])>=4,1,0) -> 2025 | C10: =YEAR(Table7[[#This Row],[Date]]) -> 2024 | D10: =A10-DAY(A10)+1 -> 45383 | AE10: =SUM(E10:AD10) -> 0
A11: =A10+1 -> 45391 | B11: =YEAR(Table7[[#This Row],[Date]])+IF(MONTH(Table7[[#This Row],[Date]])>=4,1,0) -> 2025 | C11: =YEAR(Table7[[#This Row],[Date]]) -> 2024 | D11: =A11-DAY(A11)+1 -> 45383 | AE11: =SUM(E11:AD11) -> 0
A12: =A11+1 -> 45392 | B12: =YEAR(Table7[[#This Row],[Date]])+IF(MONTH(Table7[[#This Row],[Date]])>=4,1,0) -> 2025 | C12: =YEAR(Table7[[#This Row],[Date]]) -> 2024 | D12: =A12-DAY(A12)+1 -> 45383 | AE12: =SUM(E12:AD12) -> 0
A13: =A12+1 -> 45393 | B13: =YEAR(Table7[[#This Row],[Date]])+IF(MONTH(Table7[[#This Row],[Date]])>=4,1,0) -> 2025 | C13: =YEAR(Table7[[#This Row],[Date]]) -> 2024 | D13: =A13-DAY(A13)+1 -> 45383 | AE13: =SUM(E13:AD13) -> 0
A14: =A13+1 -> 45394 | B14: =YEAR(Table7[[#This Row],[Date]])+IF(MONTH(Table7[[#This Row],[Date]])>=4,1,0) -> 2025 | C14: =YEAR(Table7[[#This Row],[Date]]) -> 2024 | D14: =A14-DAY(A14)+1 -> 45383 | AE14: =SUM(E14:AD14) -> 0
A15: =A14+1 -> 45395 | B15: =YEAR(Table7[[#This Row],[Date]])+IF(MONTH(Table7[[#This Row],[Date]])>=4,1,0) -> 2025 | C15: =YEAR(Table7[[#This Row],[Date]]) -> 2024 | D15: =A15-DAY(A15)+1 -> 45383 | AE15: =SUM(E15:AD15) -> 0
... A370: =A369+1 -> 45750 | B370: =YEAR(Table7[[#This Row],[Date]])+IF(MONTH(Table7[[#This Row],[Date]])>=4,1,0) -> 2026 | C370: =YEAR(Table7[[#This Row],[Date]]) -> 2025 | D370: =A370-DAY(A370)+1 -> 45748 | AE370: =SUM(E370:AD370) -> 0
A371: =A370+1 -> 45751 | B371: =YEAR(Table7[[#This Row],[Date]])+IF(MONTH(Table7[[#This Row],[Date]])>=4,1,0) -> 2026 | C371: =YEAR(Table7[[#This Row],[Date]]) -> 2025 | D371: =A371-DAY(A371)+1 -> 45748 | E371: 50.19 | F371: 50.19 | G371: 50.19 | H371: 50.19 | I371: 50.19 | J371: 50.19 | K371: 50.19 | L371: 50.19 | M371: 50.19 | N371: 50.19 | O371: 50.19 | P371: 50.19 | Q371: 50.19 | R371: 50.19 | S371: 50.19 | T371: 50.19 | U371: 50.19 | V371: 50.19 | W371: 50.19 | X371: 50.19 | Y371: 50.19 | Z371: 50.19 | AA371: 50.19 | AB371: 50.19 | AC371: 50.19 | AD371: 50.19 | AE371: =SUM(E371:AD371) -> 1304.94
A372: =A371+1 -> 45752 | B372: =YEAR(Table7[[#This Row],[Date]])+IF(MONTH(Table7[[#This Row],[Date]])>=4,1,0) -> 2026 | C372: =YEAR(Table7[[#This Row],[Date]]) -> 2025 | D372: =A372-DAY(A372)+1 -> 45748 | E372: 34.61 | F372: 34.61 | G372: 34.61 | H372: 34.61 | I372: 34.61 | J372: 34.61 | K372: 34.61 | L372: 34.61 | M372: 34.61 | N372: 34.61 | O372: 34.61 | P372: 34.61 | Q372: 34.61 | R372: 34.61 | S372: 34.61 | T372: 34.61 | U372: 34.61 | V372: 34.61 | W372: 34.61 | X372: 34.61 | Y372: 34.61 | Z372: 34.61 | AA372: 34.61 | AB372: 34.61 | AC372: 34.61 | AD372: 34.61 | AE372: =SUM(E372:AD372) -> 899.86
A373: =A372+1 -> 45753 | B373: =YEAR(Table7[[#This Row],[Date]])+IF(MONTH(Table7[[#This Row],[Date]])>=4,1,0) -> 2026 | C373: =YEAR(Table7[[#This Row],[Date]]) -> 2025 | D373: =A373-DAY(A373)+1 -> 45748 | E373: 121.15 | F373: 121.15 | G373: 121.15 | H373: 121.15 | I373: 121.15 | J373: 121.15 | K373: 121.15 | L373: 121.15 | M373: 121.15 | N373: 121.15 | O373: 121.15 | P373: 121.15 | Q373: 121.15 | R373: 121.15 | S373: 121.15 | T373: 121.15 | U373: 121.15 | V373: 121.15 | W373: 121.15 | X373: 121.15 | Y373: 121.15 | Z373: 121.15 | AA373: 121.15 | AB373: 121.15 | AC373: 121.15 | AD373: 121.15 | AE373: =SUM(E373:AD373) -> 3149.9
A374: =A373+1 -> 45754 | B374: =YEAR(Table7[[#This Row],[Date]])+IF(MONTH(Table7[[#This Row],[Date]])>=4,1,0) -> 2026 | C374: =YEAR(Table7[[#This Row],[Date]]) -> 2025 | D374: =A374-DAY(A374)+1 -> 45748 | E374: 1228.84 | F374: 1228.84 | G374: 1228.84 | H374: 1228.84 | I374: 1228.84 | J374: 1228.84 | K374: 1228.84 | L374: 1228.84 | M374: 1228.84 | N374: 1228.84 | O374: 1228.84 | P374: 1228.84 | Q374: 1228.84 | R374: 1228.84 | S374: 1228.84 | T374: 1228.84 | U374: 1228.84 | V374: 1228.84 | W374: 1228.84 | X374: 1228.84 | Y374: 1228.84 | Z374: 1228.84 | AA374: 1228.84 | AB374: 1228.84 | AC374: 1228.84 | AD374: 1228.84 | AE374: =SUM(E374:AD374) -> 31949.84
A375: =A374+1 -> 45755 | B375: =YEAR(Table7[[#This Row],[Date]])+IF(MONTH(Table7[[#This Row],[Date]])>=4,1,0) -> 2026 | C375: =YEAR(Table7[[#This Row],[Date]]) -> 2025 | D375: =A375-DAY(A375)+1 -> 45748 | E375: 103.84 | F375: 103.84 | G375: 103.84 | H375: 103.84 | I375: 103.84 | J375: 103.84 | K375: 103.84 | L375: 103.84 | M375: 103.84 | N375: 103.84 | O375: 103.84 | P375: 103.84 | Q375: 103.84 | R375: 103.84 | S375: 103.84 | T375: 103.84 | U375: 103.84 | V375: 103.84 | W375: 103.84 | X375: 103.84 | Y375: 103.84 | Z375: 103.84 | AA375: 103.84 | AB375: 103.84 | AC375: 103.84 | AD375: 103.84 | AE375: =SUM(E375:AD375) -> 2699.84
A376: =A375+1 -> 45756 | B376: =YEAR(Table7[[#This Row],[Date]])+IF(MONTH(Table7[[#This Row],[Date]])>=4,1,0) -> 2026 | C376: =YEAR(Table7[[#This Row],[Date]]) -> 2025 | D376: =A376-DAY(A376)+1 -> 45748 | E376: 103.84 | F376: 103.84 | G376: 103.84 | H376: 103.84 | I376: 103.84 | J376: 103.84 | K376: 103.84 | L376: 103.84 | M376: 103.84 | N376: 103.84 | O376: 103.84 | P376: 103.84 | Q376: 103.84 | R376: 103.84 | S376: 103.84 | T376: 103.84 | U376: 103.84 | V376: 103.84 | W376: 103.84 | X376: 103.84 | Y376: 103.84 | Z376: 103.84 | AA376: 103.84 | AB376: 103.84 | AC376: 103.84 | AD376: 103.84 | AE376: =SUM(E376:AD376) -> 2699.84
A377: =A376+1 -> 45757 | B377: =YEAR(Table7[[#This Row],[Date]])+IF(MONTH(Table7[[#This Row],[Date]])>=4,1,0) -> 2026 | C377: =YEAR(Table7[[#This Row],[Date]]) -> 2025 | D377: =A377-DAY(A377)+1 -> 45748 | E377: 640.38 | F377: 640.38 | G377: 640.38 | H377: 640.38 | I377: 640.38 | J377: 640.38 | K377: 640.38 | L377: 640.38 | M377: 640.38 | N377: 640.38 | O377: 640.38 | P377: 640.38 | Q377: 640.38 | R377: 640.38 | S377: 640.38 | T377: 640.38 | U377: 640.38 | V377: 640.38 | W377: 640.38 | X377: 640.38 | Y377: 640.38 | Z377: 640.38 | AA377: 640.38 | AB377: 640.38 | AC377: 640.38 | AD377: 640.38 | AE377: =SUM(E377:AD377) -> 16649.88
A378: =A377+1 -> 45758 | B378: =YEAR(Table7[[#This Row],[Date]])+IF(MONTH(Table7[[#This Row],[Date]])>=4,1,0) -> 2026 | C378: =YEAR(Table7[[#This Row],[Date]]) -> 2025 | D378: =A378-DAY(A378)+1 -> 45748 | E378: 207.69 | F378: 207.69 | G378: 207.69 | H378: 207.69 | I378: 207.69 | J378: 207.69 | K378: 207.69 | L378: 207.69 | M378: 207.69 | N378: 207.69 | O378: 207.69 | P378: 207.69 | Q378: 207.69 | R378: 207.69 | S378: 207.69 | T378: 207.69 | U378: 207.69 | V378: 207.69 | W378: 207.69 | X378: 207.69 | Y378: 207.69 | Z378: 207.69 | AA378: 207.69 | AB378: 207.69 | AC378: 207.69 | AD378: 207.69 | AE378: =SUM(E378:AD378) -> 5399.94
A379: =A378+1 -> 45759 | B379: =YEAR(Table7[[#This Row],[Date]])+IF(MONTH(Table7[[#This Row],[Date]])>=4,1,0) -> 2026 | C379: =YEAR(Table7[[#This Row],[Date]]) -> 2025 | D379: =A379-DAY(A379)+1 -> 45748 | E379: 17.3 | F379: 17.3 | G379: 17.3 | H379: 17.3 | I379: 17.3 | J379: 17.3 | K379: 17.3 | L379: 17.3 | M379: 17.3 | N379: 17.3 | O379: 17.3 | P379: 17.3 | Q379: 17.3 | R379: 17.3 | S379: 17.3 | T379: 17.3 | U379: 17.3 | V379: 17.3 | W379: 17.3 | X379: 17.3 | Y379: 17.3 | Z379: 17.3 | AA379: 17.3 | AB379: 17.3 | AC379: 17.3 | AD379: 17.3 | AE379: =SUM(E379:AD379) -> 449.8
A380: =A379+1 -> 45760 | B380: =YEAR(Table7[[#This Row],[Date]])+IF(MONTH(Table7[[#This Row],[Date]])>=4,1,0) -> 2026 | C380: =YEAR(Table7[[#This Row],[Date]]) -> 2025 | D380: =A380-DAY(A380)+1 -> 45748 | E380: 86.53 | F380: 86.53 | G380: 86.53 | H380: 86.53 | I380: 86.53 | J380: 86.53 | K380: 86.53 | L380: 86.53 | M380: 86.53 | N380: 86.53 | O380: 86.53 | P380: 86.53 | Q380: 86.53 | R380: 86.53 | S380: 86.53 | T380: 86.53 | U380: 86.53 | V380: 86.53 | W380: 86.53 | X380: 86.53 | Y380: 86.53 | Z380: 86.53 | AA380: 86.53 | AB380: 86.53 | AC380: 86.53 | AD380: 86.53 | AE380: =SUM(E380:AD380) -> 2249.78
A381: =A380+1 -> 45761 | B381: =YEAR(Table7[[#This Row],[Date]])+IF(MONTH(Table7[[#This Row],[Date]])>=4,1,0) -> 2026 | C381: =YEAR(Table7[[#This Row],[Date]]) -> 2025 | D381: =A381-DAY(A381)+1 -> 45748 | E381: 588.46 | F381: 588.46 | G381: 588.46 | H381: 588.46 | I381: 588.46 | J381: 588.46 | K381: 588.46 | L381: 588.46 | M381: 588.46 | N381: 588.46 | O381: 588.46 | P381: 588.46 | Q381: 588.46 | R381: 588.46 | S381: 588.46 | T381: 588.46 | U381: 588.46 | V381: 588.46 | W381: 588.46 | X381: 588.46 | Y381: 588.46 | Z381: 588.46 | AA381: 588.46 | AB381: 588.46 | AC381: 588.46 | AD381: 588.46 | AE381: =SUM(E381:AD381) -> 15299.96
A382: =A381+1 -> 45762 | B382: =YEAR(Table7[[#This Row],[Date]])+IF(MONTH(Table7[[#This Row],[Date]])>=4,1,0) -> 2026 | C382: =YEAR(Table7[[#This Row],[Date]]) -> 2025 | D382: =A382-DAY(A382)+1 -> 45748 | E382: 709.61 | F382: 709.61 | G382: 709.61 | H382: 709.61 | I382: 709.61 | J382: 709.61 | K382: 709.61 | L382: 709.61 | M382: 709.61 | N382: 709.61 | O382: 709.61 | P382: 709.61 | Q382: 709.61 | R382: 709.61 | S382: 709.61 | T382: 709.61 | U382: 709.61 | V382: 709.61 | W382: 709.61 | X382: 709.61 | Y382: 709.61 | Z382: 709.61 | AA382: 709.61 | AB382: 709.61 | AC382: 709.61 | AD382: 709.61 | AE382: =SUM(E382:AD382) -> 18449.86
... A481: =A480+1 -> 45861 | B481: =YEAR(Table7[[#This Row],[Date]])+IF(MONTH(Table7[[#This Row],[Date]])>=4,1,0) -> 2026 | C481: =YEAR(Table7[[#This Row],[Date]]) -> 2025 | D481: =A481-DAY(A481)+1 -> 45839 | E481: 813.46 | F481: 813.46 | G481: 813.46 | H481: 813.46 | I481: 813.46 | J481: 813.46 | K481: 813.46 | L481: 813.46 | M481: 813.46 | N481: 813.46 | O481: 813.46 | P481: 813.46 | Q481: 813.46 | R481: 813.46 | S481: 813.46 | T481: 813.46 | U481: 813.46 | V481: 813.46 | W481: 813.46 | X481: 813.46 | Y481: 813.46 | Z481: 813.46 | AA481: 813.46 | AB481: 813.46 | AC481: 813.46 | AD481: 813.46 | AE481: =SUM(E481:AD481) -> 21149.96
A482: =A481+1 -> 45862 | B482: =YEAR(Table7[[#This Row],[Date]])+IF(MONTH(Table7[[#This Row],[Date]])>=4,1,0) -> 2026 | C482: =YEAR(Table7[[#This Row],[Date]]) -> 2025 | D482: =A482-DAY(A482)+1 -> 45839 | AE482: =SUM(E482:AD482) -> 0
A483: =A482+1 -> 45863 | B483: =YEAR(Table7[[#This Row],[Date]])+IF(MONTH(Table7[[#This Row],[Date]])>=4,1,0) -> 2026 | C483: =YEAR(Table7[[#This Row],[Date]]) -> 2025 | D483: =A483-DAY(A483)+1 -> 45839 | AE483: =SUM(E483:AD483) -> 0
A484: =A483+1 -> 45864 | B484: =YEAR(Table7[[#This Row],[Date]])+IF(MONTH(Table7[[#This Row],[Date]])>=4,1,0) -> 2026 | C484: =YEAR(Table7[[#This Row],[Date]]) -> 2025 | D484: =A484-DAY(A484)+1 -> 45839 | AE484: =SUM(E484:AD484) -> 0
A485: =A484+1 -> 45865 | B485: =YEAR(Table7[[#This Row],[Date]])+IF(MONTH(Table7[[#This Row],[Date]])>=4,1,0) -> 2026 | C485: =YEAR(Table7[[#This Row],[Date]]) -> 2025 | D485: =A485-DAY(A485)+1 -> 45839 | AE485: =SUM(E485:AD485) -> 0
A486: =A485+1 -> 45866 | B486: =YEAR(Table7[[#This Row],[Date]])+IF(MONTH(Table7[[#This Row],[Date]])>=4,1,0) -> 2026 | C486: =YEAR(Table7[[#This Row],[Date]]) -> 2025 | D486: =A486-DAY(A486)+1 -> 45839 | AE486: =SUM(E486:AD486) -> 0
A487: =A486+1 -> 45867 | B487: =YEAR(Table7[[#This Row],[Date]])+IF(MONTH(Table7[[#This Row],[Date]])>=4,1,0) -> 2026 | C487: =YEAR(Table7[[#This Row],[Date]]) -> 2025 | D487: =A487-DAY(A487)+1 -> 45839 | AE487: =SUM(E487:AD487) -> 0
A488: =A487+1 -> 45868 | B488: =YEAR(Table7[[#This Row],[Date]])+IF(MONTH(Table7[[#This Row],[Date]])>=4,1,0) -> 2026 | C488: =YEAR(Table7[[#This Row],[Date]]) -> 2025 | D488: =A488-DAY(A488)+1 -> 45839 | AE488: =SUM(E488:AD488) -> 0
A489: =A488+1 -> 45869 | B489: =YEAR(Table7[[#This Row],[Date]])+IF(MONTH(Table7[[#This Row],[Date]])>=4,1,0) -> 2026 | C489: =YEAR(Table7[[#This Row],[Date]]) -> 2025 | D489: =A489-DAY(A489)+1 -> 45839 | AE489: =SUM(E489:AD489) -> 0
A490: =A489+1 -> 45870 | B490: =YEAR(Table7[[#This Row],[Date]])+IF(MONTH(Table7[[#This Row],[Date]])>=4,1,0) -> 2026 | C490: =YEAR(Table7[[#This Row],[Date]]) -> 2025 | D490: =A490-DAY(A490)+1 -> 45870 | AE490: =SUM(E490:AD490) -> 0
A491: =A490+1 -> 45871 | B491: =YEAR(Table7[[#This Row],[Date]])+IF(MONTH(Table7[[#This Row],[Date]])>=4,1,0) -> 2026 | C491: =YEAR(Table7[[#This Row],[Date]]) -> 2025 | D491: =A491-DAY(A491)+1 -> 45870 | AE491: =SUM(E491:AD491) -> 0
A492: =A491+1 -> 45872 | B492: =YEAR(Table7[[#This Row],[Date]])+IF(MONTH(Table7[[#This Row],[Date]])>=4,1,0) -> 2026 | C492: =YEAR(Table7[[#This Row],[Date]]) -> 2025 | D492: =A492-DAY(A492)+1 -> 45870 | AE492: =SUM(E492:AD492) -> 0
A493: =A492+1 -> 45873 | B493: =YEAR(Table7[[#This Row],[Date]])+IF(MONTH(Table7[[#This Row],[Date]])>=4,1,0) -> 2026 | C493: =YEAR(Table7[[#This Row],[Date]]) -> 2025 | D493: =A493-DAY(A493)+1 -> 45870 | AE493: =SUM(E493:AD493) -> 0
... A1462: =A1461+1 -> 46842 | B1462: =YEAR(Table7[[#This Row],[Date]])+IF(MONTH(Table7[[#This Row],[Date]])>=4,1,0) -> 2028 | C1462: =YEAR(Table7[[#This Row],[Date]]) -> 2028 | D1462: =A1462-DAY(A1462)+1 -> 46813 | AE1462: =SUM(E1462:AD1462) -> 0
A1463: =A1462+1 -> 46843 | B1463: =YEAR(Table7[[#This Row],[Date]])+IF(MONTH(Table7[[#This Row],[Date]])>=4,1,0) -> 2028 | C1463: =YEAR(Table7[[#This Row],[Date]]) -> 2028 | D1463: =A1463-DAY(A1463)+1 -> 46813 | E1463: 2411.487 | F1463: 891.61973 | G1463: 1879.9699 | H1463: 874.26265 | I1463: 880.47127 | J1463: 636.22655 | K1463: 372.8833 | L1463: 641.51903 | M1463: 906.08875 | N1463: 2260.394 | O1463: 383.09098 | P1463: 377.68645 | Q1463: 2175.7978 | R1463: 1993.9216 | S1463: 1758.4657 | T1463: 2234.1107 | U1463: 1964.6707 | V1463: 2190.6098 | W1463: 441.97923 | X1463: 670.50953 | Y1463: 1570.8376 | Z1463: 1180.1707 | AA1463: 1761.4244 | AB1463: 0 | AC1463: 999.70585 | AD1463: 1757.046 | AE1463: =SUM(E1463:AD1463) -> 33214.949

Sheet Input_Raw
A1: 1 | B1: =A1+1 -> 2 | C1: =B1+1 -> 3 | D1: =C1+1 -> 4 | E1: =D1+1 -> 5 | F1: =E1+1 -> 6 | G1: =F1+1 -> 7 | H1: =G1+1 -> 8 | I1: =H1+1 -> 9 | ... AE1: =AD1+1 -> 31 | AF1: =#REF!+1 -> #REF! | AG1: =AF1+1 -> #REF! | AH1: =AG1+1 -> #REF! | AI1: =AH1+1 -> #REF! | AJ1: =AI1+1 -> #REF! | AK1: =AJ1+1 -> #REF! | AL1: =AK1+1 -> #REF! | AM1: =AL1+1 -> #REF! | AN1: =AM1+1 -> #REF! | ... BE1: =BD1+1 -> #REF! | BF1: =#REF!+1 -> #REF! | BG1: =BF1+1 -> #REF! | BH1: =BG1+1 -> #REF! | BI1: =BH1+1 -> #REF! | BK1: =#REF!+1 -> #REF! | BL1: =#REF!+1 -> #REF! | BM1: =BL1+1 -> #REF!
F3: Energy Generated by individual Turbine | AF3: Wind Speed (M/s) | BK3: Calculated Energy Numbers
A4: Date | B4: Finacial Year | C4: Calendor Year | D4: Month Year | E4: Days | F4: O2_01 | G4: O2_02 | H4: O2_03 | I4: O2_04 | J4: O2_05 | K4: O2_06 | L4: O2_07 | M4: O2_08 | N4: O2_09 | O4: O2_10 | P4: O2_11 | Q4: O2_12 | R4: O2_13 | S4: O2_14 | T4: O2_15 | U4: O2_16 | V4: O2_17 | W4: O2_18 | X4: O2_19 | Y4: O2_20 | Z4: O2_21 | AA4: O2_22 | AB4: O2_23 | AC4: O2_24 | AD4: O2_25 | AE4: O2_26 | AF4: WS_O2_01 | AG4: WS_O2_02 | AH4: WS_O2_03 | AI4: WS_O2_04 | AJ4: WS_O2_05 | AK4: WS_O2_06 | AL4: WS_O2_07 | AM4: WS_O2_08 | AN4: WS_O2_09 | AO4: WS_O2_10 | AP4: WS_O2_11 | AQ4: WS_O2_12 | AR4: WS_O2_13 | AS4: WS_O2_14 | AT4: WS_O2_15 | AU4: WS_O2_16 | AV4: WS_O2_17 | AW4: WS_O2_18 | AX4: WS_O2_19 | AY4: WS_O2_20 | AZ4: WS_O2_21 | BA4: WS_O2_22 | BB4: WS_O2_23 | BC4: WS_O2_24 | BD4: WS_O2_25 | BE4: WS_O2_26 | BF4: WTG Total Gneration (KWh) | BG4: Wind Speed Average cumulative (m/S)2 | BH4: Wind Speed Max (m/S) | BI4: Rain (mm) | BJ4: 66 kV_Wind_F1_Export_reading | BK4: 66 kV_Wind_F1_Import_reading | BL4: 66 kV_Wind_Net_Export (KWh) | BM4: 66 kV Line Loss (%) | BN4: 66 kV Line Loss (%). | BO4: Commissioned Capacity (MW) | BP4: Forecasting Penalties (INR) | BQ4: Expected Power as per power curve. (MWh) | BR4: Reactive Energy (MVArH)
A5: 45745 | B5: =YEAR(Input_Raw[[#This Row],[Date]])+IF(MONTH(Input_Raw[[#This Row],[Date]])>=4,1,0) -> 2025 | C5: =YEAR(Input_Raw[[#This Row],[Date]]) -> 2025 | D5: =A5-DAY(A5)+1 -> 45717 | E5: =DAY(EOMONTH(Input_Raw[[#This Row],[Date]],0)) -> 31 | F5: 35421 | G5: 34841 | H5: 35623 | I5: 29136 | J5: 31321 | K5: 28804 | L5: 27095 | M5: 30989 | N5: 35332 | O5: 31185 | P5: 33050 | Q5: 33133 | R5: 20694 | S5: 19735 | T5: 33471 | U5: 31121 | V5: 21884 | W5: 33133 | X5: 29914 | Y5: 31123 | Z5: 29026 | AA5: 32797 | AB5: 33300 | AC5: 28578 | AD5: 35313 | AE5: 35647 | AF5: 7.41 | AG5: 7.32 | AH5: 7.37 | AI5: 6.86 | AJ5: 7.25 | AK5: 6.86 | AL5: 6.69 | AM5: 6.86 | AN5: 7.44 | AO5: 7.33 | AP5: 7.15 | AQ5: 7.16 | AR5: 6.95 | AS5: 7 | AT5: 7.29 | AU5: 7.15 | AV5: 7.16 | AW5: 7.14 | AX5: 6.93 | AY5: 7.09 | AZ5: 6.97 | BA5: 7.35 | BB5: 7.25 | BC5: 6.95 | BD5: 7.37 | BE5: 7.34 | BF5: =SUM(Input_Raw[[#This Row],[O2_01]:[O2_26]]) -> 801666 | BG5: =IFERROR(AVERAGE(Input_Raw[[#This Row],[WS_O2_01]:[WS_O2_26]]),"") -> 7.14 | BJ5: 771750 | BK5: 0 | BL5: =Input_Raw[[#This Row],[66 kV_Wind_F1_Export_reading]]-Input_Raw[[#This Row],[66 kV_Wind_F1_Import_reading]] -> 771750 | BM5: =Input_Raw[[#This Row],[WTG Total Gneration (KWh)]]-Input_Raw[[#This Row],[66 kV_Wind_F1_Export_reading]] -> 29916 | BN5: =(Input_Raw[[#This Row],[WTG Total Gneration (KWh)]]-Input_Raw[[#This Row],[66 kV_Wind_F1_Export_reading]])/Input_Raw[[#This Row],[WTG Total Gneration (KWh)]] -> 0.037317287 | BO5: 70.2 | BP5: 10730.75 | BQ5: 843.53353
A6: =A5+1 -> 45746 | B6: =YEAR(Input_Raw[[#This Row],[Date]])+IF(MONTH(Input_Raw[[#This Row],[Date]])>=4,1,0) -> 2025 | C6: =YEAR(Input_Raw[[#This Row],[Date]]) -> 2025 | D6: =A6-DAY(A6)+1 -> 45717 | E6: =DAY(EOMONTH(Input_Raw[[#This Row],[Date]],0)) -> 31 | F6: 27637 | G6: 20373 | H6: 26510 | I6: 19936 | J6: 22120 | K6: 15645 | L6: 16384 | M6: 20002 | N6: 27251 | O6: 25559 | P6: 24523 | Q6: 24046 | R6: 12208 | S6: 21400 | T6: 24316 | U6: 18394 | V6: 15794 | W6: 22717 | X6: 15830 | Y6: 20448 | Z6: 14824 | AA6: 17472 | AB6: 25808 | AC6: 23294 | AD6: 24269 | AE6: 25351 | AF6: 6.6009722 | AG6: 5.7502778 | AH6: 6.293125 | AI6: 5.8126389 | AJ6: 6.0320833 | AK6: 5.3652083 | AL6: 5.4792361 | AM6: 5.5715972 | AN6: 6.4743056 | AO6: 6.3618056 | AP6: 6.1913194 | AQ6: 6.2073611 | AR6: 5.5847222 | AS6: 6.0429167 | AT6: 6.2760417 | AU6: 5.7388194 | AV6: 5.3019444 | AW6: 5.95625 | AX6: 5.3214583 | AY6: 5.9622917 | AZ6: 5.3554167 | BA6: 5.6883333 | BB6: 6.3963889 | BC6: 6.2214583 | BD6: 6.2854167 | BE6: 6.2647222 | BF6: =SUM(Input_Raw[[#This Row],[O2_01]:[O2_26]]) -> 552111 | BG6: =IFERROR(AVERAGE(Input_Raw[[#This Row],[WS_O2_01]:[WS_O2_26]]),"") -> 5.9436966 | BJ6: 535500 | BK6: 0 | BL6: =Input_Raw[[#This Row],[66 kV_Wind_F1_Export_reading]]-Input_Raw[[#This Row],[66 kV_Wind_F1_Import_reading]] -> 535500 | BM6: =Input_Raw[[#This Row],[WTG Total Gneration (KWh)]]-Input_Raw[[#This Row],[66 kV_Wind_F1_Export_reading]] -> 16611 | BN6: =(Input_Raw[[#This Row],[WTG Total Gneration (KWh)]]-Input_Raw[[#This Row],[66 kV_Wind_F1_Export_reading]])/Input_Raw[[#This Row],[WTG Total Gneration (KWh)]] -> 0.030086341 | BO6: 70.2 | BP6: 10615.75 | BQ6: 562.59158
A7: =A6+1 -> 45747 | B7: =YEAR(Input_Raw[[#This Row],[Date]])+IF(MONTH(Input_Raw[[#This Row],[Date]])>=4,1,0) -> 2025 | C7: =YEAR(Input_Raw[[#This Row],[Date]]) -> 2025 | D7: =A7-DAY(A7)+1 -> 45717 | E7: =DAY(EOMONTH(Input_Raw[[#This Row],[Date]],0)) -> 31 | F7: 30792 | G7: 23793 | H7: 27249 | I7: 21898 | J7: 29803 | K7: 22412 | L7: 21150 | M7: 28036 | N7: 28127 | O7: 27563 | P7: 26632 | Q7: 27244 | R7: 16465 | S7: 23397 | T7: 27726 | U7: 24373 | V7: 27055 | W7: 25496 | X7: 21578 | Y7: 25148 | Z7: 21585 | AA7: 26561 | AB7: 26851 | AC7: 26200 | AD7: 31615 | AE7: 28973 | AF7: 6.9634722 | AG7: 6.1958333 | AH7: 6.6372917 | AI7: 6.4454167 | AJ7: 6.9128472 | AK7: 6.2581945 | AL7: 6.1591667 | AM7: 6.5843055 | AN7: 6.745625 | AO7: 6.7134028 | AP7: 6.578125 | AQ7: 6.5429861 | AR7: 5.6846528 | AS7: 6.3172222 | AT7: 6.7261111 | AU7: 6.4801389 | AV7: 6.5284722 | AW7: 6.3688889 | AX7: 6.1202778 | AY7: 6.5565972 | AZ7: 6.2088194 | BA7: 6.6995833 | BB7: 6.6097222 | BC7: 6.5710417 | BD7: 7.0081944 | BE7: 6.7216667 | BF7: =SUM(Input_Raw[[#This Row],[O2_01]:[O2_26]]) -> 667722 | BG7: =IFERROR(AVERAGE(Input_Raw[[#This Row],[WS_O2_01]:[WS_O2_26]]),"") -> 6.5130021 | BJ7: 646650 | BK7: 0 | BL7: =Input_Raw[[#This Row],[66 kV_Wind_F1_Export_reading]]-Input_Raw[[#This Row],[66 kV_Wind_F1_Import_reading]] -> 646650 | BM7: =Input_Raw[[#This Row],[WTG Total Gneration (KWh)]]-Input_Raw[[#This Row],[66 kV_Wind_F1_Export_reading]] -> 21072 | BN7: =(Input_Raw[[#This Row],[WTG Total Gneration (KWh)]]-Input_Raw[[#This Row],[66 kV_Wind_F1_Export_reading]])/Input_Raw[[#This Row],[WTG Total Gneration (KWh)]] -> 0.031558044 | BO7: 70.2 | BP7: 6658.3755 | BQ7: 675.40492
A8: =A7+1 -> 45748 | B8: =YEAR(Input_Raw[[#This Row],[Date]])+IF(MONTH(Input_Raw[[#This Row],[Date]])>=4,1,0) -> 2026 | C8: =YEAR(Input_Raw[[#This Row],[Date]]) -> 2025 | D8: =A8-DAY(A8)+1 -> 45748 | E8: =DAY(EOMONTH(Input_Raw[[#This Row],[Date]],0)) -> 30 | F8: 24859 | G8: 17522 | H8: 22210 | I8: 18174 | J8: 24626 | K8: 19200 | L8: 16286 | M8: 23133 | N8: 22108 | O8: 18242 | P8: 21579 | Q8: 21528 | R8: 16565 | S8: 18906 | T8: 23343 | U8: 20048 | V8: 25148 | W8: 21049 | X8: 16398 | Y8: 20464 | Z8: 19206 | AA8: 22090 | AB8: 22657 | AC8: 20113 | AD8: 25900 | AE8: 22764 | AF8: 6.4825 | AG8: 5.6122222 | AH8: 6.115625 | AI8: 5.7691667 | AJ8: 6.3620833 | AK8: 5.864375 | AL8: 5.5517361 | AM8: 6.1420833 | AN8: 6.3004167 | AO8: 6.3971528 | AP8: 6.1520833 | AQ8: 6.0388889 | AR8: 5.5854861 | AS8: 5.866875 | AT8: 6.2559028 | AU8: 5.8794444 | AV8: 6.1134722 | AW8: 5.7825694 | AX8: 5.4744444 | AY8: 6.008125 | AZ8: 5.9768055 | BA8: 6.1609722 | BB8: 6.2340278 | BC8: 5.9270833 | BD8: 6.4680555 | BE8: 6.1780556 | BF8: =SUM(Input_Raw[[#This Row],[O2_01]:[O2_26]]) -> 544118 | BG8: =IFERROR(AVERAGE(Input_Raw[[#This Row],[WS_O2_01]:[WS_O2_26]]),"") -> 6.0269097 | BJ8: 525600 | BK8: 0 | BL8: =Input_Raw[[#This Row],[66 kV_Wind_F1_Export_reading]]-Input_Raw[[#This Row],[66 kV_Wind_F1_Import_reading]] -> 525600 | BM8: =Input_Raw[[#This Row],[WTG Total Gneration (KWh)]]-Input_Raw[[#This Row],[66 kV_Wind_F1_Export_reading]] -> 18518 | BN8: =(Input_Raw[[#This Row],[WTG Total Gneration (KWh)]]-Input_Raw[[#This Row],[66 kV_Wind_F1_Export_reading]])/Input_Raw[[#This Row],[WTG Total Gneration (KWh)]] -> 0.034033059 | BO8: 70.2 | BP8: 6090.625 | BQ8: 664.42114
A9: =A8+1 -> 45749 | B9: =YEAR(Input_Raw[[#This Row],[Date]])+IF(MONTH(Input_Raw[[#This Row],[Date]])>=4,1,0) -> 2026 | C9: =YEAR(Input_Raw[[#This Row],[Date]]) -> 2025 | D9: =A9-DAY(A9)+1 -> 45748 | E9: =DAY(EOMONTH(Input_Raw[[#This Row],[Date]],0)) -> 30 | F9: 15390 | G9: 9289 | H9: 11294 | I9: 9155 | J9: 12752 | K9: 10737 | L9: 7398 | M9: 13309 | N9: 13339 | O9: 9359 | P9: 12012 | Q9: 11497 | R9: 9164 | S9: 11079 | T9: 13298 | U9: 8978 | V9: 9302 | W9: 10617 | X9: 6666 | Y9: 10349 | Z9: 9694 | AA9: 9405 | AB9: 14168 | AC9: 10062 | AD9: 14691 | AE9: 12678 | AF9: 4.9065278 | AG9: 4.2376389 | AH9: 4.4292361 | AI9: 4.1886111 | AJ9: 4.6670139 | AK9: 4.4214583 | AL9: 4.0839583 | AM9: 4.5752083 | AN9: 4.6523611 | AO9: 4.4830769 | AP9: 4.5495139 | AQ9: 4.4724306 | AR9: 4.2004167 | AS9: 4.4584722 | AT9: 4.63625 | AU9: 4.3228472 | AV9: 4.1913195 | AW9: 4.3113195 | AX9: 3.8906944 | AY9: 4.4136805 | AZ9: 4.323125 | BA9: 4.4097917 | BB9: 4.6671528 | BC9: 4.3510417 | BD9: 4.9296528 | BE9: 4.6202083 | BF9: =SUM(Input_Raw[[#This Row],[O2_01]:[O2_26]]) -> 285682 | BG9: =IFERROR(AVERAGE(Input_Raw[[#This Row],[WS_O2_01]:[WS_O2_26]]),"") -> 4.4381926 | BJ9: 275850 | BK9: 0 | BL9: =Input_Raw[[#This Row],[66 kV_Wind_F1_Export_reading]]-Input_Raw[[#This Row],[66 kV_Wind_F1_Import_reading]] -> 275850 | BM9: =Input_Raw[[#This Row],[WTG Total Gneration (KWh)]]-Input_Raw[[#This Row],[66 kV_Wind_F1_Export_reading]] -> 9832 | BN9: =(Input_Raw[[#This Row],[WTG Total Gneration (KWh)]]-Input_Raw[[#This Row],[66 kV_Wind_F1_Export_reading]])/Input_Raw[[#This Row],[WTG Total Gneration (KWh)]] -> 0.034415889 | BO9: 70.2 | BP9: 19037.625 | BQ9: 294.64036
A10: =A9+1 -> 45750 | B10: =YEAR(Input_Raw[[#This Row],[Date]])+IF(MONTH(Input_Raw[[#This Row],[Date]])>=4,1,0) -> 2026 | C10: =YEAR(Input_Raw[[#This Row],[Date]]) -> 2025 | D10: =A10-DAY(A10)+1 -> 45748 | E10: =DAY(EOMONTH(Input_Raw[[#This Row],[Date]],0)) -> 30 | F10: 13383 | G10: 13133 | H10: 15729 | I10: 11906 | J10: 13760 | K10: 12347 | L10: 9696 | M10: 13829 | N10: 15125 | O10: 15768 | P10: 15119 | Q10: 14465 | R10: 12202 | S10: 13740 | T10: 16142 | U10: 12680 | V10: 14651 | W10: 15873 | X10: 10731 | Y10: 14473 | Z10: 11665 | AA10: 13581 | AB10: 15118 | AC10: 13382 | AD10: 15074 | AE10: 13667 | AF10: 5.0588194 | AG10: 4.7379861 | AH10: 4.9966667 | AI10: 4.5331944 | AJ10: 4.8686806 | AK10: 4.7206944 | AL10: 4.251875 | AM10: 4.7908333 | AN10: 4.9429167 | AO10: 5.1478873 | AP10: 4.9330556 | AQ10: 4.9057639 | AR10: 4.6674306 | AS10: 4.8718056 | AT10: 5.1028472 | AU10: 5.1621429 | AV10: 4.8495139 | AW10: 4.9915972 | AX10: 4.2990972 | AY10: 4.9842361 | AZ10: 4.6977778 | BA10: 4.9977778 | BB10: 4.8995139 | BC10: 4.88125 | BD10: 5.0098611 | BE10: 4.7497222 | BF10: =SUM(Input_Raw[[#This Row],[O2_01]:[O2_26]]) -> 357239 | BG10: =IFERROR(AVERAGE(Input_Raw[[#This Row],[WS_O2_01]:[WS_O2_26]]),"") -> 4.8481903 | BJ10: 346050 | BK10: 450 | BL10: =Input_Raw[[#This Row],[66 kV_Wind_F1_Export_reading]]-Input_Raw[[#This Row],[66 kV_Wind_F1_Import_reading]] -> 345600 | BM10: =Input_Raw[[#This Row],[WTG Total Gneration (KWh)]]-Input_Raw[[#This Row],[66 kV_Wind_F1_Export_reading]] -> 11189 | BN10: =(Input_Raw[[#This Row],[WTG Total Gneration (KWh)]]-Input_Raw[[#This Row],[66 kV_Wind_F1_Export_reading]])/Input_Raw[[#This Row],[WTG Total Gneration (KWh)]] -> 0.031320768 | BO10: 70.2 | BP10: 9135.9995 | BQ10: 371.21
A11: =A10+1 -> 45751 | B11: =YEAR(Input_Raw[[#This Row],[Date]])+IF(MONTH(Input_Raw[[#This Row],[Date]])>=4,1,0) -> 2026 | C11: =YEAR(Input_Raw[[#This Row],[Date]]) -> 2025 | D11: =A11-DAY(A11)+1 -> 45748 | E11: =DAY(EOMONTH(Input_Raw[[#This Row],[Date]],0)) -> 30 | F11: 9606 | G11: 13454 | H11: 10576 | I11: 13874 | J11: 12870 | K11: 10850 | L11: 10070 | M11: 5950 | N11: 9655 | O11: 9291 | P11: 10519 | Q11: 9596 | R11: 9913 | S11: 9746 | T11: 11533 | U11: 10880 | V11: 10328 | W11: 9755 | X11: 9910 | Y11: 10901 | Z11: 10715 | AA11: 11247 | AB11: 9751 | AC11: 9056 | AD11: 12074 | AE11: 7143 | AF11: 4.1074825 | AG11: 4.4045834 | AH11: 4.1697222 | AI11: 4.5421528 | AJ11: 4.4670834 | AK11: 4.5188194 | AL11: 4.2655556 | AM11: 3.5977778 | AN11: 4.0915278 | AO11: 4.2002083 | AP11: 4.2414583 | AQ11: 4.2454167 | AR11: 4.2494445 | AS11: 4.1895833 | AT11: 4.4555556 | AU11: 4.564375 | AV11: 4.4336111 | AW11: 4.2047222 | AX11: 4.2847917 | AY11: 4.4191667 | AZ11: 4.55125 | BA11: 4.6810417 | BB11: 4.1091667 | BC11: 4.5283333 | BD11: 4.2424305 | BE11: 3.6447222 | BF11: =SUM(Input_Raw[[#This Row],[O2_01]:[O2_26]]) -> 269263 | BG11: =IFERROR(AVERAGE(Input_Raw[[#This Row],[WS_O2_01]:[WS_O2_26]]),"") -> 4.2849993 | BJ11: 257400 | BK11: 450 | BL11: =Input_Raw[[#This Row],[66 kV_Wind_F1_Export_reading]]-Input_Raw[[#This Row],[66 kV_Wind_F1_Import_reading]] -> 256950 | BM11: =Input_Raw[[#This Row],[WTG Total Gneration (KWh)]]-Input_Raw[[#This Row],[66 kV_Wind_F1_Export_reading]] -> 11863 | BN11: =(Input_Raw[[#This Row],[WTG Total Gneration (KWh)]]-Input_Raw[[#This Row],[66 kV_Wind_F1_Export_reading]])/Input_Raw[[#This Row],[WTG Total Gneration (KWh)]] -> 0.044057297 | BO11: 70.2 | BP11: 11281.376 | BQ11: 281.07
A12: =A11+1 -> 45752 | B12: =YEAR(Input_Raw[[#This Row],[Date]])+IF(MONTH(Input_Raw[[#This Row],[Date]])>=4,1,0) -> 2026 | C12: =YEAR(Input_Raw[[#This Row],[Date]]) -> 2025 | D12: =A12-DAY(A12)+1 -> 45748 | E12: =DAY(EOMONTH(Input_Raw[[#This Row],[Date]],0)) -> 30 | F12: 10770 | G12: 12690 | H12: 8782 | I12: 9733 | J12: 12146 | K12: 6432 | L12: 7205 | M12: 8811 | N12: 10832 | O12: 8037 | P12: 9830 | Q12: 9113 | R12: 7542 | S12: 7556 | T12: 8812 | U12: 7842 | V12: 7381 | W12: 8147 | X12: 5738 | Y12: 7721 | Z12: 6752 | AA12: 7069 | AB12: 10055 | AC12: 3479 | AD12: 12113 | AE12: 8683 | AF12: 4.5262676 | AG12: 4.7994366 | AH12: 4.7470504 | AI12: 4.4607639 | AJ12: 4.8083099 | AK12: 4.1983333 | AL12: 4.1055556 | AM12: 4.2778873 | AN12: 4.6021831 | AO12: 4.2916197 | AP12: 4.4273944 | AQ12: 4.355 | AR12: 4.1561268 | AS12: 4.1405634 | AT12: 4.3870423 | AU12: 4.3794445 | AV12: 4.164375 | AW12: 4.1691667 | AX12: 3.7783333 | AY12: 4.2716667 | AZ12: 4.2271528 | BA12: 4.3282639 | BB12: 4.4027465 | BC12: 4.5231469 | BD12: 4.7241549 | BE12: 4.2093007 | BF12: =SUM(Input_Raw[[#This Row],[O2_01]:[O2_26]]) -> 223271 | BG12: =IFERROR(AVERAGE(Input_Raw[[#This Row],[WS_O2_01]:[WS_O2_26]]),"") -> 4.3638956 | BJ12: 214200 | BK12: 0 | BL12: =Input_Raw[[#This Row],[66 kV_Wind_F1_Export_reading]]-Input_Raw[[#This Row],[66 kV_Wind_F1_Import_reading]] -> 214200 | BM12: =Input_Raw[[#This Row],[WTG Total Gneration (KWh)]]-Input_Raw[[#This Row],[66 kV_Wind_F1_Export_reading]] -> 9071 | BN12: =(Input_Raw[[#This Row],[WTG Total Gneration (KWh)]]-Input_Raw[[#This Row],[66 kV_Wind_F1_Export_reading]])/Input_Raw[[#This Row],[WTG Total Gneration (KWh)]] -> 0.040627757 | BO12: 70.2 | BP12: 8341.2508 | BQ12: 230.95
A13: =A12+1 -> 45753 | B13: =YEAR(Input_Raw[[#This Row],[Date]])+IF(MONTH(Input_Raw[[#This Row],[Date]])>=4,1,0) -> 2026 | C13: =YEAR(Input_Raw[[#This Row],[Date]]) -> 2025 | D13: =A13-DAY(A13)+1 -> 45748 | E13: =DAY(EOMONTH(Input_Raw[[#This Row],[Date]],0)) -> 30 | F13: 21007 | G13: 29659 | H13: 17733 | I13: 28588 | J13: 27930 | K13: 24449 | L13: 27191 | M13: 18202 | N13: 19159 | O13: 21773 | P13: 21595 | Q13: 20692 | R13: 20944 | S13: 20710 | T13: 24021 | U13: 24525 | V13: 36389 | W13: 23303 | X13: 30908 | Y13: 21945 | Z13: 23865 | AA13: 29600 | AB13: 21012 | AC13: 24582 | AD13: 25647 | AE13: 14855 | AF13: 6.2017361 | AG13: 6.8913889 | AH13: 6.069021 | AI13: 6.9020139 | AJ13: 6.8794445 | AK13: 6.585625 | AL13: 6.8617361 | AM13: 5.6898611 | AN13: 5.9826389 | AO13: 6.2821528 | AP13: 6.2398611 | AQ13: 6.1248611 | AR13: 6.211875 | AS13: 6.110625 | AT13: 6.4949306 | AU13: 6.5378472 | AV13: 7.2668056 | AW13: 6.3951389 | AX13: 6.8188889 | AY13: 6.5507639 | AZ13: 6.630979 | BA13: 7.151875 | BB13: 6.1025 | BC13: 6.6 | BD13: 6.4892362 | BE13: 5.3311806 | BF13: =SUM(Input_Raw[[#This Row],[O2_01]:[O2_26]]) -> 620284 | BG13: =IFERROR(AVERAGE(Input_Raw[[#This Row],[WS_O2_01]:[WS_O2_26]]),"") -> 6.4385764 | BJ13: 603000 | BK13: 0 | BL13: =Input_Raw[[#This Row],[66 kV_Wind_F1_Export_reading]]-Input_Raw[[#This Row],[66 kV_Wind_F1_Import_reading]] -> 603000 | BM13: =Input_Raw[[#This Row],[WTG Total Gneration (KWh)]]-Input_Raw[[#This Row],[66 kV_Wind_F1_Export_reading]] -> 17284 | BN13: =(Input_Raw[[#This Row],[WTG Total Gneration (KWh)]]-Input_Raw[[#This Row],[66 kV_Wind_F1_Export_reading]])/Input_Raw[[#This Row],[WTG Total Gneration (KWh)]] -> 0.027864656 | BO13: 70.2 | BQ13: 667.03
A14: =A13+1 -> 45754 | B14: =YEAR(Input_Raw[[#This Row],[Date]])+IF(MONTH(Input_Raw[[#This Row],[Date]])>=4,1,0) -> 2026 | C14: =YEAR(Input_Raw[[#This Row],[Date]]) -> 2025 | D14: =A14-DAY(A14)+1 -> 45748 | E14: =DAY(EOMONTH(Input_Raw[[#This Row],[Date]],0)) -> 30 | F14: 31048 | G14: 39935 | H14: 29201 | I14: 37264 | J14: 38160 | K14: 33948 | L14: 36306 | M14: 29713 | N14: 26172 | O14: 29496 | P14: 28893 | Q14: 29862 | R14: 17926 | S14: 24680 | T14: 30580 | U14: 35026 | V14: 42573 | W14: 32649 | X14: 33248 | Y14: 28989 | Z14: 35533 | AA14: 38083 | AB14: 29493 | AC14: 35825 | AD14: 32714 | AE14: 27406 | AF14: 6.8494366 | AG14: 7.6928169 | AH14: 6.7251409 | AI14: 7.6072222 | AJ14: 7.6880986 | AK14: 7.1945834 | AL14: 7.4768056 | AM14: 6.8182394 | AN14: 6.7778014 | AO14: 6.8461267 | AP14: 6.8253521 | AQ14: 6.897324 | AR14: 6.7829577 | AS14: 6.9574648 | AT14: 6.9857746 | AU14: 7.47875 | AV14: 8.0268055 | AW14: 6.9819444 | AX14: 7.2324306 | AY14: 7.2163194 | AZ14: 7.415 | BA14: 7.7591667 | BB14: 6.8959155 | BC14: 7.4988194 | BD14: 7.4038298 | BE14: 6.5010489 | BF14: =SUM(Input_Raw[[#This Row],[O2_01]:[O2_26]]) -> 834723 | BG14: =IFERROR(AVERAGE(Input_Raw[[#This Row],[WS_O2_01]:[WS_O2_26]]),"") -> 7.1744298 | BJ14: 802800 | BK14: 0 | BL14: =Input_Raw[[#This Row],[66 kV_Wind_F1_Export_reading]]-Input_Raw[[#This Row],[66 kV_Wind_F1_Import_reading]] -> 802800 | BM14: =Input_Raw[[#This Row],[WTG Total Gneration (KWh)]]-Input_Raw[[#This Row],[66 kV_Wind_F1_Export_reading]] -> 31923 | BN14: =(Input_Raw[[#This Row],[WTG Total Gneration (KWh)]]-Input_Raw[[#This Row],[66 kV_Wind_F1_Export_reading]])/Input_Raw[[#This Row],[WTG Total Gneration (KWh)]] -> 0.038243825 | BO14: 70.2 | BQ14: 890.54
A15: =A14+1 -> 45755 | B15: =YEAR(Input_Raw[[#This Row],[Date]])+IF(MONTH(Input_Raw[[#This Row],[Date]])>=4,1,0) -> 2026 | C15: =YEAR(Input_Raw[[#This Row],[Date]]) -> 2025 | D15: =A15-DAY(A15)+1 -> 45748 | E15: =DAY(EOMONTH(Input_Raw[[#This Row],[Date]],0)) -> 30 | F15: 32931 | G15: 38913 | H15: 30523 | I15: 36527 | J15: 29686 | K15: 31629 | L15: 31884 | M15: 24450 | N15: 23145 | O15: 29213 | P15: 27130 | Q15: 32730 | R15: 23942 | S15: 30642 | T15: 33320 | U15: 35024 | V15: 41845 | W15: 29300 | X15: 35384 | Y15: 32867 | Z15: 32199 | AA15: 35456 | AB15: 31686 | AC15: 34444 | AD15: 34312 | AE15: 23956 | AF15: 7.0247222 | AG15: 7.5029861 | AH15: 6.8145139 | AI15: 7.5483333 | AJ15: 7.3111806 | AK15: 6.9370139 | AL15: 6.9895834 | AM15: 6.4570833 | AN15: 7.061875 | AO15: 6.8081945 | AP15: 6.960979 | AQ15: 7.0232639 | AR15: 6.8966666 | AS15: 6.8706944 | AT15: 7.1692361 | AU15: 7.4627778 | AV15: 7.7798611 | AW15: 6.6718056 | AX15: 7.265 | AY15: 7.1443056 | AZ15: 7.1197183 | BA15: 7.4434722 | BB15: 7.0236111 | BC15: 7.2677778 | BD15: 7.3631945 | BE15: 6.1385417 | BF15: =SUM(Input_Raw[[#This Row],[O2_01]:[O2_26]]) -> 823138 | BG15: =IFERROR(AVERAGE(Input_Raw[[#This Row],[WS_O2_01]:[WS_O2_26]]),"") -> 7.079092 | BJ15: 793800 | BK15: 450 | BL15: =Input_Raw[[#This Row],[66 kV_Wind_F1_Export_reading]]-Input_Raw[[#This Row],[66 kV_Wind_F1_Import_reading]] -> 793350 | BM15: =Input_Raw[[#This Row],[WTG Total Gneration (KWh)]]-Input_Raw[[#This Row],[66 kV_Wind_F1_Export_reading]] -> 29338 | BN15: =(Input_Raw[[#This Row],[WTG Total Gneration (KWh)]]-Input_Raw[[#This Row],[66 kV_Wind_F1_Export_reading]])/Input_Raw[[#This Row],[WTG Total Gneration (KWh)]] -> 0.035641654 | BO15: 70.2 | BQ15: 885.16
A16: =A15+1 -> 45756 | B16: =YEAR(Input_Raw[[#This Row],[Date]])+IF(MONTH(Input_Raw[[#This Row],[Date]])>=4,1,0) -> 2026 | C16: =YEAR(Input_Raw[[#This Row],[Date]]) -> 2025 | D16: =A16-DAY(A16)+1 -> 45748 | E16: =DAY(EOMONTH(Input_Raw[[#This Row],[Date]],0)) -> 30 | F16: 28683 | G16: 35985 | H16: 29958 | I16: 32935 | J16: 31490 | K16: 28574 | L16: 28440 | M16: 26245 | N16: 28445 | O16: 26608 | P16: 27370 | Q16: 29182 | R16: 27038 | S16: 28542 | T16: 28611 | U16: 31225 | V16: 36940 | W16: 29330 | X16: 28437 | Y16: 30708 | Z16: 28985 | AA16: 31056 | AB16: 23479 | AC16: 32143 | AD16: 32309 | AE16: 23560 | AF16: 7.0391667 | AG16: 7.6204861 | AH16: 7.0383333 | AI16: 7.3771528 | AJ16: 7.6401409 | AK16: 7.0161806 | AL16: 6.9249306 | AM16: 6.6475694 | AN16: 7.0434722 | AO16: 6.82125 | AP16: 6.9275695 | AQ16: 6.9760417 | AR16: 6.8413195 | AS16: 6.9870833 | AT16: 7.0288194 | AU16: 7.290625 | AV16: 7.5615972 | AW16: 6.931875 | AX16: 6.7921528 | AY16: 7.2261111 | AZ16: 7.1240278 | BA16: 7.2808333 | BB16: 7.1220139 | BC16: 7.2890972 | BD16: 7.4078472 | BE16: 6.3832639 | BF16: =SUM(Input_Raw[[#This Row],[O2_01]:[O2_26]]) -> 766278 | BG16: =IFERROR(AVERAGE(Input_Raw[[#This Row],[WS_O2_01]:[WS_O2_26]]),"") -> 7.08996 | BJ16: 742500 | BK16: 0 | BL16: =Input_Raw[[#This Row],[66 kV_Wind_F1_Export_reading]]-Input_Raw[[#This Row],[66 kV_Wind_F1_Import_reading]] -> 742500 | BM16: =Input_Raw[[#This Row],[WTG Total Gneration (KWh)]]-Input_Raw[[#This Row],[66 kV_Wind_F1_Export_reading]] -> 23778 | BN16: =(Input_Raw[[#This Row],[WTG Total Gneration (KWh)]]-Input_Raw[[#This Row],[66 kV_Wind_F1_Export_reading]])/Input_Raw[[#This Row],[WTG Total Gneration (KWh)]] -> 0.031030514 | BO16: 70.2 | BQ16: 808
A17: =A16+1 -> 45757 | B17: =YEAR(Input_Raw[[#This Row],[Date]])+IF(MONTH(Input_Raw[[#This Row],[Date]])>=4,1,0) -> 2026 | C17: =YEAR(Input_Raw[[#This Row],[Date]]) -> 2025 | D17: =A17-DAY(A17)+1 -> 45748 | E17: =DAY(EOMONTH(Input_Raw[[#This Row],[Date]],0)) -> 30 | F17: 37826 | G17: 45183 | H17: 36893 | I17: 42701 | J17: 41567 | K17: 37890 | L17: 42698 | M17: 28587 | N17: 35022 | O17: 35686 | P17: 35407 | Q17: 38699 | R17: 34054 | S17: 36725 | T17: 33831 | U17: 40822 | V17: 53780 | W17: 33218 | X17: 46375 | Y17: 40773 | Z17: 39808 | AA17: 44573 | AB17: 30874 | AC17: 41245 | AD17: 41410 | AE17: 30495 | AF17: 7.9916667 | AG17: 8.559375 | AH17: 7.849375 | AI17: 8.5015972 | AJ17: 8.3636111 | AK17: 8.1974306 | AL17: 8.6050695 | AM17: 7.6975 | AN17: 7.7553472 | AO17: 7.8514584 | AP17: 7.9753472 | AQ17: 8.1052084 | AR17: 7.7773611 | AS17: 7.8892361 | AT17: 8.1557639 | AU17: 8.6734723 | AV17: 9.3265278 | AW17: 7.8660417 | AX17: 9.0910416 | AY17: 8.3634722 | AZ17: 8.3510417 | BA17: 8.716875 | BB17: 8.1003472 | BC17: 8.3698611 | BD17: 8.2224306 | BE17: 7.1973611 | BF17: =SUM(Input_Raw[[#This Row],[O2_01]:[O2_26]]) -> 1006142 | BG17: =IFERROR(AVERAGE(Input_Raw[[#This Row],[WS_O2_01]:[WS_O2_26]]),"") -> 8.2136084 | BJ17: 974700 | BK17: 0 | BL17: =Input_Raw[[#This Row],[66 kV_Wind_F1_Export_reading]]-Input_Raw[[#This Row],[66 kV_Wind_F1_Import_reading]] -> 974700 | BM17: =Input_Raw[[#This Row],[WTG Total Gneration (KWh)]]-Input_Raw[[#This Row],[66 kV_Wind_F1_Export_reading]] -> 31442 | BN17: =(Input_Raw[[#This Row],[WTG Total Gneration (KWh)]]-Input_Raw[[#This Row],[66 kV_Wind_F1_Export_reading]])/Input_Raw[[#This Row],[WTG Total Gneration (KWh)]] -> 0.031250062 | BO17: 70.2 | BQ17: 1103.33
A18: =A17+1 -> 45758 | B18: =YEAR(Input_Raw[[#This Row],[Date]])+IF(MONTH(Input_Raw[[#This Row],[Date]])>=4,1,0) -> 2026 | C18: =YEAR(Input_Raw[[#This Row],[Date]]) -> 2025 | D18: =A18-DAY(A18)+1 -> 45748 | E18: =DAY(EOMONTH(Input_Raw[[#This Row],[Date]],0)) -> 30 | F18: 41447 | G18: 49347 | H18: 40931 | I18: 44979 | J18: 46056 | K18: 39764 | L18: 38038 | M18: 39635 | N18: 41407 | O18: 40631 | P18: 37304 | Q18: 42973 | R18: 36918 | S18: 3872 | T18: 40666 | U18: 40181 | V18: 44076 | W18: 39510 | X18: 42576 | Y18: 40190 | Z18: 40132 | AA18: 39622 | AB18: 41157 | AC18: 40939 | AD18: 47491 | AE18: 41874 | AF18: 8.3564583 | AG18: 8.934375 | AH18: 8.22 | AI18: 8.6743056 | AJ18: 8.8361539 | AK18: 8.1363889 | AL18: 8.0317362 | AM18: 8.2211111 | AN18: 8.31125 | AO18: 8.19875 | AP18: 8.16625 | AQ18: 8.3396528 | AR18: 7.9668055 | AS18: 2.43625 | AT18: 8.2474305 | AU18: 8.3750695 | AV18: 8.3534028 | AW18: 8.1014583 | AX18: 8.3620833 | AY18: 8.2546528 | AZ18: 8.2840278 | BA18: 8.1915972 | BB18: 8.3780556 | BC18: 8.2961111 | BD18: 8.7860417 | BE18: 8.3384028 | BF18: =SUM(Input_Raw[[#This Row],[O2_01]:[O2_26]]) -> 1041716 | BG18: =IFERROR(AVERAGE(Input_Raw[[#This Row],[WS_O2_01]:[WS_O2_26]]),"") -> 8.1076085 | BJ18: 1004400 | BK18: 0 | BL18: =Input_Raw[[#This Row],[66 kV_Wind_F1_Export_reading]]-Input_Raw[[#This Row],[66 kV_Wind_F1_Import_reading]] -> 1004400 | BM18: =Input_Raw[[#This Row],[WTG Total Gneration (KWh)]]-Input_Raw[[#This Row],[66 kV_Wind_F1_Export_reading]] -> 37316 | BN18: =(Input_Raw[[#This Row],[WTG Total Gneration (KWh)]]-Input_Raw[[#This Row],[66 kV_Wind_F1_Export_reading]])/Input_Raw[[#This Row],[WTG Total Gneration (KWh)]] -> 0.035821663 | BO18: 70.2 | BQ18: 1083.02
A19: =A18+1 -> 45759 | B19: =YEAR(Input_Raw[[#This Row],[Date]])+IF(MONTH(Input_Raw[[#This Row],[Date]])>=4,1,0) -> 2026 | C19: =YEAR(Input_Raw[[#This Row],[Date]]) -> 2025 | D19: =A19-DAY(A19)+1 -> 45748 | E19: =DAY(EOMONTH(Input_Raw[[#This Row],[Date]],0)) -> 30 | F19: 7035 | G19: 8948 | H19: 7003 | I19: 6732 | J19: 9236 | K19: 6096 | L19: 5753 | M19: 7293 | N19: 7028 | O19: 7345 | P19: 6323 | Q19: 7785 | R19: 6299 | S19: 2021 | T19: 7154 | U19: 5854 | V19: 5199 | W19: 5776 | X19: 6293 | Y19: 5916 | Z19: 6933 | AA19: 5641 | AB19: 6923 | AC19: 7181 | AD19: 8783 | AE19: 7236 | AF19: 5.18 | AG19: 5.4 | AH19: 5.08 | AI19: 4.97 | AJ19: 5.52 | AK19: 4.93 | AL19: 4.75 | AM19: 5.13 | AN19: 5.5 | AO19: 5.11 | AP19: 5.08 | AQ19: 5.22 | AR19: 4.93 | AS19: 3.35 | AT19: 5.1 | AU19: 4.7 | AV19: 4.65 | AW19: 4.7 | AX19: 4.81 | AY19: 4.86 | AZ19: 5.06 | BA19: 4.74 | BB19: 5.15 | BC19: 5.05 | BD19: 5.52 | BE19: 5.07 | BF19: =SUM(Input_Raw[[#This Row],[O2_01]:[O2_26]]) -> 173786 | BG19: =IFERROR(AVERAGE(Input_Raw[[#This Row],[WS_O2_01]:[WS_O2_26]]),"") -> 4.9830769 | BJ19: 164700 | BK19: 0 | BL19: =Input_Raw[[#This Row],[66 kV_Wind_F1_Export_reading]]-Input_Raw[[#This Row],[66 kV_Wind_F1_Import_reading]] -> 164700 | BM19: =Input_Raw[[#This Row],[WTG Total Gneration (KWh)]]-Input_Raw[[#This Row],[66 kV_Wind_F1_Export_reading]] -> 9086 | BN19: =(Input_Raw[[#This Row],[WTG Total Gneration (KWh)]]-Input_Raw[[#This Row],[66 kV_Wind_F1_Export_reading]])/Input_Raw[[#This Row],[WTG Total Gneration (KWh)]] -> 0.052282693 | BO19: 70.2 | BQ19: 176.01
A20: =A19+1 -> 45760 | B20: =YEAR(Input_Raw[[#This Row],[Date]])+IF(MONTH(Input_Raw[[#This Row],[Date]])>=4,1,0) -> 2026 | C20: =YEAR(Input_Raw[[#This Row],[Date]]) -> 2025 | D20: =A20-DAY(A20)+1 -> 45748 | E20: =DAY(EOMONTH(Input_Raw[[#This Row],[Date]],0)) -> 30 | F20: 26489 | G20: 28616 | H20: 25705 | I20: 25328 | J20: 26101 | K20: 23521 | L20: 22036 | M20: 10825 | N20: 24188 | O20: 25909 | P20: 23698 | Q20: 25190 | R20: 10703 | S20: 23384 | T20: 20653 | U20: 24367 | V20: 23858 | W20: 22828 | X20: 21328 | Y20: 24441 | Z20: 23356 | AA20: 23878 | AB20: 25584 | AC20: 24224 | AD20: 26202 | AE20: 25025 | AF20: 7.8559804 | AG20: 8.207549 | AH20: 7.5842157 | AI20: 7.5783333 | AJ20: 8.1324 | AK20: 7.4853922 | AL20: 7.1723529 | AM20: 7.7007843 | AN20: 7.5091089 | AO20: 7.9006863 | AP20: 7.5850495 | AQ20: 7.5129412 | AR20: 7.3762745 | AS20: 7.4539215 | AT20: 8.1923529 | AU20: 7.5736274 | AV20: 7.3921569 | AW20: 7.5673529 | AX20: 6.9815686 | AY20: 7.5215686 | AZ20: 7.6607 | BA20: 7.5939394 | BB20: 7.6030392 | BC20: 7.8745918 | BD20: 8.1601961 | BE20: 7.4845098 | BF20: =SUM(Input_Raw[[#This Row],[O2_01]:[O2_26]]) -> 607437 | BG20: =IFERROR(AVERAGE(Input_Raw[[#This Row],[WS_O2_01]:[WS_O2_26]]),"") -> 7.6407921 | BJ20: 589950 | BK20: 0 | BL20: =Input_Raw[[#This Row],[66 kV_Wind_F1_Export_reading]]-Input_Raw[[#This Row],[66 kV_Wind_F1_Import_reading]] -> 589950 | BM20: =Input_Raw[[#This Row],[WTG Total Gneration (KWh)]]-Input_Raw[[#This Row],[66 kV_Wind_F1_Export_reading]] -> 17487 | BN20: =(Input_Raw[[#This Row],[WTG Total Gneration (KWh)]]-Input_Raw[[#This Row],[66 kV_Wind_F1_Export_reading]])/Input_Raw[[#This Row],[WTG Total Gneration (KWh)]] -> 0.028788171 | BO20: 70.2 | BQ20: 682.2
A21: =A20+1 -> 45761 | B21: =YEAR(Input_Raw[[#This Row],[Date]])+IF(MONTH(Input_Raw[[#This Row],[Date]])>=4,1,0) -> 2026 | C21: =YEAR(Input_Raw[[#This Row],[Date]]) -> 2025 | D21: =A21-DAY(A21)+1 -> 45748 | E21: =DAY(EOMONTH(Input_Raw[[#This Row],[Date]],0)) -> 30 | F21: 49494 | G21: 54587 | H21: 26547 | I21: 55152 | J21: 54526 | K21: 43979 | L21: 52855 | M21: 45219 | N21: 45058 | O21: 42261 | P21: 46926 | Q21: 44309 | R21: 32069 | S21: 41611 | T21: 35797 | U21: 46276 | V21: 48303 | W21: 42517 | X21: 48676 | Y21: 47867 | Z21: 43699 | AA21: 49144 | AB21: 47758 | AC21: 48527 | AD21: 34863 | AE21: 46555 | AF21: 9.1019444 | AG21: 9.6511111 | AH21: 8.1617361 | AI21: 9.6954862 | AJ21: 9.7077777 | AK21: 8.5596528 | AL21: 9.5654861 | AM21: 8.94125 | AN21: 8.6055555 | AO21: 8.3949306 | AP21: 8.8494444 | AQ21: 8.686875 | AR21: 8.6395833 | AS21: 8.4447222 | AT21: 8.5942657 | AU21: 8.9832639 | AV21: 9.5735417 | AW21: 8.3386111 | AX21: 9.236875 | AY21: 8.9902778 | AZ21: 8.6319444 | BA21: 9.0699306 | BB21: 8.865 | BC21: 9.1472222 | BD21: 9.5472727 | BE21: 8.7861805 | BF21: =SUM(Input_Raw[[#This Row],[O2_01]:[O2_26]]) -> 1174575 | BG21: =IFERROR(AVERAGE(Input_Raw[[#This Row],[WS_O2_01]:[WS_O2_26]]),"") -> 8.95269 | BJ21: 1131750 | BK21: 0 | BL21: =Input_Raw[[#This Row],[66 kV_Wind_F1_Export_reading]]-Input_Raw[[#This Row],[66 kV_Wind_F1_Import_reading]] -> 1131750 | BM21: =Input_Raw[[#This Row],[WTG Total Gneration (KWh)]]-Input_Raw[[#This Row],[66 kV_Wind_F1_Export_reading]] -> 42825 | BN21: =(Input_Raw[[#This Row],[WTG Total Gneration (KWh)]]-Input_Raw[[#This Row],[66 kV_Wind_F1_Export_reading]])/Input_Raw[[#This Row],[WTG Total Gneration (KWh)]] -> 0.036459996 | BO21: 70.2 | BQ21: 1310.71
A22: =A21+1 -> 45762 | B22: =YEAR(Input_Raw[[#This Row],[Date]])+IF(MONTH(Input_Raw[[#This Row],[Date]])>=4,1,0) -> 2026 | C22: =YEAR(Input_Raw[[#This Row],[Date]]) -> 2025 | D22: =A22-DAY(A22)+1 -> 45748 | E22: =DAY(EOMONTH(Input_Raw[[#This Row],[Date]],0)) -> 30 | F22: 46514 | G22: 48545 | H22: 39223 | I22: 47687 | J22: 30448 | K22: 45430 | L22: 44148 | M22: 45573 | N22: 29654 | O22: 39470 | P22: 43359 | Q22: 40662 | R22: 40685 | S22: 41368 | T22: 44736 | U22: 36838 | V22: 21163 | W22: 45796 | X22: 44525 | Y22: 47068 | Z22: 46010 | AA22: 50084 | AB22: 45181 | AC22: 45308 | AD22: 43881 | AE22: 45361 | AF22: 8.6084722 | AG22: 9.1473611 | AH22: 7.9454861 | AI22: 9.1070833 | AJ22: 9.1824306 | AK22: 8.5748611 | AL22: 8.7966667 | AM22: 8.525 | AN22: 8.4452083 | AO22: 8.139021 | AP22: 8.309375 | AQ22: 8.1183333 | AR22: 8.1345139 | AS22: 8.2361806 | AT22: 8.4832639 | AU22: 9.1687413 | AV22: 9.5176389 | AW22: 8.460625 | AX22: 8.8021528 | AY22: 8.8149305 | AZ22: 8.7621528 | BA22: 9.1504167 | BB22: 8.4670139 | BC22: 8.7845138 | BD22: 8.7821527 | BE22: 8.4726389 | BF22: =SUM(Input_Raw[[#This Row],[O2_01]:[O2_26]]) -> 1098717 | BG22: =IFERROR(AVERAGE(Input_Raw[[#This Row],[WS_O2_01]:[WS_O2_26]]),"") -> 8.6513936 | BJ22: 1060200 | BK22: 0 | BL22: =Input_Raw[[#This Row],[66 kV_Wind_F1_Export_reading]]-Input_Raw[[#This Row],[66 kV_Wind_F1_Import_reading]] -> 1060200 | BM22: =Input_Raw[[#This Row],[WTG Total Gneration (KWh)]]-Input_Raw[[#This Row],[66 kV_Wind_F1_Export_reading]] -> 38517 | BN22: =(Input_Raw[[#This Row],[WTG Total Gneration (KWh)]]-Input_Raw[[#This Row],[66 kV_Wind_F1_Export_reading]])/Input_Raw[[#This Row],[WTG Total Gneration (KWh)]] -> 0.035056343 | BO22: 70.2 | BQ22: 1204.55
A23: =A22+1 -> 45763 | B23: =YEAR(Input_Raw[[#This Row],[Date]])+IF(MONTH(Input_Raw[[#This Row],[Date]])>=4,1,0) -> 2026 | C23: =YEAR(Input_Raw[[#This Row],[Date]]) -> 2025 | D23: =A23-DAY(A23)+1 -> 45748 | E23: =DAY(EOMONTH(Input_Raw[[#This Row],[Date]],0)) -> 30 | F23: 39687 | G23: 43551 | H23: 33252 | I23: 42754 | J23: 39116 | K23: 41952 | L23: 38923 | M23: 32217 | N23: 37241 | O23: 34029 | P23: 37090 | Q23: 34156 | R23: 33570 | S23: 30710 | T23: 38531 | U23: 37845 | V23: 5990 | W23: 33986 | X23: 39068 | Y23: 39760 | Z23: 41205 | AA23: 46060 | AB23: 38562 | AC23: 36943 | AD23: 33701 | AE23: 37850 | AF23: 7.8429167 | AG23: 8.2334722 | AH23: 7.3058333 | AI23: 8.2092361 | AJ23: 8.2520833 | AK23: 8.1929167 | AL23: 7.9234722 | AM23: 7.8644755 | AN23: 7.6393055 | AO23: 7.3693056 | AP23: 7.6580556 | AQ23: 7.4222222 | AR23: 7.3970139 | AS23: 7.514375 | AT23: 7.7897222 | AU23: 8.0988889 | AV23: 8.6369444 | AW23: 8.0579167 | AX23: 7.9155556 | AY23: 8.0107639 | AZ23: 8.1520139 | BA23: 8.6213195 | BB23: 7.7801389 | BC23: 7.8828472 | BD23: 8.0145139 | BE23: 7.66375 | BF23: =SUM(Input_Raw[[#This Row],[O2_01]:[O2_26]]) -> 947749 | BG23: =IFERROR(AVERAGE(Input_Raw[[#This Row],[WS_O2_01]:[WS_O2_26]]),"") -> 7.9018869 | BJ23: 913950 | BK23: 0 | BL23: =Input_Raw[[#This Row],[66 kV_Wind_F1_Export_reading]]-Input_Raw[[#This Row],[66 kV_Wind_F1_Import_reading]] -> 913950 | BM23: =Input_Raw[[#This Row],[WTG Total Gneration (KWh)]]-Input_Raw[[#This Row],[66 kV_Wind_F1_Export_reading]] -> 33799 | BN23: =(Input_Raw[[#This Row],[WTG Total Gneration (KWh)]]-Input_Raw[[#This Row],[66 kV_Wind_F1_Export_reading]])/Input_Raw[[#This Row],[WTG Total Gneration (KWh)]] -> 0.035662396 | BO23: 70.2 | BQ23: 1042.18
A24: =A23+1 -> 45764 | B24: =YEAR(Input_Raw[[#This Row],[Date]])+IF(MONTH(Input_Raw[[#This Row],[Date]])>=4,1,0) -> 2026 | C24: =YEAR(Input_Raw[[#This Row],[Date]]) -> 2025 | D24: =A24-DAY(A24)+1 -> 45748 | E24: =DAY(EOMONTH(Input_Raw[[#This Row],[Date]],0)) -> 30 | F24: 36843 | G24: 37275 | H24: 31117 | I24: 40506 | J24: 38564 | K24: 34183 | L24: 36587 | M24: 34160 | N24: 34958 | O24: 25644 | P24: 32786 | Q24: 27764 | R24: 29488 | S24: 29808 | T24: 32423 | U24: 30737 | V24: 34358 | W24: 33701 | X24: 35632 | Y24: 33211 | Z24: 29664 | AA24: 37507 | AB24: 35381 | AC24: 32115 | AD24: 35469 | AE24: 36110 | AF24: 7.4666667 | AG24: 7.8992308 | AH24: 6.8693055 | AI24: 7.7907639 | AJ24: 7.941875 | AK24: 7.1636806 | AL24: 7.551875 | AM24: 7.233125 | AN24: 7.2426389 | AO24: 6.3554861 | AP24: 7.1822222 | AQ24: 7.0022222 | AR24: 6.7729861 | AS24: 6.8229861 | AT24: 6.9756944 | AU24: 7.0449306 | AV24: 7.1734027 | AW24: 7.0145833 | AX24: 7.2395833 | AY24: 7.1526389 | AZ24: 6.9462238 | BA24: 7.5787413 | BB24: 7.2679861 | BC24: 7.1542361 | BD24: 7.6755556 | BE24: 7.293125 | BF24: =SUM(Input_Raw[[#This Row],[O2_01]:[O2_26]]) -> 875991 | BG24: =IFERROR(AVERAGE(Input_Raw[[#This Row],[WS_O2_01]:[WS_O2_26]]),"") -> 7.2235294 | BJ24: 845100 | BK24: 450 | BL24: =Input_Raw[[#This Row],[66 kV_Wind_F1_Export_reading]]-Input_Raw[[#This Row],[66 kV_Wind_F1_Import_reading]] -> 844650 | BM24: =Input_Raw[[#This Row],[WTG Total Gneration (KWh)]]-Input_Raw[[#This Row],[66 kV_Wind_F1_Export_reading]] -> 30891 | BN24: =(Input_Raw[[#This Row],[WTG Total Gneration (KWh)]]-Input_Raw[[#This Row],[66 kV_Wind_F1_Export_reading]])/Input_Raw[[#This Row],[WTG Total Gneration (KWh)]] -> 0.035264061 | BO24: 70.2 | BQ24: 924.98
... A121: =A120+1 -> 45861 | B121: =YEAR(Input_Raw[[#This Row],[Date]])+IF(MONTH(Input_Raw[[#This Row],[Date]])>=4,1,0) -> 2026 | C121: =YEAR(Input_Raw[[#This Row],[Date]]) -> 2025 | D121: =A121-DAY(A121)+1 -> 45839 | E121: =DAY(EOMONTH(Input_Raw[[#This Row],[Date]],0)) -> 31 | F121: 35801 | G121: 39311 | H121: 36542 | I121: 33399 | J121: 37604 | K121: 38554 | L121: 35706 | M121: 36536 | N121: 36663 | O121: 36394 | P121: 34015 | Q121: 35166 | R121: 33050 | S121: 35124 | T121: 35185 | U121: 37507 | V121: 35958 | W121: 37918 | X121: 39019 | Y121: 34642 | Z121: 39991 | AA121: 33354 | AB121: 36066 | AC121: 37090 | AD121: 39791 | AE121: 37365 | AF121: 7.786875 | AG121: 7.9906944 | AH121: 7.6745139 | AI121: 7.5299306 | AJ121: 7.9066667 | AK121: 8.1054166 | AL121: 7.6422917 | AM121: 7.6576389 | AN121: 7.8376389 | AO121: 7.6897917 | AP121: 7.6175 | AQ121: 8.2390278 | AR121: 7.4530555 | AS121: 7.6188194 | AT121: 7.5777083 | AU121: 7.7679167 | AV121: 7.9297222 | AW121: 7.8597917 | AX121: 7.941875 | AY121: 7.6383334 | AZ121: 8.0268056 | BA121: 7.5172222 | BB121: 7.6935417 | BC121: 7.7431944 | BD121: 7.9323611 | BE121: 7.880625 | BF121: =SUM(Input_Raw[[#This Row],[O2_01]:[O2_26]]) -> 947751 | BG121: =IFERROR(AVERAGE(Input_Raw[[#This Row],[WS_O2_01]:[WS_O2_26]]),"") -> 7.7791907 | BJ121: 921150 | BK121: 0 | BL121: =Input_Raw[[#This Row],[66 kV_Wind_F1_Export_reading]]-Input_Raw[[#This Row],[66 kV_Wind_F1_Import_reading]] -> 921150 | BM121: =Input_Raw[[#This Row],[WTG Total Gneration (KWh)]]-Input_Raw[[#This Row],[66 kV_Wind_F1_Export_reading]] -> 26601 | BN121: =(Input_Raw[[#This Row],[WTG Total Gneration (KWh)]]-Input_Raw[[#This Row],[66 kV_Wind_F1_Export_reading]])/Input_Raw[[#This Row],[WTG Total Gneration (KWh)]] -> 0.028067499 | BO121: 70.2 | BQ121: 986.77

Sheet WTG_BD
A1: Sr. No. | B1: Financial Year | C1: Calendar Year | D1: Operating Year | E1: Month | F1: Date | G1: Affected WTG | H1: SPV | I1: Consumer | J1: Plant Equivalent Weightage | K1: Error Code | L1: Error Text | M1: Breakdown Description | N1: Stoppage Type | O1: Fault Start TimeStamp | P1: Work Start TimeStamp | Q1: Fault Clearance time | R1: Response Time | S1: Resolution Time | T1: Breakdown Time | U1: Action taken | V1: Status | W1: Plant Equivalent breakdown | X1: Fault Category | Y1: Paired WTG for Enegy based MA | Z1: Paired WTG Generation for loss calculation | AA1: Estimated Energy Loss (kWh) | AB1: Special Remarks | AC1: PTW No. | AD1: Job Card No.
A2: 1 | B2: =YEAR(Table6[[#This Row],[Date]])+IF(MONTH(Table6[[#This Row],[Date]])>=4,1,0) -> 2026 | C2: =YEAR(Table6[[#This Row],[Date]]) -> 2025 | D2: Year_2 | E2: =Table6[[#This Row],[Date]]-DAY(Table6[[#This Row],[Date]])+1 -> 45748 | F2: 45748 | G2: O2_02 | H2: =IFERROR(_xlfn.XLOOKUP(Table6[[#This Row],[Affected WTG]],'Basic Data'!$A:$A,'Basic Data'!$B:$B),"") -> TQGXIIPL | I2: =IFERROR(_xlfn.XLOOKUP(Table6[[#This Row],[Affected WTG]],'Basic Data'!$A:$A,'Basic Data'!$C:$C),"") -> GEDA | J2: =IFERROR(_xlfn.XLOOKUP(Table6[[#This Row],[Affected WTG]],'Basic Data'!$A:$A,'Basic Data'!$E:$E),"") -> 0.038461538 | K2: 6130 | L2: =IFERROR(_xlfn.XLOOKUP(Table6[[#This Row],[Error Code]],'Basic Data'!$AA:$AA,'Basic Data'!$AB:$AB),"Incorrect Error Code") -> Yaw speed high | M2: Break down | O2: 0.22013889 | P2: 0.22013889 | Q2: 0.22291667 | R2: =IF(Table6[[#This Row],[Work Start TimeStamp]]="","",(Table6[[#This Row],[Work Start TimeStamp]]-Table6[[#This Row],[Fault Start TimeStamp]])*24) -> 0 | S2: =(Table6[[#This Row],[Fault Clearance time]]-Table6[[#This Row],[Work Start TimeStamp]])*24 -> 0.066666667 | T2: =(Table6[[#This Row],[Fault Clearance time]]-Table6[[#This Row],[Fault Start TimeStamp]])*24 -> 0.066666667 | U2: Checked related error data log then reset & started WTG. | V2: Close | W2: =IFERROR(Table6[[#This Row],[Breakdown Time]]*Table6[[#This Row],[Plant Equivalent Weightage]],"") -> 0.0025641026 | X2: WTG Unscheduled Maintenance | Y2: O2_05 | Z2: 24626 | AA2: =(Table6[[#This Row],[Paired WTG Generation for loss calculation]]/24)*Table6[[#This Row],[Breakdown Time]] -> 68.405556
A3: =A2+1 -> 2 | B3: =YEAR(Table6[[#This Row],[Date]])+IF(MONTH(Table6[[#This Row],[Date]])>=4,1,0) -> 2026 | C3: =YEAR(Table6[[#This Row],[Date]]) -> 2025 | D3: Year_2 | E3: =Table6[[#This Row],[Date]]-DAY(Table6[[#This Row],[Date]])+1 -> 45748 | F3: 45748 | G3: O2_02 | H3: =IFERROR(_xlfn.XLOOKUP(Table6[[#This Row],[Affected WTG]],'Basic Data'!$A:$A,'Basic Data'!$B:$B),"") -> TQGXIIPL | I3: =IFERROR(_xlfn.XLOOKUP(Table6[[#This Row],[Affected WTG]],'Basic Data'!$A:$A,'Basic Data'!$C:$C),"") -> GEDA | J3: =IFERROR(_xlfn.XLOOKUP(Table6[[#This Row],[Affected WTG]],'Basic Data'!$A:$A,'Basic Data'!$E:$E),"") -> 0.038461538 | K3: 6130 | L3: =IFERROR(_xlfn.XLOOKUP(Table6[[#This Row],[Error Code]],'Basic Data'!$AA:$AA,'Basic Data'!$AB:$AB),"Incorrect Error Code") -> Yaw speed high | M3: Break down | O3: 0.77916667 | P3: 0.77916667 | Q3: 0.7875 | R3: =IF(Table6[[#This Row],[Work Start TimeStamp]]="","",(Table6[[#This Row],[Work Start TimeStamp]]-Table6[[#This Row],[Fault Start TimeStamp]])*24) -> 0 | S3: =(Table6[[#This Row],[Fault Clearance time]]-Table6[[#This Row],[Work Start TimeStamp]])*24 -> 0.2 | T3: =(Table6[[#This Row],[Fault Clearance time]]-Table6[[#This Row],[Fault Start TimeStamp]])*24 -> 0.2 | U3: Checked related error data log then reset & started WTG. | V3: Close | W3: =IFERROR(Table6[[#This Row],[Breakdown Time]]*Table6[[#This Row],[Plant Equivalent Weightage]],"") -> 0.0076923077 | X3: WTG Unscheduled Maintenance | Y3: O2_05 | Z3: 24626 | AA3: =(Table6[[#This Row],[Paired WTG Generation for loss calculation]]/24)*Table6[[#This Row],[Breakdown Time]] -> 205.21667
A4: =A3+1 -> 3 | B4: =YEAR(Table6[[#This Row],[Date]])+IF(MONTH(Table6[[#This Row],[Date]])>=4,1,0) -> 2026 | C4: =YEAR(Table6[[#This Row],[Date]]) -> 2025 | D4: Year_2 | E4: =Table6[[#This Row],[Date]]-DAY(Table6[[#This Row],[Date]])+1 -> 45748 | F4: 45748 | G4: O2_04 | H4: =IFERROR(_xlfn.XLOOKUP(Table6[[#This Row],[Affected WTG]],'Basic Data'!$A:$A,'Basic Data'!$B:$B),"") -> TQGXIIPL | I4: =IFERROR(_xlfn.XLOOKUP(Table6[[#This Row],[Affected WTG]],'Basic Data'!$A:$A,'Basic Data'!$C:$C),"") -> GEDA | J4: =IFERROR(_xlfn.XLOOKUP(Table6[[#This Row],[Affected WTG]],'Basic Data'!$A:$A,'Basic Data'!$E:$E),"") -> 0.038461538 | K4: 6007 | L4: =IFERROR(_xlfn.XLOOKUP(Table6[[#This Row],[Error Code]],'Basic Data'!$AA:$AA,'Basic Data'!$AB:$AB),"Incorrect Error Code") -> Overload yaw motors group 1 | M4: Break down | O4: 0.59583333 | P4: 0.59583333 | Q4: 0.60555556 | R4: =IF(Table6[[#This Row],[Work Start TimeStamp]]="","",(Table6[[#This Row],[Work Start TimeStamp]]-Table6[[#This Row],[Fault Start TimeStamp]])*24) -> 0 | S4: =(Table6[[#This Row],[Fault Clearance time]]-Table6[[#This Row],[Work Start TimeStamp]])*24 -> 0.23333333 | T4: =(Table6[[#This Row],[Fault Clearance time]]-Table6[[#This Row],[Fault Start TimeStamp]])*24 -> 0.23333333 | U4: Checked related error data log then reset & started WTG. | V4: Close | W4: =IFERROR(Table6[[#This Row],[Breakdown Time]]*Table6[[#This Row],[Plant Equivalent Weightage]],"") -> 0.008974359 | X4: WTG Unscheduled Maintenance | Y4: O2_07 | Z4: 16286 | AA4: =(Table6[[#This Row],[Paired WTG Generation for loss calculation]]/24)*Table6[[#This Row],[Breakdown Time]] -> 158.33611
A5: =A4+1 -> 4 | B5: =YEAR(Table6[[#This Row],[Date]])+IF(MONTH(Table6[[#This Row],[Date]])>=4,1,0) -> 2026 | C5: =YEAR(Table6[[#This Row],[Date]]) -> 2025 | D5: Year_2 | E5: =Table6[[#This Row],[Date]]-DAY(Table6[[#This Row],[Date]])+1 -> 45748 | F5: 45748 | G5: O2_04 | H5: =IFERROR(_xlfn.XLOOKUP(Table6[[#This Row],[Affected WTG]],'Basic Data'!$A:$A,'Basic Data'!$B:$B),"") -> TQGXIIPL | I5: =IFERROR(_xlfn.XLOOKUP(Table6[[#This Row],[Affected WTG]],'Basic Data'!$A:$A,'Basic Data'!$C:$C),"") -> GEDA | J5: =IFERROR(_xlfn.XLOOKUP(Table6[[#This Row],[Affected WTG]],'Basic Data'!$A:$A,'Basic Data'!$E:$E),"") -> 0.038461538 | K5: 6007 | L5: =IFERROR(_xlfn.XLOOKUP(Table6[[#This Row],[Error Code]],'Basic Data'!$AA:$AA,'Basic Data'!$AB:$AB),"Incorrect Error Code") -> Overload yaw motors group 1 | M5: Break down | O5: 0.64236111 | P5: 0.64583333 | Q5: 0.66041667 | R5: =IF(Table6[[#This Row],[Work Start TimeStamp]]="","",(Table6[[#This Row],[Work Start TimeStamp]]-Table6[[#This Row],[Fault Start TimeStamp]])*24) -> 0.083333333 | S5: =(Table6[[#This Row],[Fault Clearance time]]-Table6[[#This Row],[Work Start TimeStamp]])*24 -> 0.35 | T5: =(Table6[[#This Row],[Fault Clearance time]]-Table6[[#This Row],[Fault Start TimeStamp]])*24 -> 0.43333333 | U5: Attend and check error related ckt than found Yaw MPCB Feedback connection loose so tight it than reset and started WTG. | V5: Close | W5: =IFERROR(Table6[[#This Row],[Breakdown Time]]*Table6[[#This Row],[Plant Equivalent Weightage]],"") -> 0.016666667 | X5: WTG Unscheduled Maintenance | Y5: O2_07 | Z5: 16286 | AA5: =(Table6[[#This Row],[Paired WTG Generation for loss calculation]]/24)*Table6[[#This Row],[Breakdown Time]] -> 294.05278
A6: =A5+1 -> 5 | B6: =YEAR(Table6[[#This Row],[Date]])+IF(MONTH(Table6[[#This Row],[Date]])>=4,1,0) -> 2026 | C6: =YEAR(Table6[[#This Row],[Date]]) -> 2025 | D6: Year_2 | E6: =Table6[[#This Row],[Date]]-DAY(Table6[[#This Row],[Date]])+1 -> 45748 | F6: 45748 | G6: O2_10 | H6: =IFERROR(_xlfn.XLOOKUP(Table6[[#This Row],[Affected WTG]],'Basic Data'!$A:$A,'Basic Data'!$B:$B),"") -> TQGXIIPL | I6: =IFERROR(_xlfn.XLOOKUP(Table6[[#This Row],[Affected WTG]],'Basic Data'!$A:$A,'Basic Data'!$C:$C),"") -> GEDA | J6: =IFERROR(_xlfn.XLOOKUP(Table6[[#This Row],[Affected WTG]],'Basic Data'!$A:$A,'Basic Data'!$E:$E),"") -> 0.038461538 | K6: 55 | L6: =IFERROR(_xlfn.XLOOKUP(Table6[[#This Row],[Error Code]],'Basic Data'!$AA:$AA,'Basic Data'!$AB:$AB),"Incorrect Error Code") -> WTG shut down | M6: Schedule WTG PM | O6: 0.39097222 | P6: 0.39097222 | Q6: 0.75 | R6: =IF(Table6[[#This Row],[Work Start TimeStamp]]="","",(Table6[[#This Row],[Work Start TimeStamp]]-Table6[[#This Row],[Fault Start TimeStamp]])*24) -> 0 | S6: =(Table6[[#This Row],[Fault Clearance time]]-Table6[[#This Row],[Work Start TimeStamp]])*24 -> 8.6166667 | T6: =(Table6[[#This Row],[Fault Clearance time]]-Table6[[#This Row],[Fault Start TimeStamp]])*24 -> 8.6166667 | U6: WTG stop for YPM day-1 activity complate than started WTG. | V6: Close | W6: =IFERROR(Table6[[#This Row],[Breakdown Time]]*Table6[[#This Row],[Plant Equivalent Weightage]],"") -> 0.33141026 | X6: WTG Scheduled Maintenance | Y6: O2_15 | Z6: 23343 | AA6: =(Table6[[#This Row],[Paired WTG Generation for loss calculation]]/24)*Table6[[#This Row],[Breakdown Time]] -> 8380.7854
A7: =A6+1 -> 6 | B7: =YEAR(Table6[[#This Row],[Date]])+IF(MONTH(Table6[[#This Row],[Date]])>=4,1,0) -> 2026 | C7: =YEAR(Table6[[#This Row],[Date]]) -> 2025 | D7: Year_2 | E7: =Table6[[#This Row],[Date]]-DAY(Table6[[#This Row],[Date]])+1 -> 45748 | F7: 45748 | G7: O2_13 | H7: =IFERROR(_xlfn.XLOOKUP(Table6[[#This Row],[Affected WTG]],'Basic Data'!$A:$A,'Basic Data'!$B:$B),"") -> TQGXIIPL | I7: =IFERROR(_xlfn.XLOOKUP(Table6[[#This Row],[Affected WTG]],'Basic Data'!$A:$A,'Basic Data'!$C:$C),"") -> GEDA | J7: =IFERROR(_xlfn.XLOOKUP(Table6[[#This Row],[Affected WTG]],'Basic Data'!$A:$A,'Basic Data'!$E:$E),"") -> 0.038461538 | K7: 6130 | L7: =IFERROR(_xlfn.XLOOKUP(Table6[[#This Row],[Error Code]],'Basic Data'!$AA:$AA,'Basic Data'!$AB:$AB),"Incorrect Error Code") -> Yaw speed high | M7: Break down | O7: 0.29513889 | P7: 0.29513889 | Q7: 0.29652778 | R7: =IF(Table6[[#This Row],[Work Start TimeStamp]]="","",(Table6[[#This Row],[Work Start TimeStamp]]-Table6[[#This Row],[Fault Start TimeStamp]])*24) -> 0 | S7: =(Table6[[#This Row],[Fault Clearance time]]-Table6[[#This Row],[Work Start TimeStamp]])*24 -> 0.033333333 | T7: =(Table6[[#This Row],[Fault Clearance time]]-Table6[[#This Row],[Fault Start TimeStamp]])*24 -> 0.033333333 | U7: Checked related error data log then reset & started WTG. | V7: Close | W7: =IFERROR(Table6[[#This Row],[Breakdown Time]]*Table6[[#This Row],[Plant Equivalent Weightage]],"") -> 0.0012820513 | X7: WTG Unscheduled Maintenance | Y7: O2_11 | Z7: 21579 | AA7: =(Table6[[#This Row],[Paired WTG Generation for loss calculation]]/24)*Table6[[#This Row],[Breakdown Time]] -> 29.970833
A8: =A7+1 -> 7 | B8: =YEAR(Table6[[#This Row],[Date]])+IF(MONTH(Table6[[#This Row],[Date]])>=4,1,0) -> 2026 | C8: =YEAR(Table6[[#This Row],[Date]]) -> 2025 | D8: Year_2 | E8: =Table6[[#This Row],[Date]]-DAY(Table6[[#This Row],[Date]])+1 -> 45748 | F8: 45748 | G8: O2_18 | H8: =IFERROR(_xlfn.XLOOKUP(Table6[[#This Row],[Affected WTG]],'Basic Data'!$A:$A,'Basic Data'!$B:$B),"") -> TQGXIIPL | I8: =IFERROR(_xlfn.XLOOKUP(Table6[[#This Row],[Affected WTG]],'Basic Data'!$A:$A,'Basic Data'!$C:$C),"") -> GEDA | J8: =IFERROR(_xlfn.XLOOKUP(Table6[[#This Row],[Affected WTG]],'Basic Data'!$A:$A,'Basic Data'!$E:$E),"") -> 0.038461538 | K8: 3000 | L8: =IFERROR(_xlfn.XLOOKUP(Table6[[#This Row],[Error Code]],'Basic Data'!$AA:$AA,'Basic Data'!$AB:$AB),"Incorrect Error Code") -> Frequency converter not ready | M8: Break down | O8: 0.88194444 | P8: 0.88194444 | Q8: 0.88333333 | R8: =IF(Table6[[#This Row],[Work Start TimeStamp]]="","",(Table6[[#This Row],[Work Start TimeStamp]]-Table6[[#This Row],[Fault Start TimeStamp]])*24) -> 0 | S8: =(Table6[[#This Row],[Fault Clearance time]]-Table6[[#This Row],[Work Start TimeStamp]])*24 -> 0.033333333 | T8: =(Table6[[#This Row],[Fault Clearance time]]-Table6[[#This Row],[Fault Start TimeStamp]])*24 -> 0.033333333 | U8: Checked related error data log then reset & started WTG. | V8: Close | W8: =IFERROR(Table6[[#This Row],[Breakdown Time]]*Table6[[#This Row],[Plant Equivalent Weightage]],"") -> 0.0012820513 | X8: WTG Unscheduled Maintenance | Y8: O2_06 | Z8: 19200 | AA8: =(Table6[[#This Row],[Paired WTG Generation for loss calculation]]/24)*Table6[[#This Row],[Breakdown Time]] -> 26.666667
A9: =A8+1 -> 8 | B9: =YEAR(Table6[[#This Row],[Date]])+IF(MONTH(Table6[[#This Row],[Date]])>=4,1,0) -> 2026 | C9: =YEAR(Table6[[#This Row],[Date]]) -> 2025 | D9: Year_2 | E9: =Table6[[#This Row],[Date]]-DAY(Table6[[#This Row],[Date]])+1 -> 45748 | F9: 45749 | G9: O2_01 | H9: =IFERROR(_xlfn.XLOOKUP(Table6[[#This Row],[Affected WTG]],'Basic Data'!$A:$A,'Basic Data'!$B:$B),"") -> TQGXIIPL | I9: =IFERROR(_xlfn.XLOOKUP(Table6[[#This Row],[Affected WTG]],'Basic Data'!$A:$A,'Basic Data'!$C:$C),"") -> GEDA | J9: =IFERROR(_xlfn.XLOOKUP(Table6[[#This Row],[Affected WTG]],'Basic Data'!$A:$A,'Basic Data'!$E:$E),"") -> 0.038461538 | K9: 6130 | L9: =IFERROR(_xlfn.XLOOKUP(Table6[[#This Row],[Error Code]],'Basic Data'!$AA:$AA,'Basic Data'!$AB:$AB),"Incorrect Error Code") -> Yaw speed high | M9: Break down | O9: 0.50277778 | P9: 0.50277778 | Q9: 0.50694444 | R9: =IF(Table6[[#This Row],[Work Start TimeStamp]]="","",(Table6[[#This Row],[Work Start TimeStamp]]-Table6[[#This Row],[Fault Start TimeStamp]])*24) -> 0 | S9: =(Table6[[#This Row],[Fault Clearance time]]-Table6[[#This Row],[Work Start TimeStamp]])*24 -> 0.1 | T9: =(Table6[[#This Row],[Fault Clearance time]]-Table6[[#This Row],[Fault Start TimeStamp]])*24 -> 0.1 | U9: Check Event log and check Data log after Reset and started wtg | V9: Close | W9: =IFERROR(Table6[[#This Row],[Breakdown Time]]*Table6[[#This Row],[Plant Equivalent Weightage]],"") -> 0.0038461538 | X9: WTG Unscheduled Maintenance | Y9: O2_26 | Z9: 12678 | AA9: =(Table6[[#This Row],[Paired WTG Generation for loss calculation]]/24)*Table6[[#This Row],[Breakdown Time]] -> 52.825
A10: =A9+1 -> 9 | B10: =YEAR(Table6[[#This Row],[Date]])+IF(MONTH(Table6[[#This Row],[Date]])>=4,1,0) -> 2026 | C10: =YEAR(Table6[[#This Row],[Date]]) -> 2025 | D10: Year_2 | E10: =Table6[[#This Row],[Date]]-DAY(Table6[[#This Row],[Date]])+1 -> 45748 | F10: 45749 | G10: O2_02 | H10: =IFERROR(_xlfn.XLOOKUP(Table6[[#This Row],[Affected WTG]],'Basic Data'!$A:$A,'Basic Data'!$B:$B),"") -> TQGXIIPL | I10: =IFERROR(_xlfn.XLOOKUP(Table6[[#This Row],[Affected WTG]],'Basic Data'!$A:$A,'Basic Data'!$C:$C),"") -> GEDA | J10: =IFERROR(_xlfn.XLOOKUP(Table6[[#This Row],[Affected WTG]],'Basic Data'!$A:$A,'Basic Data'!$E:$E),"") -> 0.038461538 | K10: 3110 | L10: =IFERROR(_xlfn.XLOOKUP(Table6[[#This Row],[Error Code]],'Basic Data'!$AA:$AA,'Basic Data'!$AB:$AB),"Incorrect Error Code") -> Frequency converter error | M10: Break down | O10: 0.48958333 | P10: 0.48958333 | Q10: 0.49305556 | R10: =IF(Table6[[#This Row],[Work Start TimeStamp]]="","",(Table6[[#This Row],[Work Start TimeStamp]]-Table6[[#This Row],[Fault Start TimeStamp]])*24) -> 0 | S10: =(Table6[[#This Row],[Fault Clearance time]]-Table6[[#This Row],[Work Start TimeStamp]])*24 -> 0.083333333 | T10: =(Table6[[#This Row],[Fault Clearance time]]-Table6[[#This Row],[Fault Start TimeStamp]])*24 -> 0.083333333 | U10: Check Event and check Converter Data log after Reset and started wtg | V10: Close | W10: =IFERROR(Table6[[#This Row],[Breakdown Time]]*Table6[[#This Row],[Plant Equivalent Weightage]],"") -> 0.0032051282 | X10: WTG Unscheduled Maintenance | Y10: O2_05 | Z10: 12752 | AA10: =(Table6[[#This Row],[Paired WTG Generation for loss calculation]]/24)*Table6[[#This Row],[Breakdown Time]] -> 44.277778
A11: =A10+1 -> 10 | B11: =YEAR(Table6[[#This Row],[Date]])+IF(MONTH(Table6[[#This Row],[Date]])>=4,1,0) -> 2026 | C11: =YEAR(Table6[[#This Row],[Date]]) -> 2025 | D11: Year_2 | E11: =Table6[[#This Row],[Date]]-DAY(Table6[[#This Row],[Date]])+1 -> 45748 | F11: 45749 | G11: O2_02 | H11: =IFERROR(_xlfn.XLOOKUP(Table6[[#This Row],[Affected WTG]],'Basic Data'!$A:$A,'Basic Data'!$B:$B),"") -> TQGXIIPL | I11: =IFERROR(_xlfn.XLOOKUP(Table6[[#This Row],[Affected WTG]],'Basic Data'!$A:$A,'Basic Data'!$C:$C),"") -> GEDA | J11: =IFERROR(_xlfn.XLOOKUP(Table6[[#This Row],[Affected WTG]],'Basic Data'!$A:$A,'Basic Data'!$E:$E),"") -> 0.038461538 | K11: 3000 | L11: =IFERROR(_xlfn.XLOOKUP(Table6[[#This Row],[Error Code]],'Basic Data'!$AA:$AA,'Basic Data'!$AB:$AB),"Incorrect Error Code") -> Frequency converter not ready | M11: Break down | O11: 0.74375 | P11: 0.74375 | Q11: 0.74583333 | R11: =IF(Table6[[#This Row],[Work Start TimeStamp]]="","",(Table6[[#This Row],[Work Start TimeStamp]]-Table6[[#This Row],[Fault Start TimeStamp]])*24) -> 0 | S11: =(Table6[[#This Row],[Fault Clearance time]]-Table6[[#This Row],[Work Start TimeStamp]])*24 -> 0.05 | T11: =(Table6[[#This Row],[Fault Clearance time]]-Table6[[#This Row],[Fault Start TimeStamp]])*24 -> 0.05 | U11: check event log after check voltage and current data after so ok then reset and started wtg. | V11: Close | W11: =IFERROR(Table6[[#This Row],[Breakdown Time]]*Table6[[#This Row],[Plant Equivalent Weightage]],"") -> 0.0019230769 | X11: WTG Unscheduled Maintenance | Y11: O2_05 | Z11: 12752 | AA11: =(Table6[[#This Row],[Paired WTG Generation for loss calculation]]/24)*Table6[[#This Row],[Breakdown Time]] -> 26.566667
A12: =A11+1 -> 11 | B12: =YEAR(Table6[[#This Row],[Date]])+IF(MONTH(Table6[[#This Row],[Date]])>=4,1,0) -> 2026 | C12: =YEAR(Table6[[#This Row],[Date]]) -> 2025 | D12: Year_2 | E12: =Table6[[#This Row],[Date]]-DAY(Table6[[#This Row],[Date]])+1 -> 45748 | F12: 45749 | G12: O2_04 | H12: =IFERROR(_xlfn.XLOOKUP(Table6[[#This Row],[Affected WTG]],'Basic Data'!$A:$A,'Basic Data'!$B:$B),"") -> TQGXIIPL | I12: =IFERROR(_xlfn.XLOOKUP(Table6[[#This Row],[Affected WTG]],'Basic Data'!$A:$A,'Basic Data'!$C:$C),"") -> GEDA | J12: =IFERROR(_xlfn.XLOOKUP(Table6[[#This Row],[Affected WTG]],'Basic Data'!$A:$A,'Basic Data'!$E:$E),"") -> 0.038461538 | K12: 3110 | L12: =IFERROR(_xlfn.XLOOKUP(Table6[[#This Row],[Error Code]],'Basic Data'!$AA:$AA,'Basic Data'!$AB:$AB),"Incorrect Error Code") -> Frequency converter error | M12: Break down | O12: 0.74375 | P12: 0.74375 | Q12: 0.74513889 | R12: =IF(Table6[[#This Row],[Work Start TimeStamp]]="","",(Table6[[#This Row],[Work Start TimeStamp]]-Table6[[#This Row],[Fault Start TimeStamp]])*24) -> 0 | S12: =(Table6[[#This Row],[Fault Clearance time]]-Table6[[#This Row],[Work Start TimeStamp]])*24 -> 0.033333333 | T12: =(Table6[[#This Row],[Fault Clearance time]]-Table6[[#This Row],[Fault Start TimeStamp]])*24 -> 0.033333333 | U12: Auto reset | V12: Close | W12: =IFERROR(Table6[[#This Row],[Breakdown Time]]*Table6[[#This Row],[Plant Equivalent Weightage]],"") -> 0.0012820513 | X12: WTG Unscheduled Maintenance | Y12: O2_07 | Z12: 7398 | AA12: =(Table6[[#This Row],[Paired WTG Generation for loss calculation]]/24)*Table6[[#This Row],[Breakdown Time]] -> 10.275
A13: =A12+1 -> 12 | B13: =YEAR(Table6[[#This Row],[Date]])+IF(MONTH(Table6[[#This Row],[Date]])>=4,1,0) -> 2026 | C13: =YEAR(Table6[[#This Row],[Date]]) -> 2025 | D13: Year_2 | E13: =Table6[[#This Row],[Date]]-DAY(Table6[[#This Row],[Date]])+1 -> 45748 | F13: 45749 | G13: O2_05 | H13: =IFERROR(_xlfn.XLOOKUP(Table6[[#This Row],[Affected WTG]],'Basic Data'!$A:$A,'Basic Data'!$B:$B),"") -> TQGXIIPL | I13: =IFERROR(_xlfn.XLOOKUP(Table6[[#This Row],[Affected WTG]],'Basic Data'!$A:$A,'Basic Data'!$C:$C),"") -> GEDA | J13: =IFERROR(_xlfn.XLOOKUP(Table6[[#This Row],[Affected WTG]],'Basic Data'!$A:$A,'Basic Data'!$E:$E),"") -> 0.038461538 | K13: 3000 | L13: =IFERROR(_xlfn.XLOOKUP(Table6[[#This Row],[Error Code]],'Basic Data'!$AA:$AA,'Basic Data'!$AB:$AB),"Incorrect Error Code") -> Frequency converter not ready | M13: Auto reset | O13: 0.4875 | P13: 0.4875 | Q13: 0.48958333 | R13: =IF(Table6[[#This Row],[Work Start TimeStamp]]="","",(Table6[[#This Row],[Work Start TimeStamp]]-Table6[[#This Row],[Fault Start TimeStamp]])*24) -> 0 | S13: =(Table6[[#This Row],[Fault Clearance time]]-Table6[[#This Row],[Work Start TimeStamp]])*24 -> 0.05 | T13: =(Table6[[#This Row],[Fault Clearance time]]-Table6[[#This Row],[Fault Start TimeStamp]])*24 -> 0.05 | U13: Auto reset | V13: Close | W13: =IFERROR(Table6[[#This Row],[Breakdown Time]]*Table6[[#This Row],[Plant Equivalent Weightage]],"") -> 0.0019230769 | X13: WTG Unscheduled Maintenance | Y13: O2_02 | Z13: 9289 | AA13: =(Table6[[#This Row],[Paired WTG Generation for loss calculation]]/24)*Table6[[#This Row],[Breakdown Time]] -> 19.352083
A14: =A13+1 -> 13 | B14: =YEAR(Table6[[#This Row],[Date]])+IF(MONTH(Table6[[#This Row],[Date]])>=4,1,0) -> 2026 | C14: =YEAR(Table6[[#This Row],[Date]]) -> 2025 | D14: Year_2 | E14: =Table6[[#This Row],[Date]]-DAY(Table6[[#This Row],[Date]])+1 -> 45748 | F14: 45749 | G14: O2_05 | H14: =IFERROR(_xlfn.XLOOKUP(Table6[[#This Row],[Affected WTG]],'Basic Data'!$A:$A,'Basic Data'!$B:$B),"") -> TQGXIIPL | I14: =IFERROR(_xlfn.XLOOKUP(Table6[[#This Row],[Affected WTG]],'Basic Data'!$A:$A,'Basic Data'!$C:$C),"") -> GEDA | J14: =IFERROR(_xlfn.XLOOKUP(Table6[[#This Row],[Affected WTG]],'Basic Data'!$A:$A,'Basic Data'!$E:$E),"") -> 0.038461538 | K14: 6056 | L14: =IFERROR(_xlfn.XLOOKUP(Table6[[#This Row],[Error Code]],'Basic Data'!$AA:$AA,'Basic Data'!$AB:$AB),"Incorrect Error Code") -> High yaw load | M14: Auto reset | O14: 0.64652778 | P14: 0.64652778 | Q14: 0.64861111 | R14: =IF(Table6[[#This Row],[Work Start TimeStamp]]="","",(Table6[[#This Row],[Work Start TimeStamp]]-Table6[[#This Row],[Fault Start TimeStamp]])*24) -> 0 | S14: =(Table6[[#This Row],[Fault Clearance time]]-Table6[[#This Row],[Work Start TimeStamp]])*24 -> 0.05 | T14: =(Table6[[#This Row],[Fault Clearance time]]-Table6[[#This Row],[Fault Start TimeStamp]])*24 -> 0.05 | U14: Checked related error data log then reset & started WTG. | V14: Close | W14: =IFERROR(Table6[[#This Row],[Breakdown Time]]*Table6[[#This Row],[Plant Equivalent Weightage]],"") -> 0.0019230769 | X14: WTG Unscheduled Maintenance | Y14: O2_02 | Z14: 9289 | AA14: =(Table6[[#This Row],[Paired WTG Generation for loss calculation]]/24)*Table6[[#This Row],[Breakdown Time]] -> 19.352083
... A1606: =A1605+1 -> 1605 | B1606: =YEAR(Table6[[#This Row],[Date]])+IF(MONTH(Table6[[#This Row],[Date]])>=4,1,0) -> 2026 | C1606: =YEAR(Table6[[#This Row],[Date]]) -> 2025 | D1606: Year_2 | E1606: =Table6[[#This Row],[Date]]-DAY(Table6[[#This Row],[Date]])+1 -> 45839 | F1606: 45861 | G1606: O2_17 | H1606: =IFERROR(_xlfn.XLOOKUP(Table6[[#This Row],[Affected WTG]],'Basic Data'!$A:$A,'Basic Data'!$B:$B),"") -> TQGXIIPL | I1606: =IFERROR(_xlfn.XLOOKUP(Table6[[#This Row],[Affected WTG]],'Basic Data'!$A:$A,'Basic Data'!$C:$C),"") -> GEDA | J1606: =IFERROR(_xlfn.XLOOKUP(Table6[[#This Row],[Affected WTG]],'Basic Data'!$A:$A,'Basic Data'!$E:$E),"") -> 0.038461538 | K1606: 55 | L1606: =IFERROR(_xlfn.XLOOKUP(Table6[[#This Row],[Error Code]],'Basic Data'!$AA:$AA,'Basic Data'!$AB:$AB),"Incorrect Error Code") -> WTG shut down | M1606: Break down | O1606: 0.038194444 | P1606: 0.038194444 | Q1606: 0.063888889 | R1606: =IF(Table6[[#This Row],[Work Start TimeStamp]]="","",(Table6[[#This Row],[Work Start TimeStamp]]-Table6[[#This Row],[Fault Start TimeStamp]])*24) -> 0 | S1606: =(Table6[[#This Row],[Fault Clearance time]]-Table6[[#This Row],[Work Start TimeStamp]])*24 -> 0.61666667 | T1606: =(Table6[[#This Row],[Fault Clearance time]]-Table6[[#This Row],[Fault Start TimeStamp]])*24 -> 0.61666667 | U1606: Attend and wtg ultrasonic Laser alignment work Done than Grid filter contactor inspection work done then reset and started wtg. | V1606: Close | W1606: =IFERROR(Table6[[#This Row],[Breakdown Time]]*Table6[[#This Row],[Plant Equivalent Weightage]],"") -> 0.023717949 | X1606: WTG Breakdown Maintenance | Y1606: O2_22 | Z1606: 33354 | AA1606: =(Table6[[#This Row],[Paired WTG Generation for loss calculation]]/24)*Table6[[#This Row],[Breakdown Time]] -> 857.0125

Sheet IGA_BD
A1: Sr. No. | B1: Financial Year | C1: Calendar Year | D1: Operating Year | E1: Month | F1: Date | G1: Affected Feeder | H1: SPV | I1: Consumer | J1: Plant Equivalent Weightage | K1: Breakdown Description | L1: Fault Start TimeStamp | M1: Work Start TimeStamp | N1: Fault Clearance time | O1: Response Time | P1: Resolution Time | Q1: Breakdown Time | R1: Action taken | S1: Status | T1: Plant Equivalent breakdown | U1: Fault Category | V1: Avg Wind Speed (m/s) | W1: WTG Loss | X1: Estimated Energy Loss (kWh) | Y1: Scope | Z1: PTW No. | AA1: Job Card No.
A2: 1 | B2: =YEAR(Table10[[#This Row],[Date]])+IF(MONTH(Table10[[#This Row],[Date]])>=4,1,0) -> 2026 | C2: =YEAR(Table10[[#This Row],[Date]]) -> 2025 | D2: Year_1 | E2: =Table10[[#This Row],[Date]]-DAY(Table10[[#This Row],[Date]])+1 -> 45748 | F2: 45750 | G2: O2_10 | H2: =IFERROR(_xlfn.XLOOKUP(Table10[[#This Row],[Affected Feeder ]],'Basic Data'!$A$43:$A$70,'Basic Data'!$B$43:$B$70),"") -> TQGXIIPL | I2: =IFERROR(_xlfn.XLOOKUP(Table10[[#This Row],[Affected Feeder ]],'Basic Data'!$A$43:$A$70,'Basic Data'!$C$43:$C$70),"") -> GEDA | J2: =IFERROR(_xlfn.XLOOKUP(Table10[[#This Row],[Affected Feeder ]],'Basic Data'!$A$43:$A$70,'Basic Data'!$E$43:$E$70),"") -> 0.038461538 | K2: O2-10 Manual stop (WTG Manual stop for USS Yard transformer oil leakage arrests work) | L2: 0.74166667 | M2: 0.74166667 | N2: 0.75625 | O2: =(Table10[[#This Row],[Work Start TimeStamp]]-Table10[[#This Row],[Fault Start TimeStamp]])*24 -> 0 | P2: =IF(Table10[[#This Row],[Work Start TimeStamp]]="","",(Table10[[#This Row],[Fault Clearance time]]-Table10[[#This Row],[Work Start TimeStamp]])*24) -> 0.35 | Q2: =(Table10[[#This Row],[Fault Clearance time]]-Table10[[#This Row],[Fault Start TimeStamp]])*24 -> 0.35 | R2: WTG Manual stop for USS Yard Transformer Oil Leakage Arrests work | S2: Close | T2: =IFERROR(Table10[[#This Row],[Breakdown Time]]*Table10[[#This Row],[Plant Equivalent Weightage]],"") -> 0.013461538 | U2: IG Breakdown Maintenance | V2: =IFERROR(_xlfn.XLOOKUP(Table10[[#This Row],[Date]],'Daily KPI'!$A:$A,'Daily KPI'!$M:$M),"") -> 4.8481903 | W2: 362 | X2: =Table10[[#This Row],[WTG Loss]]*1*Table10[[#This Row],[Breakdown Time]] -> 126.7 | Y2: O2 Project
A3: =A2+1 -> 2 | B3: =YEAR(Table10[[#This Row],[Date]])+IF(MONTH(Table10[[#This Row],[Date]])>=4,1,0) -> 2026 | C3: =YEAR(Table10[[#This Row],[Date]]) -> 2025 | D3: Year_1 | E3: =Table10[[#This Row],[Date]]-DAY(Table10[[#This Row],[Date]])+1 -> 45748 | F3: 45752 | G3: Wind_F1 | H3: =IFERROR(_xlfn.XLOOKUP(Table10[[#This Row],[Affected Feeder ]],'Basic Data'!$A$43:$A$70,'Basic Data'!$B$43:$B$70),"") -> TQGXIIPL | I3: =IFERROR(_xlfn.XLOOKUP(Table10[[#This Row],[Affected Feeder ]],'Basic Data'!$A$43:$A$70,'Basic Data'!$C$43:$C$70),"") -> GEDA | J3: =IFERROR(_xlfn.XLOOKUP(Table10[[#This Row],[Affected Feeder ]],'Basic Data'!$A$43:$A$70,'Basic Data'!$E$43:$E$70),"") -> 0.5 | K3: Feeder-1 Tripped in Earth fault | L3: 0.32291667 | M3: 0.32291667 | N3: 0.34722222 | O3: =(Table10[[#This Row],[Work Start TimeStamp]]-Table10[[#This Row],[Fault Start TimeStamp]])*24 -> 0 | P3: =IF(Table10[[#This Row],[Work Start TimeStamp]]="","",(Table10[[#This Row],[Fault Clearance time]]-Table10[[#This Row],[Work Start TimeStamp]])*24) -> 0.58333333 | Q3: =(Table10[[#This Row],[Fault Clearance time]]-Table10[[#This Row],[Fault Start TimeStamp]])*24 -> 0.58333333 | R3: Feeder-1 tripping Earth fault during line petrolling found for bird fault Pole no CP-103 Near O2-02. Test trail and feeder charge. | S3: Close | T3: =IFERROR(Table10[[#This Row],[Breakdown Time]]*Table10[[#This Row],[Plant Equivalent Weightage]],"") -> 0.29166667 | U3: IG Breakdown Maintenance | V3: =IFERROR(_xlfn.XLOOKUP(Table10[[#This Row],[Date]],'Daily KPI'!$A:$A,'Daily KPI'!$M:$M),"") -> 4.3638956 | W3: 274 | X3: =Table10[[#This Row],[WTG Loss]]*13*Table10[[#This Row],[Breakdown Time]] -> 2077.8333 | Y3: O2 Project
A4: =A3+1 -> 3 | B4: =YEAR(Table10[[#This Row],[Date]])+IF(MONTH(Table10[[#This Row],[Date]])>=4,1,0) -> 2026 | C4: =YEAR(Table10[[#This Row],[Date]]) -> 2025 | D4: Year_1 | E4: =Table10[[#This Row],[Date]]-DAY(Table10[[#This Row],[Date]])+1 -> 45748 | F4: 45754 | G4: Wind_F1 | H4: =IFERROR(_xlfn.XLOOKUP(Table10[[#This Row],[Affected Feeder ]],'Basic Data'!$A$43:$A$70,'Basic Data'!$B$43:$B$70),"") -> TQGXIIPL | I4: =IFERROR(_xlfn.XLOOKUP(Table10[[#This Row],[Affected Feeder ]],'Basic Data'!$A$43:$A$70,'Basic Data'!$C$43:$C$70),"") -> GEDA | J4: =IFERROR(_xlfn.XLOOKUP(Table10[[#This Row],[Affected Feeder ]],'Basic Data'!$A$43:$A$70,'Basic Data'!$E$43:$E$70),"") -> 0.5 | K4: Feeder-1 Tripped in Earth fault | L4: 0.30902778 | M4: 0.30902778 | N4: 0.325 | O4: =(Table10[[#This Row],[Work Start TimeStamp]]-Table10[[#This Row],[Fault Start TimeStamp]])*24 -> 0 | P4: =IF(Table10[[#This Row],[Work Start TimeStamp]]="","",(Table10[[#This Row],[Fault Clearance time]]-Table10[[#This Row],[Work Start TimeStamp]])*24) -> 0.38333333 | Q4: =(Table10[[#This Row],[Fault Clearance time]]-Table10[[#This Row],[Fault Start TimeStamp]])*24 -> 0.38333333 | R4: Feeder-1 tripping Earth fault during line petrolling found for bird fault Pole no CP-34 Near O2-01. Test trail and feeder charge. | S4: Close | T4: =IFERROR(Table10[[#This Row],[Breakdown Time]]*Table10[[#This Row],[Plant Equivalent Weightage]],"") -> 0.19166667 | U4: IG Breakdown Maintenance | V4: =IFERROR(_xlfn.XLOOKUP(Table10[[#This Row],[Date]],'Daily KPI'!$A:$A,'Daily KPI'!$M:$M),"") -> 7.1744298 | W4: 1276 | X4: =Table10[[#This Row],[WTG Loss]]*13*Table10[[#This Row],[Breakdown Time]] -> 6358.7333 | Y4: O2 Project
A5: =A4+1 -> 4 | B5: =YEAR(Table10[[#This Row],[Date]])+IF(MONTH(Table10[[#This Row],[Date]])>=4,1,0) -> 2026 | C5: =YEAR(Table10[[#This Row],[Date]]) -> 2025 | D5: Year_1 | E5: =Table10[[#This Row],[Date]]-DAY(Table10[[#This Row],[Date]])+1 -> 45748 | F5: 45759 | G5: Wind_F1 | H5: =IFERROR(_xlfn.XLOOKUP(Table10[[#This Row],[Affected Feeder ]],'Basic Data'!$A$43:$A$70,'Basic Data'!$B$43:$B$70),"") -> TQGXIIPL | I5: =IFERROR(_xlfn.XLOOKUP(Table10[[#This Row],[Affected Feeder ]],'Basic Data'!$A$43:$A$70,'Basic Data'!$C$43:$C$70),"") -> GEDA | J5: =IFERROR(_xlfn.XLOOKUP(Table10[[#This Row],[Affected Feeder ]],'Basic Data'!$A$43:$A$70,'Basic Data'!$E$43:$E$70),"") -> 0.5 | K5: Feeder-1 Tripped in over current. | L5: 0.30555556 | M5: 0.30555556 | N5: 0.31388889 | O5: =(Table10[[#This Row],[Work Start TimeStamp]]-Table10[[#This Row],[Fault Start TimeStamp]])*24 -> 0 | P5: =IF(Table10[[#This Row],[Work Start TimeStamp]]="","",(Table10[[#This Row],[Fault Clearance time]]-Table10[[#This Row],[Work Start TimeStamp]])*24) -> 0.2 | Q5: =(Table10[[#This Row],[Fault Clearance time]]-Table10[[#This Row],[Fault Start TimeStamp]])*24 -> 0.2 | R5: Feeder#1 Trip in Over Current & earth fault/master relay trip | S5: Close | T5: =IFERROR(Table10[[#This Row],[Breakdown Time]]*Table10[[#This Row],[Plant Equivalent Weightage]],"") -> 0.1 | U5: IG Breakdown Maintenance | V5: =IFERROR(_xlfn.XLOOKUP(Table10[[#This Row],[Date]],'Daily KPI'!$A:$A,'Daily KPI'!$M:$M),"") -> 4.9830769 | W5: 406 | X5: =Table10[[#This Row],[WTG Loss]]*13*Table10[[#This Row],[Breakdown Time]] -> 1055.6 | Y5: O2 Project
A6: =A5+1 -> 5 | B6: =YEAR(Table10[[#This Row],[Date]])+IF(MONTH(Table10[[#This Row],[Date]])>=4,1,0) -> 2026 | C6: =YEAR(Table10[[#This Row],[Date]]) -> 2025 | D6: Year_1 | E6: =Table10[[#This Row],[Date]]-DAY(Table10[[#This Row],[Date]])+1 -> 45748 | F6: 45759 | G6: Wind_F1 | H6: =IFERROR(_xlfn.XLOOKUP(Table10[[#This Row],[Affected Feeder ]],'Basic Data'!$A$43:$A$70,'Basic Data'!$B$43:$B$70),"") -> TQGXIIPL | I6: =IFERROR(_xlfn.XLOOKUP(Table10[[#This Row],[Affected Feeder ]],'Basic Data'!$A$43:$A$70,'Basic Data'!$C$43:$C$70),"") -> GEDA | J6: =IFERROR(_xlfn.XLOOKUP(Table10[[#This Row],[Affected Feeder ]],'Basic Data'!$A$43:$A$70,'Basic Data'!$E$43:$E$70),"") -> 0.5 | K6: Feeder-1 shutdown | L6: 0.51805556 | M6: 0.51805556 | N6: 1 | O6: =(Table10[[#This Row],[Work Start TimeStamp]]-Table10[[#This Row],[Fault Start TimeStamp]])*24 -> 0 | P6: =IF(Table10[[#This Row],[Work Start TimeStamp]]="","",(Table10[[#This Row],[Fault Clearance time]]-Table10[[#This Row],[Work Start TimeStamp]])*24) -> 11.566667 | Q6: =(Table10[[#This Row],[Fault Clearance time]]-Table10[[#This Row],[Fault Start TimeStamp]])*24 -> 11.566667 | R6: Manual Shutdown taken for TR LV cable Inspection Work and conductor replacement work. | S6: Open | T6: =IFERROR(Table10[[#This Row],[Breakdown Time]]*Table10[[#This Row],[Plant Equivalent Weightage]],"") -> 5.7833333 | U6: IG Breakdown Maintenance | V6: =IFERROR(_xlfn.XLOOKUP(Table10[[#This Row],[Date]],'Daily KPI'!$A:$A,'Daily KPI'!$M:$M),"") -> 4.9830769 | W6: 406 | X6: =Table10[[#This Row],[WTG Loss]]*13*Table10[[#This Row],[Breakdown Time]] -> 61048.867 | Y6: O2 Project
A7: =A6+1 -> 6 | B7: =YEAR(Table10[[#This Row],[Date]])+IF(MONTH(Table10[[#This Row],[Date]])>=4,1,0) -> 2026 | C7: =YEAR(Table10[[#This Row],[Date]]) -> 2025 | D7: Year_1 | E7: =Table10[[#This Row],[Date]]-DAY(Table10[[#This Row],[Date]])+1 -> 45748 | F7: 45759 | G7: Wind_F2 | H7: =IFERROR(_xlfn.XLOOKUP(Table10[[#This Row],[Affected Feeder ]],'Basic Data'!$A$43:$A$70,'Basic Data'!$B$43:$B$70),"") -> TQGXIIPL | I7: =IFERROR(_xlfn.XLOOKUP(Table10[[#This Row],[Affected Feeder ]],'Basic Data'!$A$43:$A$70,'Basic Data'!$C$43:$C$70),"") -> GEDA | J7: =IFERROR(_xlfn.XLOOKUP(Table10[[#This Row],[Affected Feeder ]],'Basic Data'!$A$43:$A$70,'Basic Data'!$E$43:$E$70),"") -> 0.5 | K7: Feeder-2 shutdown | L7: 0.51805556 | M7: 0.51805556 | N7: 1 | O7: =(Table10[[#This Row],[Work Start TimeStamp]]-Table10[[#This Row],[Fault Start TimeStamp]])*24 -> 0 | P7: =IF(Table10[[#This Row],[Work Start TimeStamp]]="","",(Table10[[#This Row],[Fault Clearance time]]-Table10[[#This Row],[Work Start TimeStamp]])*24) -> 11.566667 | Q7: =(Table10[[#This Row],[Fault Clearance time]]-Table10[[#This Row],[Fault Start TimeStamp]])*24 -> 11.566667 | R7: Manual Shutdown taken for TR LV cable Inspection Work and conductor replacement work. | S7: Open | T7: =IFERROR(Table10[[#This Row],[Breakdown Time]]*Table10[[#This Row],[Plant Equivalent Weightage]],"") -> 5.7833333 | U7: IG Breakdown Maintenance | V7: =IFERROR(_xlfn.XLOOKUP(Table10[[#This Row],[Date]],'Daily KPI'!$A:$A,'Daily KPI'!$M:$M),"") -> 4.9830769 | W7: 406 | X7: =Table10[[#This Row],[WTG Loss]]*13*Table10[[#This Row],[Breakdown Time]] -> 61048.867 | Y7: O2 Project
A8: =A7+1 -> 7 | B8: =YEAR(Table10[[#This Row],[Date]])+IF(MONTH(Table10[[#This Row],[Date]])>=4,1,0) -> 2026 | C8: =YEAR(Table10[[#This Row],[Date]]) -> 2025 | D8: Year_1 | E8: =Table10[[#This Row],[Date]]-DAY(Table10[[#This Row],[Date]])+1 -> 45748 | F8: 45760 | G8: Wind_F1 | H8: =IFERROR(_xlfn.XLOOKUP(Table10[[#This Row],[Affected Feeder ]],'Basic Data'!$A$43:$A$70,'Basic Data'!$B$43:$B$70),"") -> TQGXIIPL | I8: =IFERROR(_xlfn.XLOOKUP(Table10[[#This Row],[Affected Feeder ]],'Basic Data'!$A$43:$A$70,'Basic Data'!$C$43:$C$70),"") -> GEDA | J8: =IFERROR(_xlfn.XLOOKUP(Table10[[#This Row],[Affected Feeder ]],'Basic Data'!$A$43:$A$70,'Basic Data'!$E$43:$E$70),"") -> 0.5 | K8: Feeder-1 shutdown | L8: 0 | M8: 0 | N8: 0.29444444 | O8: =(Table10[[#This Row],[Work Start TimeStamp]]-Table10[[#This Row],[Fault Start TimeStamp]])*24 -> 0 | P8: =IF(Table10[[#This Row],[Work Start TimeStamp]]="","",(Table10[[#This Row],[Fault Clearance time]]-Table10[[#This Row],[Work Start TimeStamp]])*24) -> 7.0666667 | Q8: =(Table10[[#This Row],[Fault Clearance time]]-Table10[[#This Row],[Fault Start TimeStamp]])*24 -> 7.0666667 | R8: Manual Shutdown taken for TR LV cable Inspection Work and conductor replacement work. | S8: Close | T8: =IFERROR(Table10[[#This Row],[Breakdown Time]]*Table10[[#This Row],[Plant Equivalent Weightage]],"") -> 3.5333333 | U8: IG Breakdown Maintenance | V8: =IFERROR(_xlfn.XLOOKUP(Table10[[#This Row],[Date]],'Daily KPI'!$A:$A,'Daily KPI'!$M:$M),"") -> 7.6407921 | W8: 1490 | X8: =Table10[[#This Row],[WTG Loss]]*13*Table10[[#This Row],[Breakdown Time]] -> 136881.33 | Y8: O2 Project
A9: =A8+1 -> 8 | B9: =YEAR(Table10[[#This Row],[Date]])+IF(MONTH(Table10[[#This Row],[Date]])>=4,1,0) -> 2026 | C9: =YEAR(Table10[[#This Row],[Date]]) -> 2025 | D9: Year_1 | E9: =Table10[[#This Row],[Date]]-DAY(Table10[[#This Row],[Date]])+1 -> 45748 | F9: 45760 | G9: Wind_F2 | H9: =IFERROR(_xlfn.XLOOKUP(Table10[[#This Row],[Affected Feeder ]],'Basic Data'!$A$43:$A$70,'Basic Data'!$B$43:$B$70),"") -> TQGXIIPL | I9: =IFERROR(_xlfn.XLOOKUP(Table10[[#This Row],[Affected Feeder ]],'Basic Data'!$A$43:$A$70,'Basic Data'!$C$43:$C$70),"") -> GEDA | J9: =IFERROR(_xlfn.XLOOKUP(Table10[[#This Row],[Affected Feeder ]],'Basic Data'!$A$43:$A$70,'Basic Data'!$E$43:$E$70),"") -> 0.5 | K9: Feeder-2 shutdown | L9: 0 | M9: 0 | N9: 0.29444444 | O9: =(Table10[[#This Row],[Work Start TimeStamp]]-Table10[[#This Row],[Fault Start TimeStamp]])*24 -> 0 | P9: =IF(Table10[[#This Row],[Work Start TimeStamp]]="","",(Table10[[#This Row],[Fault Clearance time]]-Table10[[#This Row],[Work Start TimeStamp]])*24) -> 7.0666667 | Q9: =(Table10[[#This Row],[Fault Clearance time]]-Table10[[#This Row],[Fault Start TimeStamp]])*24 -> 7.0666667 | R9: Manual Shutdown taken for TR LV cable Inspection Work and conductor replacement work. | S9: Close | T9: =IFERROR(Table10[[#This Row],[Breakdown Time]]*Table10[[#This Row],[Plant Equivalent Weightage]],"") -> 3.5333333 | U9: IG Breakdown Maintenance | V9: =IFERROR(_xlfn.XLOOKUP(Table10[[#This Row],[Date]],'Daily KPI'!$A:$A,'Daily KPI'!$M:$M),"") -> 7.6407921 | W9: 1490 | X9: =Table10[[#This Row],[WTG Loss]]*13*Table10[[#This Row],[Breakdown Time]] -> 136881.33 | Y9: O2 Project
A10: =A9+1 -> 9 | B10: =YEAR(Table10[[#This Row],[Date]])+IF(MONTH(Table10[[#This Row],[Date]])>=4,1,0) -> 2026 | C10: =YEAR(Table10[[#This Row],[Date]]) -> 2025 | D10: Year_1 | E10: =Table10[[#This Row],[Date]]-DAY(Table10[[#This Row],[Date]])+1 -> 45748 | F10: 45763 | G10: O2_10 | H10: =IFERROR(_xlfn.XLOOKUP(Table10[[#This Row],[Affected Feeder ]],'Basic Data'!$A$43:$A$70,'Basic Data'!$B$43:$B$70),"") -> TQGXIIPL | I10: =IFERROR(_xlfn.XLOOKUP(Table10[[#This Row],[Affected Feeder ]],'Basic Data'!$A$43:$A$70,'Basic Data'!$C$43:$C$70),"") -> GEDA | J10: =IFERROR(_xlfn.XLOOKUP(Table10[[#This Row],[Affected Feeder ]],'Basic Data'!$A$43:$A$70,'Basic Data'!$E$43:$E$70),"") -> 0.038461538 | K10: Converter torque monitor level 1(grid voltage down) | L10: 0.38055556 | M10: 0.38055556 | N10: 0.39166667 | O10: =(Table10[[#This Row],[Work Start TimeStamp]]-Table10[[#This Row],[Fault Start TimeStamp]])*24 -> 0 | P10: =IF(Table10[[#This Row],[Work Start TimeStamp]]="","",(Table10[[#This Row],[Fault Clearance time]]-Table10[[#This Row],[Work Start TimeStamp]])*24) -> 0.26666667 | Q10: =(Table10[[#This Row],[Fault Clearance time]]-Table10[[#This Row],[Fault Start TimeStamp]])*24 -> 0.26666667 | R10: Checked related error data log and found grid voltage down so check by BOP team ,grid volage is normalise then reset & started WTG. | S10: Close | T10: =IFERROR(Table10[[#This Row],[Breakdown Time]]*Table10[[#This Row],[Plant Equivalent Weightage]],"") -> 0.01025641 | U10: IG Breakdown Maintenance | V10: =IFERROR(_xlfn.XLOOKUP(Table10[[#This Row],[Date]],'Daily KPI'!$A:$A,'Daily KPI'!$M:$M),"") -> 7.9018869 | W10: 1650.5 | X10: =Table10[[#This Row],[WTG Loss]]*1*Table10[[#This Row],[Breakdown Time]] -> 440.13333 | Y10: O2 Project
A11: =A10+1 -> 10 | B11: =YEAR(Table10[[#This Row],[Date]])+IF(MONTH(Table10[[#This Row],[Date]])>=4,1,0) -> 2026 | C11: =YEAR(Table10[[#This Row],[Date]]) -> 2025 | D11: Year_1 | E11: =Table10[[#This Row],[Date]]-DAY(Table10[[#This Row],[Date]])+1 -> 45748 | F11: 45768 | G11: Wind_F1 | H11: =IFERROR(_xlfn.XLOOKUP(Table10[[#This Row],[Affected Feeder ]],'Basic Data'!$A$43:$A$70,'Basic Data'!$B$43:$B$70),"") -> TQGXIIPL | I11: =IFERROR(_xlfn.XLOOKUP(Table10[[#This Row],[Affected Feeder ]],'Basic Data'!$A$43:$A$70,'Basic Data'!$C$43:$C$70),"") -> GEDA | J11: =IFERROR(_xlfn.XLOOKUP(Table10[[#This Row],[Affected Feeder ]],'Basic Data'!$A$43:$A$70,'Basic Data'!$E$43:$E$70),"") -> 0.5 | K11: Feeder-1 shutdown | L11: 0.37222222 | M11: 0.37222222 | N11: 0.39652778 | O11: =(Table10[[#This Row],[Work Start TimeStamp]]-Table10[[#This Row],[Fault Start TimeStamp]])*24 -> 0 | P11: =IF(Table10[[#This Row],[Work Start TimeStamp]]="","",(Table10[[#This Row],[Fault Clearance time]]-Table10[[#This Row],[Work Start TimeStamp]])*24) -> 0.58333333 | Q11: =(Table10[[#This Row],[Fault Clearance time]]-Table10[[#This Row],[Fault Start TimeStamp]])*24 -> 0.58333333 | R11: Feeder-1 Shutdown taking by for near O2_09 conductor repairing work & Conductor replacement work Note:- O2_01,26,08,25,02,05 jumper open | S11: Close | T11: =IFERROR(Table10[[#This Row],[Breakdown Time]]*Table10[[#This Row],[Plant Equivalent Weightage]],"") -> 0.29166667 | U11: IG Breakdown Maintenance | V11: =IFERROR(_xlfn.XLOOKUP(Table10[[#This Row],[Date]],'Daily KPI'!$A:$A,'Daily KPI'!$M:$M),"") -> 4.9753116 | W11: 406 | X11: =Table10[[#This Row],[WTG Loss]]*6*Table10[[#This Row],[Breakdown Time]] -> 1421 | Y11: O2 Project
A12: =A11+1 -> 11 | B12: =YEAR(Table10[[#This Row],[Date]])+IF(MONTH(Table10[[#This Row],[Date]])>=4,1,0) -> 2026 | C12: =YEAR(Table10[[#This Row],[Date]]) -> 2025 | D12: Year_1 | E12: =Table10[[#This Row],[Date]]-DAY(Table10[[#This Row],[Date]])+1 -> 45748 | F12: 45768 | G12: Wind_F1 | H12: =IFERROR(_xlfn.XLOOKUP(Table10[[#This Row],[Affected Feeder ]],'Basic Data'!$A$43:$A$70,'Basic Data'!$B$43:$B$70),"") -> TQGXIIPL | I12: =IFERROR(_xlfn.XLOOKUP(Table10[[#This Row],[Affected Feeder ]],'Basic Data'!$A$43:$A$70,'Basic Data'!$C$43:$C$70),"") -> GEDA | J12: =IFERROR(_xlfn.XLOOKUP(Table10[[#This Row],[Affected Feeder ]],'Basic Data'!$A$43:$A$70,'Basic Data'!$E$43:$E$70),"") -> 0.5 | K12: Feeder-1 shutdown | L12: 0.78055556 | M12: 0.78055556 | N12: 0.79861111 | O12: =(Table10[[#This Row],[Work Start TimeStamp]]-Table10[[#This Row],[Fault Start TimeStamp]])*24 -> 0 | P12: =IF(Table10[[#This Row],[Work Start TimeStamp]]="","",(Table10[[#This Row],[Fault Clearance time]]-Table10[[#This Row],[Work Start TimeStamp]])*24) -> 0.43333333 | Q12: =(Table10[[#This Row],[Fault Clearance time]]-Table10[[#This Row],[Fault Start TimeStamp]])*24 -> 0.43333333 | R12: Feeder-1 Shutdown taking by for near O2_09 conductor repairing work & Conductor replacement work Note:- O2_01,26,08,25,02,05 jumper open | S12: Close | T12: =IFERROR(Table10[[#This Row],[Breakdown Time]]*Table10[[#This Row],[Plant Equivalent Weightage]],"") -> 0.21666667 | U12: IG Breakdown Maintenance | V12: =IFERROR(_xlfn.XLOOKUP(Table10[[#This Row],[Date]],'Daily KPI'!$A:$A,'Daily KPI'!$M:$M),"") -> 4.9753116 | W12: 406 | X12: =Table10[[#This Row],[WTG Loss]]*6*Table10[[#This Row],[Breakdown Time]] -> 1055.6 | Y12: O2 Project
A13: =A12+1 -> 12 | B13: =YEAR(Table10[[#This Row],[Date]])+IF(MONTH(Table10[[#This Row],[Date]])>=4,1,0) -> 2026 | C13: =YEAR(Table10[[#This Row],[Date]]) -> 2025 | D13: Year_1 | E13: =Table10[[#This Row],[Date]]-DAY(Table10[[#This Row],[Date]])+1 -> 45748 | F13: 45768 | G13: O2_01 | H13: =IFERROR(_xlfn.XLOOKUP(Table10[[#This Row],[Affected Feeder ]],'Basic Data'!$A$43:$A$70,'Basic Data'!$B$43:$B$70),"") -> TQGXIIPL | I13: =IFERROR(_xlfn.XLOOKUP(Table10[[#This Row],[Affected Feeder ]],'Basic Data'!$A$43:$A$70,'Basic Data'!$C$43:$C$70),"") -> GEDA | J13: =IFERROR(_xlfn.XLOOKUP(Table10[[#This Row],[Affected Feeder ]],'Basic Data'!$A$43:$A$70,'Basic Data'!$E$43:$E$70),"") -> 0.038461538 | K13: O2_01 WTG Shutdown | L13: 0.39652778 | M13: 0.39652778 | N13: 0.78055556 | O13: =(Table10[[#This Row],[Work Start TimeStamp]]-Table10[[#This Row],[Fault Start TimeStamp]])*24 -> 0 | P13: =IF(Table10[[#This Row],[Work Start TimeStamp]]="","",(Table10[[#This Row],[Fault Clearance time]]-Table10[[#This Row],[Work Start TimeStamp]])*24) -> 9.2166667 | Q13: =(Table10[[#This Row],[Fault Clearance time]]-Table10[[#This Row],[Fault Start TimeStamp]])*24 -> 9.2166667 | R13: Feeder-1 Shutdown taking by for near O2_09 conductor repairing work & Conductor replacement work Note:- O2_01,26,08,25,02,05 jumper open | S13: Close | T13: =IFERROR(Table10[[#This Row],[Breakdown Time]]*Table10[[#This Row],[Plant Equivalent Weightage]],"") -> 0.35448718 | U13: IG Breakdown Maintenance | V13: =IFERROR(_xlfn.XLOOKUP(Table10[[#This Row],[Date]],'Daily KPI'!$A:$A,'Daily KPI'!$M:$M),"") -> 4.9753116 | W13: 406 | X13: =Table10[[#This Row],[WTG Loss]]*6*Table10[[#This Row],[Breakdown Time]] -> 22451.8 | Y13: O2 Project
A14: =A13+1 -> 13 | B14: =YEAR(Table10[[#This Row],[Date]])+IF(MONTH(Table10[[#This Row],[Date]])>=4,1,0) -> 2026 | C14: =YEAR(Table10[[#This Row],[Date]]) -> 2025 | D14: Year_1 | E14: =Table10[[#This Row],[Date]]-DAY(Table10[[#This Row],[Date]])+1 -> 45748 | F14: 45768 | G14: O2_02 | H14: =IFERROR(_xlfn.XLOOKUP(Table10[[#This Row],[Affected Feeder ]],'Basic Data'!$A$43:$A$70,'Basic Data'!$B$43:$B$70),"") -> TQGXIIPL | I14: =IFERROR(_xlfn.XLOOKUP(Table10[[#This Row],[Affected Feeder ]],'Basic Data'!$A$43:$A$70,'Basic Data'!$C$43:$C$70),"") -> GEDA | J14: =IFERROR(_xlfn.XLOOKUP(Table10[[#This Row],[Affected Feeder ]],'Basic Data'!$A$43:$A$70,'Basic Data'!$E$43:$E$70),"") -> 0.038461538 | K14: O2_02 WTG Shutdown | L14: 0.39652778 | M14: 0.39652778 | N14: 0.78055556 | O14: =(Table10[[#This Row],[Work Start TimeStamp]]-Table10[[#This Row],[Fault Start TimeStamp]])*24 -> 0 | P14: =IF(Table10[[#This Row],[Work Start TimeStamp]]="","",(Table10[[#This Row],[Fault Clearance time]]-Table10[[#This Row],[Work Start TimeStamp]])*24) -> 9.2166667 | Q14: =(Table10[[#This Row],[Fault Clearance time]]-Table10[[#This Row],[Fault Start TimeStamp]])*24 -> 9.2166667 | R14: Feeder-1 Shutdown taking by for near O2_09 conductor repairing work & Conductor replacement work Note:- O2_01,26,08,25,02,05 jumper open | S14: Close | T14: =IFERROR(Table10[[#This Row],[Breakdown Time]]*Table10[[#This Row],[Plant Equivalent Weightage]],"") -> 0.35448718 | U14: IG Breakdown Maintenance | V14: =IFERROR(_xlfn.XLOOKUP(Table10[[#This Row],[Date]],'Daily KPI'!$A:$A,'Daily KPI'!$M:$M),"") -> 4.9753116 | W14: 406 | X14: =Table10[[#This Row],[WTG Loss]]*6*Table10[[#This Row],[Breakdown Time]] -> 22451.8 | Y14: O2 Project
A15: =A14+1 -> 14 | B15: =YEAR(Table10[[#This Row],[Date]])+IF(MONTH(Table10[[#This Row],[Date]])>=4,1,0) -> 2026 | C15: =YEAR(Table10[[#This Row],[Date]]) -> 2025 | D15: Year_1 | E15: =Table10[[#This Row],[Date]]-DAY(Table10[[#This Row],[Date]])+1 -> 45748 | F15: 45768 | G15: O2_05 | H15: =IFERROR(_xlfn.XLOOKUP(Table10[[#This Row],[Affected Feeder ]],'Basic Data'!$A$43:$A$70,'Basic Data'!$B$43:$B$70),"") -> TQGXIIPL | I15: =IFERROR(_xlfn.XLOOKUP(Table10[[#This Row],[Affected Feeder ]],'Basic Data'!$A$43:$A$70,'Basic Data'!$C$43:$C$70),"") -> GEDA | J15: =IFERROR(_xlfn.XLOOKUP(Table10[[#This Row],[Affected Feeder ]],'Basic Data'!$A$43:$A$70,'Basic Data'!$E$43:$E$70),"") -> 0.038461538 | K15: O2_05 WTG Shutdown | L15: 0.39652778 | M15: 0.39652778 | N15: 0.78055556 | O15: =(Table10[[#This Row],[Work Start TimeStamp]]-Table10[[#This Row],[Fault Start TimeStamp]])*24 -> 0 | P15: =IF(Table10[[#This Row],[Work Start TimeStamp]]="","",(Table10[[#This Row],[Fault Clearance time]]-Table10[[#This Row],[Work Start TimeStamp]])*24) -> 9.2166667 | Q15: =(Table10[[#This Row],[Fault Clearance time]]-Table10[[#This Row],[Fault Start TimeStamp]])*24 -> 9.2166667 | R15: Feeder-1 Shutdown taking by for near O2_09 conductor repairing work & Conductor replacement work Note:- O2_01,26,08,25,02,05 jumper open | S15: Close | T15: =IFERROR(Table10[[#This Row],[Breakdown Time]]*Table10[[#This Row],[Plant Equivalent Weightage]],"") -> 0.35448718 | U15: IG Breakdown Maintenance | V15: =IFERROR(_xlfn.XLOOKUP(Table10[[#This Row],[Date]],'Daily KPI'!$A:$A,'Daily KPI'!$M:$M),"") -> 4.9753116 | W15: 406 | X15: =Table10[[#This Row],[WTG Loss]]*6*Table10[[#This Row],[Breakdown Time]] -> 22451.8 | Y15: O2 Project
A16: =A15+1 -> 15 | B16: =YEAR(Table10[[#This Row],[Date]])+IF(MONTH(Table10[[#This Row],[Date]])>=4,1,0) -> 2026 | C16: =YEAR(Table10[[#This Row],[Date]]) -> 2025 | D16: Year_1 | E16: =Table10[[#This Row],[Date]]-DAY(Table10[[#This Row],[Date]])+1 -> 45748 | F16: 45768 | G16: O2_08 | H16: =IFERROR(_xlfn.XLOOKUP(Table10[[#This Row],[Affected Feeder ]],'Basic Data'!$A$43:$A$70,'Basic Data'!$B$43:$B$70),"") -> TQGXIIPL | I16: =IFERROR(_xlfn.XLOOKUP(Table10[[#This Row],[Affected Feeder ]],'Basic Data'!$A$43:$A$70,'Basic Data'!$C$43:$C$70),"") -> GEDA | J16: =IFERROR(_xlfn.XLOOKUP(Table10[[#This Row],[Affected Feeder ]],'Basic Data'!$A$43:$A$70,'Basic Data'!$E$43:$E$70),"") -> 0.038461538 | K16: O2_08 WTG Shutdown | L16: 0.39652778 | M16: 0.39652778 | N16: 0.78055556 | O16: =(Table10[[#This Row],[Work Start TimeStamp]]-Table10[[#This Row],[Fault Start TimeStamp]])*24 -> 0 | P16: =IF(Table10[[#This Row],[Work Start TimeStamp]]="","",(Table10[[#This Row],[Fault Clearance time]]-Table10[[#This Row],[Work Start TimeStamp]])*24) -> 9.2166667 | Q16: =(Table10[[#This Row],[Fault Clearance time]]-Table10[[#This Row],[Fault Start TimeStamp]])*24 -> 9.2166667 | R16: Feeder-1 Shutdown taking by for near O2_09 conductor repairing work & Conductor replacement work Note:- O2_01,26,08,25,02,05 jumper open | S16: Close | T16: =IFERROR(Table10[[#This Row],[Breakdown Time]]*Table10[[#This Row],[Plant Equivalent Weightage]],"") -> 0.35448718 | U16: IG Breakdown Maintenance | V16: =IFERROR(_xlfn.XLOOKUP(Table10[[#This Row],[Date]],'Daily KPI'!$A:$A,'Daily KPI'!$M:$M),"") -> 4.9753116 | W16: 406 | X16: =Table10[[#This Row],[WTG Loss]]*6*Table10[[#This Row],[Breakdown Time]] -> 22451.8 | Y16: O2 Project
A17: =A16+1 -> 16 | B17: =YEAR(Table10[[#This Row],[Date]])+IF(MONTH(Table10[[#This Row],[Date]])>=4,1,0) -> 2026 | C17: =YEAR(Table10[[#This Row],[Date]]) -> 2025 | D17: Year_1 | E17: =Table10[[#This Row],[Date]]-DAY(Table10[[#This Row],[Date]])+1 -> 45748 | F17: 45768 | G17: O2_25 | H17: =IFERROR(_xlfn.XLOOKUP(Table10[[#This Row],[Affected Feeder ]],'Basic Data'!$A$43:$A$70,'Basic Data'!$B$43:$B$70),"") -> TQGXIIPL | I17: =IFERROR(_xlfn.XLOOKUP(Table10[[#This Row],[Affected Feeder ]],'Basic Data'!$A$43:$A$70,'Basic Data'!$C$43:$C$70),"") -> GEDA | J17: =IFERROR(_xlfn.XLOOKUP(Table10[[#This Row],[Affected Feeder ]],'Basic Data'!$A$43:$A$70,'Basic Data'!$E$43:$E$70),"") -> 0.038461538 | K17: O2_25 WTG Shutdown | L17: 0.39652778 | M17: 0.39652778 | N17: 0.78055556 | O17: =(Table10[[#This Row],[Work Start TimeStamp]]-Table10[[#This Row],[Fault Start TimeStamp]])*24 -> 0 | P17: =IF(Table10[[#This Row],[Work Start TimeStamp]]="","",(Table10[[#This Row],[Fault Clearance time]]-Table10[[#This Row],[Work Start TimeStamp]])*24) -> 9.2166667 | Q17: =(Table10[[#This Row],[Fault Clearance time]]-Table10[[#This Row],[Fault Start TimeStamp]])*24 -> 9.2166667 | R17: Feeder-1 Shutdown taking by for near O2_09 conductor repairing work & Conductor replacement work Note:- O2_01,26,08,25,02,05 jumper open | S17: Close | T17: =IFERROR(Table10[[#This Row],[Breakdown Time]]*Table10[[#This Row],[Plant Equivalent Weightage]],"") -> 0.35448718 | U17: IG Breakdown Maintenance | V17: =IFERROR(_xlfn.XLOOKUP(Table10[[#This Row],[Date]],'Daily KPI'!$A:$A,'Daily KPI'!$M:$M),"") -> 4.9753116 | W17: 406 | X17: =Table10[[#This Row],[WTG Loss]]*6*Table10[[#This Row],[Breakdown Time]] -> 22451.8 | Y17: O2 Project
A18: =A17+1 -> 17 | B18: =YEAR(Table10[[#This Row],[Date]])+IF(MONTH(Table10[[#This Row],[Date]])>=4,1,0) -> 2026 | C18: =YEAR(Table10[[#This Row],[Date]]) -> 2025 | D18: Year_1 | E18: =Table10[[#This Row],[Date]]-DAY(Table10[[#This Row],[Date]])+1 -> 45748 | F18: 45768 | G18: O2_26 | H18: =IFERROR(_xlfn.XLOOKUP(Table10[[#This Row],[Affected Feeder ]],'Basic Data'!$A$43:$A$70,'Basic Data'!$B$43:$B$70),"") -> TQGXIIPL | I18: =IFERROR(_xlfn.XLOOKUP(Table10[[#This Row],[Affected Feeder ]],'Basic Data'!$A$43:$A$70,'Basic Data'!$C$43:$C$70),"") -> GEDA | J18: =IFERROR(_xlfn.XLOOKUP(Table10[[#This Row],[Affected Feeder ]],'Basic Data'!$A$43:$A$70,'Basic Data'!$E$43:$E$70),"") -> 0.038461538 | K18: O2_26 WTG Shutdown | L18: 0.39652778 | M18: 0.39652778 | N18: 0.78055556 | O18: =(Table10[[#This Row],[Work Start TimeStamp]]-Table10[[#This Row],[Fault Start TimeStamp]])*24 -> 0 | P18: =IF(Table10[[#This Row],[Work Start TimeStamp]]="","",(Table10[[#This Row],[Fault Clearance time]]-Table10[[#This Row],[Work Start TimeStamp]])*24) -> 9.2166667 | Q18: =(Table10[[#This Row],[Fault Clearance time]]-Table10[[#This Row],[Fault Start TimeStamp]])*24 -> 9.2166667 | R18: Feeder-1 Shutdown taking by for near O2_09 conductor repairing work & Conductor replacement work Note:- O2_01,26,08,25,02,05 jumper open | S18: Close | T18: =IFERROR(Table10[[#This Row],[Breakdown Time]]*Table10[[#This Row],[Plant Equivalent Weightage]],"") -> 0.35448718 | U18: IG Breakdown Maintenance | V18: =IFERROR(_xlfn.XLOOKUP(Table10[[#This Row],[Date]],'Daily KPI'!$A:$A,'Daily KPI'!$M:$M),"") -> 4.9753116 | W18: 406 | X18: =Table10[[#This Row],[WTG Loss]]*3*Table10[[#This Row],[Breakdown Time]] -> 11225.9 | Y18: O2 Project
A19: =A18+1 -> 18 | B19: =YEAR(Table10[[#This Row],[Date]])+IF(MONTH(Table10[[#This Row],[Date]])>=4,1,0) -> 2026 | C19: =YEAR(Table10[[#This Row],[Date]]) -> 2025 | D19: Year_1 | E19: =Table10[[#This Row],[Date]]-DAY(Table10[[#This Row],[Date]])+1 -> 45748 | F19: 45769 | G19: Wind_F2 | H19: =IFERROR(_xlfn.XLOOKUP(Table10[[#This Row],[Affected Feeder ]],'Basic Data'!$A$43:$A$70,'Basic Data'!$B$43:$B$70),"") -> TQGXIIPL | I19: =IFERROR(_xlfn.XLOOKUP(Table10[[#This Row],[Affected Feeder ]],'Basic Data'!$A$43:$A$70,'Basic Data'!$C$43:$C$70),"") -> GEDA | J19: =IFERROR(_xlfn.XLOOKUP(Table10[[#This Row],[Affected Feeder ]],'Basic Data'!$A$43:$A$70,'Basic Data'!$E$43:$E$70),"") -> 0.5 | K19: Feeder-2 shutdown | L19: 0.63819444 | M19: 0.63819444 | N19: 0.65833333 | O19: =(Table10[[#This Row],[Work Start TimeStamp]]-Table10[[#This Row],[Fault Start TimeStamp]])*24 -> 0 | P19: =IF(Table10[[#This Row],[Work Start TimeStamp]]="","",(Table10[[#This Row],[Fault Clearance time]]-Table10[[#This Row],[Work Start TimeStamp]])*24) -> 0.48333333 | Q19: =(Table10[[#This Row],[Fault Clearance time]]-Table10[[#This Row],[Fault Start TimeStamp]])*24 -> 0.48333333 | R19: Feeder-2 Shutdown taking by for near O2_04 conductor repairing work,& conductor replacement work Note:-O2_04,O2_07,O2_19 isolator closing work | S19: Close | T19: =IFERROR(Table10[[#This Row],[Breakdown Time]]*Table10[[#This Row],[Plant Equivalent Weightage]],"") -> 0.24166667 | U19: IG Breakdown Maintenance | V19: =IFERROR(_xlfn.XLOOKUP(Table10[[#This Row],[Date]],'Daily KPI'!$A:$A,'Daily KPI'!$M:$M),"") -> 5.2119762 | W19: 469.4 | X19: =Table10[[#This Row],[WTG Loss]]*3*Table10[[#This Row],[Breakdown Time]] -> 680.63 | Y19: O2 Project
A20: =A19+1 -> 19 | B20: =YEAR(Table10[[#This Row],[Date]])+IF(MONTH(Table10[[#This Row],[Date]])>=4,1,0) -> 2026 | C20: =YEAR(Table10[[#This Row],[Date]]) -> 2025 | D20: Year_1 | E20: =Table10[[#This Row],[Date]]-DAY(Table10[[#This Row],[Date]])+1 -> 45748 | F20: 45769 | G20: O2_04 | H20: =IFERROR(_xlfn.XLOOKUP(Table10[[#This Row],[Affected Feeder ]],'Basic Data'!$A$43:$A$70,'Basic Data'!$B$43:$B$70),"") -> TQGXIIPL | I20: =IFERROR(_xlfn.XLOOKUP(Table10[[#This Row],[Affected Feeder ]],'Basic Data'!$A$43:$A$70,'Basic Data'!$C$43:$C$70),"") -> GEDA | J20: =IFERROR(_xlfn.XLOOKUP(Table10[[#This Row],[Affected Feeder ]],'Basic Data'!$A$43:$A$70,'Basic Data'!$E$43:$E$70),"") -> 0.038461538 | K20: O2_04 WTG Shutdown | L20: 0.525 | M20: 0.525 | N20: 0.63819444 | O20: =(Table10[[#This Row],[Work Start TimeStamp]]-Table10[[#This Row],[Fault Start TimeStamp]])*24 -> 0 | P20: =IF(Table10[[#This Row],[Work Start TimeStamp]]="","",(Table10[[#This Row],[Fault Clearance time]]-Table10[[#This Row],[Work Start TimeStamp]])*24) -> 2.7166667 | Q20: =(Table10[[#This Row],[Fault Clearance time]]-Table10[[#This Row],[Fault Start TimeStamp]])*24 -> 2.7166667 | R20: Feeder-2 Shutdown taking by for near O2_04 conductor repairing work,& conductor replacement work Note:-O2_04,O2_07,O2_19 isolator closing work | S20: Close | T20: =IFERROR(Table10[[#This Row],[Breakdown Time]]*Table10[[#This Row],[Plant Equivalent Weightage]],"") -> 0.10448718 | U20: IG Breakdown Maintenance | V20: =IFERROR(_xlfn.XLOOKUP(Table10[[#This Row],[Date]],'Daily KPI'!$A:$A,'Daily KPI'!$M:$M),"") -> 5.2119762 | W20: 469.4 | X20: =Table10[[#This Row],[WTG Loss]]*3*Table10[[#This Row],[Breakdown Time]] -> 3825.61 | Y20: O2 Project
A21: =A20+1 -> 20 | B21: =YEAR(Table10[[#This Row],[Date]])+IF(MONTH(Table10[[#This Row],[Date]])>=4,1,0) -> 2026 | C21: =YEAR(Table10[[#This Row],[Date]]) -> 2025 | D21: Year_1 | E21: =Table10[[#This Row],[Date]]-DAY(Table10[[#This Row],[Date]])+1 -> 45748 | F21: 45769 | G21: O2_07 | H21: =IFERROR(_xlfn.XLOOKUP(Table10[[#This Row],[Affected Feeder ]],'Basic Data'!$A$43:$A$70,'Basic Data'!$B$43:$B$70),"") -> TQGXIIPL | I21: =IFERROR(_xlfn.XLOOKUP(Table10[[#This Row],[Affected Feeder ]],'Basic Data'!$A$43:$A$70,'Basic Data'!$C$43:$C$70),"") -> GEDA | J21: =IFERROR(_xlfn.XLOOKUP(Table10[[#This Row],[Affected Feeder ]],'Basic Data'!$A$43:$A$70,'Basic Data'!$E$43:$E$70),"") -> 0.038461538 | K21: O2_07 WTG Shutdown | L21: 0.525 | M21: 0.525 | N21: 0.63819444 | O21: =(Table10[[#This Row],[Work Start TimeStamp]]-Table10[[#This Row],[Fault Start TimeStamp]])*24 -> 0 | P21: =IF(Table10[[#This Row],[Work Start TimeStamp]]="","",(Table10[[#This Row],[Fault Clearance time]]-Table10[[#This Row],[Work Start TimeStamp]])*24) -> 2.7166667 | Q21: =(Table10[[#This Row],[Fault Clearance time]]-Table10[[#This Row],[Fault Start TimeStamp]])*24 -> 2.7166667 | R21: Feeder-2 Shutdown taking by for near O2_04 conductor repairing work,& conductor replacement work Note:-O2_04,O2_07,O2_19 isolator closing work | S21: Close | T21: =IFERROR(Table10[[#This Row],[Breakdown Time]]*Table10[[#This Row],[Plant Equivalent Weightage]],"") -> 0.10448718 | U21: IG Breakdown Maintenance | V21: =IFERROR(_xlfn.XLOOKUP(Table10[[#This Row],[Date]],'Daily KPI'!$A:$A,'Daily KPI'!$M:$M),"") -> 5.2119762 | W21: 469.4 | X21: =Table10[[#This Row],[WTG Loss]]*3*Table10[[#This Row],[Breakdown Time]] -> 3825.61 | Y21: O2 Project
A22: =A21+1 -> 21 | B22: =YEAR(Table10[[#This Row],[Date]])+IF(MONTH(Table10[[#This Row],[Date]])>=4,1,0) -> 2026 | C22: =YEAR(Table10[[#This Row],[Date]]) -> 2025 | D22: Year_1 | E22: =Table10[[#This Row],[Date]]-DAY(Table10[[#This Row],[Date]])+1 -> 45748 | F22: 45769 | G22: O2_19 | H22: =IFERROR(_xlfn.XLOOKUP(Table10[[#This Row],[Affected Feeder ]],'Basic Data'!$A$43:$A$70,'Basic Data'!$B$43:$B$70),"") -> TQGXIIPL | I22: =IFERROR(_xlfn.XLOOKUP(Table10[[#This Row],[Affected Feeder ]],'Basic Data'!$A$43:$A$70,'Basic Data'!$C$43:$C$70),"") -> GEDA | J22: =IFERROR(_xlfn.XLOOKUP(Table10[[#This Row],[Affected Feeder ]],'Basic Data'!$A$43:$A$70,'Basic Data'!$E$43:$E$70),"") -> 0.038461538 | K22: O2_19 WTG Shutdown | L22: 0.525 | M22: 0.525 | N22: 0.63819444 | O22: =(Table10[[#This Row],[Work Start TimeStamp]]-Table10[[#This Row],[Fault Start TimeStamp]])*24 -> 0 | P22: =IF(Table10[[#This Row],[Work Start TimeStamp]]="","",(Table10[[#This Row],[Fault Clearance time]]-Table10[[#This Row],[Work Start TimeStamp]])*24) -> 2.7166667 | Q22: =(Table10[[#This Row],[Fault Clearance time]]-Table10[[#This Row],[Fault Start TimeStamp]])*24 -> 2.7166667 | R22: Feeder-2 Shutdown taking by for near O2_04 conductor repairing work,& conductor replacement work Note:-O2_04,O2_07,O2_19 isolator closing work | S22: Close | T22: =IFERROR(Table10[[#This Row],[Breakdown Time]]*Table10[[#This Row],[Plant Equivalent Weightage]],"") -> 0.10448718 | U22: IG Breakdown Maintenance | V22: =IFERROR(_xlfn.XLOOKUP(Table10[[#This Row],[Date]],'Daily KPI'!$A:$A,'Daily KPI'!$M:$M),"") -> 5.2119762 | W22: 469.4 | X22: =Table10[[#This Row],[WTG Loss]]*3*Table10[[#This Row],[Breakdown Time]] -> 3825.61 | Y22: O2 Project
A23: =A22+1 -> 22 | B23: =YEAR(Table10[[#This Row],[Date]])+IF(MONTH(Table10[[#This Row],[Date]])>=4,1,0) -> 2026 | C23: =YEAR(Table10[[#This Row],[Date]]) -> 2025 | D23: Year_1 | E23: =Table10[[#This Row],[Date]]-DAY(Table10[[#This Row],[Date]])+1 -> 45748 | F23: 45775 | G23: Wind_F1 | H23: =IFERROR(_xlfn.XLOOKUP(Table10[[#This Row],[Affected Feeder ]],'Basic Data'!$A$43:$A$70,'Basic Data'!$B$43:$B$70),"") -> TQGXIIPL | I23: =IFERROR(_xlfn.XLOOKUP(Table10[[#This Row],[Affected Feeder ]],'Basic Data'!$A$43:$A$70,'Basic Data'!$C$43:$C$70),"") -> GEDA | J23: =IFERROR(_xlfn.XLOOKUP(Table10[[#This Row],[Affected Feeder ]],'Basic Data'!$A$43:$A$70,'Basic Data'!$E$43:$E$70),"") -> 0.5 | K23: Feeder-1 Tripped in over current. | L23: 0.75833333 | M23: 0.75833333 | N23: 0.76597222 | O23: =(Table10[[#This Row],[Work Start TimeStamp]]-Table10[[#This Row],[Fault Start TimeStamp]])*24 -> 0 | P23: =IF(Table10[[#This Row],[Work Start TimeStamp]]="","",(Table10[[#This Row],[Fault Clearance time]]-Table10[[#This Row],[Work Start TimeStamp]])*24) -> 0.18333333 | Q23: =(Table10[[#This Row],[Fault Clearance time]]-Table10[[#This Row],[Fault Start TimeStamp]])*24 -> 0.18333333 | R23: Feeder#1 Trip in Over Current & earth fault/master relay trip | S23: Close | T23: =IFERROR(Table10[[#This Row],[Breakdown Time]]*Table10[[#This Row],[Plant Equivalent Weightage]],"") -> 0.091666667 | U23: IG Breakdown Maintenance | V23: =IFERROR(_xlfn.XLOOKUP(Table10[[#This Row],[Date]],'Daily KPI'!$A:$A,'Daily KPI'!$M:$M),"") -> 6.6100018 | W23: 990.6 | X23: =Table10[[#This Row],[WTG Loss]]*13*Table10[[#This Row],[Breakdown Time]] -> 2360.93 | Y23: O2 Project
A24: =A23+1 -> 23 | B24: =YEAR(Table10[[#This Row],[Date]])+IF(MONTH(Table10[[#This Row],[Date]])>=4,1,0) -> 2026 | C24: =YEAR(Table10[[#This Row],[Date]]) -> 2025 | D24: Year_1 | E24: =Table10[[#This Row],[Date]]-DAY(Table10[[#This Row],[Date]])+1 -> 45748 | F24: 45775 | G24: O2_14 | H24: =IFERROR(_xlfn.XLOOKUP(Table10[[#This Row],[Affected Feeder ]],'Basic Data'!$A$43:$A$70,'Basic Data'!$B$43:$B$70),"") -> TQGXIIPL | I24: =IFERROR(_xlfn.XLOOKUP(Table10[[#This Row],[Affected Feeder ]],'Basic Data'!$A$43:$A$70,'Basic Data'!$C$43:$C$70),"") -> GEDA | J24: =IFERROR(_xlfn.XLOOKUP(Table10[[#This Row],[Affected Feeder ]],'Basic Data'!$A$43:$A$70,'Basic Data'!$E$43:$E$70),"") -> 0.038461538 | K24: O2-14 WTG Shutdown (Grid loss) | L24: 0.61180556 | M24: 0.61180556 | N24: 0.65138889 | O24: =(Table10[[#This Row],[Work Start TimeStamp]]-Table10[[#This Row],[Fault Start TimeStamp]])*24 -> 0 | P24: =IF(Table10[[#This Row],[Work Start TimeStamp]]="","",(Table10[[#This Row],[Fault Clearance time]]-Table10[[#This Row],[Work Start TimeStamp]])*24) -> 0.95 | Q24: =(Table10[[#This Row],[Fault Clearance time]]-Table10[[#This Row],[Fault Start TimeStamp]])*24 -> 0.95 | R24: WTG stop for HT Yard Inspection Work. | S24: Close | T24: =IFERROR(Table10[[#This Row],[Breakdown Time]]*Table10[[#This Row],[Plant Equivalent Weightage]],"") -> 0.036538462 | U24: IG Breakdown Maintenance | V24: =IFERROR(_xlfn.XLOOKUP(Table10[[#This Row],[Date]],'Daily KPI'!$A:$A,'Daily KPI'!$M:$M),"") -> 6.6100018 | W24: 990.6 | X24: =Table10[[#This Row],[WTG Loss]]*1*Table10[[#This Row],[Breakdown Time]] -> 941.07 | Y24: O2 Project
A25: =A24+1 -> 24 | B25: =YEAR(Table10[[#This Row],[Date]])+IF(MONTH(Table10[[#This Row],[Date]])>=4,1,0) -> 2026 | C25: =YEAR(Table10[[#This Row],[Date]]) -> 2025 | D25: Year_1 | E25: =Table10[[#This Row],[Date]]-DAY(Table10[[#This Row],[Date]])+1 -> 45778 | F25: 45783 | G25: Wind_F2 | H25: =IFERROR(_xlfn.XLOOKUP(Table10[[#This Row],[Affected Feeder ]],'Basic Data'!$A$43:$A$70,'Basic Data'!$B$43:$B$70),"") -> TQGXIIPL | I25: =IFERROR(_xlfn.XLOOKUP(Table10[[#This Row],[Affected Feeder ]],'Basic Data'!$A$43:$A$70,'Basic Data'!$C$43:$C$70),"") -> GEDA | J25: =IFERROR(_xlfn.XLOOKUP(Table10[[#This Row],[Affected Feeder ]],'Basic Data'!$A$43:$A$70,'Basic Data'!$E$43:$E$70),"") -> 0.5 | K25: Feeder-2 Tripped in over current. | L25: 0.0097222222 | M25: 0.0097222222 | N25: 0.031944444 | O25: =(Table10[[#This Row],[Work Start TimeStamp]]-Table10[[#This Row],[Fault Start TimeStamp]])*24 -> 0 | P25: =IF(Table10[[#This Row],[Work Start TimeStamp]]="","",(Table10[[#This Row],[Fault Clearance time]]-Table10[[#This Row],[Work Start TimeStamp]])*24) -> 0.53333333 | Q25: =(Table10[[#This Row],[Fault Clearance time]]-Table10[[#This Row],[Fault Start TimeStamp]])*24 -> 0.53333333 | R25: Trip in over current Due to Havy rain and lighting also gusty wind whether normalisation then line inspection test trail and feeder charge | S25: Close | T25: =IFERROR(Table10[[#This Row],[Breakdown Time]]*Table10[[#This Row],[Plant Equivalent Weightage]],"") -> 0.26666667 | U25: IG Breakdown Maintenance | V25: =IFERROR(_xlfn.XLOOKUP(Table10[[#This Row],[Date]],'Daily KPI'!$A:$A,'Daily KPI'!$M:$M),"") -> 6.8863247 | W25: 1124.4 | X25: =Table10[[#This Row],[WTG Loss]]*13*Table10[[#This Row],[Breakdown Time]] -> 7795.84 | Y25: O2 Project
A26: =A25+1 -> 25 | B26: =YEAR(Table10[[#This Row],[Date]])+IF(MONTH(Table10[[#This Row],[Date]])>=4,1,0) -> 2026 | C26: =YEAR(Table10[[#This Row],[Date]]) -> 2025 | D26: Year_1 | E26: =Table10[[#This Row],[Date]]-DAY(Table10[[#This Row],[Date]])+1 -> 45778 | F26: 45783 | G26: Wind_F2 | H26: =IFERROR(_xlfn.XLOOKUP(Table10[[#This Row],[Affected Feeder ]],'Basic Data'!$A$43:$A$70,'Basic Data'!$B$43:$B$70),"") -> TQGXIIPL | I26: =IFERROR(_xlfn.XLOOKUP(Table10[[#This Row],[Affected Feeder ]],'Basic Data'!$A$43:$A$70,'Basic Data'!$C$43:$C$70),"") -> GEDA | J26: =IFERROR(_xlfn.XLOOKUP(Table10[[#This Row],[Affected Feeder ]],'Basic Data'!$A$43:$A$70,'Basic Data'!$E$43:$E$70),"") -> 0.5 | K26: Feeder-2 Tripped in over current. | L26: 0.64722222 | M26: 0.64722222 | N26: 0.74305556 | O26: =(Table10[[#This Row],[Work Start TimeStamp]]-Table10[[#This Row],[Fault Start TimeStamp]])*24 -> 0 | P26: =IF(Table10[[#This Row],[Work Start TimeStamp]]="","",(Table10[[#This Row],[Fault Clearance time]]-Table10[[#This Row],[Work Start TimeStamp]])*24) -> 2.3 | Q26: =(Table10[[#This Row],[Fault Clearance time]]-Table10[[#This Row],[Fault Start TimeStamp]])*24 -> 2.3 | R26: Trip in over current Due to Havy rain and lighting also gusty wind whether normalisation then line inspection test trail and feeder charge | S26: Close | T26: =IFERROR(Table10[[#This Row],[Breakdown Time]]*Table10[[#This Row],[Plant Equivalent Weightage]],"") -> 1.15 | U26: IG Breakdown Maintenance | V26: =IFERROR(_xlfn.XLOOKUP(Table10[[#This Row],[Date]],'Daily KPI'!$A:$A,'Daily KPI'!$M:$M),"") -> 6.8863247 | W26: 1124.4 | X26: =Table10[[#This Row],[WTG Loss]]*13*Table10[[#This Row],[Breakdown Time]] -> 33619.56 | Y26: O2 Project
A27: =A26+1 -> 26 | B27: =YEAR(Table10[[#This Row],[Date]])+IF(MONTH(Table10[[#This Row],[Date]])>=4,1,0) -> 2026 | C27: =YEAR(Table10[[#This Row],[Date]]) -> 2025 | D27: Year_1 | E27: =Table10[[#This Row],[Date]]-DAY(Table10[[#This Row],[Date]])+1 -> 45778 | F27: 45783 | G27: Wind_F1 | H27: =IFERROR(_xlfn.XLOOKUP(Table10[[#This Row],[Affected Feeder ]],'Basic Data'!$A$43:$A$70,'Basic Data'!$B$43:$B$70),"") -> TQGXIIPL | I27: =IFERROR(_xlfn.XLOOKUP(Table10[[#This Row],[Affected Feeder ]],'Basic Data'!$A$43:$A$70,'Basic Data'!$C$43:$C$70),"") -> GEDA | J27: =IFERROR(_xlfn.XLOOKUP(Table10[[#This Row],[Affected Feeder ]],'Basic Data'!$A$43:$A$70,'Basic Data'!$E$43:$E$70),"") -> 0.5 | K27: Feeder-1 Tripped in over current. | L27: 0.66319444 | M27: 0.66319444 | N27: 1 | O27: =(Table10[[#This Row],[Work Start TimeStamp]]-Table10[[#This Row],[Fault Start TimeStamp]])*24 -> 0 | P27: =IF(Table10[[#This Row],[Work Start TimeStamp]]="","",(Table10[[#This Row],[Fault Clearance time]]-Table10[[#This Row],[Work Start TimeStamp]])*24) -> 8.0833333 | Q27: =(Table10[[#This Row],[Fault Clearance time]]-Table10[[#This Row],[Fault Start TimeStamp]])*24 -> 8.0833333 | R27: Trip in over current Due to Havy rain and lighting also gusty wind whether normalisation then line inspection WIP | S27: Open | T27: =IFERROR(Table10[[#This Row],[Breakdown Time]]*Table10[[#This Row],[Plant Equivalent Weightage]],"") -> 4.0416667 | U27: IG Breakdown Maintenance | V27: =IFERROR(_xlfn.XLOOKUP(Table10[[#This Row],[Date]],'Daily KPI'!$A:$A,'Daily KPI'!$M:$M),"") -> 6.8863247 | W27: 1124.4 | X27: =Table10[[#This Row],[WTG Loss]]*13*Table10[[#This Row],[Breakdown Time]] -> 118155.7 | Y27: O2 Project
A28: =A27+1 -> 27 | B28: =YEAR(Table10[[#This Row],[Date]])+IF(MONTH(Table10[[#This Row],[Date]])>=4,1,0) -> 2026 | C28: =YEAR(Table10[[#This Row],[Date]]) -> 2025 | D28: Year_1 | E28: =Table10[[#This Row],[Date]]-DAY(Table10[[#This Row],[Date]])+1 -> 45778 | F28: 45783 | G28: O2_16 | H28: =IFERROR(_xlfn.XLOOKUP(Table10[[#This Row],[Affected Feeder ]],'Basic Data'!$A$43:$A$70,'Basic Data'!$B$43:$B$70),"") -> TQGXIIPL | I28: =IFERROR(_xlfn.XLOOKUP(Table10[[#This Row],[Affected Feeder ]],'Basic Data'!$A$43:$A$70,'Basic Data'!$C$43:$C$70),"") -> GEDA | J28: =IFERROR(_xlfn.XLOOKUP(Table10[[#This Row],[Affected Feeder ]],'Basic Data'!$A$43:$A$70,'Basic Data'!$E$43:$E$70),"") -> 0.038461538 | K28: O2_16 Grid Loss | L28: 0.74305556 | M28: 0.74305556 | N28: 0.86666667 | O28: =(Table10[[#This Row],[Work Start TimeStamp]]-Table10[[#This Row],[Fault Start TimeStamp]])*24 -> 0 | P28: =IF(Table10[[#This Row],[Work Start TimeStamp]]="","",(Table10[[#This Row],[Fault Clearance time]]-Table10[[#This Row],[Work Start TimeStamp]])*24) -> 2.9666667 | Q28: =(Table10[[#This Row],[Fault Clearance time]]-Table10[[#This Row],[Fault Start TimeStamp]])*24 -> 2.9666667 | R28: After grid resume time VCB OFF after PSS Team attend and charge VCB | S28: Close | T28: =IFERROR(Table10[[#This Row],[Breakdown Time]]*Table10[[#This Row],[Plant Equivalent Weightage]],"") -> 0.11410256 | U28: IG Breakdown Maintenance | V28: =IFERROR(_xlfn.XLOOKUP(Table10[[#This Row],[Date]],'Daily KPI'!$A:$A,'Daily KPI'!$M:$M),"") -> 6.8863247 | W28: 1124.4 | X28: =Table10[[#This Row],[WTG Loss]]*1*Table10[[#This Row],[Breakdown Time]] -> 3335.72 | Y28: O2 Project
A29: =A28+1 -> 28 | B29: =YEAR(Table10[[#This Row],[Date]])+IF(MONTH(Table10[[#This Row],[Date]])>=4,1,0) -> 2026 | C29: =YEAR(Table10[[#This Row],[Date]]) -> 2025 | D29: Year_1 | E29: =Table10[[#This Row],[Date]]-DAY(Table10[[#This Row],[Date]])+1 -> 45778 | F29: 45784 | G29: Wind_F1 | H29: =IFERROR(_xlfn.XLOOKUP(Table10[[#This Row],[Affected Feeder ]],'Basic Data'!$A$43:$A$70,'Basic Data'!$B$43:$B$70),"") -> TQGXIIPL | I29: =IFERROR(_xlfn.XLOOKUP(Table10[[#This Row],[Affected Feeder ]],'Basic Data'!$A$43:$A$70,'Basic Data'!$C$43:$C$70),"") -> GEDA | J29: =IFERROR(_xlfn.XLOOKUP(Table10[[#This Row],[Affected Feeder ]],'Basic Data'!$A$43:$A$70,'Basic Data'!$E$43:$E$70),"") -> 0.5 | K29: Feeder-1 Tripped in over current. | L29: 0 | M29: 0 | N29: 0.090277778 | O29: =(Table10[[#This Row],[Work Start TimeStamp]]-Table10[[#This Row],[Fault Start TimeStamp]])*24 -> 0 | P29: =IF(Table10[[#This Row],[Work Start TimeStamp]]="","",(Table10[[#This Row],[Fault Clearance time]]-Table10[[#This Row],[Work Start TimeStamp]])*24) -> 2.1666667 | Q29: =(Table10[[#This Row],[Fault Clearance time]]-Table10[[#This Row],[Fault Start TimeStamp]])*24 -> 2.1666667 | R29: Trip in over current Due to Havy rain and lighting also gusty wind whether normalisation then line inspection found for panther line pin isulator damage replace with new reset and test trail and feeder charge | S29: Close | T29: =IFERROR(Table10[[#This Row],[Breakdown Time]]*Table10[[#This Row],[Plant Equivalent Weightage]],"") -> 1.0833333 | U29: IG Breakdown Maintenance | V29: =IFERROR(_xlfn.XLOOKUP(Table10[[#This Row],[Date]],'Daily KPI'!$A:$A,'Daily KPI'!$M:$M),"") -> 5.8334462 | W29: 659.6 | X29: =Table10[[#This Row],[WTG Loss]]*13*Table10[[#This Row],[Breakdown Time]] -> 18578.733 | Y29: O2 Project
A30: =A29+1 -> 29 | B30: =YEAR(Table10[[#This Row],[Date]])+IF(MONTH(Table10[[#This Row],[Date]])>=4,1,0) -> 2026 | C30: =YEAR(Table10[[#This Row],[Date]]) -> 2025 | D30: Year_1 | E30: =Table10[[#This Row],[Date]]-DAY(Table10[[#This Row],[Date]])+1 -> 45778 | F30: 45784 | G30: Wind_F1 | H30: =IFERROR(_xlfn.XLOOKUP(Table10[[#This Row],[Affected Feeder ]],'Basic Data'!$A$43:$A$70,'Basic Data'!$B$43:$B$70),"") -> TQGXIIPL | I30: =IFERROR(_xlfn.XLOOKUP(Table10[[#This Row],[Affected Feeder ]],'Basic Data'!$A$43:$A$70,'Basic Data'!$C$43:$C$70),"") -> GEDA | J30: =IFERROR(_xlfn.XLOOKUP(Table10[[#This Row],[Affected Feeder ]],'Basic Data'!$A$43:$A$70,'Basic Data'!$E$43:$E$70),"") -> 0.5 | K30: Feeder-1 shutdown | L30: 0.66805556 | M30: 0.66805556 | N30: 0.70694444 | O30: =(Table10[[#This Row],[Work Start TimeStamp]]-Table10[[#This Row],[Fault Start TimeStamp]])*24 -> 0 | P30: =IF(Table10[[#This Row],[Work Start TimeStamp]]="","",(Table10[[#This Row],[Fault Clearance time]]-Table10[[#This Row],[Work Start TimeStamp]])*24) -> 0.93333333 | Q30: =(Table10[[#This Row],[Fault Clearance time]]-Table10[[#This Row],[Fault Start TimeStamp]])*24 -> 0.93333333 | R30: Feeder-1 shutdown take for OFC Splicing work | S30: Close | T30: =IFERROR(Table10[[#This Row],[Breakdown Time]]*Table10[[#This Row],[Plant Equivalent Weightage]],"") -> 0.46666667 | U30: IG Breakdown Maintenance | V30: =IFERROR(_xlfn.XLOOKUP(Table10[[#This Row],[Date]],'Daily KPI'!$A:$A,'Daily KPI'!$M:$M),"") -> 5.8334462 | W30: 659.6 | X30: =Table10[[#This Row],[WTG Loss]]*13*Table10[[#This Row],[Breakdown Time]] -> 8003.1467 | Y30: O2 Project
A31: =A30+1 -> 30 | B31: =YEAR(Table10[[#This Row],[Date]])+IF(MONTH(Table10[[#This Row],[Date]])>=4,1,0) -> 2026 | C31: =YEAR(Table10[[#This Row],[Date]]) -> 2025 | D31: Year_1 | E31: =Table10[[#This Row],[Date]]-DAY(Table10[[#This Row],[Date]])+1 -> 45778 | F31: 45784 | G31: O2_13 | H31: =IFERROR(_xlfn.XLOOKUP(Table10[[#This Row],[Affected Feeder ]],'Basic Data'!$A$43:$A$70,'Basic Data'!$B$43:$B$70),"") -> TQGXIIPL | I31: =IFERROR(_xlfn.XLOOKUP(Table10[[#This Row],[Affected Feeder ]],'Basic Data'!$A$43:$A$70,'Basic Data'!$C$43:$C$70),"") -> GEDA | J31: =IFERROR(_xlfn.XLOOKUP(Table10[[#This Row],[Affected Feeder ]],'Basic Data'!$A$43:$A$70,'Basic Data'!$E$43:$E$70),"") -> 0.038461538 | K31: O2_13 Grid Loss | L31: 0.090277778 | M31: 0.090277778 | N31: 0.099305556 | O31: =(Table10[[#This Row],[Work Start TimeStamp]]-Table10[[#This Row],[Fault Start TimeStamp]])*24 -> 0 | P31: =IF(Table10[[#This Row],[Work Start TimeStamp]]="","",(Table10[[#This Row],[Fault Clearance time]]-Table10[[#This Row],[Work Start TimeStamp]])*24) -> 0.21666667 | Q31: =(Table10[[#This Row],[Fault Clearance time]]-Table10[[#This Row],[Fault Start TimeStamp]])*24 -> 0.21666667 | R31: After grid resume time VCB OFF after PSS Team attend and charge VCB | S31: Close | T31: =IFERROR(Table10[[#This Row],[Breakdown Time]]*Table10[[#This Row],[Plant Equivalent Weightage]],"") -> 0.0083333333 | U31: IG Breakdown Maintenance | V31: =IFERROR(_xlfn.XLOOKUP(Table10[[#This Row],[Date]],'Daily KPI'!$A:$A,'Daily KPI'!$M:$M),"") -> 5.8334462 | W31: 659.6 | X31: =Table10[[#This Row],[WTG Loss]]*1*Table10[[#This Row],[Breakdown Time]] -> 142.91333 | Y31: O2 Project
A32: =A31+1 -> 31 | B32: =YEAR(Table10[[#This Row],[Date]])+IF(MONTH(Table10[[#This Row],[Date]])>=4,1,0) -> 2026 | C32: =YEAR(Table10[[#This Row],[Date]]) -> 2025 | D32: Year_1 | E32: =Table10[[#This Row],[Date]]-DAY(Table10[[#This Row],[Date]])+1 -> 45778 | F32: 45784 | G32: O2_14 | H32: =IFERROR(_xlfn.XLOOKUP(Table10[[#This Row],[Affected Feeder ]],'Basic Data'!$A$43:$A$70,'Basic Data'!$B$43:$B$70),"") -> TQGXIIPL | I32: =IFERROR(_xlfn.XLOOKUP(Table10[[#This Row],[Affected Feeder ]],'Basic Data'!$A$43:$A$70,'Basic Data'!$C$43:$C$70),"") -> GEDA | J32: =IFERROR(_xlfn.XLOOKUP(Table10[[#This Row],[Affected Feeder ]],'Basic Data'!$A$43:$A$70,'Basic Data'!$E$43:$E$70),"") -> 0.038461538 | K32: O2_14 Grid Loss | L32: 0.090277778 | M32: 0.090277778 | N32: 0.10555556 | O32: =(Table10[[#This Row],[Work Start TimeStamp]]-Table10[[#This Row],[Fault Start TimeStamp]])*24 -> 0 | P32: =IF(Table10[[#This Row],[Work Start TimeStamp]]="","",(Table10[[#This Row],[Fault Clearance time]]-Table10[[#This Row],[Work Start TimeStamp]])*24) -> 0.36666667 | Q32: =(Table10[[#This Row],[Fault Clearance time]]-Table10[[#This Row],[Fault Start TimeStamp]])*24 -> 0.36666667 | R32: After grid resume time VCB OFF after PSS Team attend and charge VCB | S32: Close | T32: =IFERROR(Table10[[#This Row],[Breakdown Time]]*Table10[[#This Row],[Plant Equivalent Weightage]],"") -> 0.014102564 | U32: IG Breakdown Maintenance | V32: =IFERROR(_xlfn.XLOOKUP(Table10[[#This Row],[Date]],'Daily KPI'!$A:$A,'Daily KPI'!$M:$M),"") -> 5.8334462 | W32: 659.6 | X32: =Table10[[#This Row],[WTG Loss]]*1*Table10[[#This Row],[Breakdown Time]] -> 241.85333 | Y32: O2 Project
A33: =A32+1 -> 32 | B33: =YEAR(Table10[[#This Row],[Date]])+IF(MONTH(Table10[[#This Row],[Date]])>=4,1,0) -> 2026 | C33: =YEAR(Table10[[#This Row],[Date]]) -> 2025 | D33: Year_1 | E33: =Table10[[#This Row],[Date]]-DAY(Table10[[#This Row],[Date]])+1 -> 45778 | F33: 45784 | G33: O2_25 | H33: =IFERROR(_xlfn.XLOOKUP(Table10[[#This Row],[Affected Feeder ]],'Basic Data'!$A$43:$A$70,'Basic Data'!$B$43:$B$70),"") -> TQGXIIPL | I33: =IFERROR(_xlfn.XLOOKUP(Table10[[#This Row],[Affected Feeder ]],'Basic Data'!$A$43:$A$70,'Basic Data'!$C$43:$C$70),"") -> GEDA | J33: =IFERROR(_xlfn.XLOOKUP(Table10[[#This Row],[Affected Feeder ]],'Basic Data'!$A$43:$A$70,'Basic Data'!$E$43:$E$70),"") -> 0.038461538 | K33: O2_25 Grid Loss | L33: 0.090277778 | M33: 0.090277778 | N33: 0.13194444 | O33: =(Table10[[#This Row],[Work Start TimeStamp]]-Table10[[#This Row],[Fault Start TimeStamp]])*24 -> 0 | P33: =IF(Table10[[#This Row],[Work Start TimeStamp]]="","",(Table10[[#This Row],[Fault Clearance time]]-Table10[[#This Row],[Work Start TimeStamp]])*24) -> 1 | Q33: =(Table10[[#This Row],[Fault Clearance time]]-Table10[[#This Row],[Fault Start TimeStamp]])*24 -> 1 | R33: After grid resume time VCB OFF after PSS Team attend and charge VCB | S33: Close | T33: =IFERROR(Table10[[#This Row],[Breakdown Time]]*Table10[[#This Row],[Plant Equivalent Weightage]],"") -> 0.038461538 | U33: IG Breakdown Maintenance | V33: =IFERROR(_xlfn.XLOOKUP(Table10[[#This Row],[Date]],'Daily KPI'!$A:$A,'Daily KPI'!$M:$M),"") -> 5.8334462 | W33: 659.6 | X33: =Table10[[#This Row],[WTG Loss]]*1*Table10[[#This Row],[Breakdown Time]] -> 659.6 | Y33: O2 Project
A34: =A33+1 -> 33 | B34: =YEAR(Table10[[#This Row],[Date]])+IF(MONTH(Table10[[#This Row],[Date]])>=4,1,0) -> 2026 | C34: =YEAR(Table10[[#This Row],[Date]]) -> 2025 | D34: Year_1 | E34: =Table10[[#This Row],[Date]]-DAY(Table10[[#This Row],[Date]])+1 -> 45778 | F34: 45785 | G34: Wind_F1 | H34: =IFERROR(_xlfn.XLOOKUP(Table10[[#This Row],[Affected Feeder ]],'Basic Data'!$A$43:$A$70,'Basic Data'!$B$43:$B$70),"") -> TQGXIIPL | I34: =IFERROR(_xlfn.XLOOKUP(Table10[[#This Row],[Affected Feeder ]],'Basic Data'!$A$43:$A$70,'Basic Data'!$C$43:$C$70),"") -> GEDA | J34: =IFERROR(_xlfn.XLOOKUP(Table10[[#This Row],[Affected Feeder ]],'Basic Data'!$A$43:$A$70,'Basic Data'!$E$43:$E$70),"") -> 0.5 | K34: Feeder-1 Tripped in over current. | L34: 0.74583333 | M34: 0.74583333 | N34: 0.7875 | O34: =(Table10[[#This Row],[Work Start TimeStamp]]-Table10[[#This Row],[Fault Start TimeStamp]])*24 -> 0 | P34: =IF(Table10[[#This Row],[Work Start TimeStamp]]="","",(Table10[[#This Row],[Fault Clearance time]]-Table10[[#This Row],[Work Start TimeStamp]])*24) -> 1 | Q34: =(Table10[[#This Row],[Fault Clearance time]]-Table10[[#This Row],[Fault Start TimeStamp]])*24 -> 1 | R34: Feeder#1 Trip in Over Current & earth fault/master relay trip | S34: Close | T34: =IFERROR(Table10[[#This Row],[Breakdown Time]]*Table10[[#This Row],[Plant Equivalent Weightage]],"") -> 0.5 | U34: IG Breakdown Maintenance | V34: =IFERROR(_xlfn.XLOOKUP(Table10[[#This Row],[Date]],'Daily KPI'!$A:$A,'Daily KPI'!$M:$M),"") -> 4.144025 | W34: 208 | X34: =Table10[[#This Row],[WTG Loss]]*13*Table10[[#This Row],[Breakdown Time]] -> 2704 | Y34: O2 Project
