Workbook
Name BD_Relation: #REF!
Name BD_Relation: #REF!
Name Date: #REF!
Name Date: #REF!
Name dccap: #REF!
Name dccap: #REF!
Name Digos: #REF!
Name Digos: #REF!
Name engg: #REF!
Name engg: #REF!
Name Equipment: #REF!
Name Equipment: #REF!
Name error: #REF!
Name error: #REF!
Name Gstc: #REF!
Name Gstc: #REF!
Name Gstc: #REF!
Name Gstc: #REF!
Name Gstc: #REF!
Name Inverter: #REF!
Name Inverter: #REF!
Name invlook: #REF!
Name invlook: #REF!
Name JB: #REF!
Name JB: #REF!
Name jbp: #REF!
Name jbp: #REF!
Name P1_SnW4240: #REF!
Name P1_SnW4240: #REF!
Name P1SnW4240: #REF!
Name P1SnW4240: #REF!
Name P1SnW51: #REF!
Name P1SnW51: #REF!
Name P1SnW68: #REF!
Name P1SnW68: #REF!
Name Pstc: #REF!
Name Pstc: #REF!
Name Pstc: #REF!
Name Pstc: #REF!
Name Pstc: #REF!
Name SCDA: #REF!
Name SCDA: #REF!
Name SCDA: #REF!
Name Slicer_Affected_WTG: #N/A
Name Slicer_Calendor_Year: #N/A
Name Slicer_Date: #N/A
Name Slicer_Error_Text: #N/A
Name Slicer_Finacial_Year: #N/A
Name Slicer_Month: #N/A
Name Slicer_Operating_Year: #N/A
Name status: #REF!
Name status: #REF!
Name stp: #REF!
Name stp: #REF!
Name String: #REF!
Name String: #REF!
Name zzzzz: #REF!
Name zzzzz: #REF!

Sheet O2Summary
A2: Performance Summary PWEGPL
A3: Month | B3: 45839
A4: Date | B4: 45861
A5: Financial Year | B5: Year-3
A6: Year Start Date | B6: 45748
A7: Year End Date | B7: 46112
A9: Sr. No. | B9: Particular | C9: Target | D9: Measured | E9: Deviation | F9: Remarks
A10: 1 | B10: E_Grid Daily (MWh) | C10: =_xlfn.XLOOKUP($B$4,'Daily KPI'!$A:$A,'Daily KPI'!$AD:$AD)/1000 -> 585.79782 | D10: =_xlfn.XLOOKUP($B$4,'Daily KPI'!$A:$A,'Daily KPI'!$AA:$AA)/1000 -> 338.4 | E10: =D10/C10-1 -> -0.42232629
B11: E_Grid MTD(MWh) | C11: =MonthlyKPI!E4 -> 13473.35 | D11: =MonthlyKPI!F4 -> 10432.8 | E11: =D11/C11-1 -> -0.22567141
B12: E_Grid YTD (MWh) | C12: =AnnualKPI!E4 -> 56048.304 | D12: =AnnualKPI!F4 -> 49551.6 | E12: =D12/C12-1 -> -0.1159126
A13: 2 | B13: Wind Speed Daily | C13: =_xlfn.XLOOKUP($B$3,'Modelling New'!$D:$D,'Modelling New'!AC:AC) -> 7.1310649 | D13: =_xlfn.XLOOKUP($B$4,'Daily KPI'!$A:$A,'Daily KPI'!M:M) -> 4.3253846 | E13: =(D13-C13)/(C13) -> -0.39344478
B14: Wind Speed MTD | C14: =MonthlyKPI!C4 -> 7.1310649 | D14: =MonthlyKPI!D4 -> 4.8426352 | E14: =(D14-C14)/(C14) -> -0.32090995
B15: Wind Speed YTD | C15: =AnnualKPI!C4 -> 6.283612 | D15: =AnnualKPI!D4 -> 5.0615124 | E15: =(D15-C15)/(C15) -> -0.19448999
A16: 3 | B16: PA Daily | C16: =_xlfn.XLOOKUP($B$3,'Modelling New'!$D:$D,'Modelling New'!$AE:$AE) -> 0.9603 | D16: =_xlfn.XLOOKUP($B$4,'Daily KPI'!$A:$A,'Daily KPI'!$O:$O) -> 0.96853651 | E16: =(D16-C16)/(C16) -> 0.0085770157
B17: PA MTD | C17: =_xlfn.XLOOKUP($B$3,'Modelling New'!$D:$D,'Modelling New'!$AE:$AE) -> 0.9603 | D17: =MonthlyKPI!$P$4 -> 0.92563214 | E17: =(D17-C17)/(C17) -> -0.036101073
B18: PA YTD | C18: =_xlfn.XLOOKUP($B$3,'Modelling New'!$D:$D,'Modelling New'!$AE:$AE) -> 0.9603 | D18: =AnnualKPI!$P$4 -> 0.92112749 | E18: =(D18-C18)/(C18) -> -0.040791951
A19: 4 | B19: MA Daily | C19: =_xlfn.XLOOKUP($B$3,'Modelling New'!$D:$D,'Modelling New'!$AH:$AH) -> 0.97 | D19: =_xlfn.XLOOKUP($B$4,'Daily KPI'!$A:$A,'Daily KPI'!$P:$P) -> 0.96853651 | E19: =(D19-C19)/(C19) -> -0.0015087544
B20: MA MTD | C20: =_xlfn.XLOOKUP($B$3,'Modelling New'!$D:$D,'Modelling New'!$AH:$AH) -> 0.97 | D20: =MonthlyKPI!L4 -> 0.92780386 | E20: =(D20-C20)/(C20) -> -0.043501176
B21: MA YTD | C21: =_xlfn.XLOOKUP($B$3,'Modelling New'!$D:$D,'Modelling New'!$AH:$AH) -> 0.97 | D21: =AnnualKPI!L4 -> 0.92633082 | E21: =(D21-C21)/(C21) -> -0.045019769
A22: 5 | B22: EGA Daily | C22: =_xlfn.XLOOKUP($B$3,'Modelling New'!$D:$D,'Modelling New'!$AF:$AF) -> 0.995 | D22: =_xlfn.XLOOKUP($B$4,'Daily KPI'!$A:$A,'Daily KPI'!$R:$R) -> 1 | E22: =(D22-C22)/(C22) -> 0.0050251256
B23: EGA MTD | C23: =_xlfn.XLOOKUP($B$3,'Modelling New'!$D:$D,'Modelling New'!$AF:$AF) -> 0.995 | D23: =MonthlyKPI!J4 -> 1 | E23: =(D23-C23)/(C23) -> 0.0050251256
B24: EGA YTD | C24: =_xlfn.XLOOKUP($B$3,'Modelling New'!$D:$D,'Modelling New'!$AF:$AF) -> 0.995 | D24: =AnnualKPI!J4 -> 1 | E24: =(D24-C24)/(C24) -> 0.0050251256
A25: 6 | B25: IGA Daily | C25: =_xlfn.XLOOKUP($B$3,'Modelling New'!$D:$D,'Modelling New'!$AI:$AI) -> 0.99 | D25: =_xlfn.XLOOKUP($B$4,'Daily KPI'!$A:$A,'Daily KPI'!$Q:$Q) -> 1 | E25: =(D25-C25)/(C25) -> 0.01010101
B26: IGA MTD | C26: =_xlfn.XLOOKUP($B$3,'Modelling New'!$D:$D,'Modelling New'!$AI:$AI) -> 0.99 | D26: =MonthlyKPI!N4 -> 0.99765929 | E26: =(D26-C26)/(C26) -> 0.0077366563
B27: IGA YTD | C27: =_xlfn.XLOOKUP($B$3,'Modelling New'!$D:$D,'Modelling New'!$AI:$AI) -> 0.99 | D27: =AnnualKPI!N4 -> 0.99438286 | E27: =(D27-C27)/(C27) -> 0.0044271266
A28: 7 | B28: CUF Daily | C28: =IFERROR(_xlfn.XLOOKUP($B$4,'Daily KPI'!$A:$A,'Daily KPI'!$AF:$AF),"") -> 0.31292619 | D28: =_xlfn.XLOOKUP($B$4,'Daily KPI'!$A:$A,'Daily KPI'!$W:$W) -> 0.18076923 | E28: =D28/C28-1 -> -0.42232629
B29: CUF MTD | C29: =MonthlyKPI!$G$4 -> 0.31292619 | D29: =MonthlyKPI!H4 -> 0.24230769 | E29: =(D29-C29)/(C29) -> -0.22567141
B30: CUF YTD | C30: =AnnualKPI!$G$4 -> 0.26263451 | D30: =AnnualKPI!H4 -> 0.23219186 | E30: =(D30-C30)/(C30) -> -0.1159126
A31: 8 | B31: Line Loss Daily | C31: 0.05 | D31: =_xlfn.XLOOKUP($B$4,'Daily KPI'!$A:$A,'Daily KPI'!$AN:$AN) -> 0.030347487 | E31: =-(D31-C31)/(C31) -> 0.39305025
B32: Line Loss MTD | C32: 0.05 | D32: =MonthlyKPI!$U$4 -> 0.01457006 | E32: =-(D32-C32)/(C32) -> 0.70859881
B33: Line Loss YTD | C33: 0.05 | D33: =AnnualKPI!$R$4 -> 0.019015501 | E33: =-(D33-C33)/(C33) -> 0.61968997
A34: 9 | B34: Reactive Power Daily | C34: 0.05 | D34: =_xlfn.XLOOKUP($B$4,'Daily KPI'!$A:$A,'Daily KPI'!$AO:$AO) -> 0 | E34: =-(D34-C34)/(C34) -> 1
B35: Reactive Power MTD | C35: 0.05 | D35: =MonthlyKPI!$V$4 -> 1.9336924e-05 | E35: =-(D35-C35)/(C35) -> 0.99961326
B36: Reactive Power YTD | C36: 0.05 | D36: =AnnualKPI!$S$4 -> 4.4700547e-05 | E36: =-(D36-C36)/(C36) -> 0.99910599
A37: 10 | B37: Expected Energy Daily | C37: =IFERROR(_xlfn.XLOOKUP($B$4,'Daily KPI'!$A:$A,'Daily KPI'!$AI:$AI),"") -> 348.99 | D37: =IFERROR(_xlfn.XLOOKUP($B$4,'Daily KPI'!$A:$A,'Daily KPI'!$X:$X)/1000,"") -> 348.991 | E37: =(D37-C37)/(C37) -> 2.8654116e-06
B38: Expected Energy MTD | C38: =MonthlyKPI!$T$4 -> 10547.338 | D38: =IFERROR(SUMIF('Daily KPI'!$D:$D,O2Summary!$B$3,'Daily KPI'!$X:$X)/1000,"") -> 10547.345 | E38: =(D38-C38)/(C38) -> 6.6367457e-07
B39: Expected Energy YTD | C39: =AnnualKPI!$Q$4 -> 50209.056 | D39: =IFERROR(SUMIFS('Daily KPI'!$X:$X,'Daily KPI'!$A:$A,">="&O2Summary!$B$6,'Daily KPI'!$A:$A,"<="&O2Summary!B4)/1000,"") -> 50381.682 | E39: =(D39-C39)/(C39) -> 0.0034381447

Sheet AnnualKPI
A1: Till Date | B1: =O2Summary!B4 -> 45861 | C1: =O2Summary!B3 -> 45839
A2: PWEGPL Performance Summary-YTD
A3: Year | B3: Days | C3: Estimated WS(m/s) | D3: Measured WS (m/s) | E3: Budgeted Energy (MWh) | F3: Measured Energy (MWh) | G3: Target CUF (%) | H3: Measured CUF (%) | I3: Target GA (%) | J3: Measured GA (%) | K3: Target MA (%) | L3: Measured MA (%) | M3: Target IGA(%) | N3: Measured IGA (%) | O3: Target PA(%) | P3: Measured PA (%) | Q3: Expected Energy | R3: Loss (%) | S3: Reactive Power (%)
A4: =YEAR(B1)+IF(MONTH(B1)>=4,1,0) -> 2026 | B4: =B1-(O2Summary!B6)+1 -> 114 | C4: =_xlfn.XLOOKUP($C$1,'Modelling New'!$D:$D,'Modelling New'!$AD:$AD) -> 6.283612 | D4: =AVERAGEIFS('Daily KPI'!$M:$M,'Daily KPI'!$A:$A,">="&O2Summary!$B$6,'Daily KPI'!$A:$A,"<="&AnnualKPI!$B$1) -> 5.0615124 | E4: =_xlfn.XLOOKUP($C$1,'Modelling New'!$D:$D,'Modelling New'!$V:$V) -> 56048.304 | F4: =SUMIFS('Daily KPI'!$AA:$AA,'Daily KPI'!$A:$A,">="&O2Summary!$B$6,'Daily KPI'!$A:$A,"<="&AnnualKPI!$B$1)/1000 -> 49551.6 | G4: =_xlfn.XLOOKUP($C$1,'Modelling New'!$D:$D,'Modelling New'!$Y:$Y) -> 0.26263451 | H4: =IFERROR(F4/(B4*24*'Basic Data'!$K$3),"") -> 0.23219186 | I4: =_xlfn.XLOOKUP($C$1,'Modelling New'!$D:$D,'Modelling New'!$AF:$AF) -> 0.995 | J4: =AVERAGEIFS('Daily KPI'!$R:$R,'Daily KPI'!$A:$A,">="&O2Summary!$B$6,'Daily KPI'!$A:$A,"<="&AnnualKPI!$B$1) -> 1 | K4: =_xlfn.XLOOKUP($C$1,'Modelling New'!$D:$D,'Modelling New'!$AH:$AH) -> 0.97 | L4: =AVERAGEIFS('Daily KPI'!$P:$P,'Daily KPI'!$A:$A,">="&O2Summary!$B$6,'Daily KPI'!$A:$A,"<="&AnnualKPI!$B$1) -> 0.92633082 | M4: =_xlfn.XLOOKUP($C$1,'Modelling New'!$D:$D,'Modelling New'!$AI:$AI) -> 0.99 | N4: =AVERAGEIFS('Daily KPI'!$Q:$Q,'Daily KPI'!$A:$A,">="&O2Summary!$B$6,'Daily KPI'!$A:$A,"<="&AnnualKPI!$B$1) -> 0.99438286 | O4: =K4*M4 -> 0.9603 | P4: =L4*N4 -> 0.92112749 | Q4: =SUMIFS('Daily KPI'!$AI:$AI,'Daily KPI'!$A:$A,">="&O2Summary!$B$6,'Daily KPI'!$A:$A,"<="&AnnualKPI!$B$1) -> 50209.056 | R4: =AVERAGEIFS('Daily KPI'!$AN:$AN,'Daily KPI'!$A:$A,">="&O2Summary!$B$6,'Daily KPI'!$A:$A,"<="&AnnualKPI!$B$1) -> 0.019015501 | S4: =AVERAGEIFS('Daily KPI'!$AO:$AO,'Daily KPI'!$A:$A,">="&O2Summary!$B$6,'Daily KPI'!$A:$A,"<="&AnnualKPI!$B$1) -> 4.4700547e-05

Sheet MonthlyKPI
A1: Till Date | B1: =O2Summary!B4 -> 45861 | C1: 0 | D1: 0 | E1: 0 | F1: 0
A2: PWEGPL Performance Summary (MTD)
A3: Year | B3: Days | C3: Estimated WS(m/s) | D3: Measured WS (m/s) | E3: Budgeted Energy (MWh) | F3: Measured Energy (MWh) | G3: Target CUF (%) | H3: Measured CUF (%) | I3: Target GA (%) | J3: Measured GA (%) | K3: Target MA (%) | L3: Measured MA (%) | M3: Target IGA (%) | N3: Measured IGA (%) | O3: Target PA(%) | P3: Measured PA (%) | Q3: WTG Total (MWh) | R3: Line Losses(%) | S3: E_WS_Corrected | T3: Expected Energy | U3: Loss (%) | V3: Reactive Power (%)
A4: =O2Summary!B3 -> 45839 | B4: =DAY(B1) -> 23 | C4: =_xlfn.XLOOKUP($A$4,'Modelling New'!$D:$D,'Modelling New'!$AC:$AC) -> 7.1310649 | D4: =AVERAGEIF('Daily KPI'!$D:$D,$A$4,'Daily KPI'!$M:$M) -> 4.8426352 | E4: =_xlfn.XLOOKUP($A$4,'Modelling New'!$D:$D,'Modelling New'!$U:$U) -> 13473.35 | F4: =SUMIFS('Daily KPI'!$AA:$AA,'Daily KPI'!$D:$D,$A$4)/1000 -> 10432.8 | G4: =_xlfn.XLOOKUP($A$4,'Modelling New'!$D:$D,'Modelling New'!$X:$X) -> 0.31292619 | H4: =F4/(24*B4*'Basic Data'!$K$3) -> 0.24230769 | I4: =_xlfn.XLOOKUP($A$4,'Modelling New'!$D:$D,'Modelling New'!$AF:$AF) -> 0.995 | J4: =AVERAGEIFS('Daily KPI'!$R:$R,'Daily KPI'!$A:$A,"<="&MonthlyKPI!$B$1,'Daily KPI'!$D:$D,$A$4) -> 1 | K4: =_xlfn.XLOOKUP($A$4,'Modelling New'!$D:$D,'Modelling New'!$AH:$AH) -> 0.97 | L4: =AVERAGEIFS('Daily KPI'!$P:$P,'Daily KPI'!$A:$A,"<="&MonthlyKPI!$B$1,'Daily KPI'!$D:$D,$A$4) -> 0.92780386 | M4: =_xlfn.XLOOKUP($A$4,'Modelling New'!$D:$D,'Modelling New'!$AI:$AI) -> 0.99 | N4: =AVERAGEIFS('Daily KPI'!$Q:$Q,'Daily KPI'!$A:$A,"<="&MonthlyKPI!$B$1,'Daily KPI'!$D:$D,$A$4) -> 0.99765929 | O4: =K4*M4 -> 0.9603 | P4: =L4*N4 -> 0.92563214 | Q4: =SUMIFS('Daily KPI'!$X:$X,'Daily KPI'!$D:$D,$A$4)/1000 -> 10547.345 | R4: =Q4/F4-1 -> 0.010979315 | S4: =SUMIFS(Input_Raw!DE:DE,Input_Raw!A:A,">="&A4,Input_Raw!A:A,"<="&B1)/1000 -> 10.547338 | T4: =SUMIFS('Daily KPI'!$AI:$AI,'Daily KPI'!$D:$D,$A$4) -> 10547.338 | U4: =IFERROR(AVERAGEIFS('Daily KPI'!$AN:$AN,'Daily KPI'!$D:$D,MonthlyKPI!$A$4,'Daily KPI'!$A:$A,"<="&MonthlyKPI!$B$1),"") -> 0.01457006 | V4: =AVERAGEIFS('Daily KPI'!$AO:$AO,'Daily KPI'!$A:$A,"<="&MonthlyKPI!$B$1,'Daily KPI'!$D:$D,$A$4) -> 1.9336924e-05
A7: Start Date | B7: =B8-6 -> 45855
A8: End Date | B8: =B1 -> 45861
A9: PWEGPL Performance Summary (WTD)
A10: Year | B10: Days | C10: Estimated WS(m/s) | D10: Measured WS (m/s) | E10: Budgeted Energy (MWh) | F10: Measured Energy (MWh) | G10: Target CUF (%) | H10: Measured CUF (%) | I10: Target GA (%) | J10: Measured GA (%) | K10: Target MA (%) | L10: Measured MA (%) | M10: Target IGA (%) | N10: Measured IGA (%) | O10: Target PA(%) | P10: Measured PA (%) | Q10: E_WS_Corrected
A11: =A4 -> 45839 | B11: =(B8-B7)+1 -> 7 | C11: =_xlfn.XLOOKUP($A$11,'Modelling New'!$D:$D,'Modelling New'!$AC:$AC) -> 7.1310649 | D11: =AVERAGEIFS('Daily KPI'!$M:$M,'Daily KPI'!$A:$A,">="&$B$7,'Daily KPI'!$A:$A,"<="&$B$8) -> 3.7401935 | E11: =SUMIFS('Daily KPI'!$AD:$AD,'Daily KPI'!$A:$A,">="&$B$7,'Daily KPI'!$A:$A,"<="&$B$8)/1000 -> 4100.5847 | F11: =SUMIFS('Daily KPI'!$AA:$AA,'Daily KPI'!$A:$A,">="&$B$7,'Daily KPI'!$A:$A,"<="&$B$8)/1000 -> 1326 | G11: =E11/(24*$B$11*'Basic Data'!$K$3) -> 0.31292619 | H11: =F11/(24*B11*'Basic Data'!$K$3) -> 0.10119048 | I11: =_xlfn.XLOOKUP($A$4,'Modelling New'!$D:$D,'Modelling New'!$AF:$AF) -> 0.995 | J11: =AVERAGEIFS('Daily KPI'!$R:$R,'Daily KPI'!$A:$A,">="&$B$7,'Daily KPI'!$A:$A,"<="&$B$8) -> 1 | K11: =_xlfn.XLOOKUP($A$4,'Modelling New'!$D:$D,'Modelling New'!$AH:$AH) -> 0.97 | L11: =AVERAGEIFS('Daily KPI'!$P:$P,'Daily KPI'!$A:$A,">="&$B$7,'Daily KPI'!$A:$A,"<="&$B$8) -> 0.95039706 | M11: =_xlfn.XLOOKUP($A$4,'Modelling New'!$D:$D,'Modelling New'!$AI:$AI) -> 0.99 | N11: =AVERAGEIFS('Daily KPI'!$Q:$Q,'Daily KPI'!$A:$A,">="&$B$7,'Daily KPI'!$A:$A,"<="&$B$8) -> 0.9980398 | O11: =K11*M11 -> 0.9603 | P11: =L11*N11 -> 0.94853409 | Q11: =SUMIFS(Input_Raw!DE:DE,Input_Raw!A:A,">="&B7,Input_Raw!A:A,"<="&B8)/1000 -> 1.37441
A14: Start Date | B14: =B15-29 -> 45832
A15: End Date | B15: =B8 -> 45861
A16: PWEGPL Performance Summary (LTD)
A17: Year | B17: Days | C17: Estimated WS(m/s) | D17: Measured WS (m/s) | E17: Budgeted Energy (MWh) | F17: Measured Energy (MWh) | G17: Target CUF (%) | H17: Measured CUF (%) | I17: Target GA (%) | J17: Measured GA (%) | K17: Target MA (%) | L17: Measured MA (%) | M17: Target IGA (%) | N17: Measured IGA (%) | O17: Target PA(%) | P17: Measured PA (%)
A18: =A11 -> 45839 | B18: =(B15-B14)+1 -> 30 | C18: =_xlfn.XLOOKUP($A$18,'Modelling New'!$D:$D,'Modelling New'!$AC:$AC) -> 7.1310649 | D18: =AVERAGEIFS('Daily KPI'!$M:$M,'Daily KPI'!$A:$A,">="&$B$14,'Daily KPI'!$A:$A,"<="&$B$15) -> 5.2312526 | E18: =SUMIFS('Daily KPI'!$AD:$AD,'Daily KPI'!$A:$A,">="&$B$14,'Daily KPI'!$A:$A,"<="&$B$15)/1000 -> 16982.277 | F18: =SUMIFS('Daily KPI'!$AA:$AA,'Daily KPI'!$A:$A,">="&$B$14,'Daily KPI'!$A:$A,"<="&$B$15)/1000 -> 15886.8 | G18: =E18/(24*$B$18*'Basic Data'!$K$3) -> 0.30239098 | H18: =F18/(24*B18*'Basic Data'!$K$3) -> 0.28288462 | I18: =_xlfn.XLOOKUP($A$4,'Modelling New'!$D:$D,'Modelling New'!$AF:$AF) -> 0.995 | J18: =AVERAGEIFS('Daily KPI'!$R:$R,'Daily KPI'!$A:$A,">="&$B$14,'Daily KPI'!$A:$A,"<="&$B$15) -> 1 | K18: =_xlfn.XLOOKUP($A$4,'Modelling New'!$D:$D,'Modelling New'!$AH:$AH) -> 0.97 | L18: =AVERAGEIFS('Daily KPI'!$P:$P,'Daily KPI'!$A:$A,">="&$B$14,'Daily KPI'!$A:$A,"<="&$B$15) -> 0.9248899 | M18: =_xlfn.XLOOKUP($A$4,'Modelling New'!$D:$D,'Modelling New'!$AI:$AI) -> 0.99 | N18: =AVERAGEIFS('Daily KPI'!$Q:$Q,'Daily KPI'!$A:$A,">="&$B$14,'Daily KPI'!$A:$A,"<="&$B$15) -> 0.99713065 | O18: =K18*M18 -> 0.9603 | P18: =L18*N18 -> 0.92223607

Sheet Analytices
A2: Start Date | B2: =O2Summary!B3 -> 45839
A3: End Date | B3: =O2Summary!B4 -> 45861 | C3: =((B3-B2)+1)*24 -> 552 | D3: =MEDIAN(B21:AN21) -> 5.2
A4: WTG No. | B4: G01 | C4: G02 | D4: G03 | E4: G04 | F4: G05 | G4: G06 | H4: G07 | I4: G08 | J4: G09 | K4: G10 | L4: G11 | M4: G12 | N4: G13 | O4: G14 | P4: G15 | Q4: G16 | R4: G17 | S4: G18 | T4: G19 | U4: G20 | V4: G21 | W4: G22 | X4: G23 | Y4: G25 | Z4: G26 | AA4: G27 | AB4: G28 | AC4: G29 | AD4: G30 | AE4: G31 | AF4: G32 | AG4: G33 | AH4: G34 | AI4: G35 | AJ4: G36 | AK4: G37 | AL4: G38 | AM4: G39 | AN4: G40
A5: MA | B5: =IFERROR(($C$3-B6)/$C$3,1) -> 0.97753623 | C5: =IFERROR(($C$3-C6)/$C$3,1) -> 0.9968599 | D5: =IFERROR(($C$3-D6)/$C$3,1) -> 0.99682971 | E5: =IFERROR(($C$3-E6)/$C$3,1) -> 0.97379227 | F5: =IFERROR(($C$3-F6)/$C$3,1) -> 0.99894324 | G5: =IFERROR(($C$3-G6)/$C$3,1) -> 0.99326691 | H5: =IFERROR(($C$3-H6)/$C$3,1) -> 1 | I5: =IFERROR(($C$3-I6)/$C$3,1) -> 1 | ... AN5: =IFERROR(($C$3-AN6)/$C$3,1) -> 0.99842995
A6: WTG BD Hours | B6: =SUMIFS(WTG_BD!$T:$T,WTG_BD!$F:$F,">="&Analytices!$B$2,WTG_BD!$F:$F,"<="&Analytices!$B$3,WTG_BD!$G:$G,B4) -> 12.4 | C6: =SUMIFS(WTG_BD!$T:$T,WTG_BD!$F:$F,">="&Analytices!$B$2,WTG_BD!$F:$F,"<="&Analytices!$B$3,WTG_BD!$G:$G,C4) -> 1.7333333 | D6: =SUMIFS(WTG_BD!$T:$T,WTG_BD!$F:$F,">="&Analytices!$B$2,WTG_BD!$F:$F,"<="&Analytices!$B$3,WTG_BD!$G:$G,D4) -> 1.75 | E6: =SUMIFS(WTG_BD!$T:$T,WTG_BD!$F:$F,">="&Analytices!$B$2,WTG_BD!$F:$F,"<="&Analytices!$B$3,WTG_BD!$G:$G,E4) -> 14.466667 | F6: =SUMIFS(WTG_BD!$T:$T,WTG_BD!$F:$F,">="&Analytices!$B$2,WTG_BD!$F:$F,"<="&Analytices!$B$3,WTG_BD!$G:$G,F4) -> 0.58333333 | G6: =SUMIFS(WTG_BD!$T:$T,WTG_BD!$F:$F,">="&Analytices!$B$2,WTG_BD!$F:$F,"<="&Analytices!$B$3,WTG_BD!$G:$G,G4) -> 3.7166667 | H6: =SUMIFS(WTG_BD!$T:$T,WTG_BD!$F:$F,">="&Analytices!$B$2,WTG_BD!$F:$F,"<="&Analytices!$B$3,WTG_BD!$G:$G,H4) -> 0 | I6: =SUMIFS(WTG_BD!$T:$T,WTG_BD!$F:$F,">="&Analytices!$B$2,WTG_BD!$F:$F,"<="&Analytices!$B$3,WTG_BD!$G:$G,I4) -> 0 | ... AN6: =SUMIFS(WTG_BD!$T:$T,WTG_BD!$F:$F,">="&Analytices!$B$2,WTG_BD!$F:$F,"<="&Analytices!$B$3,WTG_BD!$G:$G,AN4) -> 0.86666667
A7: IGA | B7: =($C$3-SUM(B8:B12))/$C$3 -> 0.99667874 | C7: =($C$3-SUM(C8:C12))/$C$3 -> 0.99667874 | D7: =($C$3-SUM(D8:D12))/$C$3 -> 0.99667874 | E7: =($C$3-SUM(E8:E12))/$C$3 -> 0.99667874 | F7: =($C$3-SUM(F8:F12))/$C$3 -> 0.99852053 | G7: =($C$3-SUM(G8:G12))/$C$3 -> 0.99667874 | H7: =($C$3-SUM(H8:H12))/$C$3 -> 0.99667874 | I7: =($C$3-SUM(I8:I12))/$C$3 -> 0.99667874 | ... AN7: =($C$3-SUM(AN8:AN12))/$C$3 -> 1
A8: METERING YARD
A9: FEEDER | B9: =SUMIFS(IGA_BD!$Q:$Q,IGA_BD!$G:$G,(VLOOKUP(B$4,'Basic Data'!$A:$F,6,0)),IGA_BD!$F:$F,">="&Analytices!$B$2,IGA_BD!$F:$F,"<="&Analytices!$B$3) -> 1.8333333 | C9: =SUMIFS(IGA_BD!$Q:$Q,IGA_BD!$G:$G,(VLOOKUP(C$4,'Basic Data'!$A:$F,6,0)),IGA_BD!$F:$F,">="&Analytices!$B$2,IGA_BD!$F:$F,"<="&Analytices!$B$3) -> 1.8333333 | D9: =SUMIFS(IGA_BD!$Q:$Q,IGA_BD!$G:$G,(VLOOKUP(D$4,'Basic Data'!$A:$F,6,0)),IGA_BD!$F:$F,">="&Analytices!$B$2,IGA_BD!$F:$F,"<="&Analytices!$B$3) -> 1.8333333 | E9: =SUMIFS(IGA_BD!$Q:$Q,IGA_BD!$G:$G,(VLOOKUP(E$4,'Basic Data'!$A:$F,6,0)),IGA_BD!$F:$F,">="&Analytices!$B$2,IGA_BD!$F:$F,"<="&Analytices!$B$3) -> 1.8333333 | F9: =SUMIFS(IGA_BD!$Q:$Q,IGA_BD!$G:$G,(VLOOKUP(F$4,'Basic Data'!$A:$F,6,0)),IGA_BD!$F:$F,">="&Analytices!$B$2,IGA_BD!$F:$F,"<="&Analytices!$B$3) -> 0.81666667 | G9: =SUMIFS(IGA_BD!$Q:$Q,IGA_BD!$G:$G,(VLOOKUP(G$4,'Basic Data'!$A:$F,6,0)),IGA_BD!$F:$F,">="&Analytices!$B$2,IGA_BD!$F:$F,"<="&Analytices!$B$3) -> 1.8333333 | H9: =SUMIFS(IGA_BD!$Q:$Q,IGA_BD!$G:$G,(VLOOKUP(H$4,'Basic Data'!$A:$F,6,0)),IGA_BD!$F:$F,">="&Analytices!$B$2,IGA_BD!$F:$F,"<="&Analytices!$B$3) -> 1.8333333 | I9: =SUMIFS(IGA_BD!$Q:$Q,IGA_BD!$G:$G,(VLOOKUP(I$4,'Basic Data'!$A:$F,6,0)),IGA_BD!$F:$F,">="&Analytices!$B$2,IGA_BD!$F:$F,"<="&Analytices!$B$3) -> 1.8333333 | ... AN9: =SUMIFS(IGA_BD!$Q:$Q,IGA_BD!$G:$G,(VLOOKUP(AN$4,'Basic Data'!$A:$F,6,0)),IGA_BD!$F:$F,">="&Analytices!$B$2,IGA_BD!$F:$F,"<="&Analytices!$B$3) -> 0
A10: OG
A11: TRANSFER | B11: =SUMIFS(Grid_BD!$R:$R,Grid_BD!$G:$G,(VLOOKUP(B$4,'Basic Data'!$A:$G,7,0)),Grid_BD!$F:$F,">="&Analytices!$B$2,Grid_BD!$F:$F,"<="&Analytices!$B$3) -> 0 | C11: =SUMIFS(Grid_BD!$R:$R,Grid_BD!$G:$G,(VLOOKUP(C$4,'Basic Data'!$A:$G,7,0)),Grid_BD!$F:$F,">="&Analytices!$B$2,Grid_BD!$F:$F,"<="&Analytices!$B$3) -> 0 | D11: =SUMIFS(Grid_BD!$R:$R,Grid_BD!$G:$G,(VLOOKUP(D$4,'Basic Data'!$A:$G,7,0)),Grid_BD!$F:$F,">="&Analytices!$B$2,Grid_BD!$F:$F,"<="&Analytices!$B$3) -> 0 | E11: =SUMIFS(Grid_BD!$R:$R,Grid_BD!$G:$G,(VLOOKUP(E$4,'Basic Data'!$A:$G,7,0)),Grid_BD!$F:$F,">="&Analytices!$B$2,Grid_BD!$F:$F,"<="&Analytices!$B$3) -> 0 | F11: =SUMIFS(Grid_BD!$R:$R,Grid_BD!$G:$G,(VLOOKUP(F$4,'Basic Data'!$A:$G,7,0)),Grid_BD!$F:$F,">="&Analytices!$B$2,Grid_BD!$F:$F,"<="&Analytices!$B$3) -> 0 | G11: =SUMIFS(Grid_BD!$R:$R,Grid_BD!$G:$G,(VLOOKUP(G$4,'Basic Data'!$A:$G,7,0)),Grid_BD!$F:$F,">="&Analytices!$B$2,Grid_BD!$F:$F,"<="&Analytices!$B$3) -> 0 | H11: =SUMIFS(Grid_BD!$R:$R,Grid_BD!$G:$G,(VLOOKUP(H$4,'Basic Data'!$A:$G,7,0)),Grid_BD!$F:$F,">="&Analytices!$B$2,Grid_BD!$F:$F,"<="&Analytices!$B$3) -> 0 | I11: =SUMIFS(Grid_BD!$R:$R,Grid_BD!$G:$G,(VLOOKUP(I$4,'Basic Data'!$A:$G,7,0)),Grid_BD!$F:$F,">="&Analytices!$B$2,Grid_BD!$F:$F,"<="&Analytices!$B$3) -> 0 | ... AN11: =SUMIFS(Grid_BD!$R:$R,Grid_BD!$G:$G,(VLOOKUP(AN$4,'Basic Data'!$A:$G,7,0)),Grid_BD!$F:$F,">="&Analytices!$B$2,Grid_BD!$F:$F,"<="&Analytices!$B$3) -> 0
A12: USS
A13: EGA | B13: =(C3-B14)/C3 -> 1 | C13: =$B$13 -> 1 | D13: =$B$13 -> 1 | E13: =$B$13 -> 1 | F13: =$B$13 -> 1 | G13: =$B$13 -> 1 | H13: =$B$13 -> 1 | I13: =$B$13 -> 1 | J13: =$B$13 -> 1 | ... AN13: =$B$13 -> 1
A14: External Grid | B14: =(SUMIFS(Grid_BD!$R:$R,Grid_BD!$F:$F,">="&Analytices!B2,Grid_BD!$F:$F,"<="&Analytices!B3,Grid_BD!$G:$G,"Line1")) -> 0 | C14: =$B$14 -> 0 | D14: =$B$14 -> 0 | E14: =$B$14 -> 0 | F14: =$B$14 -> 0 | G14: =$B$14 -> 0 | H14: =$B$14 -> 0 | I14: =$B$14 -> 0 | J14: =$B$14 -> 0 | ... AN14: =$B$14 -> 0
A15: Generation | B15: =SUMIFS(Input_Raw!F:F,Input_Raw!$A:$A,">="&Analytices!$B$2,Input_Raw!$A:$A,"<="&Analytices!$B$3) -> 303129 | C15: =SUMIFS(Input_Raw!G:G,Input_Raw!$A:$A,">="&Analytices!$B$2,Input_Raw!$A:$A,"<="&Analytices!$B$3) -> 311445 | D15: =SUMIFS(Input_Raw!H:H,Input_Raw!$A:$A,">="&Analytices!$B$2,Input_Raw!$A:$A,"<="&Analytices!$B$3) -> 307719 | E15: =SUMIFS(Input_Raw!I:I,Input_Raw!$A:$A,">="&Analytices!$B$2,Input_Raw!$A:$A,"<="&Analytices!$B$3) -> 301658 | F15: =SUMIFS(Input_Raw!J:J,Input_Raw!$A:$A,">="&Analytices!$B$2,Input_Raw!$A:$A,"<="&Analytices!$B$3) -> 280932 | G15: =SUMIFS(Input_Raw!K:K,Input_Raw!$A:$A,">="&Analytices!$B$2,Input_Raw!$A:$A,"<="&Analytices!$B$3) -> 309527 | H15: =SUMIFS(Input_Raw!L:L,Input_Raw!$A:$A,">="&Analytices!$B$2,Input_Raw!$A:$A,"<="&Analytices!$B$3) -> 311717 | I15: =SUMIFS(Input_Raw!M:M,Input_Raw!$A:$A,">="&Analytices!$B$2,Input_Raw!$A:$A,"<="&Analytices!$B$3) -> 312813 | J15: =SUMIFS(Input_Raw!N:N,Input_Raw!$A:$A,">="&Analytices!$B$2,Input_Raw!$A:$A,"<="&Analytices!$B$3) -> 330654 | K15: =SUMIFS(Input_Raw!O:O,Input_Raw!$A:$A,">="&Analytices!$B$2,Input_Raw!$A:$A,"<="&Analytices!$B$3) -> 310698 | L15: =SUMIFS(Input_Raw!P:P,Input_Raw!$A:$A,">="&Analytices!$B$2,Input_Raw!$A:$A,"<="&Analytices!$B$3) -> 312144 | M15: =SUMIFS(Input_Raw!Q:Q,Input_Raw!$A:$A,">="&Analytices!$B$2,Input_Raw!$A:$A,"<="&Analytices!$B$3) -> 333390 | N15: =SUMIFS(Input_Raw!R:R,Input_Raw!$A:$A,">="&Analytices!$B$2,Input_Raw!$A:$A,"<="&Analytices!$B$3) -> 336578 | O15: =SUMIFS(Input_Raw!S:S,Input_Raw!$A:$A,">="&Analytices!$B$2,Input_Raw!$A:$A,"<="&Analytices!$B$3) -> 336656 | P15: =SUMIFS(Input_Raw!T:T,Input_Raw!$A:$A,">="&Analytices!$B$2,Input_Raw!$A:$A,"<="&Analytices!$B$3) -> 335733 | Q15: =SUMIFS(Input_Raw!U:U,Input_Raw!$A:$A,">="&Analytices!$B$2,Input_Raw!$A:$A,"<="&Analytices!$B$3) -> 327337 | R15: =SUMIFS(Input_Raw!V:V,Input_Raw!$A:$A,">="&Analytices!$B$2,Input_Raw!$A:$A,"<="&Analytices!$B$3) -> 41319 | S15: =SUMIFS(Input_Raw!W:W,Input_Raw!$A:$A,">="&Analytices!$B$2,Input_Raw!$A:$A,"<="&Analytices!$B$3) -> 332833 | T15: =SUMIFS(Input_Raw!X:X,Input_Raw!$A:$A,">="&Analytices!$B$2,Input_Raw!$A:$A,"<="&Analytices!$B$3) -> 337581 | U15: =SUMIFS(Input_Raw!Y:Y,Input_Raw!$A:$A,">="&Analytices!$B$2,Input_Raw!$A:$A,"<="&Analytices!$B$3) -> 336506 | V15: =SUMIFS(Input_Raw!Z:Z,Input_Raw!$A:$A,">="&Analytices!$B$2,Input_Raw!$A:$A,"<="&Analytices!$B$3) -> 282689 | W15: =SUMIFS(Input_Raw!AA:AA,Input_Raw!$A:$A,">="&Analytices!$B$2,Input_Raw!$A:$A,"<="&Analytices!$B$3) -> 279819 | X15: =SUMIFS(Input_Raw!AB:AB,Input_Raw!$A:$A,">="&Analytices!$B$2,Input_Raw!$A:$A,"<="&Analytices!$B$3) -> 281605 | Y15: =SUMIFS(Input_Raw!AC:AC,Input_Raw!$A:$A,">="&Analytices!$B$2,Input_Raw!$A:$A,"<="&Analytices!$B$3) -> 282495 | Z15: =SUMIFS(Input_Raw!AD:AD,Input_Raw!$A:$A,">="&Analytices!$B$2,Input_Raw!$A:$A,"<="&Analytices!$B$3) -> 246026 | AA15: =SUMIFS(Input_Raw!AE:AE,Input_Raw!$A:$A,">="&Analytices!$B$2,Input_Raw!$A:$A,"<="&Analytices!$B$3) -> 279145 | AB15: =SUMIFS(Input_Raw!AF:AF,Input_Raw!$A:$A,">="&Analytices!$B$2,Input_Raw!$A:$A,"<="&Analytices!$B$3) -> 280467 | AC15: =SUMIFS(Input_Raw!AG:AG,Input_Raw!$A:$A,">="&Analytices!$B$2,Input_Raw!$A:$A,"<="&Analytices!$B$3) -> 0 | AD15: =SUMIFS(Input_Raw!AH:AH,Input_Raw!$A:$A,">="&Analytices!$B$2,Input_Raw!$A:$A,"<="&Analytices!$B$3) -> 274624 | AE15: =SUMIFS(Input_Raw!AI:AI,Input_Raw!$A:$A,">="&Analytices!$B$2,Input_Raw!$A:$A,"<="&Analytices!$B$3) -> 24908 | AF15: =SUMIFS(Input_Raw!AJ:AJ,Input_Raw!$A:$A,">="&Analytices!$B$2,Input_Raw!$A:$A,"<="&Analytices!$B$3) -> 237034 | AG15: =SUMIFS(Input_Raw!AK:AK,Input_Raw!$A:$A,">="&Analytices!$B$2,Input_Raw!$A:$A,"<="&Analytices!$B$3) -> 246357 | AH15: =SUMIFS(Input_Raw!AL:AL,Input_Raw!$A:$A,">="&Analytices!$B$2,Input_Raw!$A:$A,"<="&Analytices!$B$3) -> 247172 | AI15: =SUMIFS(Input_Raw!AM:AM,Input_Raw!$A:$A,">="&Analytices!$B$2,Input_Raw!$A:$A,"<="&Analytices!$B$3) -> 244984 | AJ15: =SUMIFS(Input_Raw!AN:AN,Input_Raw!$A:$A,">="&Analytices!$B$2,Input_Raw!$A:$A,"<="&Analytices!$B$3) -> 247157 | AK15: =SUMIFS(Input_Raw!AO:AO,Input_Raw!$A:$A,">="&Analytices!$B$2,Input_Raw!$A:$A,"<="&Analytices!$B$3) -> 246900 | AL15: =SUMIFS(Input_Raw!AP:AP,Input_Raw!$A:$A,">="&Analytices!$B$2,Input_Raw!$A:$A,"<="&Analytices!$B$3) -> 245740 | AM15: =SUMIFS(Input_Raw!AQ:AQ,Input_Raw!$A:$A,">="&Analytices!$B$2,Input_Raw!$A:$A,"<="&Analytices!$B$3) -> 244944 | AN15: =SUMIFS(Input_Raw!AR:AR,Input_Raw!$A:$A,">="&Analytices!$B$2,Input_Raw!$A:$A,"<="&Analytices!$B$3) -> 244910
A16: PA | B16: =IFERROR(($C$3-(SUM(B8:B12,B14,B6)))/$C$3,1) -> 0.97421498 | C16: =IFERROR(($C$3-(SUM(C8:C12,C14,C6)))/$C$3,1) -> 0.99353865 | D16: =IFERROR(($C$3-(SUM(D8:D12,D14,D6)))/$C$3,1) -> 0.99350845 | E16: =IFERROR(($C$3-(SUM(E8:E12,E14,E6)))/$C$3,1) -> 0.97047101 | F16: =IFERROR(($C$3-(SUM(F8:F12,F14,F6)))/$C$3,1) -> 0.99746377 | G16: =IFERROR(($C$3-(SUM(G8:G12,G14,G6)))/$C$3,1) -> 0.98994565 | H16: =IFERROR(($C$3-(SUM(H8:H12,H14,H6)))/$C$3,1) -> 0.99667874 | I16: =IFERROR(($C$3-(SUM(I8:I12,I14,I6)))/$C$3,1) -> 0.99667874 | ... AN16: =IFERROR(($C$3-(SUM(AN8:AN12,AN14,AN6)))/$C$3,1) -> 0.99842995
A17: Sum of BD | B17: =SUMIFS(WTG_BD!$T:$T,WTG_BD!$F:$F,">="&Analytices!$B$2,WTG_BD!$F:$F,"<="&Analytices!$B$3,WTG_BD!$G:$G,B4,WTG_BD!$M:$M,'Basic Data'!$N$10) -> 12.4 | C17: =SUMIFS(WTG_BD!$T:$T,WTG_BD!$F:$F,">="&Analytices!$B$2,WTG_BD!$F:$F,"<="&Analytices!$B$3,WTG_BD!$G:$G,C4,WTG_BD!$M:$M,'Basic Data'!$N$10) -> 1.7333333 | D17: =SUMIFS(WTG_BD!$T:$T,WTG_BD!$F:$F,">="&Analytices!$B$2,WTG_BD!$F:$F,"<="&Analytices!$B$3,WTG_BD!$G:$G,D4,WTG_BD!$M:$M,'Basic Data'!$N$10) -> 0 | E17: =SUMIFS(WTG_BD!$T:$T,WTG_BD!$F:$F,">="&Analytices!$B$2,WTG_BD!$F:$F,"<="&Analytices!$B$3,WTG_BD!$G:$G,E4,WTG_BD!$M:$M,'Basic Data'!$N$10) -> 14.466667 | F17: =SUMIFS(WTG_BD!$T:$T,WTG_BD!$F:$F,">="&Analytices!$B$2,WTG_BD!$F:$F,"<="&Analytices!$B$3,WTG_BD!$G:$G,F4,WTG_BD!$M:$M,'Basic Data'!$N$10) -> 0.58333333 | G17: =SUMIFS(WTG_BD!$T:$T,WTG_BD!$F:$F,">="&Analytices!$B$2,WTG_BD!$F:$F,"<="&Analytices!$B$3,WTG_BD!$G:$G,G4,WTG_BD!$M:$M,'Basic Data'!$N$10) -> 3.7166667 | H17: =SUMIFS(WTG_BD!$T:$T,WTG_BD!$F:$F,">="&Analytices!$B$2,WTG_BD!$F:$F,"<="&Analytices!$B$3,WTG_BD!$G:$G,H4,WTG_BD!$M:$M,'Basic Data'!$N$10) -> 0 | I17: =SUMIFS(WTG_BD!$T:$T,WTG_BD!$F:$F,">="&Analytices!$B$2,WTG_BD!$F:$F,"<="&Analytices!$B$3,WTG_BD!$G:$G,I4,WTG_BD!$M:$M,'Basic Data'!$N$10) -> 0 | ... AN17: =SUMIFS(WTG_BD!$T:$T,WTG_BD!$F:$F,">="&Analytices!$B$2,WTG_BD!$F:$F,"<="&Analytices!$B$3,WTG_BD!$G:$G,AN4,WTG_BD!$M:$M,'Basic Data'!$N$10) -> 0.86666667
A18: Count of BD | B18: =COUNTIFS(WTG_BD!$F:$F,">="&Analytices!$B$2,WTG_BD!$F:$F,"<="&Analytices!$B$3,WTG_BD!$G:$G,B4,WTG_BD!$M:$M,'Basic Data'!$N$10) -> 7 | C18: =COUNTIFS(WTG_BD!$F:$F,">="&Analytices!$B$2,WTG_BD!$F:$F,"<="&Analytices!$B$3,WTG_BD!$G:$G,C4,WTG_BD!$M:$M,'Basic Data'!$N$10) -> 1 | D18: =COUNTIFS(WTG_BD!$F:$F,">="&Analytices!$B$2,WTG_BD!$F:$F,"<="&Analytices!$B$3,WTG_BD!$G:$G,D4,WTG_BD!$M:$M,'Basic Data'!$N$10) -> 0 | E18: =COUNTIFS(WTG_BD!$F:$F,">="&Analytices!$B$2,WTG_BD!$F:$F,"<="&Analytices!$B$3,WTG_BD!$G:$G,E4,WTG_BD!$M:$M,'Basic Data'!$N$10) -> 5 | F18: =COUNTIFS(WTG_BD!$F:$F,">="&Analytices!$B$2,WTG_BD!$F:$F,"<="&Analytices!$B$3,WTG_BD!$G:$G,F4,WTG_BD!$M:$M,'Basic Data'!$N$10) -> 1 | G18: =COUNTIFS(WTG_BD!$F:$F,">="&Analytices!$B$2,WTG_BD!$F:$F,"<="&Analytices!$B$3,WTG_BD!$G:$G,G4,WTG_BD!$M:$M,'Basic Data'!$N$10) -> 2 | H18: =COUNTIFS(WTG_BD!$F:$F,">="&Analytices!$B$2,WTG_BD!$F:$F,"<="&Analytices!$B$3,WTG_BD!$G:$G,H4,WTG_BD!$M:$M,'Basic Data'!$N$10) -> 0 | I18: =COUNTIFS(WTG_BD!$F:$F,">="&Analytices!$B$2,WTG_BD!$F:$F,"<="&Analytices!$B$3,WTG_BD!$G:$G,I4,WTG_BD!$M:$M,'Basic Data'!$N$10) -> 0 | ... AN18: =COUNTIFS(WTG_BD!$F:$F,">="&Analytices!$B$2,WTG_BD!$F:$F,"<="&Analytices!$B$3,WTG_BD!$G:$G,AN4,WTG_BD!$M:$M,'Basic Data'!$N$10) -> 1
A19: MTTR WTG | B19: =IFERROR(B17/B18,0) -> 1.7714286 | C19: =IFERROR(C17/C18,0) -> 1.7333333 | D19: =IFERROR(D17/D18,0) -> 0 | E19: =IFERROR(E17/E18,0) -> 2.8933333 | F19: =IFERROR(F17/F18,0) -> 0.58333333 | G19: =IFERROR(G17/G18,0) -> 1.8583333 | H19: =IFERROR(H17/H18,0) -> 0 | I19: =IFERROR(I17/I18,0) -> 0 | ... AN19: =IFERROR(AN17/AN18,0) -> 0.86666667
A20: MTBF WTG | B20: =IFERROR(($C$3-B17)/B18,$C$3) -> 77.085714 | C20: =IFERROR(($C$3-C17)/C18,$C$3) -> 550.26667 | D20: =IFERROR(($C$3-D17)/D18,$C$3) -> 552 | E20: =IFERROR(($C$3-E17)/E18,$C$3) -> 107.50667 | F20: =IFERROR(($C$3-F17)/F18,$C$3) -> 551.41667 | G20: =IFERROR(($C$3-G17)/G18,$C$3) -> 274.14167 | H20: =IFERROR(($C$3-H17)/H18,$C$3) -> 552 | I20: =IFERROR(($C$3-I17)/I18,$C$3) -> 552 | ... AN20: =IFERROR(($C$3-AN17)/AN18,$C$3) -> 551.13333
A21: WS (M/S) | B21: =ROUND(AVERAGEIFS(Input_Raw!AS:AS,Input_Raw!$A:$A,">="&Analytices!$B$2,Input_Raw!$A:$A,"<="&Analytices!$B$3),1) -> 5.3 | C21: =ROUND(AVERAGEIFS(Input_Raw!AT:AT,Input_Raw!$A:$A,">="&Analytices!$B$2,Input_Raw!$A:$A,"<="&Analytices!$B$3),1) -> 5.3 | D21: =ROUND(AVERAGEIFS(Input_Raw!AU:AU,Input_Raw!$A:$A,">="&Analytices!$B$2,Input_Raw!$A:$A,"<="&Analytices!$B$3),1) -> 5.1 | E21: =ROUND(AVERAGEIFS(Input_Raw!AV:AV,Input_Raw!$A:$A,">="&Analytices!$B$2,Input_Raw!$A:$A,"<="&Analytices!$B$3),1) -> 5.2 | F21: =ROUND(AVERAGEIFS(Input_Raw!AW:AW,Input_Raw!$A:$A,">="&Analytices!$B$2,Input_Raw!$A:$A,"<="&Analytices!$B$3),1) -> 5.2 | G21: =ROUND(AVERAGEIFS(Input_Raw!AX:AX,Input_Raw!$A:$A,">="&Analytices!$B$2,Input_Raw!$A:$A,"<="&Analytices!$B$3),1) -> 5.3 | H21: =ROUND(AVERAGEIFS(Input_Raw!AY:AY,Input_Raw!$A:$A,">="&Analytices!$B$2,Input_Raw!$A:$A,"<="&Analytices!$B$3),1) -> 5 | I21: =ROUND(AVERAGEIFS(Input_Raw!AZ:AZ,Input_Raw!$A:$A,">="&Analytices!$B$2,Input_Raw!$A:$A,"<="&Analytices!$B$3),1) -> 5.3 | J21: =ROUND(AVERAGEIFS(Input_Raw!BA:BA,Input_Raw!$A:$A,">="&Analytices!$B$2,Input_Raw!$A:$A,"<="&Analytices!$B$3),1) -> 5 | K21: =ROUND(AVERAGEIFS(Input_Raw!BB:BB,Input_Raw!$A:$A,">="&Analytices!$B$2,Input_Raw!$A:$A,"<="&Analytices!$B$3),1) -> 5.3 | L21: =ROUND(AVERAGEIFS(Input_Raw!BC:BC,Input_Raw!$A:$A,">="&Analytices!$B$2,Input_Raw!$A:$A,"<="&Analytices!$B$3),1) -> 5.4 | M21: =ROUND(AVERAGEIFS(Input_Raw!BD:BD,Input_Raw!$A:$A,">="&Analytices!$B$2,Input_Raw!$A:$A,"<="&Analytices!$B$3),1) -> 5.2 | N21: =ROUND(AVERAGEIFS(Input_Raw!BE:BE,Input_Raw!$A:$A,">="&Analytices!$B$2,Input_Raw!$A:$A,"<="&Analytices!$B$3),1) -> 5.3 | O21: =ROUND(AVERAGEIFS(Input_Raw!BF:BF,Input_Raw!$A:$A,">="&Analytices!$B$2,Input_Raw!$A:$A,"<="&Analytices!$B$3),1) -> 5.4 | P21: =ROUND(AVERAGEIFS(Input_Raw!BG:BG,Input_Raw!$A:$A,">="&Analytices!$B$2,Input_Raw!$A:$A,"<="&Analytices!$B$3),1) -> 5.4 | Q21: =ROUND(AVERAGEIFS(Input_Raw!BH:BH,Input_Raw!$A:$A,">="&Analytices!$B$2,Input_Raw!$A:$A,"<="&Analytices!$B$3),1) -> 5.2 | R21: =ROUND(AVERAGEIFS(Input_Raw!BI:BI,Input_Raw!$A:$A,">="&Analytices!$B$2,Input_Raw!$A:$A,"<="&Analytices!$B$3),1) -> 1.2 | S21: =ROUND(AVERAGEIFS(Input_Raw!BJ:BJ,Input_Raw!$A:$A,">="&Analytices!$B$2,Input_Raw!$A:$A,"<="&Analytices!$B$3),1) -> 5.5 | T21: =ROUND(AVERAGEIFS(Input_Raw!BK:BK,Input_Raw!$A:$A,">="&Analytices!$B$2,Input_Raw!$A:$A,"<="&Analytices!$B$3),1) -> 5.7 | U21: =ROUND(AVERAGEIFS(Input_Raw!BL:BL,Input_Raw!$A:$A,">="&Analytices!$B$2,Input_Raw!$A:$A,"<="&Analytices!$B$3),1) -> 5.5 | V21: =ROUND(AVERAGEIFS(Input_Raw!BM:BM,Input_Raw!$A:$A,">="&Analytices!$B$2,Input_Raw!$A:$A,"<="&Analytices!$B$3),1) -> 5.4 | W21: =ROUND(AVERAGEIFS(Input_Raw!BN:BN,Input_Raw!$A:$A,">="&Analytices!$B$2,Input_Raw!$A:$A,"<="&Analytices!$B$3),1) -> 5.3 | X21: =ROUND(AVERAGEIFS(Input_Raw!BO:BO,Input_Raw!$A:$A,">="&Analytices!$B$2,Input_Raw!$A:$A,"<="&Analytices!$B$3),1) -> 4.6 | Y21: =ROUND(AVERAGEIFS(Input_Raw!BP:BP,Input_Raw!$A:$A,">="&Analytices!$B$2,Input_Raw!$A:$A,"<="&Analytices!$B$3),1) -> 5.2 | Z21: =ROUND(AVERAGEIFS(Input_Raw!BQ:BQ,Input_Raw!$A:$A,">="&Analytices!$B$2,Input_Raw!$A:$A,"<="&Analytices!$B$3),1) -> 5.1 | AA21: =ROUND(AVERAGEIFS(Input_Raw!BR:BR,Input_Raw!$A:$A,">="&Analytices!$B$2,Input_Raw!$A:$A,"<="&Analytices!$B$3),1) -> 5.1 | AB21: =ROUND(AVERAGEIFS(Input_Raw!BS:BS,Input_Raw!$A:$A,">="&Analytices!$B$2,Input_Raw!$A:$A,"<="&Analytices!$B$3),1) -> 4.9 | AC21: =ROUND(AVERAGEIFS(Input_Raw!BT:BT,Input_Raw!$A:$A,">="&Analytices!$B$2,Input_Raw!$A:$A,"<="&Analytices!$B$3),1) -> 0 | AD21: =ROUND(AVERAGEIFS(Input_Raw!BU:BU,Input_Raw!$A:$A,">="&Analytices!$B$2,Input_Raw!$A:$A,"<="&Analytices!$B$3),1) -> 5 | AE21: =ROUND(AVERAGEIFS(Input_Raw!BV:BV,Input_Raw!$A:$A,">="&Analytices!$B$2,Input_Raw!$A:$A,"<="&Analytices!$B$3),1) -> 0.3 | AF21: =ROUND(AVERAGEIFS(Input_Raw!BW:BW,Input_Raw!$A:$A,">="&Analytices!$B$2,Input_Raw!$A:$A,"<="&Analytices!$B$3),1) -> 5 | AG21: =ROUND(AVERAGEIFS(Input_Raw!BX:BX,Input_Raw!$A:$A,">="&Analytices!$B$2,Input_Raw!$A:$A,"<="&Analytices!$B$3),1) -> 5.1 | AH21: =ROUND(AVERAGEIFS(Input_Raw!BY:BY,Input_Raw!$A:$A,">="&Analytices!$B$2,Input_Raw!$A:$A,"<="&Analytices!$B$3),1) -> 5.3 | AI21: =ROUND(AVERAGEIFS(Input_Raw!BZ:BZ,Input_Raw!$A:$A,">="&Analytices!$B$2,Input_Raw!$A:$A,"<="&Analytices!$B$3),1) -> 5.3 | AJ21: =ROUND(AVERAGEIFS(Input_Raw!CA:CA,Input_Raw!$A:$A,">="&Analytices!$B$2,Input_Raw!$A:$A,"<="&Analytices!$B$3),1) -> 5.2 | AK21: =ROUND(AVERAGEIFS(Input_Raw!CB:CB,Input_Raw!$A:$A,">="&Analytices!$B$2,Input_Raw!$A:$A,"<="&Analytices!$B$3),1) -> 5.3 | AL21: =ROUND(AVERAGEIFS(Input_Raw!CC:CC,Input_Raw!$A:$A,">="&Analytices!$B$2,Input_Raw!$A:$A,"<="&Analytices!$B$3),1) -> 5 | AM21: =ROUND(AVERAGEIFS(Input_Raw!CD:CD,Input_Raw!$A:$A,">="&Analytices!$B$2,Input_Raw!$A:$A,"<="&Analytices!$B$3),1) -> 4.9 | AN21: =ROUND(AVERAGEIFS(Input_Raw!CE:CE,Input_Raw!$A:$A,">="&Analytices!$B$2,Input_Raw!$A:$A,"<="&Analytices!$B$3),1) -> 5.1
A23: Fault Analysis
A24: 45017
D25: Put hour Here | F25: Default hour for full Data
D26: =F26 -> 20256 | F26: =((TODAY()-1)-(A24))*24 -> 20256
A27: Finacial Year | B27: (Multiple Items)
A29: Row Labels | B29: Sum of Breakdown Time | C29: Count of Error Text | D29: MTTR | E29: MTBF
A30: Active Crowbar Failure | B30: 0.21666667 | C30: 1 | D30: =B30/C30 -> 0.21666667 | E30: =$D$26/C30 -> 20256
A31: Active Crowbar IGBT Errors | B31: 9.3333333 | C31: 2 | D31: =B31/C31 -> 4.6666667 | E31: =$D$26/C31 -> 10128
A32: Analogue Card Failure | B32: 6.0666667 | C32: 2 | D32: =B32/C32 -> 3.0333333 | E32: =$D$26/C32 -> 10128
A33: Automatic Secondaries Not OK Too Long | B33: 33.933333 | C33: 20 | D33: =B33/C33 -> 1.6966667 | E33: =$D$26/C33 -> 1012.8
A34: Automatic Unwinding | B34: 14.616667 | C34: 7 | D34: =B34/C34 -> 2.0880952 | E34: =$D$26/C34 -> 2893.7143
A35: Blade Position Meas. Error | B35: 22.416667 | C35: 6 | D35: =B35/C35 -> 3.7361111 | E35: =$D$26/C35 -> 3376
A36: Bus Error - Interbus Failure | B36: 325.73333 | C36: 93 | D36: =B36/C36 -> 3.502509 | E36: =$D$26/C36 -> 217.80645
A37: Bus Preload Protection Thermal Relay Failure | B37: 31.283333 | C37: 12 | D37: =B37/C37 -> 2.6069444 | E37: =$D$26/C37 -> 1688
A38: CAN Communication Failure | B38: 30.95 | C38: 19 | D38: =B38/C38 -> 1.6289474 | E38: =$D$26/C38 -> 1066.1053
A39: CCW Feedback Failure | B39: 72.816667 | C39: 10 | D39: =B39/C39 -> 7.2816667 | E39: =$D$26/C39 -> 2025.6
A40: Change Pause-Remote Control Reset | B40: 5.1666667 | C40: 1 | D40: =B40/C40 -> 5.1666667 | E40: =$D$26/C40 -> 20256
A41: Controlled Emergency Series Battery Failure | B41: 13.316667 | C41: 5 | D41: =B41/C41 -> 2.6633333 | E41: =$D$26/C41 -> 4051.2
... A106: Yawing Sensor Failure | B106: 9.2166667 | C106: 2 | D106: =B106/C106 -> 4.6083333 | E106: =$D$26/C106 -> 10128
A107: (blank) | B107: 0 | D107: =B107/C107 -> #DIV/0! | E107: =$D$26/C107 -> #DIV/0!
A108: Stator Contactor Failure | B108: 4.9 | C108: 1 | D108: =B108/C108 -> 4.9 | E108: =$D$26/C108 -> 20256
A109: Hydraulic Filter Dirty | B109: 1.5833333 | C109: 1
A110: Slipping Rings Fan Or Heating Resistor Failure | B110: 9.1666667 | C110: 3
A111: Gearbox Oil High Temperature Warning | B111: 46.416667 | C111: 15
A112: Difference Between 2 Blades Too High | B112: 69.316667 | C112: 12
A113: Low Bus Voltage | B113: 12.083333 | C113: 1
A114: Change Emergency-Local Reset | B114: 7.5166667 | C114: 1
A115: Trigger Of Overvoltage Protection | B115: 8.05 | C115: 1
A116: Initialization Failure | B116: 20.916667 | C116: 3
A117: Gearbox Oil Level Low | B117: 97.383333 | C117: 27
A118: SF6 Breaker Fault | B118: 751.81667 | C118: 49
A119: Low Pressure On Brake Circuit | B119: 6.5 | C119: 2
A120: Transmission Line Related work | B120: 141.13333 | C120: 74
... A156: Grand Total | B156: 13265.581 | C156: 2069

Sheet Input_Raw
A1: 1 | B1: =A1+1 -> 2 | C1: =B1+1 -> 3 | D1: =C1+1 -> 4 | E1: =D1+1 -> 5 | F1: =E1+1 -> 6 | G1: =F1+1 -> 7 | H1: =G1+1 -> 8 | I1: =H1+1 -> 9 | ... DB1: =DA1+1 -> 106
F3: Energy Generated by individual Turbine | AS3: Wind Speed (M/s) | CJ3: Meter Readings | CR3: Calculated Energy Numbers
A4: Date | B4: Finacial Year | C4: Calendor Year | D4: Month Year | E4: Days | F4: G01 | G4: G02 | H4: G03 | I4: G04 | J4: G05 | K4: G06 | L4: G07 | M4: G08 | N4: G09 | O4: G10 | P4: G11 | Q4: G12 | R4: G13 | S4: G14 | T4: G15 | U4: G16 | V4: G17 | W4: G18 | X4: G19 | Y4: G20 | Z4: G21 | AA4: G22 | AB4: G23 | AC4: G25 | AD4: G26 | AE4: G27 | AF4: G28 | AG4: G29 | AH4: G30 | AI4: G31 | AJ4: G32 | AK4: G33 | AL4: G34 | AM4: G35 | AN4: G36 | AO4: G37 | AP4: G38 | AQ4: G39 | AR4: G40 | AS4: WS_G01 | AT4: WS_G02 | AU4: WS_G03 | AV4: WS_G04 | AW4: WS_G05 | AX4: WS_G06 | AY4: WS_G07 | AZ4: WS_G08 | BA4: WS_G09 | BB4: WS_G10 | BC4: WS_G11 | BD4: WS_G12 | BE4: WS_G13 | BF4: WS_G14 | BG4: WS_G15 | BH4: WS_G16 | BI4: WS_G17 | BJ4: WS_G18 | BK4: WS_G19 | BL4: WS_G20 | BM4: WS_G21 | BN4: WS_G22 | BO4: WS_G23 | BP4: WS_G25 | BQ4: WS_G26 | BR4: WS_G27 | BS4: WS_G28 | BT4: WS_G29 | BU4: WS_G30 | BV4: WS_G31 | BW4: WS_G32 | BX4: WS_G33 | BY4: WS_G34 | BZ4: WS_G35 | CA4: WS_G36 | CB4: WS_G37 | CC4: WS_G38 | CD4: WS_G39 | CE4: WS_G40 | CF4: WTG Total Gneration (KWh) | CG4: Wind Speed Average cumulative (m/S)2 | CH4: Wind Speed Max (m/S) | CI4: Rain (mm) | CJ4: 33 kV_Wind_F1_Export reading | CK4: 33 kV_Wind_F1_Import reading | CL4: 33 kV_Wind_F2_Export_reading | CM4: 33 kV_Wind_F2_Import_reading | CN4: 33 kV_Wind_F3_Export_Reading | CO4: 33 kV_Wind_F3_Import_Reading | CP4: 33 kV_Wind_F4_Export Reading | CQ4: 33 kV_Wind_F4_Import Reading | CR4: 33 kV_F1_Total_Export (KWh) | CS4: 33 kV_Wind_F1_Import (KWh) | CT4: 33 kV_F2_Total_Export (KWh)2 | CU4: 33 kV_Wind_F2_Import (KWh) | CV4: 33 kV_Wind_F3_Export (KWh) | CW4: 33 kV_Wind_F3_Import (KWh)2 | CX4: 33 kV_Wind_F4_Export (KWh) | CY4: 33 kV_Wind_F4_Import (KWh)2 | CZ4: 33 kV_Wind_Total_Export (KWh) | DA4: 33 kV_Wind_Total_Import (KWh) | DB4: 33 kV Line Loss (%) | DC4: Forecasting Data count received on Forecasting Portal | DD4: Forecasting Penalties (INR) | DE4: Expected Energy As Per Power Curve (MWh) | DF4: Reactive Energy (MVArH) | DG4: Operational Capacity | DH4: Column1
A5: 45745 | B5: =YEAR([1]!Input_Raw[[#This Row],[Date]])+IF(MONTH([1]!Input_Raw[[#This Row],[Date]])>=4,1,0) -> 2025 | C5: =YEAR([1]!Input_Raw[[#This Row],[Date]]) -> 2025 | D5: =A5-DAY(A5)+1 -> 45717 | E5: =DAY(EOMONTH([1]!Input_Raw[[#This Row],[Date]],0)) -> 31 | F5: 3576 | G5: 5244 | H5: 3376 | I5: 3992 | J5: 2114 | K5: 3446 | L5: 4316 | M5: 4376 | N5: 3336 | O5: 2784 | P5: 3724 | Q5: 4284 | R5: 4556 | S5: 5446 | T5: 4725 | U5: 3332 | V5: 3446 | W5: 3780 | X5: 4017 | Y5: 5100 | Z5: 4216 | AA5: 2780 | AB5: 1846 | AC5: 2882 | AD5: 2546 | AE5: 3164 | AF5: 2420 | AG5: 0 | AH5: 2614 | AI5: 0 | AJ5: 2684 | AK5: 2107 | AL5: 2688 | AM5: 2976 | AN5: 2792 | AO5: 2818 | AP5: 2858 | AQ5: 2612 | AR5: 2788 | AS5: 3.93 | AT5: 3.99 | AU5: 3.9 | AV5: 3.78 | AW5: 3.4 | AX5: 4.13 | AY5: 3.8 | AZ5: 4.05 | BA5: 3.76 | BB5: 3.86 | BC5: 4.06 | BD5: 3.98 | BE5: 4.04 | BF5: 4.03 | BG5: 3.88 | BH5: 4.18 | BI5: 3.41 | BJ5: 4.09 | BK5: 4.29 | BL5: 4.06 | BM5: 4.5 | BN5: 3.75 | BO5: 3.14 | BP5: 3.53 | BQ5: 3.02 | BR5: 3.42 | BS5: 3.48 | BT5: 0 | BU5: 3.31 | BV5: 0 | BW5: 3.29 | BX5: 3.51 | BY5: 3.38 | BZ5: 3.42 | CA5: 3.69 | CB5: 3.98 | CC5: 3.43 | CD5: 3.41 | CE5: 3.47 | CF5: =SUM(Input_Raw[[#This Row],[G01]:[G40]]) -> 125761 | CG5: =IFERROR(AVERAGE(Input_Raw[[#This Row],[WS_G01]:[WS_G40]]),"") -> 3.5474359 | CJ5: 237611 | CK5: 2156 | CL5: 278009 | CM5: 2188 | CN5: 253479 | CO5: 1795 | CP5: 289037 | CQ5: 1839 | CR5: =IF(((Input_Raw[[#This Row],[33 kV_Wind_F1_Export reading]]-#REF!)*1200)>0,(Input_Raw[[#This Row],[33 kV_Wind_F1_Export reading]]-#REF!)*1200,0) -> #REF! | CS5: =IF(((Input_Raw[[#This Row],[33 kV_Wind_F1_Import reading]]-#REF!)*1200)>0,(Input_Raw[[#This Row],[33 kV_Wind_F1_Import reading]]-#REF!)*1200,0) -> #REF! | CT5: =IF(((Input_Raw[[#This Row],[33 kV_Wind_F2_Export_reading]]-#REF!)*1200)>0,(Input_Raw[[#This Row],[33 kV_Wind_F2_Export_reading]]-#REF!)*1200,0) -> #REF! | CU5: =IF(((Input_Raw[[#This Row],[33 kV_Wind_F2_Import_reading]]-#REF!)*1200)>0,(Input_Raw[[#This Row],[33 kV_Wind_F2_Import_reading]]-#REF!)*1200,0) -> #REF! | CV5: =IF(((Input_Raw[[#This Row],[33 kV_Wind_F3_Export_Reading]]-#REF!)*1200)>0,(Input_Raw[[#This Row],[33 kV_Wind_F3_Export_Reading]]-#REF!)*1200,0) -> #REF! | CW5: =IF(((Input_Raw[[#This Row],[33 kV_Wind_F3_Import_Reading]]-#REF!)*1200)>0,(Input_Raw[[#This Row],[33 kV_Wind_F3_Import_Reading]]-#REF!)*1200,0) -> #REF! | CX5: =IF(((Input_Raw[[#This Row],[33 kV_Wind_F4_Export Reading]]-#REF!)*1200)>0,(Input_Raw[[#This Row],[33 kV_Wind_F4_Export Reading]]-#REF!)*1200,0) -> #REF! | CY5: =IF(((Input_Raw[[#This Row],[33 kV_Wind_F4_Import Reading]]-#REF!)*1200)>0,(Input_Raw[[#This Row],[33 kV_Wind_F4_Import Reading]]-#REF!)*1200,0) -> #REF! | CZ5: =Input_Raw[[#This Row],[33 kV_F1_Total_Export (KWh)]]+Input_Raw[[#This Row],[33 kV_F2_Total_Export (KWh)2]]+Input_Raw[[#This Row],[33 kV_Wind_F3_Export (KWh)]]+Input_Raw[[#This Row],[33 kV_Wind_F4_Export (KWh)]] -> #REF! | DA5: =Input_Raw[[#This Row],[33 kV_Wind_F1_Import (KWh)]]+Input_Raw[[#This Row],[33 kV_Wind_F2_Import (KWh)]]+Input_Raw[[#This Row],[33 kV_Wind_F3_Import (KWh)2]]+Input_Raw[[#This Row],[33 kV_Wind_F4_Import (KWh)2]] -> #REF! | DB5: =IFERROR(1-Input_Raw[[#This Row],[33 kV_Wind_Total_Export (KWh)]]/Input_Raw[[#This Row],[WTG Total Gneration (KWh)]],0) -> 0 | DC5: 0 | DD5: 0 | DG5: 80
A6: =A5+1 -> 45746 | B6: =YEAR([1]!Input_Raw[[#This Row],[Date]])+IF(MONTH([1]!Input_Raw[[#This Row],[Date]])>=4,1,0) -> 2025 | C6: =YEAR([1]!Input_Raw[[#This Row],[Date]]) -> 2025 | D6: =A6-DAY(A6)+1 -> 45717 | E6: =DAY(EOMONTH([1]!Input_Raw[[#This Row],[Date]],0)) -> 31 | F6: 2552 | G6: 3752 | H6: 2170 | I6: 3336 | J6: 2196 | K6: 2804 | L6: 3645 | M6: 3288 | N6: 3376 | O6: 3000 | P6: 2864 | Q6: 3892 | R6: 3398 | S6: 3550 | T6: 3998 | U6: 3892 | V6: 3980 | W6: 3348 | X6: 3505 | Y6: 3775 | Z6: 3630 | AA6: 2556 | AB6: 1802 | AC6: 2822 | AD6: 2672 | AE6: 2662 | AF6: 1552 | AG6: 0 | AH6: 2712 | AI6: 0 | AJ6: 2760 | AK6: 2289 | AL6: 2512 | AM6: 2838 | AN6: 3150 | AO6: 2882 | AP6: 2772 | AQ6: 2708 | AR6: 2791 | AS6: 3.21 | AT6: 3.42 | AU6: 3.52 | AV6: 3.63 | AW6: 3.23 | AX6: 3.53 | AY6: 3.4 | AZ6: 3.17 | BA6: 3.02 | BB6: 3.2 | BC6: 3.52 | BD6: 3.17 | BE6: 4.36 | BF6: 4.09 | BG6: 4.46 | BH6: 4.36 | BI6: 4.67 | BJ6: 4.28 | BK6: 4.44 | BL6: 4.5 | BM6: 4.11 | BN6: 3.93 | BO6: 4.13 | BP6: 4.08 | BQ6: 3.47 | BR6: 3.92 | BS6: 3.89 | BT6: 0 | BU6: 3.8 | BV6: 0 | BW6: 3.61 | BX6: 3.69 | BY6: 3.51 | BZ6: 3.72 | CA6: 3.87 | CB6: 3.73 | CC6: 3.54 | CD6: 3.45 | CE6: 3.53 | CF6: =SUM(Input_Raw[[#This Row],[G01]:[G40]]) -> 111431 | CG6: =IFERROR(AVERAGE(Input_Raw[[#This Row],[WS_G01]:[WS_G40]]),"") -> 3.5682051 | CJ6: 237629 | CK6: 2157 | CL6: 278030 | CM6: 2189 | CN6: 253501 | CO6: 1796 | CP6: 289059 | CQ6: 1840 | CR6: =IF(((Input_Raw[[#This Row],[33 kV_Wind_F1_Export reading]]-CJ5)*1200)>0,(Input_Raw[[#This Row],[33 kV_Wind_F1_Export reading]]-CJ5)*1200,0) -> 21600 | CS6: =IF(((Input_Raw[[#This Row],[33 kV_Wind_F1_Import reading]]-CK5)*1200)>0,(Input_Raw[[#This Row],[33 kV_Wind_F1_Import reading]]-CK5)*1200,0) -> 1200 | CT6: =IF(((Input_Raw[[#This Row],[33 kV_Wind_F2_Export_reading]]-CL5)*1200)>0,(Input_Raw[[#This Row],[33 kV_Wind_F2_Export_reading]]-CL5)*1200,0) -> 25200 | CU6: =IF(((Input_Raw[[#This Row],[33 kV_Wind_F2_Import_reading]]-CM5)*1200)>0,(Input_Raw[[#This Row],[33 kV_Wind_F2_Import_reading]]-CM5)*1200,0) -> 1200 | CV6: =IF(((Input_Raw[[#This Row],[33 kV_Wind_F3_Export_Reading]]-CN5)*1200)>0,(Input_Raw[[#This Row],[33 kV_Wind_F3_Export_Reading]]-CN5)*1200,0) -> 26400 | CW6: =IF(((Input_Raw[[#This Row],[33 kV_Wind_F3_Import_Reading]]-CO5)*1200)>0,(Input_Raw[[#This Row],[33 kV_Wind_F3_Import_Reading]]-CO5)*1200,0) -> 1200 | CX6: =IF(((Input_Raw[[#This Row],[33 kV_Wind_F4_Export Reading]]-CP5)*1200)>0,(Input_Raw[[#This Row],[33 kV_Wind_F4_Export Reading]]-CP5)*1200,0) -> 26400 | CY6: =IF(((Input_Raw[[#This Row],[33 kV_Wind_F4_Import Reading]]-CQ5)*1200)>0,(Input_Raw[[#This Row],[33 kV_Wind_F4_Import Reading]]-CQ5)*1200,0) -> 1200 | CZ6: =Input_Raw[[#This Row],[33 kV_F1_Total_Export (KWh)]]+Input_Raw[[#This Row],[33 kV_F2_Total_Export (KWh)2]]+Input_Raw[[#This Row],[33 kV_Wind_F3_Export (KWh)]]+Input_Raw[[#This Row],[33 kV_Wind_F4_Export (KWh)]] -> 99600 | DA6: =Input_Raw[[#This Row],[33 kV_Wind_F1_Import (KWh)]]+Input_Raw[[#This Row],[33 kV_Wind_F2_Import (KWh)]]+Input_Raw[[#This Row],[33 kV_Wind_F3_Import (KWh)2]]+Input_Raw[[#This Row],[33 kV_Wind_F4_Import (KWh)2]] -> 4800 | DB6: =IFERROR(1-Input_Raw[[#This Row],[33 kV_Wind_Total_Export (KWh)]]/Input_Raw[[#This Row],[WTG Total Gneration (KWh)]],0) -> 0.10617333 | DC6: 96 | DD6: 2931 | DG6: 80
A7: =A6+1 -> 45747 | B7: =YEAR([1]!Input_Raw[[#This Row],[Date]])+IF(MONTH([1]!Input_Raw[[#This Row],[Date]])>=4,1,0) -> 2025 | C7: =YEAR([1]!Input_Raw[[#This Row],[Date]]) -> 2025 | D7: =A7-DAY(A7)+1 -> 45717 | E7: =DAY(EOMONTH([1]!Input_Raw[[#This Row],[Date]],0)) -> 31 | F7: 9436 | G7: 10444 | H7: 8994 | I7: 7992 | J7: 5532 | K7: 8810 | L7: 6040 | M7: 8864 | N7: 8552 | O7: 7384 | P7: 9876 | Q7: 5883 | R7: 7698 | S7: 7408 | T7: 6173 | U7: 7064 | V7: 8016 | W7: 6908 | X7: 8564 | Y7: 10477 | Z7: 6850 | AA7: 3920 | AB7: 4886 | AC7: 7082 | AD7: 5480 | AE7: 6348 | AF7: 6006 | AG7: 0 | AH7: 4162 | AI7: 0 | AJ7: 5080 | AK7: 6703 | AL7: 7996 | AM7: 4764 | AN7: 4792 | AO7: 5596 | AP7: 6680 | AQ7: 7552 | AR7: 4105 | AS7: 4.76 | AT7: 4.88 | AU7: 4.8 | AV7: 4.65 | AW7: 4.27 | AX7: 5.04 | AY7: 5.09 | AZ7: 4.76 | BA7: 4.82 | BB7: 4.8 | BC7: 4.93 | BD7: 4.74 | BE7: 4.55 | BF7: 4.63 | BG7: 4.57 | BH7: 4.63 | BI7: 4.82 | BJ7: 4.84 | BK7: 4.83 | BL7: 5.1 | BM7: 4.76 | BN7: 4.34 | BO7: 4.24 | BP7: 4.48 | BQ7: 4.55 | BR7: 4.34 | BS7: 4.26 | BT7: 0 | BU7: 3.79 | BV7: 0 | BW7: 4.37 | BX7: 4.3 | BY7: 4.48 | BZ7: 4.78 | CA7: 4.74 | CB7: 4.25 | CC7: 4.44 | CD7: 4.59 | CE7: 5.03 | CF7: =SUM(Input_Raw[[#This Row],[G01]:[G40]]) -> 258117 | CG7: =IFERROR(AVERAGE(Input_Raw[[#This Row],[WS_G01]:[WS_G40]]),"") -> 4.3910256 | CJ7: 237670 | CK7: 2158 | CL7: 278051 | CM7: 2189 | CN7: 253571 | CO7: 1796 | CP7: 289136 | CQ7: 1841 | CR7: =IF(((Input_Raw[[#This Row],[33 kV_Wind_F1_Export reading]]-CJ6)*1200)>0,(Input_Raw[[#This Row],[33 kV_Wind_F1_Export reading]]-CJ6)*1200,0) -> 49200 | CS7: =IF(((Input_Raw[[#This Row],[33 kV_Wind_F1_Import reading]]-CK6)*1200)>0,(Input_Raw[[#This Row],[33 kV_Wind_F1_Import reading]]-CK6)*1200,0) -> 1200 | CT7: =IF(((Input_Raw[[#This Row],[33 kV_Wind_F2_Export_reading]]-CL6)*1200)>0,(Input_Raw[[#This Row],[33 kV_Wind_F2_Export_reading]]-CL6)*1200,0) -> 25200 | CU7: =IF(((Input_Raw[[#This Row],[33 kV_Wind_F2_Import_reading]]-CM6)*1200)>0,(Input_Raw[[#This Row],[33 kV_Wind_F2_Import_reading]]-CM6)*1200,0) -> 0 | CV7: =IF(((Input_Raw[[#This Row],[33 kV_Wind_F3_Export_Reading]]-CN6)*1200)>0,(Input_Raw[[#This Row],[33 kV_Wind_F3_Export_Reading]]-CN6)*1200,0) -> 84000 | CW7: =IF(((Input_Raw[[#This Row],[33 kV_Wind_F3_Import_Reading]]-CO6)*1200)>0,(Input_Raw[[#This Row],[33 kV_Wind_F3_Import_Reading]]-CO6)*1200,0) -> 0 | CX7: =IF(((Input_Raw[[#This Row],[33 kV_Wind_F4_Export Reading]]-CP6)*1200)>0,(Input_Raw[[#This Row],[33 kV_Wind_F4_Export Reading]]-CP6)*1200,0) -> 92400 | CY7: =IF(((Input_Raw[[#This Row],[33 kV_Wind_F4_Import Reading]]-CQ6)*1200)>0,(Input_Raw[[#This Row],[33 kV_Wind_F4_Import Reading]]-CQ6)*1200,0) -> 1200 | CZ7: =Input_Raw[[#This Row],[33 kV_F1_Total_Export (KWh)]]+Input_Raw[[#This Row],[33 kV_F2_Total_Export (KWh)2]]+Input_Raw[[#This Row],[33 kV_Wind_F3_Export (KWh)]]+Input_Raw[[#This Row],[33 kV_Wind_F4_Export (KWh)]] -> 250800 | DA7: =Input_Raw[[#This Row],[33 kV_Wind_F1_Import (KWh)]]+Input_Raw[[#This Row],[33 kV_Wind_F2_Import (KWh)]]+Input_Raw[[#This Row],[33 kV_Wind_F3_Import (KWh)2]]+Input_Raw[[#This Row],[33 kV_Wind_F4_Import (KWh)2]] -> 2400 | DB7: =IFERROR(1-Input_Raw[[#This Row],[33 kV_Wind_Total_Export (KWh)]]/Input_Raw[[#This Row],[WTG Total Gneration (KWh)]],0) -> 0.02834761 | DC7: 96 | DD7: 17068 | DG7: 80
A8: =A7+1 -> 45748 | B8: =YEAR([1]!Input_Raw[[#This Row],[Date]])+IF(MONTH([1]!Input_Raw[[#This Row],[Date]])>=4,1,0) -> 2026 | C8: =YEAR([1]!Input_Raw[[#This Row],[Date]]) -> 2025 | D8: =A8-DAY(A8)+1 -> 45748 | E8: =DAY(EOMONTH([1]!Input_Raw[[#This Row],[Date]],0)) -> 30 | F8: 3664 | G8: 7960 | H8: 5356 | I8: 5976 | J8: 4726 | K8: 7228 | L8: 6951 | M8: 6252 | N8: 5836 | O8: 6356 | P8: 6456 | Q8: 6719 | R8: 5686 | S8: 4942 | T8: 4039 | U8: 5316 | V8: 6766 | W8: 6572 | X8: 6788 | Y8: 7386 | Z8: 5148 | AA8: 4276 | AB8: 5832 | AC8: 7202 | AD8: 5834 | AE8: 6752 | AF8: 6260 | AG8: 0 | AH8: 3918 | AI8: 0 | AJ8: 5518 | AK8: 6091 | AL8: 7280 | AM8: 5474 | AN8: 3390 | AO8: 7150 | AP8: 5240 | AQ8: 6772 | AR8: 3752 | AS8: 4.58 | AT8: 4.46 | AU8: 3.97 | AV8: 4.15 | AW8: 3.78 | AX8: 4.38 | AY8: 4.4 | AZ8: 4.13 | BA8: 4.08 | BB8: 3.95 | BC8: 4.01 | BD8: 4.04 | BE8: 3.98 | BF8: 3.84 | BG8: 3.92 | BH8: 3.95 | BI8: 4.15 | BJ8: 4.01 | BK8: 3.99 | BL8: 4.01 | BM8: 3.76 | BN8: 3.87 | BO8: 3.95 | BP8: 4.26 | BQ8: 4.2 | BR8: 4.22 | BS8: 4.21 | BT8: 0 | BU8: 5.44 | BV8: 0 | BW8: 4.17 | BX8: 4.15 | BY8: 4.32 | BZ8: 4.55 | CA8: 6.32 | CB8: 4.45 | CC8: 4.87 | CD8: 4.31 | CE8: 5.39 | CF8: =SUM(Input_Raw[[#This Row],[G01]:[G40]]) -> 216864 | CG8: =IFERROR(AVERAGE(Input_Raw[[#This Row],[WS_G01]:[WS_G40]]),"") -> 4.0569231 | CJ8: 237715 | CK8: 2159 | CL8: 278085 | CM8: 2190 | CN8: 253615 | CO8: 1797 | CP8: 289182 | CQ8: 1841 | CR8: =IF(((Input_Raw[[#This Row],[33 kV_Wind_F1_Export reading]]-CJ7)*1200)>0,(Input_Raw[[#This Row],[33 kV_Wind_F1_Export reading]]-CJ7)*1200,0) -> 54000 | CS8: =IF(((Input_Raw[[#This Row],[33 kV_Wind_F1_Import reading]]-CK7)*1200)>0,(Input_Raw[[#This Row],[33 kV_Wind_F1_Import reading]]-CK7)*1200,0) -> 1200 | CT8: =IF(((Input_Raw[[#This Row],[33 kV_Wind_F2_Export_reading]]-CL7)*1200)>0,(Input_Raw[[#This Row],[33 kV_Wind_F2_Export_reading]]-CL7)*1200,0) -> 40800 | CU8: =IF(((Input_Raw[[#This Row],[33 kV_Wind_F2_Import_reading]]-CM7)*1200)>0,(Input_Raw[[#This Row],[33 kV_Wind_F2_Import_reading]]-CM7)*1200,0) -> 1200 | CV8: =IF(((Input_Raw[[#This Row],[33 kV_Wind_F3_Export_Reading]]-CN7)*1200)>0,(Input_Raw[[#This Row],[33 kV_Wind_F3_Export_Reading]]-CN7)*1200,0) -> 52800 | CW8: =IF(((Input_Raw[[#This Row],[33 kV_Wind_F3_Import_Reading]]-CO7)*1200)>0,(Input_Raw[[#This Row],[33 kV_Wind_F3_Import_Reading]]-CO7)*1200,0) -> 1200 | CX8: =IF(((Input_Raw[[#This Row],[33 kV_Wind_F4_Export Reading]]-CP7)*1200)>0,(Input_Raw[[#This Row],[33 kV_Wind_F4_Export Reading]]-CP7)*1200,0) -> 55200 | CY8: =IF(((Input_Raw[[#This Row],[33 kV_Wind_F4_Import Reading]]-CQ7)*1200)>0,(Input_Raw[[#This Row],[33 kV_Wind_F4_Import Reading]]-CQ7)*1200,0) -> 0 | CZ8: =Input_Raw[[#This Row],[33 kV_F1_Total_Export (KWh)]]+Input_Raw[[#This Row],[33 kV_F2_Total_Export (KWh)2]]+Input_Raw[[#This Row],[33 kV_Wind_F3_Export (KWh)]]+Input_Raw[[#This Row],[33 kV_Wind_F4_Export (KWh)]] -> 202800 | DA8: =Input_Raw[[#This Row],[33 kV_Wind_F1_Import (KWh)]]+Input_Raw[[#This Row],[33 kV_Wind_F2_Import (KWh)]]+Input_Raw[[#This Row],[33 kV_Wind_F3_Import (KWh)2]]+Input_Raw[[#This Row],[33 kV_Wind_F4_Import (KWh)2]] -> 3600 | DB8: =IFERROR(1-Input_Raw[[#This Row],[33 kV_Wind_Total_Export (KWh)]]/Input_Raw[[#This Row],[WTG Total Gneration (KWh)]],0) -> 0.064851704 | DC8: 96 | DD8: 12280 | DE8: 217.953 | DG8: 78
A9: =A8+1 -> 45749 | B9: =YEAR([1]!Input_Raw[[#This Row],[Date]])+IF(MONTH([1]!Input_Raw[[#This Row],[Date]])>=4,1,0) -> 2026 | C9: =YEAR([1]!Input_Raw[[#This Row],[Date]]) -> 2025 | D9: =A9-DAY(A9)+1 -> 45748 | E9: =DAY(EOMONTH([1]!Input_Raw[[#This Row],[Date]],0)) -> 30 | F9: 12200 | G9: 10784 | H9: 10570 | I9: 5956 | J9: 11540 | K9: 12082 | L9: 12510 | M9: 12108 | N9: 14236 | O9: 10960 | P9: 14128 | Q9: 14485 | R9: 11088 | S9: 12636 | T9: 14796 | U9: 7036 | V9: 15820 | W9: 16424 | X9: 17394 | Y9: 17007 | Z9: 14520 | AA9: 1916 | AB9: 11964 | AC9: 11672 | AD9: 12938 | AE9: 10732 | AF9: 10142 | AG9: 0 | AH9: 10722 | AI9: 0 | AJ9: 2722 | AK9: 10250 | AL9: 11038 | AM9: 10894 | AN9: 13146 | AO9: 11114 | AP9: 11404 | AQ9: 11460 | AR9: 8516 | AS9: 5.59 | AT9: 6.18 | AU9: 5.43 | AV9: 5.42 | AW9: 5.97 | AX9: 6.06 | AY9: 5.51 | AZ9: 5.15 | BA9: 5.98 | BB9: 5.33 | BC9: 6.31 | BD9: 5.92 | BE9: 5.96 | BF9: 5.77 | BG9: 5.83 | BH9: 5.9 | BI9: 6.05 | BJ9: 5.8 | BK9: 5.74 | BL9: 6.66 | BM9: 5.05 | BN9: 6.2 | BO9: 6.1 | BP9: 5.88 | BQ9: 6 | BR9: 5.88 | BS9: 5.94 | BT9: 0 | BU9: 5.74 | BV9: 0 | BW9: 5.52 | BX9: 5.76 | BY9: 6.04 | BZ9: 6.02 | CA9: 5.85 | CB9: 6.03 | CC9: 5.99 | CD9: 5.42 | CE9: 6.19 | CF9: =SUM(Input_Raw[[#This Row],[G01]:[G40]]) -> 428910 | CG9: =IFERROR(AVERAGE(Input_Raw[[#This Row],[WS_G01]:[WS_G40]]),"") -> 5.5428205 | CJ9: 237798 | CK9: 2159 | CL9: 278152 | CM9: 2190 | CN9: 253699 | CO9: 1797 | CP9: 289297 | CQ9: 1841 | CR9: =IF(((Input_Raw[[#This Row],[33 kV_Wind_F1_Export reading]]-CJ8)*1200)>0,(Input_Raw[[#This Row],[33 kV_Wind_F1_Export reading]]-CJ8)*1200,0) -> 99600 | CS9: =IF(((Input_Raw[[#This Row],[33 kV_Wind_F1_Import reading]]-CK8)*1200)>0,(Input_Raw[[#This Row],[33 kV_Wind_F1_Import reading]]-CK8)*1200,0) -> 0 | CT9: =IF(((Input_Raw[[#This Row],[33 kV_Wind_F2_Export_reading]]-CL8)*1200)>0,(Input_Raw[[#This Row],[33 kV_Wind_F2_Export_reading]]-CL8)*1200,0) -> 80400 | CU9: =IF(((Input_Raw[[#This Row],[33 kV_Wind_F2_Import_reading]]-CM8)*1200)>0,(Input_Raw[[#This Row],[33 kV_Wind_F2_Import_reading]]-CM8)*1200,0) -> 0 | CV9: =IF(((Input_Raw[[#This Row],[33 kV_Wind_F3_Export_Reading]]-CN8)*1200)>0,(Input_Raw[[#This Row],[33 kV_Wind_F3_Export_Reading]]-CN8)*1200,0) -> 100800 | CW9: =IF(((Input_Raw[[#This Row],[33 kV_Wind_F3_Import_Reading]]-CO8)*1200)>0,(Input_Raw[[#This Row],[33 kV_Wind_F3_Import_Reading]]-CO8)*1200,0) -> 0 | CX9: =IF(((Input_Raw[[#This Row],[33 kV_Wind_F4_Export Reading]]-CP8)*1200)>0,(Input_Raw[[#This Row],[33 kV_Wind_F4_Export Reading]]-CP8)*1200,0) -> 138000 | CY9: =IF(((Input_Raw[[#This Row],[33 kV_Wind_F4_Import Reading]]-CQ8)*1200)>0,(Input_Raw[[#This Row],[33 kV_Wind_F4_Import Reading]]-CQ8)*1200,0) -> 0 | CZ9: =Input_Raw[[#This Row],[33 kV_F1_Total_Export (KWh)]]+Input_Raw[[#This Row],[33 kV_F2_Total_Export (KWh)2]]+Input_Raw[[#This Row],[33 kV_Wind_F3_Export (KWh)]]+Input_Raw[[#This Row],[33 kV_Wind_F4_Export (KWh)]] -> 418800 | DA9: =Input_Raw[[#This Row],[33 kV_Wind_F1_Import (KWh)]]+Input_Raw[[#This Row],[33 kV_Wind_F2_Import (KWh)]]+Input_Raw[[#This Row],[33 kV_Wind_F3_Import (KWh)2]]+Input_Raw[[#This Row],[33 kV_Wind_F4_Import (KWh)2]] -> 0 | DB9: =IFERROR(1-Input_Raw[[#This Row],[33 kV_Wind_Total_Export (KWh)]]/Input_Raw[[#This Row],[WTG Total Gneration (KWh)]],0) -> 0.023571379 | DC9: 96 | DD9: 47311 | DE9: 422.859 | DG9: 78
A10: =A9+1 -> 45750 | B10: =YEAR([1]!Input_Raw[[#This Row],[Date]])+IF(MONTH([1]!Input_Raw[[#This Row],[Date]])>=4,1,0) -> 2026 | C10: =YEAR([1]!Input_Raw[[#This Row],[Date]]) -> 2025 | D10: =A10-DAY(A10)+1 -> 45748 | E10: =DAY(EOMONTH([1]!Input_Raw[[#This Row],[Date]],0)) -> 30 | F10: 7048 | G10: 9292 | H10: 6462 | I10: 6772 | J10: 7822 | K10: 2735 | L10: 3420 | M10: 6800 | N10: 8864 | O10: 6280 | P10: 7464 | Q10: 8930 | R10: 8852 | S10: 8384 | T10: 8346 | U10: 6660 | V10: 10152 | W10: 6368 | X10: 10280 | Y10: 9239 | Z10: 7800 | AA10: 6952 | AB10: 7522 | AC10: 6640 | AD10: 7248 | AE10: 6588 | AF10: 6354 | AG10: 0 | AH10: 6816 | AI10: 0 | AJ10: 4938 | AK10: 5908 | AL10: 3472 | AM10: 6490 | AN10: 7198 | AO10: 6498 | AP10: 4518 | AQ10: 6232 | AR10: 6148 | AS10: 4.76 | AT10: 4.88 | AU10: 4.8 | AV10: 4.65 | AW10: 4.27 | AX10: 5.04 | AY10: 5.09 | AZ10: 4.76 | BA10: 4.82 | BB10: 4.8 | BC10: 4.93 | BD10: 4.74 | BE10: 4.55 | BF10: 4.63 | BG10: 4.57 | BH10: 4.63 | BI10: 4.82 | BJ10: 4.84 | BK10: 4.83 | BL10: 5.1 | BM10: 4.76 | BN10: 4.34 | BO10: 4.24 | BP10: 4.48 | BQ10: 4.55 | BR10: 4.34 | BS10: 4.26 | BT10: 0 | BU10: 3.79 | BV10: 0 | BW10: 4.37 | BX10: 4.3 | BY10: 4.48 | BZ10: 4.78 | CA10: 4.74 | CB10: 4.25 | CC10: 4.44 | CD10: 4.59 | CE10: 5.03 | CF10: =SUM(Input_Raw[[#This Row],[G01]:[G40]]) -> 257492 | CG10: =IFERROR(AVERAGE(Input_Raw[[#This Row],[WS_G01]:[WS_G40]]),"") -> 4.3910256 | CJ10: 237846 | CK10: 2160 | CL10: 278199 | CM10: 2190 | CN10: 253740 | CO10: 1798 | CP10: 289370 | CQ10: 1842 | CR10: =IF(((Input_Raw[[#This Row],[33 kV_Wind_F1_Export reading]]-CJ9)*1200)>0,(Input_Raw[[#This Row],[33 kV_Wind_F1_Export reading]]-CJ9)*1200,0) -> 57600 | CS10: =IF(((Input_Raw[[#This Row],[33 kV_Wind_F1_Import reading]]-CK9)*1200)>0,(Input_Raw[[#This Row],[33 kV_Wind_F1_Import reading]]-CK9)*1200,0) -> 1200 | CT10: =IF(((Input_Raw[[#This Row],[33 kV_Wind_F2_Export_reading]]-CL9)*1200)>0,(Input_Raw[[#This Row],[33 kV_Wind_F2_Export_reading]]-CL9)*1200,0) -> 56400 | CU10: =IF(((Input_Raw[[#This Row],[33 kV_Wind_F2_Import_reading]]-CM9)*1200)>0,(Input_Raw[[#This Row],[33 kV_Wind_F2_Import_reading]]-CM9)*1200,0) -> 0 | CV10: =IF(((Input_Raw[[#This Row],[33 kV_Wind_F3_Export_Reading]]-CN9)*1200)>0,(Input_Raw[[#This Row],[33 kV_Wind_F3_Export_Reading]]-CN9)*1200,0) -> 49200 | CW10: =IF(((Input_Raw[[#This Row],[33 kV_Wind_F3_Import_Reading]]-CO9)*1200)>0,(Input_Raw[[#This Row],[33 kV_Wind_F3_Import_Reading]]-CO9)*1200,0) -> 1200 | CX10: =IF(((Input_Raw[[#This Row],[33 kV_Wind_F4_Export Reading]]-CP9)*1200)>0,(Input_Raw[[#This Row],[33 kV_Wind_F4_Export Reading]]-CP9)*1200,0) -> 87600 | CY10: =IF(((Input_Raw[[#This Row],[33 kV_Wind_F4_Import Reading]]-CQ9)*1200)>0,(Input_Raw[[#This Row],[33 kV_Wind_F4_Import Reading]]-CQ9)*1200,0) -> 1200 | CZ10: =Input_Raw[[#This Row],[33 kV_F1_Total_Export (KWh)]]+Input_Raw[[#This Row],[33 kV_F2_Total_Export (KWh)2]]+Input_Raw[[#This Row],[33 kV_Wind_F3_Export (KWh)]]+Input_Raw[[#This Row],[33 kV_Wind_F4_Export (KWh)]] -> 250800 | DA10: =Input_Raw[[#This Row],[33 kV_Wind_F1_Import (KWh)]]+Input_Raw[[#This Row],[33 kV_Wind_F2_Import (KWh)]]+Input_Raw[[#This Row],[33 kV_Wind_F3_Import (KWh)2]]+Input_Raw[[#This Row],[33 kV_Wind_F4_Import (KWh)2]] -> 3600 | DB10: =IFERROR(1-Input_Raw[[#This Row],[33 kV_Wind_Total_Export (KWh)]]/Input_Raw[[#This Row],[WTG Total Gneration (KWh)]],0) -> 0.025989157 | DC10: 96 | DD10: 16092 | DE10: 255.178 | DG10: 78
A11: =A10+1 -> 45751 | B11: =YEAR([1]!Input_Raw[[#This Row],[Date]])+IF(MONTH([1]!Input_Raw[[#This Row],[Date]])>=4,1,0) -> 2026 | C11: =YEAR([1]!Input_Raw[[#This Row],[Date]]) -> 2025 | D11: =A11-DAY(A11)+1 -> 45748 | E11: =DAY(EOMONTH([1]!Input_Raw[[#This Row],[Date]],0)) -> 30 | F11: 5220 | G11: 3700 | H11: 4436 | I11: 884 | J11: 4908 | K11: 879 | L11: 3033 | M11: 4092 | N11: 4356 | O11: 5040 | P11: 5292 | Q11: 4980 | R11: 4190 | S11: 5796 | T11: 4270 | U11: 4 | V11: 5176 | W11: 5752 | X11: 5103 | Y11: 6702 | Z11: 5566 | AA11: 5420 | AB11: 4696 | AC11: 5078 | AD11: 4574 | AE11: 4378 | AF11: 4658 | AG11: 0 | AH11: 5344 | AI11: 0 | AJ11: 4332 | AK11: 4113 | AL11: 972 | AM11: 5000 | AN11: 5438 | AO11: 5268 | AP11: 4266 | AQ11: 4168 | AR11: 4477 | AS11: 4.2 | AT11: 4.48 | AU11: 4.15 | AV11: 4.23 | AW11: 4.09 | AX11: 4.41 | AY11: 4.2 | AZ11: 4.38 | BA11: 4.25 | BB11: 4.12 | BC11: 4.51 | BD11: 4.56 | BE11: 4.66 | BF11: 4.58 | BG11: 4.72 | BH11: 4.72 | BI11: 4.38 | BJ11: 4.61 | BK11: 4.79 | BL11: 4.5 | BM11: 4.21 | BN11: 4.3 | BO11: 4 | BP11: 4.35 | BQ11: 3.93 | BR11: 4.2 | BS11: 4.18 | BT11: 0 | BU11: 4.02 | BV11: 0 | BW11: 4 | BX11: 4.03 | BY11: 4.05 | BZ11: 4.25 | CA11: 4.25 | CB11: 3.98 | CC11: 4.05 | CD11: 4.03 | CE11: 3.89 | CF11: =SUM(Input_Raw[[#This Row],[G01]:[G40]]) -> 161561 | CG11: =IFERROR(AVERAGE(Input_Raw[[#This Row],[WS_G01]:[WS_G40]]),"") -> 4.0579487 | CJ11: 237878 | CK11: 2161 | CL11: 278228 | CM11: 2191 | CN11: 253768 | CO11: 1798 | CP11: 289401 | CQ11: 1843 | CR11: =IF(((Input_Raw[[#This Row],[33 kV_Wind_F1_Export reading]]-CJ10)*1200)>0,(Input_Raw[[#This Row],[33 kV_Wind_F1_Export reading]]-CJ10)*1200,0) -> 38400 | CS11: =IF(((Input_Raw[[#This Row],[33 kV_Wind_F1_Import reading]]-CK10)*1200)>0,(Input_Raw[[#This Row],[33 kV_Wind_F1_Import reading]]-CK10)*1200,0) -> 1200 | CT11: =IF(((Input_Raw[[#This Row],[33 kV_Wind_F2_Export_reading]]-CL10)*1200)>0,(Input_Raw[[#This Row],[33 kV_Wind_F2_Export_reading]]-CL10)*1200,0) -> 34800 | CU11: =IF(((Input_Raw[[#This Row],[33 kV_Wind_F2_Import_reading]]-CM10)*1200)>0,(Input_Raw[[#This Row],[33 kV_Wind_F2_Import_reading]]-CM10)*1200,0) -> 1200 | CV11: =IF(((Input_Raw[[#This Row],[33 kV_Wind_F3_Export_Reading]]-CN10)*1200)>0,(Input_Raw[[#This Row],[33 kV_Wind_F3_Export_Reading]]-CN10)*1200,0) -> 33600 | CW11: =IF(((Input_Raw[[#This Row],[33 kV_Wind_F3_Import_Reading]]-CO10)*1200)>0,(Input_Raw[[#This Row],[33 kV_Wind_F3_Import_Reading]]-CO10)*1200,0) -> 0 | CX11: =IF(((Input_Raw[[#This Row],[33 kV_Wind_F4_Export Reading]]-CP10)*1200)>0,(Input_Raw[[#This Row],[33 kV_Wind_F4_Export Reading]]-CP10)*1200,0) -> 37200 | CY11: =IF(((Input_Raw[[#This Row],[33 kV_Wind_F4_Import Reading]]-CQ10)*1200)>0,(Input_Raw[[#This Row],[33 kV_Wind_F4_Import Reading]]-CQ10)*1200,0) -> 1200 | CZ11: =Input_Raw[[#This Row],[33 kV_F1_Total_Export (KWh)]]+Input_Raw[[#This Row],[33 kV_F2_Total_Export (KWh)2]]+Input_Raw[[#This Row],[33 kV_Wind_F3_Export (KWh)]]+Input_Raw[[#This Row],[33 kV_Wind_F4_Export (KWh)]] -> 144000 | DA11: =Input_Raw[[#This Row],[33 kV_Wind_F1_Import (KWh)]]+Input_Raw[[#This Row],[33 kV_Wind_F2_Import (KWh)]]+Input_Raw[[#This Row],[33 kV_Wind_F3_Import (KWh)2]]+Input_Raw[[#This Row],[33 kV_Wind_F4_Import (KWh)2]] -> 3600 | DB11: =IFERROR(1-Input_Raw[[#This Row],[33 kV_Wind_Total_Export (KWh)]]/Input_Raw[[#This Row],[WTG Total Gneration (KWh)]],0) -> 0.10869579 | DC11: 96 | DD11: 38147 | DE11: 165.1 | DG11: 78
A12: =A11+1 -> 45752 | B12: =YEAR([1]!Input_Raw[[#This Row],[Date]])+IF(MONTH([1]!Input_Raw[[#This Row],[Date]])>=4,1,0) -> 2026 | C12: =YEAR([1]!Input_Raw[[#This Row],[Date]]) -> 2025 | D12: =A12-DAY(A12)+1 -> 45748 | E12: =DAY(EOMONTH([1]!Input_Raw[[#This Row],[Date]],0)) -> 30 | F12: 1960 | G12: 2540 | H12: 1912 | I12: 2284 | J12: 1866 | K12: 1710 | L12: 1956 | M12: 2084 | N12: 1724 | O12: 1448 | P12: 1816 | Q12: 1786 | R12: 1928 | S12: 1700 | T12: 1532 | U12: 0 | V12: 2102 | W12: 2172 | X12: 2177 | Y12: 2192 | Z12: 2750 | AA12: 2576 | AB12: 2268 | AC12: 1934 | AD12: 2976 | AE12: 1682 | AF12: 2572 | AG12: 0 | AH12: 2976 | AI12: 0 | AJ12: 2664 | AK12: 2373 | AL12: 2528 | AM12: 3056 | AN12: 2968 | AO12: 3038 | AP12: 2406 | AQ12: 2536 | AR12: 2971 | AS12: 3.160465 | AT12: 3.5607857 | AU12: 3.1150643 | AV12: 3.3498214 | AW12: 3.3268703 | AX12: 3.1994317 | AY12: 3.1126522 | AZ12: 3.3074779 | BA12: 3.3207647 | BB12: 2.8658963 | BC12: 3.1958955 | BD12: 3.2101955 | BE12: 3.4380947 | BF12: 3.1363817 | BG12: 3.1875308 | BH12: 0 | BI12: 3.2244063 | BJ12: 3.1801575 | BK12: 3.1785397 | BL12: 3.089176 | BM12: 3.3396569 | BN12: 3.3299802 | BO12: 3.153667 | BP12: 2.9715847 | BQ12: 3.100733 | BR12: 2.7795313 | BS12: 3.1705337 | BT12: 0 | BU12: 3.0810968 | BV12: 0 | BW12: 3.1179022 | BX12: 2.8481661 | BY12: 2.9089775 | BZ12: 3.153083 | CA12: 3.0023655 | CB12: 3.1489512 | CC12: 3.0592047 | CD12: 3.2 | CE12: 3.0888108 | CF12: =SUM(Input_Raw[[#This Row],[G01]:[G40]]) -> 81163 | CG12: =IFERROR(AVERAGE(Input_Raw[[#This Row],[WS_G01]:[WS_G40]]),"") -> 2.9131757 | CJ12: 237901 | CK12: 2162 | CL12: 278244 | CM12: 2192 | CN12: 253780 | CO12: 1799 | CP12: 289413 | CQ12: 1844 | CR12: =IF(((Input_Raw[[#This Row],[33 kV_Wind_F1_Export reading]]-CJ11)*1200)>0,(Input_Raw[[#This Row],[33 kV_Wind_F1_Export reading]]-CJ11)*1200,0) -> 27600 | CS12: =IF(((Input_Raw[[#This Row],[33 kV_Wind_F1_Import reading]]-CK11)*1200)>0,(Input_Raw[[#This Row],[33 kV_Wind_F1_Import reading]]-CK11)*1200,0) -> 1200 | CT12: =IF(((Input_Raw[[#This Row],[33 kV_Wind_F2_Export_reading]]-CL11)*1200)>0,(Input_Raw[[#This Row],[33 kV_Wind_F2_Export_reading]]-CL11)*1200,0) -> 19200 | CU12: =IF(((Input_Raw[[#This Row],[33 kV_Wind_F2_Import_reading]]-CM11)*1200)>0,(Input_Raw[[#This Row],[33 kV_Wind_F2_Import_reading]]-CM11)*1200,0) -> 1200 | CV12: =IF(((Input_Raw[[#This Row],[33 kV_Wind_F3_Export_Reading]]-CN11)*1200)>0,(Input_Raw[[#This Row],[33 kV_Wind_F3_Export_Reading]]-CN11)*1200,0) -> 14400 | CW12: =IF(((Input_Raw[[#This Row],[33 kV_Wind_F3_Import_Reading]]-CO11)*1200)>0,(Input_Raw[[#This Row],[33 kV_Wind_F3_Import_Reading]]-CO11)*1200,0) -> 1200 | CX12: =IF(((Input_Raw[[#This Row],[33 kV_Wind_F4_Export Reading]]-CP11)*1200)>0,(Input_Raw[[#This Row],[33 kV_Wind_F4_Export Reading]]-CP11)*1200,0) -> 14400 | CY12: =IF(((Input_Raw[[#This Row],[33 kV_Wind_F4_Import Reading]]-CQ11)*1200)>0,(Input_Raw[[#This Row],[33 kV_Wind_F4_Import Reading]]-CQ11)*1200,0) -> 1200 | CZ12: =Input_Raw[[#This Row],[33 kV_F1_Total_Export (KWh)]]+Input_Raw[[#This Row],[33 kV_F2_Total_Export (KWh)2]]+Input_Raw[[#This Row],[33 kV_Wind_F3_Export (KWh)]]+Input_Raw[[#This Row],[33 kV_Wind_F4_Export (KWh)]] -> 75600 | DA12: =Input_Raw[[#This Row],[33 kV_Wind_F1_Import (KWh)]]+Input_Raw[[#This Row],[33 kV_Wind_F2_Import (KWh)]]+Input_Raw[[#This Row],[33 kV_Wind_F3_Import (KWh)2]]+Input_Raw[[#This Row],[33 kV_Wind_F4_Import (KWh)2]] -> 4800 | DB12: =IFERROR(1-Input_Raw[[#This Row],[33 kV_Wind_Total_Export (KWh)]]/Input_Raw[[#This Row],[WTG Total Gneration (KWh)]],0) -> 0.068541084 | DC12: 96 | DD12: 5488 | DE12: 77.212 | DG12: 78
A13: =A12+1 -> 45753 | B13: =YEAR([1]!Input_Raw[[#This Row],[Date]])+IF(MONTH([1]!Input_Raw[[#This Row],[Date]])>=4,1,0) -> 2026 | C13: =YEAR([1]!Input_Raw[[#This Row],[Date]]) -> 2025 | D13: =A13-DAY(A13)+1 -> 45748 | E13: =DAY(EOMONTH([1]!Input_Raw[[#This Row],[Date]],0)) -> 30 | F13: 3220 | G13: 3560 | H13: 2644 | I13: 3256 | J13: 3041 | K13: 3480 | L13: 3428 | M13: 3332 | N13: 2736 | O13: 3352 | P13: 3412 | Q13: 2747 | R13: 3356 | S13: 3212 | T13: 2079 | U13: 0 | V13: 3500 | W13: 3472 | X13: 3023 | Y13: 4229 | Z13: 3275 | AA13: 3188 | AB13: 2686 | AC13: 3736 | AD13: 2808 | AE13: 2780 | AF13: 2824 | AG13: 0 | AH13: 3354 | AI13: 0 | AJ13: 2450 | AK13: 2918 | AL13: 3590 | AM13: 3136 | AN13: 3438 | AO13: 2096 | AP13: 2330 | AQ13: 2992 | AR13: 2769 | AS13: 3.93 | AT13: 3.99 | AU13: 3.9 | AV13: 3.78 | AW13: 3.4 | AX13: 4.13 | AY13: 3.8 | AZ13: 3.5 | BA13: 3.76 | BB13: 3.86 | BC13: 4.06 | BD13: 3.98 | BE13: 4.04 | BF13: 4.03 | BG13: 3.88 | BH13: 0 | BI13: 3.41 | BJ13: 4.09 | BK13: 4.29 | BL13: 4.06 | BM13: 3.02 | BN13: 3.75 | BO13: 3.14 | BP13: 3.53 | BQ13: 3.01 | BR13: 3.42 | BS13: 3.48 | BT13: 0 | BU13: 3.31 | BV13: 0 | BW13: 3.29 | BX13: 3.51 | BY13: 3.38 | BZ13: 3.42 | CA13: 3.69 | CB13: 3.98 | CC13: 3.43 | CD13: 3.41 | CE13: 3.47 | CF13: =SUM(Input_Raw[[#This Row],[G01]:[G40]]) -> 111449 | CG13: =IFERROR(AVERAGE(Input_Raw[[#This Row],[WS_G01]:[WS_G40]]),"") -> 3.3879487 | CJ13: 237924 | CK13: 2163 | CL13: 278263 | CM13: 2193 | CN13: 253803 | CO13: 1800 | CP13: 289435 | CQ13: 1844 | CR13: =IF(((Input_Raw[[#This Row],[33 kV_Wind_F1_Export reading]]-CJ12)*1200)>0,(Input_Raw[[#This Row],[33 kV_Wind_F1_Export reading]]-CJ12)*1200,0) -> 27600 | CS13: =IF(((Input_Raw[[#This Row],[33 kV_Wind_F1_Import reading]]-CK12)*1200)>0,(Input_Raw[[#This Row],[33 kV_Wind_F1_Import reading]]-CK12)*1200,0) -> 1200 | CT13: =IF(((Input_Raw[[#This Row],[33 kV_Wind_F2_Export_reading]]-CL12)*1200)>0,(Input_Raw[[#This Row],[33 kV_Wind_F2_Export_reading]]-CL12)*1200,0) -> 22800 | CU13: =IF(((Input_Raw[[#This Row],[33 kV_Wind_F2_Import_reading]]-CM12)*1200)>0,(Input_Raw[[#This Row],[33 kV_Wind_F2_Import_reading]]-CM12)*1200,0) -> 1200 | CV13: =IF(((Input_Raw[[#This Row],[33 kV_Wind_F3_Export_Reading]]-CN12)*1200)>0,(Input_Raw[[#This Row],[33 kV_Wind_F3_Export_Reading]]-CN12)*1200,0) -> 27600 | CW13: =IF(((Input_Raw[[#This Row],[33 kV_Wind_F3_Import_Reading]]-CO12)*1200)>0,(Input_Raw[[#This Row],[33 kV_Wind_F3_Import_Reading]]-CO12)*1200,0) -> 1200 | CX13: =IF(((Input_Raw[[#This Row],[33 kV_Wind_F4_Export Reading]]-CP12)*1200)>0,(Input_Raw[[#This Row],[33 kV_Wind_F4_Export Reading]]-CP12)*1200,0) -> 26400 | CY13: =IF(((Input_Raw[[#This Row],[33 kV_Wind_F4_Import Reading]]-CQ12)*1200)>0,(Input_Raw[[#This Row],[33 kV_Wind_F4_Import Reading]]-CQ12)*1200,0) -> 0 | CZ13: =Input_Raw[[#This Row],[33 kV_F1_Total_Export (KWh)]]+Input_Raw[[#This Row],[33 kV_F2_Total_Export (KWh)2]]+Input_Raw[[#This Row],[33 kV_Wind_F3_Export (KWh)]]+Input_Raw[[#This Row],[33 kV_Wind_F4_Export (KWh)]] -> 104400 | DA13: =Input_Raw[[#This Row],[33 kV_Wind_F1_Import (KWh)]]+Input_Raw[[#This Row],[33 kV_Wind_F2_Import (KWh)]]+Input_Raw[[#This Row],[33 kV_Wind_F3_Import (KWh)2]]+Input_Raw[[#This Row],[33 kV_Wind_F4_Import (KWh)2]] -> 3600 | DB13: =IFERROR(1-Input_Raw[[#This Row],[33 kV_Wind_Total_Export (KWh)]]/Input_Raw[[#This Row],[WTG Total Gneration (KWh)]],0) -> 0.063248661 | DC13: 96 | DD13: 233 | DE13: 106.019 | DG13: 78
A14: =A13+1 -> 45754 | B14: =YEAR([1]!Input_Raw[[#This Row],[Date]])+IF(MONTH([1]!Input_Raw[[#This Row],[Date]])>=4,1,0) -> 2026 | C14: =YEAR([1]!Input_Raw[[#This Row],[Date]]) -> 2025 | D14: =A14-DAY(A14)+1 -> 45748 | E14: =DAY(EOMONTH([1]!Input_Raw[[#This Row],[Date]],0)) -> 30 | F14: 5128 | G14: 6280 | H14: 5516 | I14: 5776 | J14: 5745 | K14: 5410 | L14: 4061 | M14: 6316 | N14: 4348 | O14: 6676 | P14: 7840 | Q14: 5758 | R14: 6856 | S14: 6352 | T14: 5989 | U14: 0 | V14: 5120 | W14: 7232 | X14: 6608 | Y14: 9324 | Z14: 7629 | AA14: 7949 | AB14: 7329 | AC14: 7206 | AD14: 7220 | AE14: 7025 | AF14: 7807 | AG14: 0 | AH14: 7195 | AI14: 0 | AJ14: 7223 | AK14: 5906 | AL14: 6153 | AM14: 7858 | AN14: 6181 | AO14: 6848 | AP14: 6891 | AQ14: 6523 | AR14: 6822 | AS14: 4.61 | AT14: 4.84 | AU14: 4.6 | AV14: 4.69 | AW14: 3.8 | AX14: 4.82 | AY14: 4.78 | AZ14: 4.8 | BA14: 4.38 | BB14: 4.71 | BC14: 5.09 | BD14: 4.76 | BE14: 4.95 | BF14: 4.85 | BG14: 4.66 | BH14: 0 | BI14: 4.6 | BJ14: 5.05 | BK14: 4.8 | BL14: 5.43 | BM14: 4.22 | BN14: 4.18 | BO14: 4.05 | BP14: 4.57 | BQ14: 3.71 | BR14: 4.35 | BS14: 4.49 | BT14: 0 | BU14: 4.12 | BV14: 0 | BW14: 3.89 | BX14: 4.17 | BY14: 4.26 | BZ14: 4.16 | CA14: 4.38 | CB14: 4.16 | CC14: 3.8 | CD14: 4.04 | CE14: 4.04 | CF14: =SUM(Input_Raw[[#This Row],[G01]:[G40]]) -> 236100 | CG14: =IFERROR(AVERAGE(Input_Raw[[#This Row],[WS_G01]:[WS_G40]]),"") -> 4.1233333 | CJ14: 237977 | CK14: 2163 | CL14: 278309 | CM14: 2193 | CN14: 253844 | CO14: 1801 | CP14: 289480 | CQ14: 1845 | CR14: =IF(((Input_Raw[[#This Row],[33 kV_Wind_F1_Export reading]]-CJ13)*1200)>0,(Input_Raw[[#This Row],[33 kV_Wind_F1_Export reading]]-CJ13)*1200,0) -> 63600 | CS14: =IF(((Input_Raw[[#This Row],[33 kV_Wind_F1_Import reading]]-CK13)*1200)>0,(Input_Raw[[#This Row],[33 kV_Wind_F1_Import reading]]-CK13)*1200,0) -> 0 | CT14: =IF(((Input_Raw[[#This Row],[33 kV_Wind_F2_Export_reading]]-CL13)*1200)>0,(Input_Raw[[#This Row],[33 kV_Wind_F2_Export_reading]]-CL13)*1200,0) -> 55200 | CU14: =IF(((Input_Raw[[#This Row],[33 kV_Wind_F2_Import_reading]]-CM13)*1200)>0,(Input_Raw[[#This Row],[33 kV_Wind_F2_Import_reading]]-CM13)*1200,0) -> 0 | CV14: =IF(((Input_Raw[[#This Row],[33 kV_Wind_F3_Export_Reading]]-CN13)*1200)>0,(Input_Raw[[#This Row],[33 kV_Wind_F3_Export_Reading]]-CN13)*1200,0) -> 49200 | CW14: =IF(((Input_Raw[[#This Row],[33 kV_Wind_F3_Import_Reading]]-CO13)*1200)>0,(Input_Raw[[#This Row],[33 kV_Wind_F3_Import_Reading]]-CO13)*1200,0) -> 1200 | CX14: =IF(((Input_Raw[[#This Row],[33 kV_Wind_F4_Export Reading]]-CP13)*1200)>0,(Input_Raw[[#This Row],[33 kV_Wind_F4_Export Reading]]-CP13)*1200,0) -> 54000 | CY14: =IF(((Input_Raw[[#This Row],[33 kV_Wind_F4_Import Reading]]-CQ13)*1200)>0,(Input_Raw[[#This Row],[33 kV_Wind_F4_Import Reading]]-CQ13)*1200,0) -> 1200 | CZ14: =Input_Raw[[#This Row],[33 kV_F1_Total_Export (KWh)]]+Input_Raw[[#This Row],[33 kV_F2_Total_Export (KWh)2]]+Input_Raw[[#This Row],[33 kV_Wind_F3_Export (KWh)]]+Input_Raw[[#This Row],[33 kV_Wind_F4_Export (KWh)]] -> 222000 | DA14: =Input_Raw[[#This Row],[33 kV_Wind_F1_Import (KWh)]]+Input_Raw[[#This Row],[33 kV_Wind_F2_Import (KWh)]]+Input_Raw[[#This Row],[33 kV_Wind_F3_Import (KWh)2]]+Input_Raw[[#This Row],[33 kV_Wind_F4_Import (KWh)2]] -> 2400 | DB14: =IFERROR(1-Input_Raw[[#This Row],[33 kV_Wind_Total_Export (KWh)]]/Input_Raw[[#This Row],[WTG Total Gneration (KWh)]],0) -> 0.059720457 | DC14: 96 | DD14: 5005 | DE14: 238.176 | DG14: 78
A15: =A14+1 -> 45755 | B15: =YEAR([1]!Input_Raw[[#This Row],[Date]])+IF(MONTH([1]!Input_Raw[[#This Row],[Date]])>=4,1,0) -> 2026 | C15: =YEAR([1]!Input_Raw[[#This Row],[Date]]) -> 2025 | D15: =A15-DAY(A15)+1 -> 45748 | E15: =DAY(EOMONTH([1]!Input_Raw[[#This Row],[Date]],0)) -> 30 | F15: 4316 | G15: 3696 | H15: 3986 | I15: 2420 | J15: 4046 | K15: 5079 | L15: 4140 | M15: 4684 | N15: 1744 | O15: 4112 | P15: 4460 | Q15: 4310 | R15: 4204 | S15: 4472 | T15: 1155 | U15: 0 | V15: 5408 | W15: 5168 | X15: 5578 | Y15: 6118 | Z15: 4592 | AA15: 4328 | AB15: 4704 | AC15: 4450 | AD15: 3958 | AE15: 4076 | AF15: 3910 | AG15: 0 | AH15: 5106 | AI15: 0 | AJ15: 3788 | AK15: 3435 | AL15: 3696 | AM15: 4568 | AN15: 5094 | AO15: 4896 | AP15: 3666 | AQ15: 3596 | AR15: 4325 | AS15: 3.74 | AT15: 3.74 | AU15: 3.75 | AV15: 3.66 | AW15: 3.58 | AX15: 4.01 | AY15: 3.68 | AZ15: 3.94 | BA15: 3.7 | BB15: 3.66 | BC15: 3.85 | BD15: 3.83 | BE15: 3.84 | BF15: 3.92 | BG15: 3.11 | BH15: 0 | BI15: 4.02 | BJ15: 3.98 | BK15: 4.12 | BL15: 4.16 | BM15: 3.79 | BN15: 3.68 | BO15: 3.68 | BP15: 3.85 | BQ15: 3.49 | BR15: 3.7 | BS15: 3.67 | BT15: 0 | BU15: 3.9 | BV15: 0 | BW15: 3.66 | BX15: 3.57 | BY15: 3.7 | BZ15: 3.91 | CA15: 4.05 | CB15: 3.93 | CC15: 3.61 | CD15: 4.13 | CE15: 3.7 | CF15: =SUM(Input_Raw[[#This Row],[G01]:[G40]]) -> 151284 | CG15: =IFERROR(AVERAGE(Input_Raw[[#This Row],[WS_G01]:[WS_G40]]),"") -> 3.4951282 | CJ15: 238011 | CK15: 2164 | CL15: 278337 | CM15: 2194 | CN15: 253876 | CO15: 1802 | CP15: 289511 | CQ15: 1846 | CR15: =IF(((Input_Raw[[#This Row],[33 kV_Wind_F1_Export reading]]-CJ14)*1200)>0,(Input_Raw[[#This Row],[33 kV_Wind_F1_Export reading]]-CJ14)*1200,0) -> 40800 | CS15: =IF(((Input_Raw[[#This Row],[33 kV_Wind_F1_Import reading]]-CK14)*1200)>0,(Input_Raw[[#This Row],[33 kV_Wind_F1_Import reading]]-CK14)*1200,0) -> 1200 | CT15: =IF(((Input_Raw[[#This Row],[33 kV_Wind_F2_Export_reading]]-CL14)*1200)>0,(Input_Raw[[#This Row],[33 kV_Wind_F2_Export_reading]]-CL14)*1200,0) -> 33600 | CU15: =IF(((Input_Raw[[#This Row],[33 kV_Wind_F2_Import_reading]]-CM14)*1200)>0,(Input_Raw[[#This Row],[33 kV_Wind_F2_Import_reading]]-CM14)*1200,0) -> 1200 | CV15: =IF(((Input_Raw[[#This Row],[33 kV_Wind_F3_Export_Reading]]-CN14)*1200)>0,(Input_Raw[[#This Row],[33 kV_Wind_F3_Export_Reading]]-CN14)*1200,0) -> 38400 | CW15: =IF(((Input_Raw[[#This Row],[33 kV_Wind_F3_Import_Reading]]-CO14)*1200)>0,(Input_Raw[[#This Row],[33 kV_Wind_F3_Import_Reading]]-CO14)*1200,0) -> 1200 | CX15: =IF(((Input_Raw[[#This Row],[33 kV_Wind_F4_Export Reading]]-CP14)*1200)>0,(Input_Raw[[#This Row],[33 kV_Wind_F4_Export Reading]]-CP14)*1200,0) -> 37200 | CY15: =IF(((Input_Raw[[#This Row],[33 kV_Wind_F4_Import Reading]]-CQ14)*1200)>0,(Input_Raw[[#This Row],[33 kV_Wind_F4_Import Reading]]-CQ14)*1200,0) -> 1200 | CZ15: =Input_Raw[[#This Row],[33 kV_F1_Total_Export (KWh)]]+Input_Raw[[#This Row],[33 kV_F2_Total_Export (KWh)2]]+Input_Raw[[#This Row],[33 kV_Wind_F3_Export (KWh)]]+Input_Raw[[#This Row],[33 kV_Wind_F4_Export (KWh)]] -> 150000 | DA15: =Input_Raw[[#This Row],[33 kV_Wind_F1_Import (KWh)]]+Input_Raw[[#This Row],[33 kV_Wind_F2_Import (KWh)]]+Input_Raw[[#This Row],[33 kV_Wind_F3_Import (KWh)2]]+Input_Raw[[#This Row],[33 kV_Wind_F4_Import (KWh)2]] -> 4800 | DB15: =IFERROR(1-Input_Raw[[#This Row],[33 kV_Wind_Total_Export (KWh)]]/Input_Raw[[#This Row],[WTG Total Gneration (KWh)]],0) -> 0.0084873483 | DC15: 96 | DD15: 4615 | DE15: 149.33 | DG15: 78
A16: =A15+1 -> 45756 | B16: =YEAR([1]!Input_Raw[[#This Row],[Date]])+IF(MONTH([1]!Input_Raw[[#This Row],[Date]])>=4,1,0) -> 2026 | C16: =YEAR([1]!Input_Raw[[#This Row],[Date]]) -> 2025 | D16: =A16-DAY(A16)+1 -> 45748 | E16: =DAY(EOMONTH([1]!Input_Raw[[#This Row],[Date]],0)) -> 30 | F16: 11140 | G16: 7480 | H16: 9628 | I16: 2232 | J16: 9056 | K16: 7947 | L16: 9460 | M16: 9688 | N16: 6482 | O16: 3688 | P16: 12444 | Q16: 9350 | R16: 8102 | S16: 10392 | T16: 9464 | U16: 1112 | V16: 12968 | W16: 12416 | X16: 11728 | Y16: 12297 | Z16: 8994 | AA16: 8152 | AB16: 10714 | AC16: 10910 | AD16: 8828 | AE16: 9116 | AF16: 8908 | AG16: 0 | AH16: 9794 | AI16: 0 | AJ16: 7086 | AK16: 7543 | AL16: 8482 | AM16: 8556 | AN16: 9864 | AO16: 10140 | AP16: 7702 | AQ16: 7590 | AR16: 8333 | AS16: 4.85 | AT16: 5.37 | AU16: 4.76 | AV16: 4.77 | AW16: 5.09 | AX16: 5.19 | AY16: 4.8 | AZ16: 4.87 | BA16: 5.25 | BB16: 4.98 | BC16: 5.45 | BD16: 5.28 | BE16: 5.32 | BF16: 5.14 | BG16: 5.09 | BH16: 5.27 | BI16: 5.07 | BJ16: 5.36 | BK16: 6.59 | BL16: 5.63 | BM16: 5.4 | BN16: 5.44 | BO16: 4.66 | BP16: 4.98 | BQ16: 4.95 | BR16: 4.71 | BS16: 4.88 | BT16: 0 | BU16: 4.86 | BV16: 0 | BW16: 4.59 | BX16: 4.73 | BY16: 4.88 | BZ16: 4.88 | CA16: 5.07 | CB16: 5.05 | CC16: 4.83 | CD16: 4.74 | CE16: 5.01 | CF16: =SUM(Input_Raw[[#This Row],[G01]:[G40]]) -> 327786 | CG16: =IFERROR(AVERAGE(Input_Raw[[#This Row],[WS_G01]:[WS_G40]]),"") -> 4.8151282 | CJ16: 238080 | CK16: 2165 | CL16: 278399 | CM16: 2195 | CN16: 253934 | CO16: 1802 | CP16: 289579 | CQ16: 1846 | CR16: =IF(((Input_Raw[[#This Row],[33 kV_Wind_F1_Export reading]]-CJ15)*1200)>0,(Input_Raw[[#This Row],[33 kV_Wind_F1_Export reading]]-CJ15)*1200,0) -> 82800 | CS16: =IF(((Input_Raw[[#This Row],[33 kV_Wind_F1_Import reading]]-CK15)*1200)>0,(Input_Raw[[#This Row],[33 kV_Wind_F1_Import reading]]-CK15)*1200,0) -> 1200 | CT16: =IF(((Input_Raw[[#This Row],[33 kV_Wind_F2_Export_reading]]-CL15)*1200)>0,(Input_Raw[[#This Row],[33 kV_Wind_F2_Export_reading]]-CL15)*1200,0) -> 74400 | CU16: =IF(((Input_Raw[[#This Row],[33 kV_Wind_F2_Import_reading]]-CM15)*1200)>0,(Input_Raw[[#This Row],[33 kV_Wind_F2_Import_reading]]-CM15)*1200,0) -> 1200 | CV16: =IF(((Input_Raw[[#This Row],[33 kV_Wind_F3_Export_Reading]]-CN15)*1200)>0,(Input_Raw[[#This Row],[33 kV_Wind_F3_Export_Reading]]-CN15)*1200,0) -> 69600 | CW16: =IF(((Input_Raw[[#This Row],[33 kV_Wind_F3_Import_Reading]]-CO15)*1200)>0,(Input_Raw[[#This Row],[33 kV_Wind_F3_Import_Reading]]-CO15)*1200,0) -> 0 | CX16: =IF(((Input_Raw[[#This Row],[33 kV_Wind_F4_Export Reading]]-CP15)*1200)>0,(Input_Raw[[#This Row],[33 kV_Wind_F4_Export Reading]]-CP15)*1200,0) -> 81600 | CY16: =IF(((Input_Raw[[#This Row],[33 kV_Wind_F4_Import Reading]]-CQ15)*1200)>0,(Input_Raw[[#This Row],[33 kV_Wind_F4_Import Reading]]-CQ15)*1200,0) -> 0 | CZ16: =Input_Raw[[#This Row],[33 kV_F1_Total_Export (KWh)]]+Input_Raw[[#This Row],[33 kV_F2_Total_Export (KWh)2]]+Input_Raw[[#This Row],[33 kV_Wind_F3_Export (KWh)]]+Input_Raw[[#This Row],[33 kV_Wind_F4_Export (KWh)]] -> 308400 | DA16: =Input_Raw[[#This Row],[33 kV_Wind_F1_Import (KWh)]]+Input_Raw[[#This Row],[33 kV_Wind_F2_Import (KWh)]]+Input_Raw[[#This Row],[33 kV_Wind_F3_Import (KWh)2]]+Input_Raw[[#This Row],[33 kV_Wind_F4_Import (KWh)2]] -> 2400 | DB16: =IFERROR(1-Input_Raw[[#This Row],[33 kV_Wind_Total_Export (KWh)]]/Input_Raw[[#This Row],[WTG Total Gneration (KWh)]],0) -> 0.059142245 | DC16: 96 | DD16: 91469 | DE16: 327.512 | DG16: 78
A17: =A16+1 -> 45757 | B17: =YEAR([1]!Input_Raw[[#This Row],[Date]])+IF(MONTH([1]!Input_Raw[[#This Row],[Date]])>=4,1,0) -> 2026 | C17: =YEAR([1]!Input_Raw[[#This Row],[Date]]) -> 2025 | D17: =A17-DAY(A17)+1 -> 45748 | E17: =DAY(EOMONTH([1]!Input_Raw[[#This Row],[Date]],0)) -> 30 | F17: 14750 | G17: 13334 | H17: 13120 | I17: 12895 | J17: 13940 | K17: 14632 | L17: 15060 | M17: 14658 | N17: 14103 | O17: 13510 | P17: 16678 | Q17: 14261 | R17: 11088 | S17: 10532 | T17: 14296 | U17: 8036 | V17: 15320 | W17: 16124 | X17: 16394 | Y17: 16007 | Z17: 16920 | AA17: 16264 | AB17: 14364 | AC17: 14072 | AD17: 15618 | AE17: 13132 | AF17: 12542 | AG17: 0 | AH17: 13122 | AI17: 0 | AJ17: 12891 | AK17: 12930 | AL17: 13718 | AM17: 13574 | AN17: 15826 | AO17: 13794 | AP17: 14084 | AQ17: 14140 | AR17: 14001 | AS17: 5.59 | AT17: 6.18 | AU17: 5.43 | AV17: 5.42 | AW17: 5.97 | AX17: 6.06 | AY17: 5.51 | AZ17: 5.15 | BA17: 5.98 | BB17: 5.33 | BC17: 6.31 | BD17: 5.92 | BE17: 5.96 | BF17: 5.77 | BG17: 5.83 | BH17: 5.9 | BI17: 6.05 | BJ17: 5.8 | BK17: 5.74 | BL17: 6.66 | BM17: 6.01 | BN17: 6.2 | BO17: 6.1 | BP17: 5.88 | BQ17: 6 | BR17: 5.88 | BS17: 5.94 | BT17: 0 | BU17: 5.74 | BV17: 0 | BW17: 5.52 | BX17: 5.76 | BY17: 6.04 | BZ17: 6.02 | CA17: 5.85 | CB17: 6.03 | CC17: 5.99 | CD17: 5.42 | CE17: 6.19 | CF17: =SUM(Input_Raw[[#This Row],[G01]:[G40]]) -> 519730 | CG17: =IFERROR(AVERAGE(Input_Raw[[#This Row],[WS_G01]:[WS_G40]]),"") -> 5.5674359 | CJ17: 238197 | CK17: 2165 | CL17: 278494 | CM17: 2195 | CN17: 254041 | CO17: 1803 | CP17: 289688 | CQ17: 1847 | CR17: =IF(((Input_Raw[[#This Row],[33 kV_Wind_F1_Export reading]]-CJ16)*1200)>0,(Input_Raw[[#This Row],[33 kV_Wind_F1_Export reading]]-CJ16)*1200,0) -> 140400 | CS17: =IF(((Input_Raw[[#This Row],[33 kV_Wind_F1_Import reading]]-CK16)*1200)>0,(Input_Raw[[#This Row],[33 kV_Wind_F1_Import reading]]-CK16)*1200,0) -> 0 | CT17: =IF(((Input_Raw[[#This Row],[33 kV_Wind_F2_Export_reading]]-CL16)*1200)>0,(Input_Raw[[#This Row],[33 kV_Wind_F2_Export_reading]]-CL16)*1200,0) -> 114000 | CU17: =IF(((Input_Raw[[#This Row],[33 kV_Wind_F2_Import_reading]]-CM16)*1200)>0,(Input_Raw[[#This Row],[33 kV_Wind_F2_Import_reading]]-CM16)*1200,0) -> 0 | CV17: =IF(((Input_Raw[[#This Row],[33 kV_Wind_F3_Export_Reading]]-CN16)*1200)>0,(Input_Raw[[#This Row],[33 kV_Wind_F3_Export_Reading]]-CN16)*1200,0) -> 128400 | CW17: =IF(((Input_Raw[[#This Row],[33 kV_Wind_F3_Import_Reading]]-CO16)*1200)>0,(Input_Raw[[#This Row],[33 kV_Wind_F3_Import_Reading]]-CO16)*1200,0) -> 1200 | CX17: =IF(((Input_Raw[[#This Row],[33 kV_Wind_F4_Export Reading]]-CP16)*1200)>0,(Input_Raw[[#This Row],[33 kV_Wind_F4_Export Reading]]-CP16)*1200,0) -> 130800 | CY17: =IF(((Input_Raw[[#This Row],[33 kV_Wind_F4_Import Reading]]-CQ16)*1200)>0,(Input_Raw[[#This Row],[33 kV_Wind_F4_Import Reading]]-CQ16)*1200,0) -> 1200 | CZ17: =Input_Raw[[#This Row],[33 kV_F1_Total_Export (KWh)]]+Input_Raw[[#This Row],[33 kV_F2_Total_Export (KWh)2]]+Input_Raw[[#This Row],[33 kV_Wind_F3_Export (KWh)]]+Input_Raw[[#This Row],[33 kV_Wind_F4_Export (KWh)]] -> 513600 | DA17: =Input_Raw[[#This Row],[33 kV_Wind_F1_Import (KWh)]]+Input_Raw[[#This Row],[33 kV_Wind_F2_Import (KWh)]]+Input_Raw[[#This Row],[33 kV_Wind_F3_Import (KWh)2]]+Input_Raw[[#This Row],[33 kV_Wind_F4_Import (KWh)2]] -> 2400 | DB17: =IFERROR(1-Input_Raw[[#This Row],[33 kV_Wind_Total_Export (KWh)]]/Input_Raw[[#This Row],[WTG Total Gneration (KWh)]],0) -> 0.011794586 | DC17: 96 | DD17: 97193 | DE17: 511 | DG17: 78 | DH17: No scada available server OS failed
A18: =A17+1 -> 45758 | B18: =YEAR([1]!Input_Raw[[#This Row],[Date]])+IF(MONTH([1]!Input_Raw[[#This Row],[Date]])>=4,1,0) -> 2026 | C18: =YEAR([1]!Input_Raw[[#This Row],[Date]]) -> 2025 | D18: =A18-DAY(A18)+1 -> 45748 | E18: =DAY(EOMONTH([1]!Input_Raw[[#This Row],[Date]],0)) -> 30 | F18: 14293 | G18: 14793 | H18: 14285 | I18: 14379 | J18: 13985 | K18: 14594 | L18: 14284 | M18: 14594 | N18: 14159 | O18: 14743 | P18: 14852 | Q18: 14273 | R18: 14184 | S18: 14221 | T18: 14457 | U18: 9475 | V18: 14263 | W18: 14282 | X18: 14291 | Y18: 14296 | Z18: 14704 | AA18: 14790 | AB18: 14721 | AC18: 14894 | AD18: 12720 | AE18: 14974 | AF18: 14802 | AG18: 0 | AH18: 14964 | AI18: 0 | AJ18: 12790 | AK18: 12748 | AL18: 12742 | AM18: 12973 | AN18: 12785 | AO18: 12790 | AP18: 12863 | AQ18: 12830 | AR18: 12795 | AS18: 5.83 | AT18: 5.9 | AU18: 6.05 | AV18: 5.8 | AW18: 5.74 | AX18: 6.21 | AY18: 6.01 | AZ18: 6.2 | BA18: 6.1 | BB18: 6.1 | BC18: 5.88 | BD18: 6 | BE18: 5.88 | BF18: 5.94 | BG18: 6.2 | BH18: 5.74 | BI18: 6.23 | BJ18: 5.52 | BK18: 5.76 | BL18: 6.04 | BM18: 6.02 | BN18: 5.85 | BO18: 6.03 | BP18: 5.42 | BQ18: 6.19 | BR18: 5.59 | BS18: 6.01 | BT18: 0 | BU18: 5.42 | BV18: 0 | BW18: 6 | BX18: 5.51 | BY18: 5.15 | BZ18: 5.98 | CA18: 5.33 | CB18: 6.1 | CC18: 5.92 | CD18: 5.92 | CE18: 5.9 | CF18: =SUM(Input_Raw[[#This Row],[G01]:[G40]]) -> 514588 | CG18: =IFERROR(AVERAGE(Input_Raw[[#This Row],[WS_G01]:[WS_G40]]),"") -> 5.5761538 | CJ18: 238303 | CK18: 2165 | CL18: 278592 | CM18: 2195 | CN18: 254150 | CO18: 1803 | CP18: 289801 | CQ18: 1847 | CR18: =IF(((Input_Raw[[#This Row],[33 kV_Wind_F1_Export reading]]-CJ17)*1200)>0,(Input_Raw[[#This Row],[33 kV_Wind_F1_Export reading]]-CJ17)*1200,0) -> 127200 | CS18: =IF(((Input_Raw[[#This Row],[33 kV_Wind_F1_Import reading]]-CK17)*1200)>0,(Input_Raw[[#This Row],[33 kV_Wind_F1_Import reading]]-CK17)*1200,0) -> 0 | CT18: =IF(((Input_Raw[[#This Row],[33 kV_Wind_F2_Export_reading]]-CL17)*1200)>0,(Input_Raw[[#This Row],[33 kV_Wind_F2_Export_reading]]-CL17)*1200,0) -> 117600 | CU18: =IF(((Input_Raw[[#This Row],[33 kV_Wind_F2_Import_reading]]-CM17)*1200)>0,(Input_Raw[[#This Row],[33 kV_Wind_F2_Import_reading]]-CM17)*1200,0) -> 0 | CV18: =IF(((Input_Raw[[#This Row],[33 kV_Wind_F3_Export_Reading]]-CN17)*1200)>0,(Input_Raw[[#This Row],[33 kV_Wind_F3_Export_Reading]]-CN17)*1200,0) -> 130800 | CW18: =IF(((Input_Raw[[#This Row],[33 kV_Wind_F3_Import_Reading]]-CO17)*1200)>0,(Input_Raw[[#This Row],[33 kV_Wind_F3_Import_Reading]]-CO17)*1200,0) -> 0 | CX18: =IF(((Input_Raw[[#This Row],[33 kV_Wind_F4_Export Reading]]-CP17)*1200)>0,(Input_Raw[[#This Row],[33 kV_Wind_F4_Export Reading]]-CP17)*1200,0) -> 135600 | CY18: =IF(((Input_Raw[[#This Row],[33 kV_Wind_F4_Import Reading]]-CQ17)*1200)>0,(Input_Raw[[#This Row],[33 kV_Wind_F4_Import Reading]]-CQ17)*1200,0) -> 0 | CZ18: =Input_Raw[[#This Row],[33 kV_F1_Total_Export (KWh)]]+Input_Raw[[#This Row],[33 kV_F2_Total_Export (KWh)2]]+Input_Raw[[#This Row],[33 kV_Wind_F3_Export (KWh)]]+Input_Raw[[#This Row],[33 kV_Wind_F4_Export (KWh)]] -> 511200 | DA18: =Input_Raw[[#This Row],[33 kV_Wind_F1_Import (KWh)]]+Input_Raw[[#This Row],[33 kV_Wind_F2_Import (KWh)]]+Input_Raw[[#This Row],[33 kV_Wind_F3_Import (KWh)2]]+Input_Raw[[#This Row],[33 kV_Wind_F4_Import (KWh)2]] -> 0 | DB18: =IFERROR(1-Input_Raw[[#This Row],[33 kV_Wind_Total_Export (KWh)]]/Input_Raw[[#This Row],[WTG Total Gneration (KWh)]],0) -> 0.0065839079 | DC18: 96 | DD18: 79804 | DE18: 514 | DG18: 78 | DH18: No scada available server OS failed
A19: =A18+1 -> 45759 | B19: =YEAR([1]!Input_Raw[[#This Row],[Date]])+IF(MONTH([1]!Input_Raw[[#This Row],[Date]])>=4,1,0) -> 2026 | C19: =YEAR([1]!Input_Raw[[#This Row],[Date]]) -> 2025 | D19: =A19-DAY(A19)+1 -> 45748 | E19: =DAY(EOMONTH([1]!Input_Raw[[#This Row],[Date]],0)) -> 30 | F19: 14925 | G19: 15604 | H19: 15395 | I19: 15942 | J19: 10932 | K19: 15953 | L19: 15693 | M19: 15831 | N19: 12593 | O19: 15603 | P19: 15493 | Q19: 12862 | R19: 12749 | S19: 12852 | T19: 12784 | U19: 8839 | V19: 12860 | W19: 10527 | X19: 12949 | Y19: 12973 | Z19: 12692 | AA19: 12639 | AB19: 11302 | AC19: 12842 | AD19: 10937 | AE19: 12706 | AF19: 12852 | AG19: 0 | AH19: 12793 | AI19: 0 | AJ19: 11295 | AK19: 10183 | AL19: 10962 | AM19: 10981 | AN19: 10939 | AO19: 10926 | AP19: 10969 | AQ19: 10210 | AR19: 10928 | AS19: 5.63 | AT19: 6.04 | AU19: 5.55 | AV19: 5.6 | AW19: 6.19 | AX19: 6.25 | AY19: 5.75 | AZ19: 5.53 | BA19: 5.55 | BB19: 5.54 | BC19: 5.96 | BD19: 5.74 | BE19: 5.9 | BF19: 5.75 | BG19: 5.91 | BH19: 5.82 | BI19: 5.86 | BJ19: 6.15 | BK19: 6.47 | BL19: 6.22 | BM19: 5.08 | BN19: 6.26 | BO19: 5.87 | BP19: 5.93 | BQ19: 5.43 | BR19: 5.57 | BS19: 5.63 | BT19: 0 | BU19: 5.51 | BV19: 0 | BW19: 5.16 | BX19: 5.45 | BY19: 5.48 | BZ19: 5.59 | CA19: 5.63 | CB19: 5.54 | CC19: 5.55 | CD19: 5.62 | CE19: 5.36 | CF19: =SUM(Input_Raw[[#This Row],[G01]:[G40]]) -> 469515 | CG19: =IFERROR(AVERAGE(Input_Raw[[#This Row],[WS_G01]:[WS_G40]]),"") -> 5.4376923 | CJ19: 238392 | CK19: 2166 | CL19: 278675 | CM19: 2195 | CN19: 254265 | CO19: 1803 | CP19: 289902 | CQ19: 1847 | CR19: =IF(((Input_Raw[[#This Row],[33 kV_Wind_F1_Export reading]]-CJ18)*1200)>0,(Input_Raw[[#This Row],[33 kV_Wind_F1_Export reading]]-CJ18)*1200,0) -> 106800 | CS19: =IF(((Input_Raw[[#This Row],[33 kV_Wind_F1_Import reading]]-CK18)*1200)>0,(Input_Raw[[#This Row],[33 kV_Wind_F1_Import reading]]-CK18)*1200,0) -> 1200 | CT19: =IF(((Input_Raw[[#This Row],[33 kV_Wind_F2_Export_reading]]-CL18)*1200)>0,(Input_Raw[[#This Row],[33 kV_Wind_F2_Export_reading]]-CL18)*1200,0) -> 99600 | CU19: =IF(((Input_Raw[[#This Row],[33 kV_Wind_F2_Import_reading]]-CM18)*1200)>0,(Input_Raw[[#This Row],[33 kV_Wind_F2_Import_reading]]-CM18)*1200,0) -> 0 | CV19: =IF(((Input_Raw[[#This Row],[33 kV_Wind_F3_Export_Reading]]-CN18)*1200)>0,(Input_Raw[[#This Row],[33 kV_Wind_F3_Export_Reading]]-CN18)*1200,0) -> 138000 | CW19: =IF(((Input_Raw[[#This Row],[33 kV_Wind_F3_Import_Reading]]-CO18)*1200)>0,(Input_Raw[[#This Row],[33 kV_Wind_F3_Import_Reading]]-CO18)*1200,0) -> 0 | CX19: =IF(((Input_Raw[[#This Row],[33 kV_Wind_F4_Export Reading]]-CP18)*1200)>0,(Input_Raw[[#This Row],[33 kV_Wind_F4_Export Reading]]-CP18)*1200,0) -> 121200 | CY19: =IF(((Input_Raw[[#This Row],[33 kV_Wind_F4_Import Reading]]-CQ18)*1200)>0,(Input_Raw[[#This Row],[33 kV_Wind_F4_Import Reading]]-CQ18)*1200,0) -> 0 | CZ19: =Input_Raw[[#This Row],[33 kV_F1_Total_Export (KWh)]]+Input_Raw[[#This Row],[33 kV_F2_Total_Export (KWh)2]]+Input_Raw[[#This Row],[33 kV_Wind_F3_Export (KWh)]]+Input_Raw[[#This Row],[33 kV_Wind_F4_Export (KWh)]] -> 465600 | DA19: =Input_Raw[[#This Row],[33 kV_Wind_F1_Import (KWh)]]+Input_Raw[[#This Row],[33 kV_Wind_F2_Import (KWh)]]+Input_Raw[[#This Row],[33 kV_Wind_F3_Import (KWh)2]]+Input_Raw[[#This Row],[33 kV_Wind_F4_Import (KWh)2]] -> 1200 | DB19: =IFERROR(1-Input_Raw[[#This Row],[33 kV_Wind_Total_Export (KWh)]]/Input_Raw[[#This Row],[WTG Total Gneration (KWh)]],0) -> 0.0083383917 | DC19: 96 | DD19: 83785 | DE19: 469.51 | DG19: 78 | DH19: No scada available server OS failed
A20: =A19+1 -> 45760 | B20: =YEAR([1]!Input_Raw[[#This Row],[Date]])+IF(MONTH([1]!Input_Raw[[#This Row],[Date]])>=4,1,0) -> 2026 | C20: =YEAR([1]!Input_Raw[[#This Row],[Date]]) -> 2025 | D20: =A20-DAY(A20)+1 -> 45748 | E20: =DAY(EOMONTH([1]!Input_Raw[[#This Row],[Date]],0)) -> 30 | F20: 9219 | G20: 9742 | H20: 9769 | I20: 9731 | J20: 7948 | K20: 9727 | L20: 9768 | M20: 9759 | N20: 8864 | O20: 9742 | P20: 9749 | Q20: 8846 | R20: 8790 | S20: 8732 | T20: 8759 | U20: 6190 | V20: 8742 | W20: 8756 | X20: 8796 | Y20: 8789 | Z20: 7939 | AA20: 8268 | AB20: 8179 | AC20: 8264 | AD20: 9214 | AE20: 8280 | AF20: 8264 | AG20: 0 | AH20: 8295 | AI20: 0 | AJ20: 9627 | AK20: 9637 | AL20: 9695 | AM20: 9635 | AN20: 9637 | AO20: 9678 | AP20: 9629 | AQ20: 9317 | AR20: 9687 | AS20: 4.85 | AT20: 5.37 | AU20: 4.76 | AV20: 4.77 | AW20: 5.09 | AX20: 5.19 | AY20: 4.8 | AZ20: 4.87 | BA20: 5.25 | BB20: 4.98 | BC20: 5.45 | BD20: 5.28 | BE20: 5.32 | BF20: 5.14 | BG20: 5.09 | BH20: 5.27 | BI20: 5.07 | BJ20: 5.36 | BK20: 6.59 | BL20: 5.63 | BM20: 5.4 | BN20: 5.44 | BO20: 4.66 | BP20: 4.98 | BQ20: 4.95 | BR20: 4.71 | BS20: 4.88 | BT20: 0 | BU20: 4.86 | BV20: 0 | BW20: 4.59 | BX20: 4.73 | BY20: 4.88 | BZ20: 4.88 | CA20: 5.07 | CB20: 5.05 | CC20: 4.83 | CD20: 4.74 | CE20: 5.01 | CF20: =SUM(Input_Raw[[#This Row],[G01]:[G40]]) -> 333663 | CG20: =IFERROR(AVERAGE(Input_Raw[[#This Row],[WS_G01]:[WS_G40]]),"") -> 4.8151282 | CJ20: 238471 | CK20: 2166 | CL20: 278729 | CM20: 2196 | CN20: 254337 | CO20: 1803 | CP20: 289973 | CQ20: 1847 | CR20: =IF(((Input_Raw[[#This Row],[33 kV_Wind_F1_Export reading]]-CJ19)*1200)>0,(Input_Raw[[#This Row],[33 kV_Wind_F1_Export reading]]-CJ19)*1200,0) -> 94800 | CS20: =IF(((Input_Raw[[#This Row],[33 kV_Wind_F1_Import reading]]-CK19)*1200)>0,(Input_Raw[[#This Row],[33 kV_Wind_F1_Import reading]]-CK19)*1200,0) -> 0 | CT20: =IF(((Input_Raw[[#This Row],[33 kV_Wind_F2_Export_reading]]-CL19)*1200)>0,(Input_Raw[[#This Row],[33 kV_Wind_F2_Export_reading]]-CL19)*1200,0) -> 64800 | CU20: =IF(((Input_Raw[[#This Row],[33 kV_Wind_F2_Import_reading]]-CM19)*1200)>0,(Input_Raw[[#This Row],[33 kV_Wind_F2_Import_reading]]-CM19)*1200,0) -> 1200 | CV20: =IF(((Input_Raw[[#This Row],[33 kV_Wind_F3_Export_Reading]]-CN19)*1200)>0,(Input_Raw[[#This Row],[33 kV_Wind_F3_Export_Reading]]-CN19)*1200,0) -> 86400 | CW20: =IF(((Input_Raw[[#This Row],[33 kV_Wind_F3_Import_Reading]]-CO19)*1200)>0,(Input_Raw[[#This Row],[33 kV_Wind_F3_Import_Reading]]-CO19)*1200,0) -> 0 | CX20: =IF(((Input_Raw[[#This Row],[33 kV_Wind_F4_Export Reading]]-CP19)*1200)>0,(Input_Raw[[#This Row],[33 kV_Wind_F4_Export Reading]]-CP19)*1200,0) -> 85200 | CY20: =IF(((Input_Raw[[#This Row],[33 kV_Wind_F4_Import Reading]]-CQ19)*1200)>0,(Input_Raw[[#This Row],[33 kV_Wind_F4_Import Reading]]-CQ19)*1200,0) -> 0 | CZ20: =Input_Raw[[#This Row],[33 kV_F1_Total_Export (KWh)]]+Input_Raw[[#This Row],[33 kV_F2_Total_Export (KWh)2]]+Input_Raw[[#This Row],[33 kV_Wind_F3_Export (KWh)]]+Input_Raw[[#This Row],[33 kV_Wind_F4_Export (KWh)]] -> 331200 | DA20: =Input_Raw[[#This Row],[33 kV_Wind_F1_Import (KWh)]]+Input_Raw[[#This Row],[33 kV_Wind_F2_Import (KWh)]]+Input_Raw[[#This Row],[33 kV_Wind_F3_Import (KWh)2]]+Input_Raw[[#This Row],[33 kV_Wind_F4_Import (KWh)2]] -> 1200 | DB20: =IFERROR(1-Input_Raw[[#This Row],[33 kV_Wind_Total_Export (KWh)]]/Input_Raw[[#This Row],[WTG Total Gneration (KWh)]],0) -> 0.0073816995 | DC20: 96 | DD20: 38289 | DE20: 333.66 | DG20: 78 | DH20: No scada available server OS failed
A21: =A20+1 -> 45761 | B21: =YEAR([1]!Input_Raw[[#This Row],[Date]])+IF(MONTH([1]!Input_Raw[[#This Row],[Date]])>=4,1,0) -> 2026 | C21: =YEAR([1]!Input_Raw[[#This Row],[Date]]) -> 2025 | D21: =A21-DAY(A21)+1 -> 45748 | E21: =DAY(EOMONTH([1]!Input_Raw[[#This Row],[Date]],0)) -> 30 | F21: 17456 | G21: 18268 | H21: 18198 | I21: 18467 | J21: 14740 | K21: 18104 | L21: 18132 | M21: 18105 | N21: 17283 | O21: 16001 | P21: 16100 | Q21: 17426 | R21: 17421 | S21: 17056 | T21: 17528 | U21: 8943 | V21: 17354 | W21: 17965 | X21: 17954 | Y21: 17695 | Z21: 14846 | AA21: 14749 | AB21: 14769 | AC21: 14754 | AD21: 15738 | AE21: 14803 | AF21: 14824 | AG21: 0 | AH21: 14795 | AI21: 0 | AJ21: 15796 | AK21: 15740 | AL21: 15791 | AM21: 15846 | AN21: 15846 | AO21: 15825 | AP21: 15742 | AQ21: 15962 | AR21: 15847 | AS21: 7.28 | AT21: 7.74 | AU21: 7.38 | AV21: 7.5 | AW21: 6.95 | AX21: 6.64 | AY21: 0 | AZ21: 7.59 | BA21: 7.79 | BB21: 7.37 | BC21: 7.73 | BD21: 7.52 | BE21: 7.72 | BF21: 7.67 | BG21: 7.75 | BH21: 7.66 | BI21: 8.38 | BJ21: 7.44 | BK21: 8.44 | BL21: 7.02 | BM21: 6.9 | BN21: 7.2 | BO21: 7.24 | BP21: 7.4 | BQ21: 7.39 | BR21: 7.05 | BS21: 6.74 | BT21: 0 | BU21: 7.37 | BV21: 0 | BW21: 6.79 | BX21: 6.65 | BY21: 6.54 | BZ21: 7.02 | CA21: 7.65 | CB21: 7.66 | CC21: 6.74 | CD21: 6.53 | CE21: 7.19 | CF21: =SUM(Input_Raw[[#This Row],[G01]:[G40]]) -> 601869 | CG21: =IFERROR(AVERAGE(Input_Raw[[#This Row],[WS_G01]:[WS_G40]]),"") -> 6.7597436 | CJ21: 238602 | CK21: 2166 | CL21: 278827 | CM21: 2196 | CN21: 254472 | CO21: 1803 | CP21: 290108 | CQ21: 1848 | CR21: =IF(((Input_Raw[[#This Row],[33 kV_Wind_F1_Export reading]]-CJ20)*1200)>0,(Input_Raw[[#This Row],[33 kV_Wind_F1_Export reading]]-CJ20)*1200,0) -> 157200 | CS21: =IF(((Input_Raw[[#This Row],[33 kV_Wind_F1_Import reading]]-CK20)*1200)>0,(Input_Raw[[#This Row],[33 kV_Wind_F1_Import reading]]-CK20)*1200,0) -> 0 | CT21: =IF(((Input_Raw[[#This Row],[33 kV_Wind_F2_Export_reading]]-CL20)*1200)>0,(Input_Raw[[#This Row],[33 kV_Wind_F2_Export_reading]]-CL20)*1200,0) -> 117600 | CU21: =IF(((Input_Raw[[#This Row],[33 kV_Wind_F2_Import_reading]]-CM20)*1200)>0,(Input_Raw[[#This Row],[33 kV_Wind_F2_Import_reading]]-CM20)*1200,0) -> 0 | CV21: =IF(((Input_Raw[[#This Row],[33 kV_Wind_F3_Export_Reading]]-CN20)*1200)>0,(Input_Raw[[#This Row],[33 kV_Wind_F3_Export_Reading]]-CN20)*1200,0) -> 162000 | CW21: =IF(((Input_Raw[[#This Row],[33 kV_Wind_F3_Import_Reading]]-CO20)*1200)>0,(Input_Raw[[#This Row],[33 kV_Wind_F3_Import_Reading]]-CO20)*1200,0) -> 0 | CX21: =IF(((Input_Raw[[#This Row],[33 kV_Wind_F4_Export Reading]]-CP20)*1200)>0,(Input_Raw[[#This Row],[33 kV_Wind_F4_Export Reading]]-CP20)*1200,0) -> 162000 | CY21: =IF(((Input_Raw[[#This Row],[33 kV_Wind_F4_Import Reading]]-CQ20)*1200)>0,(Input_Raw[[#This Row],[33 kV_Wind_F4_Import Reading]]-CQ20)*1200,0) -> 1200 | CZ21: =Input_Raw[[#This Row],[33 kV_F1_Total_Export (KWh)]]+Input_Raw[[#This Row],[33 kV_F2_Total_Export (KWh)2]]+Input_Raw[[#This Row],[33 kV_Wind_F3_Export (KWh)]]+Input_Raw[[#This Row],[33 kV_Wind_F4_Export (KWh)]] -> 598800 | DA21: =Input_Raw[[#This Row],[33 kV_Wind_F1_Import (KWh)]]+Input_Raw[[#This Row],[33 kV_Wind_F2_Import (KWh)]]+Input_Raw[[#This Row],[33 kV_Wind_F3_Import (KWh)2]]+Input_Raw[[#This Row],[33 kV_Wind_F4_Import (KWh)2]] -> 1200 | DB21: =IFERROR(1-Input_Raw[[#This Row],[33 kV_Wind_Total_Export (KWh)]]/Input_Raw[[#This Row],[WTG Total Gneration (KWh)]],0) -> 0.0050991163 | DC21: 96 | DD21: 33860 | DE21: 601.869 | DG21: 78 | DH21: No scada available server OS failed
A22: =A21+1 -> 45762 | B22: =YEAR([1]!Input_Raw[[#This Row],[Date]])+IF(MONTH([1]!Input_Raw[[#This Row],[Date]])>=4,1,0) -> 2026 | C22: =YEAR([1]!Input_Raw[[#This Row],[Date]]) -> 2025 | D22: =A22-DAY(A22)+1 -> 45748 | E22: =DAY(EOMONTH([1]!Input_Raw[[#This Row],[Date]],0)) -> 30 | F22: 14297 | G22: 14921 | H22: 14963 | I22: 14367 | J22: 15592 | K22: 14874 | L22: 14853 | M22: 14869 | N22: 15102 | O22: 14848 | P22: 14863 | Q22: 15107 | R22: 15111 | S22: 15123 | T22: 15143 | U22: 9457 | V22: 15132 | W22: 15164 | X22: 15179 | Y22: 15189 | Z22: 15853 | AA22: 15895 | AB22: 15867 | AC22: 15874 | AD22: 12759 | AE22: 15842 | AF22: 15896 | AG22: 0 | AH22: 15862 | AI22: 0 | AJ22: 12796 | AK22: 12706 | AL22: 12759 | AM22: 12749 | AN22: 12796 | AO22: 12793 | AP22: 12795 | AQ22: 10236 | AR22: 12705 | AS22: 6.04 | AT22: 6.55 | AU22: 6.01 | AV22: 5.72 | AW22: 6.71 | AX22: 6.27 | AY22: 6 | AZ22: 5.79 | BA22: 6 | BB22: 6.65 | BC22: 6.61 | BD22: 6.36 | BE22: 6.31 | BF22: 6.18 | BG22: 6.29 | BH22: 6.5 | BI22: 6.63 | BJ22: 6.48 | BK22: 6.75 | BL22: 6.78 | BM22: 6.72 | BN22: 6.39 | BO22: 5.76 | BP22: 5.9 | BQ22: 6.3 | BR22: 5.66 | BS22: 5.5 | BT22: 5.76 | BU22: 5.28 | BV22: 0 | BW22: 5.85 | BX22: 5.65 | BY22: 5.63 | BZ22: 5.65 | CA22: 5.94 | CB22: 5.56 | CC22: 5.81 | CD22: 5.84 | CE22: 5.94 | CF22: =SUM(Input_Raw[[#This Row],[G01]:[G40]]) -> 530337 | CG22: =IFERROR(AVERAGE(Input_Raw[[#This Row],[WS_G01]:[WS_G40]]),"") -> 5.9428205 | CJ22: 238704 | CK22: 2167 | CL22: 278932 | CM22: 2197 | CN22: 254583 | CO22: 1804 | CP22: 290229 | CQ22: 1848 | CR22: =IF(((Input_Raw[[#This Row],[33 kV_Wind_F1_Export reading]]-CJ21)*1200)>0,(Input_Raw[[#This Row],[33 kV_Wind_F1_Export reading]]-CJ21)*1200,0) -> 122400 | CS22: =IF(((Input_Raw[[#This Row],[33 kV_Wind_F1_Import reading]]-CK21)*1200)>0,(Input_Raw[[#This Row],[33 kV_Wind_F1_Import reading]]-CK21)*1200,0) -> 1200 | CT22: =IF(((Input_Raw[[#This Row],[33 kV_Wind_F2_Export_reading]]-CL21)*1200)>0,(Input_Raw[[#This Row],[33 kV_Wind_F2_Export_reading]]-CL21)*1200,0) -> 126000 | CU22: =IF(((Input_Raw[[#This Row],[33 kV_Wind_F2_Import_reading]]-CM21)*1200)>0,(Input_Raw[[#This Row],[33 kV_Wind_F2_Import_reading]]-CM21)*1200,0) -> 1200 | CV22: =IF(((Input_Raw[[#This Row],[33 kV_Wind_F3_Export_Reading]]-CN21)*1200)>0,(Input_Raw[[#This Row],[33 kV_Wind_F3_Export_Reading]]-CN21)*1200,0) -> 133200 | CW22: =IF(((Input_Raw[[#This Row],[33 kV_Wind_F3_Import_Reading]]-CO21)*1200)>0,(Input_Raw[[#This Row],[33 kV_Wind_F3_Import_Reading]]-CO21)*1200,0) -> 1200 | CX22: =IF(((Input_Raw[[#This Row],[33 kV_Wind_F4_Export Reading]]-CP21)*1200)>0,(Input_Raw[[#This Row],[33 kV_Wind_F4_Export Reading]]-CP21)*1200,0) -> 145200 | CY22: =IF(((Input_Raw[[#This Row],[33 kV_Wind_F4_Import Reading]]-CQ21)*1200)>0,(Input_Raw[[#This Row],[33 kV_Wind_F4_Import Reading]]-CQ21)*1200,0) -> 0 | CZ22: =Input_Raw[[#This Row],[33 kV_F1_Total_Export (KWh)]]+Input_Raw[[#This Row],[33 kV_F2_Total_Export (KWh)2]]+Input_Raw[[#This Row],[33 kV_Wind_F3_Export (KWh)]]+Input_Raw[[#This Row],[33 kV_Wind_F4_Export (KWh)]] -> 526800 | DA22: =Input_Raw[[#This Row],[33 kV_Wind_F1_Import (KWh)]]+Input_Raw[[#This Row],[33 kV_Wind_F2_Import (KWh)]]+Input_Raw[[#This Row],[33 kV_Wind_F3_Import (KWh)2]]+Input_Raw[[#This Row],[33 kV_Wind_F4_Import (KWh)2]] -> 3600 | DB22: =IFERROR(1-Input_Raw[[#This Row],[33 kV_Wind_Total_Export (KWh)]]/Input_Raw[[#This Row],[WTG Total Gneration (KWh)]],0) -> 0.0066693442 | DC22: 96 | DD22: 145066 | DE22: 530.337 | DG22: 78 | DH22: No scada available server OS failed
A23: =A22+1 -> 45763 | B23: =YEAR([1]!Input_Raw[[#This Row],[Date]])+IF(MONTH([1]!Input_Raw[[#This Row],[Date]])>=4,1,0) -> 2026 | C23: =YEAR([1]!Input_Raw[[#This Row],[Date]]) -> 2025 | D23: =A23-DAY(A23)+1 -> 45748 | E23: =DAY(EOMONTH([1]!Input_Raw[[#This Row],[Date]],0)) -> 30 | F23: 16756 | G23: 16731 | H23: 16721 | I23: 16734 | J23: 12150 | K23: 16742 | L23: 16732 | M23: 16749 | N23: 16196 | O23: 16742 | P23: 16782 | Q23: 16187 | R23: 16186 | S23: 16164 | T23: 16184 | U23: 9321 | V23: 16189 | W23: 16147 | X23: 16197 | Y23: 16169 | Z23: 12169 | AA23: 12189 | AB23: 12190 | AC23: 12185 | AD23: 14915 | AE23: 12169 | AF23: 12185 | AG23: 0 | AH23: 12168 | AI23: 0 | AJ23: 14925 | AK23: 14952 | AL23: 14958 | AM23: 14952 | AN23: 14984 | AO23: 14984 | AP23: 14952 | AQ23: 14963 | AR23: 14962 | AS23: 5.59 | AT23: 6.18 | AU23: 5.43 | AV23: 5.42 | AW23: 5.97 | AX23: 6.06 | AY23: 5.51 | AZ23: 5.15 | BA23: 5.98 | BB23: 5.33 | BC23: 6.31 | BD23: 5.92 | BE23: 5.96 | BF23: 5.77 | BG23: 5.83 | BH23: 5.9 | BI23: 6.05 | BJ23: 5.8 | BK23: 5.74 | BL23: 6.66 | BM23: 6.01 | BN23: 6.2 | BO23: 6.1 | BP23: 5.88 | BQ23: 6 | BR23: 5.88 | BS23: 5.94 | BT23: 0 | BU23: 5.74 | BV23: 0 | BW23: 5.52 | BX23: 5.76 | BY23: 6.04 | BZ23: 6.02 | CA23: 5.85 | CB23: 6.03 | CC23: 5.99 | CD23: 5.42 | CE23: 6.19 | CF23: =SUM(Input_Raw[[#This Row],[G01]:[G40]]) -> 552581 | CG23: =IFERROR(AVERAGE(Input_Raw[[#This Row],[WS_G01]:[WS_G40]]),"") -> 5.5674359 | CJ23: 238828 | CK23: 2167 | CL23: 279013 | CM23: 2197 | CN23: 254708 | CO23: 1804 | CP23: 290358 | CQ23: 1848 | CR23: =IF(((Input_Raw[[#This Row],[33 kV_Wind_F1_Export reading]]-CJ22)*1200)>0,(Input_Raw[[#This Row],[33 kV_Wind_F1_Export reading]]-CJ22)*1200,0) -> 148800 | CS23: =IF(((Input_Raw[[#This Row],[33 kV_Wind_F1_Import reading]]-CK22)*1200)>0,(Input_Raw[[#This Row],[33 kV_Wind_F1_Import reading]]-CK22)*1200,0) -> 0 | CT23: =IF(((Input_Raw[[#This Row],[33 kV_Wind_F2_Export_reading]]-CL22)*1200)>0,(Input_Raw[[#This Row],[33 kV_Wind_F2_Export_reading]]-CL22)*1200,0) -> 97200 | CU23: =IF(((Input_Raw[[#This Row],[33 kV_Wind_F2_Import_reading]]-CM22)*1200)>0,(Input_Raw[[#This Row],[33 kV_Wind_F2_Import_reading]]-CM22)*1200,0) -> 0 | CV23: =IF(((Input_Raw[[#This Row],[33 kV_Wind_F3_Export_Reading]]-CN22)*1200)>0,(Input_Raw[[#This Row],[33 kV_Wind_F3_Export_Reading]]-CN22)*1200,0) -> 150000 | CW23: =IF(((Input_Raw[[#This Row],[33 kV_Wind_F3_Import_Reading]]-CO22)*1200)>0,(Input_Raw[[#This Row],[33 kV_Wind_F3_Import_Reading]]-CO22)*1200,0) -> 0 | CX23: =IF(((Input_Raw[[#This Row],[33 kV_Wind_F4_Export Reading]]-CP22)*1200)>0,(Input_Raw[[#This Row],[33 kV_Wind_F4_Export Reading]]-CP22)*1200,0) -> 154800 | CY23: =IF(((Input_Raw[[#This Row],[33 kV_Wind_F4_Import Reading]]-CQ22)*1200)>0,(Input_Raw[[#This Row],[33 kV_Wind_F4_Import Reading]]-CQ22)*1200,0) -> 0 | CZ23: =Input_Raw[[#This Row],[33 kV_F1_Total_Export (KWh)]]+Input_Raw[[#This Row],[33 kV_F2_Total_Export (KWh)2]]+Input_Raw[[#This Row],[33 kV_Wind_F3_Export (KWh)]]+Input_Raw[[#This Row],[33 kV_Wind_F4_Export (KWh)]] -> 550800 | DA23: =Input_Raw[[#This Row],[33 kV_Wind_F1_Import (KWh)]]+Input_Raw[[#This Row],[33 kV_Wind_F2_Import (KWh)]]+Input_Raw[[#This Row],[33 kV_Wind_F3_Import (KWh)2]]+Input_Raw[[#This Row],[33 kV_Wind_F4_Import (KWh)2]] -> 0 | DB23: =IFERROR(1-Input_Raw[[#This Row],[33 kV_Wind_Total_Export (KWh)]]/Input_Raw[[#This Row],[WTG Total Gneration (KWh)]],0) -> 0.0032230569 | DC23: 96 | DD23: 160779 | DE23: 552.581 | DG23: 78 | DH23: No scada available server OS failed
A24: =A23+1 -> 45764 | B24: =YEAR([1]!Input_Raw[[#This Row],[Date]])+IF(MONTH([1]!Input_Raw[[#This Row],[Date]])>=4,1,0) -> 2026 | C24: =YEAR([1]!Input_Raw[[#This Row],[Date]]) -> 2025 | D24: =A24-DAY(A24)+1 -> 45748 | E24: =DAY(EOMONTH([1]!Input_Raw[[#This Row],[Date]],0)) -> 30 | F24: 15153 | G24: 15183 | H24: 16583 | I24: 16584 | J24: 13650 | K24: 16573 | L24: 15190 | M24: 16587 | N24: 13458 | O24: 16784 | P24: 16596 | Q24: 14923 | R24: 14937 | S24: 14976 | T24: 14979 | U24: 9674 | V24: 14979 | W24: 14943 | X24: 14943 | Y24: 14964 | Z24: 13687 | AA24: 13696 | AB24: 13674 | AC24: 13653 | AD24: 12556 | AE24: 13687 | AF24: 13659 | AG24: 0 | AH24: 13653 | AI24: 0 | AJ24: 12562 | AK24: 12547 | AL24: 12589 | AM24: 12538 | AN24: 12565 | AO24: 12567 | AP24: 12564 | AQ24: 12032 | AR24: 12574 | AS24: 5.83 | AT24: 5.9 | AU24: 6.05 | AV24: 5.8 | AW24: 5.74 | AX24: 6.21 | AY24: 6.01 | AZ24: 6.2 | BA24: 6.1 | BB24: 6.1 | BC24: 5.88 | BD24: 6 | BE24: 5.88 | BF24: 5.94 | BG24: 6.2 | BH24: 5.74 | BI24: 6.23 | BJ24: 5.52 | BK24: 5.76 | BL24: 6.04 | BM24: 6.02 | BN24: 5.85 | BO24: 6.03 | BP24: 5.42 | BQ24: 6.19 | BR24: 5.59 | BS24: 6.01 | BT24: 0 | BU24: 5.42 | BV24: 0 | BW24: 6 | BX24: 5.51 | BY24: 5.15 | BZ24: 5.98 | CA24: 5.33 | CB24: 6.1 | CC24: 5.92 | CD24: 5.92 | CE24: 5.9 | CF24: =SUM(Input_Raw[[#This Row],[G01]:[G40]]) -> 522462 | CG24: =IFERROR(AVERAGE(Input_Raw[[#This Row],[WS_G01]:[WS_G40]]),"") -> 5.5761538 | CJ24: 238932 | CK24: 2167 | CL24: 279104 | CM24: 2197 | CN24: 254829 | CO24: 1804 | CP24: 290477 | CQ24: 1848 | CR24: =IF(((Input_Raw[[#This Row],[33 kV_Wind_F1_Export reading]]-CJ23)*1200)>0,(Input_Raw[[#This Row],[33 kV_Wind_F1_Export reading]]-CJ23)*1200,0) -> 124800 | CS24: =IF(((Input_Raw[[#This Row],[33 kV_Wind_F1_Import reading]]-CK23)*1200)>0,(Input_Raw[[#This Row],[33 kV_Wind_F1_Import reading]]-CK23)*1200,0) -> 0 | CT24: =IF(((Input_Raw[[#This Row],[33 kV_Wind_F2_Export_reading]]-CL23)*1200)>0,(Input_Raw[[#This Row],[33 kV_Wind_F2_Export_reading]]-CL23)*1200,0) -> 109200 | CU24: =IF(((Input_Raw[[#This Row],[33 kV_Wind_F2_Import_reading]]-CM23)*1200)>0,(Input_Raw[[#This Row],[33 kV_Wind_F2_Import_reading]]-CM23)*1200,0) -> 0 | CV24: =IF(((Input_Raw[[#This Row],[33 kV_Wind_F3_Export_Reading]]-CN23)*1200)>0,(Input_Raw[[#This Row],[33 kV_Wind_F3_Export_Reading]]-CN23)*1200,0) -> 145200 | CW24: =IF(((Input_Raw[[#This Row],[33 kV_Wind_F3_Import_Reading]]-CO23)*1200)>0,(Input_Raw[[#This Row],[33 kV_Wind_F3_Import_Reading]]-CO23)*1200,0) -> 0 | CX24: =IF(((Input_Raw[[#This Row],[33 kV_Wind_F4_Export Reading]]-CP23)*1200)>0,(Input_Raw[[#This Row],[33 kV_Wind_F4_Export Reading]]-CP23)*1200,0) -> 142800 | CY24: =IF(((Input_Raw[[#This Row],[33 kV_Wind_F4_Import Reading]]-CQ23)*1200)>0,(Input_Raw[[#This Row],[33 kV_Wind_F4_Import Reading]]-CQ23)*1200,0) -> 0 | CZ24: =Input_Raw[[#This Row],[33 kV_F1_Total_Export (KWh)]]+Input_Raw[[#This Row],[33 kV_F2_Total_Export (KWh)2]]+Input_Raw[[#This Row],[33 kV_Wind_F3_Export (KWh)]]+Input_Raw[[#This Row],[33 kV_Wind_F4_Export (KWh)]] -> 522000 | DA24: =Input_Raw[[#This Row],[33 kV_Wind_F1_Import (KWh)]]+Input_Raw[[#This Row],[33 kV_Wind_F2_Import (KWh)]]+Input_Raw[[#This Row],[33 kV_Wind_F3_Import (KWh)2]]+Input_Raw[[#This Row],[33 kV_Wind_F4_Import (KWh)2]] -> 0 | DB24: =IFERROR(1-Input_Raw[[#This Row],[33 kV_Wind_Total_Export (KWh)]]/Input_Raw[[#This Row],[WTG Total Gneration (KWh)]],0) -> 0.00088427484 | DC24: 96 | DD24: 182469 | DE24: 522.462 | DG24: 78 | DH24: No scada available server OS failed
A25: =A24+1 -> 45765 | B25: =YEAR([1]!Input_Raw[[#This Row],[Date]])+IF(MONTH([1]!Input_Raw[[#This Row],[Date]])>=4,1,0) -> 2026 | C25: =YEAR([1]!Input_Raw[[#This Row],[Date]]) -> 2025 | D25: =A25-DAY(A25)+1 -> 45748 | E25: =DAY(EOMONTH([1]!Input_Raw[[#This Row],[Date]],0)) -> 30 | F25: 9986 | G25: 9964 | H25: 9942 | I25: 9960 | J25: 8859 | K25: 9936 | L25: 9962 | M25: 9967 | N25: 8168 | O25: 9997 | P25: 9989 | Q25: 8164 | R25: 8196 | S25: 8164 | T25: 8153 | U25: 5639 | V25: 8169 | W25: 8176 | X25: 8148 | Y25: 8243 | Z25: 8895 | AA25: 8858 | AB25: 8853 | AC25: 8857 | AD25: 8106 | AE25: 8895 | AF25: 8824 | AG25: 0 | AH25: 8852 | AI25: 0 | AJ25: 8165 | AK25: 8169 | AL25: 8158 | AM25: 7963 | AN25: 7584 | AO25: 8139 | AP25: 8147 | AQ25: 8163 | AR25: 8189 | AS25: 4.85 | AT25: 5.37 | AU25: 4.76 | AV25: 4.77 | AW25: 5.09 | AX25: 5.19 | AY25: 4.8 | AZ25: 4.87 | BA25: 5.25 | BB25: 4.98 | BC25: 5.45 | BD25: 5.28 | BE25: 5.32 | BF25: 5.14 | BG25: 5.09 | BH25: 5.27 | BI25: 5.07 | BJ25: 5.36 | BK25: 6.59 | BL25: 5.63 | BM25: 5.4 | BN25: 5.44 | BO25: 4.66 | BP25: 4.98 | BQ25: 4.95 | BR25: 4.71 | BS25: 4.88 | BT25: 0 | BU25: 4.86 | BV25: 0 | BW25: 4.59 | BX25: 4.73 | BY25: 4.88 | BZ25: 4.88 | CA25: 5.07 | CB25: 5.05 | CC25: 4.83 | CD25: 4.74 | CE25: 5.01 | CF25: =SUM(Input_Raw[[#This Row],[G01]:[G40]]) -> 320599 | CG25: =IFERROR(AVERAGE(Input_Raw[[#This Row],[WS_G01]:[WS_G40]]),"") -> 4.8151282 | CJ25: 238998 | CK25: 2167 | CL25: 279163 | CM25: 2197 | CN25: 254903 | CO25: 1804 | CP25: 290542 | CQ25: 1849 | CR25: =IF(((Input_Raw[[#This Row],[33 kV_Wind_F1_Export reading]]-CJ24)*1200)>0,(Input_Raw[[#This Row],[33 kV_Wind_F1_Export reading]]-CJ24)*1200,0) -> 79200 | CS25: =IF(((Input_Raw[[#This Row],[33 kV_Wind_F1_Import reading]]-CK24)*1200)>0,(Input_Raw[[#This Row],[33 kV_Wind_F1_Import reading]]-CK24)*1200,0) -> 0 | CT25: =IF(((Input_Raw[[#This Row],[33 kV_Wind_F2_Export_reading]]-CL24)*1200)>0,(Input_Raw[[#This Row],[33 kV_Wind_F2_Export_reading]]-CL24)*1200,0) -> 70800 | CU25: =IF(((Input_Raw[[#This Row],[33 kV_Wind_F2_Import_reading]]-CM24)*1200)>0,(Input_Raw[[#This Row],[33 kV_Wind_F2_Import_reading]]-CM24)*1200,0) -> 0 | CV25: =IF(((Input_Raw[[#This Row],[33 kV_Wind_F3_Export_Reading]]-CN24)*1200)>0,(Input_Raw[[#This Row],[33 kV_Wind_F3_Export_Reading]]-CN24)*1200,0) -> 88800 | CW25: =IF(((Input_Raw[[#This Row],[33 kV_Wind_F3_Import_Reading]]-CO24)*1200)>0,(Input_Raw[[#This Row],[33 kV_Wind_F3_Import_Reading]]-CO24)*1200,0) -> 0 | CX25: =IF(((Input_Raw[[#This Row],[33 kV_Wind_F4_Export Reading]]-CP24)*1200)>0,(Input_Raw[[#This Row],[33 kV_Wind_F4_Export Reading]]-CP24)*1200,0) -> 78000 | CY25: =IF(((Input_Raw[[#This Row],[33 kV_Wind_F4_Import Reading]]-CQ24)*1200)>0,(Input_Raw[[#This Row],[33 kV_Wind_F4_Import Reading]]-CQ24)*1200,0) -> 1200 | CZ25: =Input_Raw[[#This Row],[33 kV_F1_Total_Export (KWh)]]+Input_Raw[[#This Row],[33 kV_F2_Total_Export (KWh)2]]+Input_Raw[[#This Row],[33 kV_Wind_F3_Export (KWh)]]+Input_Raw[[#This Row],[33 kV_Wind_F4_Export (KWh)]] -> 316800 | DA25: =Input_Raw[[#This Row],[33 kV_Wind_F1_Import (KWh)]]+Input_Raw[[#This Row],[33 kV_Wind_F2_Import (KWh)]]+Input_Raw[[#This Row],[33 kV_Wind_F3_Import (KWh)2]]+Input_Raw[[#This Row],[33 kV_Wind_F4_Import (KWh)2]] -> 1200 | DB25: =IFERROR(1-Input_Raw[[#This Row],[33 kV_Wind_Total_Export (KWh)]]/Input_Raw[[#This Row],[WTG Total Gneration (KWh)]],0) -> 0.011849694 | DC25: 96 | DD25: 88227 | DE25: 320.59 | DG25: 78 | DH25: No scada available server OS failed
A26: =A25+1 -> 45766 | B26: =YEAR([1]!Input_Raw[[#This Row],[Date]])+IF(MONTH([1]!Input_Raw[[#This Row],[Date]])>=4,1,0) -> 2026 | C26: =YEAR([1]!Input_Raw[[#This Row],[Date]]) -> 2025 | D26: =A26-DAY(A26)+1 -> 45748 | E26: =DAY(EOMONTH([1]!Input_Raw[[#This Row],[Date]],0)) -> 30 | F26: 12321 | G26: 12334 | H26: 12353 | I26: 12327 | J26: 10590 | K26: 12358 | L26: 12364 | M26: 12387 | N26: 11389 | O26: 12389 | P26: 12393 | Q26: 11358 | R26: 10948 | S26: 11378 | T26: 11385 | U26: 8429 | V26: 11364 | W26: 11398 | X26: 11428 | Y26: 11463 | Z26: 10569 | AA26: 10595 | AB26: 8792 | AC26: 10563 | AD26: 10352 | AE26: 10585 | AF26: 10567 | AG26: 0 | AH26: 10589 | AI26: 0 | AJ26: 10274 | AK26: 9590 | AL26: 10290 | AM26: 10363 | AN26: 10368 | AO26: 10374 | AP26: 10387 | AQ26: 10338 | AR26: 10374 | AS26: 4.73 | AT26: 5.25 | AU26: 4.97 | AV26: 4.56 | AW26: 4.53 | AX26: 5.13 | AY26: 4.74 | AZ26: 4.54 | BA26: 5.04 | BB26: 4.65 | BC26: 5.08 | BD26: 5.09 | BE26: 5.15 | BF26: 6.01 | BG26: 4.79 | BH26: 4.63 | BI26: 4.4 | BJ26: 4.69 | BK26: 5.17 | BL26: 5.05 | BM26: 4.8 | BN26: 4.95 | BO26: 4.57 | BP26: 4.87 | BQ26: 4.67 | BR26: 4.45 | BS26: 4.48 | BT26: 0 | BU26: 4.42 | BV26: 0 | BW26: 4.25 | BX26: 4.37 | BY26: 4.48 | BZ26: 4.63 | CA26: 4.57 | CB26: 4.44 | CC26: 4.53 | CD26: 4.53 | CE26: 4.67 | CF26: =SUM(Input_Raw[[#This Row],[G01]:[G40]]) -> 407326 | CG26: =IFERROR(AVERAGE(Input_Raw[[#This Row],[WS_G01]:[WS_G40]]),"") -> 4.5097436 | CJ26: 239083 | CK26: 2168 | CL26: 279232 | CM26: 2197 | CN26: 254995 | CO26: 1805 | CP26: 290634 | CQ26: 1849 | CR26: =IF(((Input_Raw[[#This Row],[33 kV_Wind_F1_Export reading]]-CJ25)*1200)>0,(Input_Raw[[#This Row],[33 kV_Wind_F1_Export reading]]-CJ25)*1200,0) -> 102000 | CS26: =IF(((Input_Raw[[#This Row],[33 kV_Wind_F1_Import reading]]-CK25)*1200)>0,(Input_Raw[[#This Row],[33 kV_Wind_F1_Import reading]]-CK25)*1200,0) -> 1200 | CT26: =IF(((Input_Raw[[#This Row],[33 kV_Wind_F2_Export_reading]]-CL25)*1200)>0,(Input_Raw[[#This Row],[33 kV_Wind_F2_Export_reading]]-CL25)*1200,0) -> 82800 | CU26: =IF(((Input_Raw[[#This Row],[33 kV_Wind_F2_Import_reading]]-CM25)*1200)>0,(Input_Raw[[#This Row],[33 kV_Wind_F2_Import_reading]]-CM25)*1200,0) -> 0 | CV26: =IF(((Input_Raw[[#This Row],[33 kV_Wind_F3_Export_Reading]]-CN25)*1200)>0,(Input_Raw[[#This Row],[33 kV_Wind_F3_Export_Reading]]-CN25)*1200,0) -> 110400 | CW26: =IF(((Input_Raw[[#This Row],[33 kV_Wind_F3_Import_Reading]]-CO25)*1200)>0,(Input_Raw[[#This Row],[33 kV_Wind_F3_Import_Reading]]-CO25)*1200,0) -> 1200 | CX26: =IF(((Input_Raw[[#This Row],[33 kV_Wind_F4_Export Reading]]-CP25)*1200)>0,(Input_Raw[[#This Row],[33 kV_Wind_F4_Export Reading]]-CP25)*1200,0) -> 110400 | CY26: =IF(((Input_Raw[[#This Row],[33 kV_Wind_F4_Import Reading]]-CQ25)*1200)>0,(Input_Raw[[#This Row],[33 kV_Wind_F4_Import Reading]]-CQ25)*1200,0) -> 0 | CZ26: =Input_Raw[[#This Row],[33 kV_F1_Total_Export (KWh)]]+Input_Raw[[#This Row],[33 kV_F2_Total_Export (KWh)2]]+Input_Raw[[#This Row],[33 kV_Wind_F3_Export (KWh)]]+Input_Raw[[#This Row],[33 kV_Wind_F4_Export (KWh)]] -> 405600 | DA26: =Input_Raw[[#This Row],[33 kV_Wind_F1_Import (KWh)]]+Input_Raw[[#This Row],[33 kV_Wind_F2_Import (KWh)]]+Input_Raw[[#This Row],[33 kV_Wind_F3_Import (KWh)2]]+Input_Raw[[#This Row],[33 kV_Wind_F4_Import (KWh)2]] -> 2400 | DB26: =IFERROR(1-Input_Raw[[#This Row],[33 kV_Wind_Total_Export (KWh)]]/Input_Raw[[#This Row],[WTG Total Gneration (KWh)]],0) -> 0.0042373922 | DC26: 96 | DD26: 87932 | DE26: 407.32 | DG26: 78 | DH26: No scada available server OS failed
A27: =A26+1 -> 45767 | B27: =YEAR([1]!Input_Raw[[#This Row],[Date]])+IF(MONTH([1]!Input_Raw[[#This Row],[Date]])>=4,1,0) -> 2026 | C27: =YEAR([1]!Input_Raw[[#This Row],[Date]]) -> 2025 | D27: =A27-DAY(A27)+1 -> 45748 | E27: =DAY(EOMONTH([1]!Input_Raw[[#This Row],[Date]],0)) -> 30 | F27: 20358 | G27: 20376 | H27: 20321 | I27: 19585 | J27: 20876 | K27: 20387 | L27: 20341 | M27: 20365 | N27: 21187 | O27: 20369 | P27: 20385 | Q27: 21179 | R27: 19457 | S27: 21178 | T27: 21190 | U27: 21179 | V27: 21187 | W27: 21185 | X27: 21189 | Y27: 21254 | Z27: 20854 | AA27: 20862 | AB27: 20832 | AC27: 20858 | AD27: 19245 | AE27: 20835 | AF27: 20863 | AG27: 0 | AH27: 20851 | AI27: 0 | AJ27: 19254 | AK27: 19276 | AL27: 19267 | AM27: 19259 | AN27: 19274 | AO27: 19248 | AP27: 19256 | AQ27: 19289 | AR27: 19228 | AS27: 7.13 | AT27: 7.22 | AU27: 7.2 | AV27: 7.2 | AW27: 6.86 | AX27: 6.84 | AY27: 7.63 | AZ27: 7.38 | BA27: 7.33 | BB27: 7.21 | BC27: 7.65 | BD27: 7.19 | BE27: 7.34 | BF27: 7.41 | BG27: 7.49 | BH27: 7.4 | BI27: 7.65 | BJ27: 7.28 | BK27: 8.03 | BL27: 7.54 | BM27: 6.5 | BN27: 7.13 | BO27: 7.11 | BP27: 7.2 | BQ27: 6.69 | BR27: 6.89 | BS27: 6.85 | BT27: 0 | BU27: 7.3 | BV27: 0 | BW27: 6.26 | BX27: 6.56 | BY27: 6.37 | BZ27: 6.77 | CA27: 7.26 | CB27: 7.17 | CC27: 6.41 | CD27: 6.12 | CE27: 6.55 | CF27: =SUM(Input_Raw[[#This Row],[G01]:[G40]]) -> 752099 | CG27: =IFERROR(AVERAGE(Input_Raw[[#This Row],[WS_G01]:[WS_G40]]),"") -> 6.7210256 | CJ27: 239243 | CK27: 2168 | CL27: 279371 | CM27: 2197 | CN27: 255147 | CO27: 1805 | CP27: 290809 | CQ27: 1849 | CR27: =IF(((Input_Raw[[#This Row],[33 kV_Wind_F1_Export reading]]-CJ26)*1200)>0,(Input_Raw[[#This Row],[33 kV_Wind_F1_Export reading]]-CJ26)*1200,0) -> 192000 | CS27: =IF(((Input_Raw[[#This Row],[33 kV_Wind_F1_Import reading]]-CK26)*1200)>0,(Input_Raw[[#This Row],[33 kV_Wind_F1_Import reading]]-CK26)*1200,0) -> 0 | CT27: =IF(((Input_Raw[[#This Row],[33 kV_Wind_F2_Export_reading]]-CL26)*1200)>0,(Input_Raw[[#This Row],[33 kV_Wind_F2_Export_reading]]-CL26)*1200,0) -> 166800 | CU27: =IF(((Input_Raw[[#This Row],[33 kV_Wind_F2_Import_reading]]-CM26)*1200)>0,(Input_Raw[[#This Row],[33 kV_Wind_F2_Import_reading]]-CM26)*1200,0) -> 0 | CV27: =IF(((Input_Raw[[#This Row],[33 kV_Wind_F3_Export_Reading]]-CN26)*1200)>0,(Input_Raw[[#This Row],[33 kV_Wind_F3_Export_Reading]]-CN26)*1200,0) -> 182400 | CW27: =IF(((Input_Raw[[#This Row],[33 kV_Wind_F3_Import_Reading]]-CO26)*1200)>0,(Input_Raw[[#This Row],[33 kV_Wind_F3_Import_Reading]]-CO26)*1200,0) -> 0 | CX27: =IF(((Input_Raw[[#This Row],[33 kV_Wind_F4_Export Reading]]-CP26)*1200)>0,(Input_Raw[[#This Row],[33 kV_Wind_F4_Export Reading]]-CP26)*1200,0) -> 210000 | CY27: =IF(((Input_Raw[[#This Row],[33 kV_Wind_F4_Import Reading]]-CQ26)*1200)>0,(Input_Raw[[#This Row],[33 kV_Wind_F4_Import Reading]]-CQ26)*1200,0) -> 0 | CZ27: =Input_Raw[[#This Row],[33 kV_F1_Total_Export (KWh)]]+Input_Raw[[#This Row],[33 kV_F2_Total_Export (KWh)2]]+Input_Raw[[#This Row],[33 kV_Wind_F3_Export (KWh)]]+Input_Raw[[#This Row],[33 kV_Wind_F4_Export (KWh)]] -> 751200 | DA27: =Input_Raw[[#This Row],[33 kV_Wind_F1_Import (KWh)]]+Input_Raw[[#This Row],[33 kV_Wind_F2_Import (KWh)]]+Input_Raw[[#This Row],[33 kV_Wind_F3_Import (KWh)2]]+Input_Raw[[#This Row],[33 kV_Wind_F4_Import (KWh)2]] -> 0 | DB27: =IFERROR(1-Input_Raw[[#This Row],[33 kV_Wind_Total_Export (KWh)]]/Input_Raw[[#This Row],[WTG Total Gneration (KWh)]],0) -> 0.0011953214 | DC27: 96 | DD27: 191708 | DE27: 752.09 | DG27: 78 | DH27: No scada available server OS failed
A28: =A27+1 -> 45768 | B28: =YEAR([1]!Input_Raw[[#This Row],[Date]])+IF(MONTH([1]!Input_Raw[[#This Row],[Date]])>=4,1,0) -> 2026 | C28: =YEAR([1]!Input_Raw[[#This Row],[Date]]) -> 2025 | D28: =A28-DAY(A28)+1 -> 45748 | E28: =DAY(EOMONTH([1]!Input_Raw[[#This Row],[Date]],0)) -> 30 | F28: 8279 | G28: 8290 | H28: 8289 | I28: 8278 | J28: 8013 | K28: 8268 | L28: 8242 | M28: 8281 | N28: 7742 | O28: 8284 | P28: 8295 | Q28: 7748 | R28: 7732 | S28: 7753 | T28: 7759 | U28: 6349 | V28: 7749 | W28: 7736 | X28: 7782 | Y28: 7793 | Z28: 8051 | AA28: 8057 | AB28: 8003 | AC28: 8042 | AD28: 8284 | AE28: 8073 | AF28: 8034 | AG28: 0 | AH28: 8055 | AI28: 0 | AJ28: 8241 | AK28: 8417 | AL28: 8486 | AM28: 8494 | AN28: 8496 | AO28: 8452 | AP28: 8467 | AQ28: 8463 | AR28: 8257 | AS28: 5.8621319 | AT28: 6.3055556 | AU28: 5.2876625 | AV28: 5.3705 | AW28: 5.0465361 | AX28: 5.8957361 | AY28: 5.8957361 | AZ28: 5.8117014 | BA28: 6.2648403 | BB28: 4.8664375 | BC28: 5.6271667 | BD28: 5.7042083 | BE28: 5.5212292 | BF28: 5.7344028 | BG28: 6.0184653 | BH28: 5.5627708 | BI28: 6.2912431 | BJ28: 5.9451889 | BK28: 6.1093958 | BL28: 6.4610694 | BM28: 5.9728426 | BN28: 4.9143091 | BO28: 5.1144639 | BP28: 5.3359778 | BQ28: 5.0754985 | BR28: 5.3434958 | BS28: 5.0553076 | BT28: 0 | BU28: 5 | BV28: 0 | BW28: 4.9429824 | BX28: 4.9764632 | BY28: 5.2576333 | BZ28: 5.6703257 | CA28: 5.5863234 | CB28: 5.4673336 | CC28: 5.2683985 | CD28: 5.2848022 | CE28: 5.28385 | CF28: =SUM(Input_Raw[[#This Row],[G01]:[G40]]) -> 299034 | CG28: =IFERROR(AVERAGE(Input_Raw[[#This Row],[WS_G01]:[WS_G40]]),"") -> 5.2597945 | CJ28: 239312 | CK28: 2169 | CL28: 279424 | CM28: 2198 | CN28: 255208 | CO28: 1805 | CP28: 290869 | CQ28: 1849 | CR28: =IF(((Input_Raw[[#This Row],[33 kV_Wind_F1_Export reading]]-CJ27)*1200)>0,(Input_Raw[[#This Row],[33 kV_Wind_F1_Export reading]]-CJ27)*1200,0) -> 82800 | CS28: =IF(((Input_Raw[[#This Row],[33 kV_Wind_F1_Import reading]]-CK27)*1200)>0,(Input_Raw[[#This Row],[33 kV_Wind_F1_Import reading]]-CK27)*1200,0) -> 1200 | CT28: =IF(((Input_Raw[[#This Row],[33 kV_Wind_F2_Export_reading]]-CL27)*1200)>0,(Input_Raw[[#This Row],[33 kV_Wind_F2_Export_reading]]-CL27)*1200,0) -> 63600 | CU28: =IF(((Input_Raw[[#This Row],[33 kV_Wind_F2_Import_reading]]-CM27)*1200)>0,(Input_Raw[[#This Row],[33 kV_Wind_F2_Import_reading]]-CM27)*1200,0) -> 1200 | CV28: =IF(((Input_Raw[[#This Row],[33 kV_Wind_F3_Export_Reading]]-CN27)*1200)>0,(Input_Raw[[#This Row],[33 kV_Wind_F3_Export_Reading]]-CN27)*1200,0) -> 73200 | CW28: =IF(((Input_Raw[[#This Row],[33 kV_Wind_F3_Import_Reading]]-CO27)*1200)>0,(Input_Raw[[#This Row],[33 kV_Wind_F3_Import_Reading]]-CO27)*1200,0) -> 0 | CX28: =IF(((Input_Raw[[#This Row],[33 kV_Wind_F4_Export Reading]]-CP27)*1200)>0,(Input_Raw[[#This Row],[33 kV_Wind_F4_Export Reading]]-CP27)*1200,0) -> 72000 | CY28: =IF(((Input_Raw[[#This Row],[33 kV_Wind_F4_Import Reading]]-CQ27)*1200)>0,(Input_Raw[[#This Row],[33 kV_Wind_F4_Import Reading]]-CQ27)*1200,0) -> 0 | CZ28: =Input_Raw[[#This Row],[33 kV_F1_Total_Export (KWh)]]+Input_Raw[[#This Row],[33 kV_F2_Total_Export (KWh)2]]+Input_Raw[[#This Row],[33 kV_Wind_F3_Export (KWh)]]+Input_Raw[[#This Row],[33 kV_Wind_F4_Export (KWh)]] -> 291600 | DA28: =Input_Raw[[#This Row],[33 kV_Wind_F1_Import (KWh)]]+Input_Raw[[#This Row],[33 kV_Wind_F2_Import (KWh)]]+Input_Raw[[#This Row],[33 kV_Wind_F3_Import (KWh)2]]+Input_Raw[[#This Row],[33 kV_Wind_F4_Import (KWh)2]] -> 2400 | DB28: =IFERROR(1-Input_Raw[[#This Row],[33 kV_Wind_Total_Export (KWh)]]/Input_Raw[[#This Row],[WTG Total Gneration (KWh)]],0) -> 0.024860049 | DC28: 95 | DD28: 78346 | DE28: 299.03 | DG28: 78 | DH28: No scada available server OS failed
... A49: =A48+1 -> 45789 | B49: =YEAR([1]!Input_Raw[[#This Row],[Date]])+IF(MONTH([1]!Input_Raw[[#This Row],[Date]])>=4,1,0) -> 2026 | C49: =YEAR([1]!Input_Raw[[#This Row],[Date]]) -> 2025 | D49: =A49-DAY(A49)+1 -> 45778 | E49: =DAY(EOMONTH([1]!Input_Raw[[#This Row],[Date]],0)) -> 31 | F49: 3065 | G49: 3066 | H49: 2784 | I49: 2259 | J49: 4032 | K49: 3086 | L49: 3109 | M49: 3046 | N49: 3381 | O49: 3125 | P49: 3110 | Q49: 3357 | R49: 3392 | S49: 3347 | T49: 3362 | U49: 3317 | V49: 3327 | W49: 3465 | X49: 3456 | Y49: 3408 | Z49: 758 | AA49: 2856 | AB49: 1102 | AC49: 4157 | AD49: 2670 | AE49: 4213 | AF49: 4215 | AG49: 0 | AH49: 4167 | AI49: 0 | AJ49: 2699 | AK49: 2567 | AL49: 2607 | AM49: 2743 | AN49: 2736 | AO49: 2687 | AP49: 2673 | AQ49: 2676 | AR49: 2642 | AS49: 3.93 | AT49: 3.99 | AU49: 3.9 | AV49: 3.78 | AW49: 3.4 | AX49: 4.13 | AY49: 3.8 | AZ49: 4.05 | BA49: 3.76 | BB49: 3.86 | BC49: 4.06 | BD49: 3.98 | BE49: 4.04 | BF49: 4.03 | BG49: 3.88 | BH49: 4.18 | BI49: 3.41 | BJ49: 4.09 | BK49: 4.29 | BL49: 4.06 | BM49: 4.5 | BN49: 3.75 | BO49: 3.14 | BP49: 3.53 | BQ49: 3.02 | BR49: 3.42 | BS49: 3.48 | BT49: 0 | BU49: 3.31 | BV49: 0 | BW49: 3.29 | BX49: 3.51 | BY49: 3.38 | BZ49: 3.42 | CA49: 3.69 | CB49: 3.98 | CC49: 3.43 | CD49: 3.41 | CE49: 3.47 | CF49: =SUM(Input_Raw[[#This Row],[G01]:[G40]]) -> 112662 | CG49: =IFERROR(AVERAGE(Input_Raw[[#This Row],[WS_G01]:[WS_G40]]),"") -> 3.5474359 | CJ49: 240599 | CK49: 2178 | CL49: 280515 | CM49: 2206 | CN49: 256605 | CO49: 1813 | CP49: 292536 | CQ49: 1859 | CR49: =IF(((Input_Raw[[#This Row],[33 kV_Wind_F1_Export reading]]-CJ48)*1200)>0,(Input_Raw[[#This Row],[33 kV_Wind_F1_Export reading]]-CJ48)*1200,0) -> 26400 | CS49: =IF(((Input_Raw[[#This Row],[33 kV_Wind_F1_Import reading]]-CK48)*1200)>0,(Input_Raw[[#This Row],[33 kV_Wind_F1_Import reading]]-CK48)*1200,0) -> 1200 | CT49: =IF(((Input_Raw[[#This Row],[33 kV_Wind_F2_Export_reading]]-CL48)*1200)>0,(Input_Raw[[#This Row],[33 kV_Wind_F2_Export_reading]]-CL48)*1200,0) -> 25200 | CU49: =IF(((Input_Raw[[#This Row],[33 kV_Wind_F2_Import_reading]]-CM48)*1200)>0,(Input_Raw[[#This Row],[33 kV_Wind_F2_Import_reading]]-CM48)*1200,0) -> 0 | CV49: =IF(((Input_Raw[[#This Row],[33 kV_Wind_F3_Export_Reading]]-CN48)*1200)>0,(Input_Raw[[#This Row],[33 kV_Wind_F3_Export_Reading]]-CN48)*1200,0) -> 26400 | CW49: =IF(((Input_Raw[[#This Row],[33 kV_Wind_F3_Import_Reading]]-CO48)*1200)>0,(Input_Raw[[#This Row],[33 kV_Wind_F3_Import_Reading]]-CO48)*1200,0) -> 0 | CX49: =IF(((Input_Raw[[#This Row],[33 kV_Wind_F4_Export Reading]]-CP48)*1200)>0,(Input_Raw[[#This Row],[33 kV_Wind_F4_Export Reading]]-CP48)*1200,0) -> 33600 | CY49: =IF(((Input_Raw[[#This Row],[33 kV_Wind_F4_Import Reading]]-CQ48)*1200)>0,(Input_Raw[[#This Row],[33 kV_Wind_F4_Import Reading]]-CQ48)*1200,0) -> 1200 | CZ49: =Input_Raw[[#This Row],[33 kV_F1_Total_Export (KWh)]]+Input_Raw[[#This Row],[33 kV_F2_Total_Export (KWh)2]]+Input_Raw[[#This Row],[33 kV_Wind_F3_Export (KWh)]]+Input_Raw[[#This Row],[33 kV_Wind_F4_Export (KWh)]] -> 111600 | DA49: =Input_Raw[[#This Row],[33 kV_Wind_F1_Import (KWh)]]+Input_Raw[[#This Row],[33 kV_Wind_F2_Import (KWh)]]+Input_Raw[[#This Row],[33 kV_Wind_F3_Import (KWh)2]]+Input_Raw[[#This Row],[33 kV_Wind_F4_Import (KWh)2]] -> 2400 | DB49: =IFERROR(1-Input_Raw[[#This Row],[33 kV_Wind_Total_Export (KWh)]]/Input_Raw[[#This Row],[WTG Total Gneration (KWh)]],0) -> 0.0094264259 | DC49: 0 | DD49: 0 | DE49: 112.66 | DG49: 78 | DH49: No scada available server OS failed
A50: =A49+1 -> 45790 | B50: =YEAR([1]!Input_Raw[[#This Row],[Date]])+IF(MONTH([1]!Input_Raw[[#This Row],[Date]])>=4,1,0) -> 2026 | C50: =YEAR([1]!Input_Raw[[#This Row],[Date]]) -> 2025 | D50: =A50-DAY(A50)+1 -> 45778 | E50: =DAY(EOMONTH([1]!Input_Raw[[#This Row],[Date]],0)) -> 31 | F50: 6782 | G50: 6734 | H50: 6789 | I50: 5976 | J50: 4621 | K50: 6821 | L50: 6345 | M50: 6599 | N50: 7324 | O50: 6759 | P50: 6775 | Q50: 7344 | R50: 7354 | S50: 6898 | T50: 7344 | U50: 7256 | V50: 7299 | W50: 7378 | X50: 7359 | Y50: 7387 | Z50: 4108 | AA50: 4516 | AB50: 4598 | AC50: 4588 | AD50: 3825 | AE50: 4576 | AF50: 4414 | AG50: 0 | AH50: 4579 | AI50: 0 | AJ50: 3978 | AK50: 3996 | AL50: 3987 | AM50: 4116 | AN50: 4112 | AO50: 4022 | AP50: 4056 | AQ50: 4008 | AR50: 927 | AS50: 4.85 | AT50: 5.26 | AU50: 4.68 | AV50: 5.05 | AW50: 5 | AX50: 5.11 | AY50: 4.84 | AZ50: 4.48 | BA50: 5.09 | BB50: 4.83 | BC50: 5.29 | BD50: 5.04 | BE50: 5.15 | BF50: 5.24 | BG50: 4.99 | BH50: 5.44 | BI50: 4.96 | BJ50: 5.48 | BK50: 5.43 | BL50: 5.67 | BM50: 0 | BN50: 5.29 | BO50: 4.82 | BP50: 5.04 | BQ50: 5.32 | BR50: 5.01 | BS50: 5.03 | BT50: 0,0 | BU50: 4.81 | BV50: 0 | BW50: 4.95 | BX50: 5.01 | BY50: 4.99 | BZ50: 5.16 | CA50: 5.21 | CB50: 4.87 | CC50: 5.18 | CD50: 4.85 | CE50: 5.19 | CF50: =SUM(Input_Raw[[#This Row],[G01]:[G40]]) -> 205550 | CG50: =IFERROR(AVERAGE(Input_Raw[[#This Row],[WS_G01]:[WS_G40]]),"") -> 4.8055263 | CJ50: 240629 | CK50: 2179 | CL50: 280544 | CM50: 2207 | CN50: 256654 | CO50: 1814 | CP50: 292596 | CQ50: 1860 | CR50: =IF(((Input_Raw[[#This Row],[33 kV_Wind_F1_Export reading]]-CJ49)*1200)>0,(Input_Raw[[#This Row],[33 kV_Wind_F1_Export reading]]-CJ49)*1200,0) -> 36000 | CS50: =IF(((Input_Raw[[#This Row],[33 kV_Wind_F1_Import reading]]-CK49)*1200)>0,(Input_Raw[[#This Row],[33 kV_Wind_F1_Import reading]]-CK49)*1200,0) -> 1200 | CT50: =IF(((Input_Raw[[#This Row],[33 kV_Wind_F2_Export_reading]]-CL49)*1200)>0,(Input_Raw[[#This Row],[33 kV_Wind_F2_Export_reading]]-CL49)*1200,0) -> 34800 | CU50: =IF(((Input_Raw[[#This Row],[33 kV_Wind_F2_Import_reading]]-CM49)*1200)>0,(Input_Raw[[#This Row],[33 kV_Wind_F2_Import_reading]]-CM49)*1200,0) -> 1200 | CV50: =IF(((Input_Raw[[#This Row],[33 kV_Wind_F3_Export_Reading]]-CN49)*1200)>0,(Input_Raw[[#This Row],[33 kV_Wind_F3_Export_Reading]]-CN49)*1200,0) -> 58800 | CW50: =IF(((Input_Raw[[#This Row],[33 kV_Wind_F3_Import_Reading]]-CO49)*1200)>0,(Input_Raw[[#This Row],[33 kV_Wind_F3_Import_Reading]]-CO49)*1200,0) -> 1200 | CX50: =IF(((Input_Raw[[#This Row],[33 kV_Wind_F4_Export Reading]]-CP49)*1200)>0,(Input_Raw[[#This Row],[33 kV_Wind_F4_Export Reading]]-CP49)*1200,0) -> 72000 | CY50: =IF(((Input_Raw[[#This Row],[33 kV_Wind_F4_Import Reading]]-CQ49)*1200)>0,(Input_Raw[[#This Row],[33 kV_Wind_F4_Import Reading]]-CQ49)*1200,0) -> 1200 | CZ50: =Input_Raw[[#This Row],[33 kV_F1_Total_Export (KWh)]]+Input_Raw[[#This Row],[33 kV_F2_Total_Export (KWh)2]]+Input_Raw[[#This Row],[33 kV_Wind_F3_Export (KWh)]]+Input_Raw[[#This Row],[33 kV_Wind_F4_Export (KWh)]] -> 201600 | DA50: =Input_Raw[[#This Row],[33 kV_Wind_F1_Import (KWh)]]+Input_Raw[[#This Row],[33 kV_Wind_F2_Import (KWh)]]+Input_Raw[[#This Row],[33 kV_Wind_F3_Import (KWh)2]]+Input_Raw[[#This Row],[33 kV_Wind_F4_Import (KWh)2]] -> 4800 | DB50: =IFERROR(1-Input_Raw[[#This Row],[33 kV_Wind_Total_Export (KWh)]]/Input_Raw[[#This Row],[WTG Total Gneration (KWh)]],0) -> 0.019216736 | DC50: 0 | DD50: 0 | DE50: 205.55 | DG50: 78 | DH50: No scada available server OS failed
A51: =A50+1 -> 45791 | B51: =YEAR([1]!Input_Raw[[#This Row],[Date]])+IF(MONTH([1]!Input_Raw[[#This Row],[Date]])>=4,1,0) -> 2026 | C51: =YEAR([1]!Input_Raw[[#This Row],[Date]]) -> 2025 | D51: =A51-DAY(A51)+1 -> 45778 | E51: =DAY(EOMONTH([1]!Input_Raw[[#This Row],[Date]],0)) -> 31 | F51: 4822 | G51: 4843 | H51: 4845 | I51: 4423 | J51: 3239 | K51: 4812 | L51: 4878 | M51: 4780 | N51: 5060 | O51: 4796 | P51: 4821 | Q51: 5012 | R51: 4749 | S51: 1056 | T51: 5076 | U51: 5064 | V51: 5096 | W51: 5013 | X51: 5043 | Y51: 5024 | Z51: 1998 | AA51: 3256 | AB51: 3212 | AC51: 3197 | AD51: 2911 | AE51: 3243 | AF51: 2368 | AG51: 0 | AH51: 3268 | AI51: 0 | AJ51: 2943 | AK51: 2879 | AL51: 2867 | AM51: 2976 | AN51: 2913 | AO51: 2945 | AP51: 2901 | AQ51: 2901 | AR51: 0 | AS51: 3.74 | AT51: 3.74 | AU51: 3.75 | AV51: 3.66 | AW51: 3.58 | AX51: 4.01 | AY51: 3.68 | AZ51: 3.94 | BA51: 3.7 | BB51: 3.66 | BC51: 3.85 | BD51: 3.83 | BE51: 3.84 | BF51: 3.92 | BG51: 3.11 | BH51: 0 | BI51: 4.02 | BJ51: 3.98 | BK51: 4.12 | BL51: 4.16 | BM51: 3.79 | BN51: 3.68 | BO51: 3.68 | BP51: 3.85 | BQ51: 3.49 | BR51: 3.7 | BS51: 3.67 | BT51: 0 | BU51: 3.9 | BV51: 0 | BW51: 3.66 | BX51: 3.57 | BY51: 3.7 | BZ51: 3.91 | CA51: 4.05 | CB51: 3.93 | CC51: 3.61 | CD51: 4.13 | CE51: 3.7 | CF51: =SUM(Input_Raw[[#This Row],[G01]:[G40]]) -> 139230 | CG51: =IFERROR(AVERAGE(Input_Raw[[#This Row],[WS_G01]:[WS_G40]]),"") -> 3.4951282 | CJ51: 240650 | CK51: 2180 | CL51: 280563 | CM51: 2208 | CN51: 256689 | CO51: 1815 | CP51: 292634 | CQ51: 1861 | CR51: =IF(((Input_Raw[[#This Row],[33 kV_Wind_F1_Export reading]]-CJ50)*1200)>0,(Input_Raw[[#This Row],[33 kV_Wind_F1_Export reading]]-CJ50)*1200,0) -> 25200 | CS51: =IF(((Input_Raw[[#This Row],[33 kV_Wind_F1_Import reading]]-CK50)*1200)>0,(Input_Raw[[#This Row],[33 kV_Wind_F1_Import reading]]-CK50)*1200,0) -> 1200 | CT51: =IF(((Input_Raw[[#This Row],[33 kV_Wind_F2_Export_reading]]-CL50)*1200)>0,(Input_Raw[[#This Row],[33 kV_Wind_F2_Export_reading]]-CL50)*1200,0) -> 22800 | CU51: =IF(((Input_Raw[[#This Row],[33 kV_Wind_F2_Import_reading]]-CM50)*1200)>0,(Input_Raw[[#This Row],[33 kV_Wind_F2_Import_reading]]-CM50)*1200,0) -> 1200 | CV51: =IF(((Input_Raw[[#This Row],[33 kV_Wind_F3_Export_Reading]]-CN50)*1200)>0,(Input_Raw[[#This Row],[33 kV_Wind_F3_Export_Reading]]-CN50)*1200,0) -> 42000 | CW51: =IF(((Input_Raw[[#This Row],[33 kV_Wind_F3_Import_Reading]]-CO50)*1200)>0,(Input_Raw[[#This Row],[33 kV_Wind_F3_Import_Reading]]-CO50)*1200,0) -> 1200 | CX51: =IF(((Input_Raw[[#This Row],[33 kV_Wind_F4_Export Reading]]-CP50)*1200)>0,(Input_Raw[[#This Row],[33 kV_Wind_F4_Export Reading]]-CP50)*1200,0) -> 45600 | CY51: =IF(((Input_Raw[[#This Row],[33 kV_Wind_F4_Import Reading]]-CQ50)*1200)>0,(Input_Raw[[#This Row],[33 kV_Wind_F4_Import Reading]]-CQ50)*1200,0) -> 1200 | CZ51: =Input_Raw[[#This Row],[33 kV_F1_Total_Export (KWh)]]+Input_Raw[[#This Row],[33 kV_F2_Total_Export (KWh)2]]+Input_Raw[[#This Row],[33 kV_Wind_F3_Export (KWh)]]+Input_Raw[[#This Row],[33 kV_Wind_F4_Export (KWh)]] -> 135600 | DA51: =Input_Raw[[#This Row],[33 kV_Wind_F1_Import (KWh)]]+Input_Raw[[#This Row],[33 kV_Wind_F2_Import (KWh)]]+Input_Raw[[#This Row],[33 kV_Wind_F3_Import (KWh)2]]+Input_Raw[[#This Row],[33 kV_Wind_F4_Import (KWh)2]] -> 4800 | DB51: =IFERROR(1-Input_Raw[[#This Row],[33 kV_Wind_Total_Export (KWh)]]/Input_Raw[[#This Row],[WTG Total Gneration (KWh)]],0) -> 0.026071967 | DC51: 96 | DD51: 34850 | DE51: 139.23 | DG51: 78 | DH51: No scada available server OS failed
A52: =A51+1 -> 45792 | B52: =YEAR([1]!Input_Raw[[#This Row],[Date]])+IF(MONTH([1]!Input_Raw[[#This Row],[Date]])>=4,1,0) -> 2026 | C52: =YEAR([1]!Input_Raw[[#This Row],[Date]]) -> 2025 | D52: =A52-DAY(A52)+1 -> 45778 | E52: =DAY(EOMONTH([1]!Input_Raw[[#This Row],[Date]],0)) -> 31 | F52: 6421 | G52: 6453 | H52: 6423 | I52: 6431 | J52: 5032 | K52: 6021 | L52: 6023 | M52: 6452 | N52: 5890 | O52: 6464 | P52: 6479 | Q52: 5859 | R52: 5867 | S52: 5858 | T52: 5842 | U52: 5854 | V52: 5875 | W52: 5879 | X52: 5870 | Y52: 5848 | Z52: 5067 | AA52: 5058 | AB52: 5022 | AC52: 4596 | AD52: 4572 | AE52: 5056 | AF52: 5042 | AG52: 0 | AH52: 5074 | AI52: 0 | AJ52: 4529 | AK52: 3021 | AL52: 4572 | AM52: 4556 | AN52: 4581 | AO52: 4549 | AP52: 4588 | AQ52: 2677 | AR52: 1265 | AS52: 3.93 | AT52: 3.99 | AU52: 3.9 | AV52: 3.78 | AW52: 3.4 | AX52: 4.13 | AY52: 3.8 | AZ52: 4.05 | BA52: 3.76 | BB52: 3.86 | BC52: 4.06 | BD52: 3.98 | BE52: 4.04 | BF52: 4.03 | BG52: 3.88 | BH52: 4.18 | BI52: 3.41 | BJ52: 4.09 | BK52: 4.29 | BL52: 4.06 | BM52: 4.5 | BN52: 3.75 | BO52: 3.14 | BP52: 3.53 | BQ52: 3.02 | BR52: 3.42 | BS52: 3.48 | BT52: 0 | BU52: 3.31 | BV52: 0 | BW52: 3.29 | BX52: 3.51 | BY52: 3.38 | BZ52: 3.42 | CA52: 3.69 | CB52: 3.98 | CC52: 3.43 | CD52: 3.41 | CE52: 3.47 | CF52: =SUM(Input_Raw[[#This Row],[G01]:[G40]]) -> 194666 | CG52: =IFERROR(AVERAGE(Input_Raw[[#This Row],[WS_G01]:[WS_G40]]),"") -> 3.5474359 | CJ52: 240682 | CK52: 2180 | CL52: 280596 | CM52: 2208 | CN52: 256736 | CO52: 1816 | CP52: 292682 | CQ52: 1861 | CR52: =IF(((Input_Raw[[#This Row],[33 kV_Wind_F1_Export reading]]-CJ51)*1200)>0,(Input_Raw[[#This Row],[33 kV_Wind_F1_Export reading]]-CJ51)*1200,0) -> 38400 | CS52: =IF(((Input_Raw[[#This Row],[33 kV_Wind_F1_Import reading]]-CK51)*1200)>0,(Input_Raw[[#This Row],[33 kV_Wind_F1_Import reading]]-CK51)*1200,0) -> 0 | CT52: =IF(((Input_Raw[[#This Row],[33 kV_Wind_F2_Export_reading]]-CL51)*1200)>0,(Input_Raw[[#This Row],[33 kV_Wind_F2_Export_reading]]-CL51)*1200,0) -> 39600 | CU52: =IF(((Input_Raw[[#This Row],[33 kV_Wind_F2_Import_reading]]-CM51)*1200)>0,(Input_Raw[[#This Row],[33 kV_Wind_F2_Import_reading]]-CM51)*1200,0) -> 0 | CV52: =IF(((Input_Raw[[#This Row],[33 kV_Wind_F3_Export_Reading]]-CN51)*1200)>0,(Input_Raw[[#This Row],[33 kV_Wind_F3_Export_Reading]]-CN51)*1200,0) -> 56400 | CW52: =IF(((Input_Raw[[#This Row],[33 kV_Wind_F3_Import_Reading]]-CO51)*1200)>0,(Input_Raw[[#This Row],[33 kV_Wind_F3_Import_Reading]]-CO51)*1200,0) -> 1200 | CX52: =IF(((Input_Raw[[#This Row],[33 kV_Wind_F4_Export Reading]]-CP51)*1200)>0,(Input_Raw[[#This Row],[33 kV_Wind_F4_Export Reading]]-CP51)*1200,0) -> 57600 | CY52: =IF(((Input_Raw[[#This Row],[33 kV_Wind_F4_Import Reading]]-CQ51)*1200)>0,(Input_Raw[[#This Row],[33 kV_Wind_F4_Import Reading]]-CQ51)*1200,0) -> 0 | CZ52: =Input_Raw[[#This Row],[33 kV_F1_Total_Export (KWh)]]+Input_Raw[[#This Row],[33 kV_F2_Total_Export (KWh)2]]+Input_Raw[[#This Row],[33 kV_Wind_F3_Export (KWh)]]+Input_Raw[[#This Row],[33 kV_Wind_F4_Export (KWh)]] -> 192000 | DA52: =Input_Raw[[#This Row],[33 kV_Wind_F1_Import (KWh)]]+Input_Raw[[#This Row],[33 kV_Wind_F2_Import (KWh)]]+Input_Raw[[#This Row],[33 kV_Wind_F3_Import (KWh)2]]+Input_Raw[[#This Row],[33 kV_Wind_F4_Import (KWh)2]] -> 1200 | DB52: =IFERROR(1-Input_Raw[[#This Row],[33 kV_Wind_Total_Export (KWh)]]/Input_Raw[[#This Row],[WTG Total Gneration (KWh)]],0) -> 0.013695252 | DC52: 96 | DD52: 708 | DE52: 194.66 | DG52: 78 | DH52: No scada available server OS failed
A53: =A52+1 -> 45793 | B53: =YEAR([1]!Input_Raw[[#This Row],[Date]])+IF(MONTH([1]!Input_Raw[[#This Row],[Date]])>=4,1,0) -> 2026 | C53: =YEAR([1]!Input_Raw[[#This Row],[Date]]) -> 2025 | D53: =A53-DAY(A53)+1 -> 45778 | E53: =DAY(EOMONTH([1]!Input_Raw[[#This Row],[Date]],0)) -> 31 | F53: 9898 | G53: 9872 | H53: 10542 | I53: 9888 | J53: 8169 | K53: 9874 | L53: 10576 | M53: 10587 | N53: 8749 | O53: 10556 | P53: 10578 | Q53: 8787 | R53: 8764 | S53: 8769 | T53: 8760 | U53: 9946 | V53: 9984 | W53: 9966 | X53: 7253 | Y53: 9989 | Z53: 8166 | AA53: 8152 | AB53: 8121 | AC53: 8176 | AD53: 7376 | AE53: 8162 | AF53: 8165 | AG53: 0 | AH53: 8175 | AI53: 0 | AJ53: 7365 | AK53: 7370 | AL53: 7342 | AM53: 7359 | AN53: 7383 | AO53: 7376 | AP53: 7369 | AQ53: 7388 | AR53: 6574 | AS53: 4.58 | AT53: 4.46 | AU53: 3.97 | AV53: 4.15 | AW53: 3.78 | AX53: 4.38 | AY53: 4.4 | AZ53: 4.13 | BA53: 4.08 | BB53: 3.95 | BC53: 4.01 | BD53: 4.04 | BE53: 3.98 | BF53: 3.84 | BG53: 3.92 | BH53: 3.95 | BI53: 4.15 | BJ53: 4.01 | BK53: 3.99 | BL53: 4.01 | BM53: 3.76 | BN53: 3.87 | BO53: 3.95 | BP53: 4.26 | BQ53: 4.2 | BR53: 4.22 | BS53: 4.21 | BT53: 0 | BU53: 5.44 | BV53: 0 | BW53: 4.17 | BX53: 4.15 | BY53: 4.32 | BZ53: 4.55 | CA53: 6.32 | CB53: 4.45 | CC53: 4.87 | CD53: 4.31 | CE53: 5.39 | CF53: =SUM(Input_Raw[[#This Row],[G01]:[G40]]) -> 321526 | CG53: =IFERROR(AVERAGE(Input_Raw[[#This Row],[WS_G01]:[WS_G40]]),"") -> 4.0569231 | CJ53: 240740 | CK53: 2180 | CL53: 280655 | CM53: 2208 | CN53: 256811 | CO53: 1816 | CP53: 292755 | CQ53: 1861 | CR53: =IF(((Input_Raw[[#This Row],[33 kV_Wind_F1_Export reading]]-CJ52)*1200)>0,(Input_Raw[[#This Row],[33 kV_Wind_F1_Export reading]]-CJ52)*1200,0) -> 69600 | CS53: =IF(((Input_Raw[[#This Row],[33 kV_Wind_F1_Import reading]]-CK52)*1200)>0,(Input_Raw[[#This Row],[33 kV_Wind_F1_Import reading]]-CK52)*1200,0) -> 0 | CT53: =IF(((Input_Raw[[#This Row],[33 kV_Wind_F2_Export_reading]]-CL52)*1200)>0,(Input_Raw[[#This Row],[33 kV_Wind_F2_Export_reading]]-CL52)*1200,0) -> 70800 | CU53: =IF(((Input_Raw[[#This Row],[33 kV_Wind_F2_Import_reading]]-CM52)*1200)>0,(Input_Raw[[#This Row],[33 kV_Wind_F2_Import_reading]]-CM52)*1200,0) -> 0 | CV53: =IF(((Input_Raw[[#This Row],[33 kV_Wind_F3_Export_Reading]]-CN52)*1200)>0,(Input_Raw[[#This Row],[33 kV_Wind_F3_Export_Reading]]-CN52)*1200,0) -> 90000 | CW53: =IF(((Input_Raw[[#This Row],[33 kV_Wind_F3_Import_Reading]]-CO52)*1200)>0,(Input_Raw[[#This Row],[33 kV_Wind_F3_Import_Reading]]-CO52)*1200,0) -> 0 | CX53: =IF(((Input_Raw[[#This Row],[33 kV_Wind_F4_Export Reading]]-CP52)*1200)>0,(Input_Raw[[#This Row],[33 kV_Wind_F4_Export Reading]]-CP52)*1200,0) -> 87600 | CY53: =IF(((Input_Raw[[#This Row],[33 kV_Wind_F4_Import Reading]]-CQ52)*1200)>0,(Input_Raw[[#This Row],[33 kV_Wind_F4_Import Reading]]-CQ52)*1200,0) -> 0 | CZ53: =Input_Raw[[#This Row],[33 kV_F1_Total_Export (KWh)]]+Input_Raw[[#This Row],[33 kV_F2_Total_Export (KWh)2]]+Input_Raw[[#This Row],[33 kV_Wind_F3_Export (KWh)]]+Input_Raw[[#This Row],[33 kV_Wind_F4_Export (KWh)]] -> 318000 | DA53: =Input_Raw[[#This Row],[33 kV_Wind_F1_Import (KWh)]]+Input_Raw[[#This Row],[33 kV_Wind_F2_Import (KWh)]]+Input_Raw[[#This Row],[33 kV_Wind_F3_Import (KWh)2]]+Input_Raw[[#This Row],[33 kV_Wind_F4_Import (KWh)2]] -> 0 | DB53: =IFERROR(1-Input_Raw[[#This Row],[33 kV_Wind_Total_Export (KWh)]]/Input_Raw[[#This Row],[WTG Total Gneration (KWh)]],0) -> 0.010966454 | DC53: 96 | DD53: 1873 | DE53: 321.52 | DG53: 78 | DH53: No scada available server OS failed
A54: =A53+1 -> 45794 | B54: =YEAR([1]!Input_Raw[[#This Row],[Date]])+IF(MONTH([1]!Input_Raw[[#This Row],[Date]])>=4,1,0) -> 2026 | C54: =YEAR([1]!Input_Raw[[#This Row],[Date]]) -> 2025 | D54: =A54-DAY(A54)+1 -> 45778 | E54: =DAY(EOMONTH([1]!Input_Raw[[#This Row],[Date]],0)) -> 31 | F54: 5673 | G54: 5132 | H54: 5684 | I54: 5681 | J54: 4123 | K54: 5424 | L54: 5163 | M54: 5642 | N54: 6458 | O54: 5635 | P54: 5673 | Q54: 6475 | R54: 6438 | S54: 6473 | T54: 6451 | U54: 6423 | V54: 6446 | W54: 6475 | X54: 1297 | Y54: 6452 | Z54: 4135 | AA54: 4154 | AB54: 4111 | AC54: 4156 | AD54: 2867 | AE54: 4127 | AF54: 4123 | AG54: 0 | AH54: 4145 | AI54: 0 | AJ54: 3521 | AK54: 3536 | AL54: 3573 | AM54: 3557 | AN54: 3564 | AO54: 3535 | AP54: 3547 | AQ54: 3550 | AR54: 3569 | AS54: 4.0641181 | AT54: 4.0593056 | AU54: 4.0183403 | AV54: 3.9908403 | AW54: 3.9707986 | AX54: 4.1533333 | AY54: 4.1533333 | AZ54: 4.3952638 | BA54: 4.0945833 | BB54: 4.189125 | BC54: 4.5515754 | BD54: 4.0447986 | BE54: 4.0977431 | BF54: 4.1513819 | BG54: 4.1149521 | BH54: 4.1474861 | BI54: 4.3756667 | BJ54: 4.3612431 | BK54: 4.2470694 | BL54: 4.3102222 | BM54: 4.1 | BN54: 4.0657153 | BO54: 3.9717917 | BP54: 4.1679514 | BQ54: 3.8945486 | BR54: 3.9962014 | BS54: 4.0165833 | BT54: 0 | BU54: 4.1 | BV54: 0 | BW54: 3.8082361 | BX54: 3.9237569 | BY54: 4.0071736 | BZ54: 4.0676806 | CA54: 4.0488194 | CB54: 4.1112569 | CC54: 3.8610278 | CD54: 3.9456944 | CE54: 3.945375 | CF54: =SUM(Input_Raw[[#This Row],[G01]:[G40]]) -> 176988 | CG54: =IFERROR(AVERAGE(Input_Raw[[#This Row],[WS_G01]:[WS_G40]]),"") -> 3.8852049 | CJ54: 240768 | CK54: 2181 | CL54: 280682 | CM54: 2208 | CN54: 256852 | CO54: 1816 | CP54: 292804 | CQ54: 1862 | CR54: =IF(((Input_Raw[[#This Row],[33 kV_Wind_F1_Export reading]]-CJ53)*1200)>0,(Input_Raw[[#This Row],[33 kV_Wind_F1_Export reading]]-CJ53)*1200,0) -> 33600 | CS54: =IF(((Input_Raw[[#This Row],[33 kV_Wind_F1_Import reading]]-CK53)*1200)>0,(Input_Raw[[#This Row],[33 kV_Wind_F1_Import reading]]-CK53)*1200,0) -> 1200 | CT54: =IF(((Input_Raw[[#This Row],[33 kV_Wind_F2_Export_reading]]-CL53)*1200)>0,(Input_Raw[[#This Row],[33 kV_Wind_F2_Export_reading]]-CL53)*1200,0) -> 32400 | CU54: =IF(((Input_Raw[[#This Row],[33 kV_Wind_F2_Import_reading]]-CM53)*1200)>0,(Input_Raw[[#This Row],[33 kV_Wind_F2_Import_reading]]-CM53)*1200,0) -> 0 | CV54: =IF(((Input_Raw[[#This Row],[33 kV_Wind_F3_Export_Reading]]-CN53)*1200)>0,(Input_Raw[[#This Row],[33 kV_Wind_F3_Export_Reading]]-CN53)*1200,0) -> 49200 | CW54: =IF(((Input_Raw[[#This Row],[33 kV_Wind_F3_Import_Reading]]-CO53)*1200)>0,(Input_Raw[[#This Row],[33 kV_Wind_F3_Import_Reading]]-CO53)*1200,0) -> 0 | CX54: =IF(((Input_Raw[[#This Row],[33 kV_Wind_F4_Export Reading]]-CP53)*1200)>0,(Input_Raw[[#This Row],[33 kV_Wind_F4_Export Reading]]-CP53)*1200,0) -> 58800 | CY54: =IF(((Input_Raw[[#This Row],[33 kV_Wind_F4_Import Reading]]-CQ53)*1200)>0,(Input_Raw[[#This Row],[33 kV_Wind_F4_Import Reading]]-CQ53)*1200,0) -> 1200 | CZ54: =Input_Raw[[#This Row],[33 kV_F1_Total_Export (KWh)]]+Input_Raw[[#This Row],[33 kV_F2_Total_Export (KWh)2]]+Input_Raw[[#This Row],[33 kV_Wind_F3_Export (KWh)]]+Input_Raw[[#This Row],[33 kV_Wind_F4_Export (KWh)]] -> 174000 | DA54: =Input_Raw[[#This Row],[33 kV_Wind_F1_Import (KWh)]]+Input_Raw[[#This Row],[33 kV_Wind_F2_Import (KWh)]]+Input_Raw[[#This Row],[33 kV_Wind_F3_Import (KWh)2]]+Input_Raw[[#This Row],[33 kV_Wind_F4_Import (KWh)2]] -> 2400 | DB54: =IFERROR(1-Input_Raw[[#This Row],[33 kV_Wind_Total_Export (KWh)]]/Input_Raw[[#This Row],[WTG Total Gneration (KWh)]],0) -> 0.016882501 | DC54: 96 | DD54: 15134 | DE54: 176.98 | DG54: 78 | DH54: No scada available server OS failed
A55: =A54+1 -> 45795 | B55: =YEAR([1]!Input_Raw[[#This Row],[Date]])+IF(MONTH([1]!Input_Raw[[#This Row],[Date]])>=4,1,0) -> 2026 | C55: =YEAR([1]!Input_Raw[[#This Row],[Date]]) -> 2025 | D55: =A55-DAY(A55)+1 -> 45778 | E55: =DAY(EOMONTH([1]!Input_Raw[[#This Row],[Date]],0)) -> 31 | F55: 3466 | G55: 3564 | H55: 3552 | I55: 3546 | J55: 3521 | K55: 3576 | L55: 3537 | M55: 3551 | N55: 4056 | O55: 3532 | P55: 3543 | Q55: 4052 | R55: 4033 | S55: 4042 | T55: 4034 | U55: 4011 | V55: 4047 | W55: 4052 | X55: 4040 | Y55: 4057 | Z55: 3523 | AA55: 3511 | AB55: 3525 | AC55: 3514 | AD55: 3162 | AE55: 3515 | AF55: 3543 | AG55: 0 | AH55: 3548 | AI55: 0 | AJ55: 2487 | AK55: 3145 | AL55: 3121 | AM55: 3154 | AN55: 3132 | AO55: 3136 | AP55: 3156 | AQ55: 3149 | AR55: 3152 | AS55: 3.93 | AT55: 3.99 | AU55: 3.9 | AV55: 3.78 | AW55: 3.4 | AX55: 4.13 | AY55: 3.8 | AZ55: 4.05 | BA55: 3.76 | BB55: 3.86 | BC55: 4.06 | BD55: 3.98 | BE55: 4.04 | BF55: 4.03 | BG55: 3.88 | BH55: 4.18 | BI55: 3.41 | BJ55: 4.09 | BK55: 4.29 | BL55: 4.06 | BM55: 4.5 | BN55: 3.75 | BO55: 3.14 | BP55: 3.53 | BQ55: 3.02 | BR55: 3.42 | BS55: 3.48 | BT55: 0 | BU55: 3.31 | BV55: 0 | BW55: 3.29 | BX55: 3.51 | BY55: 3.38 | BZ55: 3.42 | CA55: 3.69 | CB55: 3.98 | CC55: 3.43 | CD55: 3.41 | CE55: 3.47 | CF55: =SUM(Input_Raw[[#This Row],[G01]:[G40]]) -> 131285 | CG55: =IFERROR(AVERAGE(Input_Raw[[#This Row],[WS_G01]:[WS_G40]]),"") -> 3.5474359 | CJ55: 240792 | CK55: 2181 | CL55: 280705 | CM55: 2209 | CN55: 256878 | CO55: 1817 | CP55: 292837 | CQ55: 1862 | CR55: =IF(((Input_Raw[[#This Row],[33 kV_Wind_F1_Export reading]]-CJ54)*1200)>0,(Input_Raw[[#This Row],[33 kV_Wind_F1_Export reading]]-CJ54)*1200,0) -> 28800 | CS55: =IF(((Input_Raw[[#This Row],[33 kV_Wind_F1_Import reading]]-CK54)*1200)>0,(Input_Raw[[#This Row],[33 kV_Wind_F1_Import reading]]-CK54)*1200,0) -> 0 | CT55: =IF(((Input_Raw[[#This Row],[33 kV_Wind_F2_Export_reading]]-CL54)*1200)>0,(Input_Raw[[#This Row],[33 kV_Wind_F2_Export_reading]]-CL54)*1200,0) -> 27600 | CU55: =IF(((Input_Raw[[#This Row],[33 kV_Wind_F2_Import_reading]]-CM54)*1200)>0,(Input_Raw[[#This Row],[33 kV_Wind_F2_Import_reading]]-CM54)*1200,0) -> 1200 | CV55: =IF(((Input_Raw[[#This Row],[33 kV_Wind_F3_Export_Reading]]-CN54)*1200)>0,(Input_Raw[[#This Row],[33 kV_Wind_F3_Export_Reading]]-CN54)*1200,0) -> 31200 | CW55: =IF(((Input_Raw[[#This Row],[33 kV_Wind_F3_Import_Reading]]-CO54)*1200)>0,(Input_Raw[[#This Row],[33 kV_Wind_F3_Import_Reading]]-CO54)*1200,0) -> 1200 | CX55: =IF(((Input_Raw[[#This Row],[33 kV_Wind_F4_Export Reading]]-CP54)*1200)>0,(Input_Raw[[#This Row],[33 kV_Wind_F4_Export Reading]]-CP54)*1200,0) -> 39600 | CY55: =IF(((Input_Raw[[#This Row],[33 kV_Wind_F4_Import Reading]]-CQ54)*1200)>0,(Input_Raw[[#This Row],[33 kV_Wind_F4_Import Reading]]-CQ54)*1200,0) -> 0 | CZ55: =Input_Raw[[#This Row],[33 kV_F1_Total_Export (KWh)]]+Input_Raw[[#This Row],[33 kV_F2_Total_Export (KWh)2]]+Input_Raw[[#This Row],[33 kV_Wind_F3_Export (KWh)]]+Input_Raw[[#This Row],[33 kV_Wind_F4_Export (KWh)]] -> 127200 | DA55: =Input_Raw[[#This Row],[33 kV_Wind_F1_Import (KWh)]]+Input_Raw[[#This Row],[33 kV_Wind_F2_Import (KWh)]]+Input_Raw[[#This Row],[33 kV_Wind_F3_Import (KWh)2]]+Input_Raw[[#This Row],[33 kV_Wind_F4_Import (KWh)2]] -> 2400 | DB55: =IFERROR(1-Input_Raw[[#This Row],[33 kV_Wind_Total_Export (KWh)]]/Input_Raw[[#This Row],[WTG Total Gneration (KWh)]],0) -> 0.031115512 | DC55: 96 | DD55: 55 | DE55: 131.28 | DG55: 78 | DH55: No scada available server OS failed
A56: =A55+1 -> 45796 | B56: =YEAR([1]!Input_Raw[[#This Row],[Date]])+IF(MONTH([1]!Input_Raw[[#This Row],[Date]])>=4,1,0) -> 2026 | C56: =YEAR([1]!Input_Raw[[#This Row],[Date]]) -> 2025 | D56: =A56-DAY(A56)+1 -> 45778 | E56: =DAY(EOMONTH([1]!Input_Raw[[#This Row],[Date]],0)) -> 31 | F56: 3821 | G56: 3824 | H56: 3809 | I56: 3815 | J56: 3190 | K56: 3821 | L56: 3829 | M56: 3825 | N56: 3550 | O56: 3839 | P56: 3852 | Q56: 3523 | R56: 3522 | S56: 3556 | T56: 3528 | U56: 3542 | V56: 3541 | W56: 3540 | X56: 3559 | Y56: 3567 | Z56: 4102 | AA56: 2789 | AB56: 4115 | AC56: 4136 | AD56: 4021 | AE56: 4140 | AF56: 4109 | AG56: 0 | AH56: 4121 | AI56: 0 | AJ56: 4101 | AK56: 4111 | AL56: 4116 | AM56: 4121 | AN56: 4119 | AO56: 4153 | AP56: 4132 | AQ56: 4127 | AR56: 4129 | AS56: 3.74 | AT56: 3.74 | AU56: 3.75 | AV56: 3.66 | AW56: 3.58 | AX56: 4.01 | AY56: 3.68 | AZ56: 3.94 | BA56: 3.7 | BB56: 3.66 | BC56: 3.85 | BD56: 3.83 | BE56: 3.84 | BF56: 3.92 | BG56: 3.11 | BH56: 0 | BI56: 4.02 | BJ56: 3.98 | BK56: 4.12 | BL56: 4.16 | BM56: 3.79 | BN56: 3.68 | BO56: 3.68 | BP56: 3.85 | BQ56: 3.49 | BR56: 3.7 | BS56: 3.67 | BT56: 0 | BU56: 3.9 | BV56: 0 | BW56: 3.66 | BX56: 3.57 | BY56: 3.7 | BZ56: 3.91 | CA56: 4.05 | CB56: 3.93 | CC56: 3.61 | CD56: 4.13 | CE56: 3.7 | CF56: =SUM(Input_Raw[[#This Row],[G01]:[G40]]) -> 141695 | CG56: =IFERROR(AVERAGE(Input_Raw[[#This Row],[WS_G01]:[WS_G40]]),"") -> 3.4951282 | CJ56: 240825 | CK56: 2182 | CL56: 280730 | CM56: 2210 | CN56: 256906 | CO56: 1817 | CP56: 292866 | CQ56: 1863 | CR56: =IF(((Input_Raw[[#This Row],[33 kV_Wind_F1_Export reading]]-CJ55)*1200)>0,(Input_Raw[[#This Row],[33 kV_Wind_F1_Export reading]]-CJ55)*1200,0) -> 39600 | CS56: =IF(((Input_Raw[[#This Row],[33 kV_Wind_F1_Import reading]]-CK55)*1200)>0,(Input_Raw[[#This Row],[33 kV_Wind_F1_Import reading]]-CK55)*1200,0) -> 1200 | CT56: =IF(((Input_Raw[[#This Row],[33 kV_Wind_F2_Export_reading]]-CL55)*1200)>0,(Input_Raw[[#This Row],[33 kV_Wind_F2_Export_reading]]-CL55)*1200,0) -> 30000 | CU56: =IF(((Input_Raw[[#This Row],[33 kV_Wind_F2_Import_reading]]-CM55)*1200)>0,(Input_Raw[[#This Row],[33 kV_Wind_F2_Import_reading]]-CM55)*1200,0) -> 1200 | CV56: =IF(((Input_Raw[[#This Row],[33 kV_Wind_F3_Export_Reading]]-CN55)*1200)>0,(Input_Raw[[#This Row],[33 kV_Wind_F3_Export_Reading]]-CN55)*1200,0) -> 33600 | CW56: =IF(((Input_Raw[[#This Row],[33 kV_Wind_F3_Import_Reading]]-CO55)*1200)>0,(Input_Raw[[#This Row],[33 kV_Wind_F3_Import_Reading]]-CO55)*1200,0) -> 0 | CX56: =IF(((Input_Raw[[#This Row],[33 kV_Wind_F4_Export Reading]]-CP55)*1200)>0,(Input_Raw[[#This Row],[33 kV_Wind_F4_Export Reading]]-CP55)*1200,0) -> 34800 | CY56: =IF(((Input_Raw[[#This Row],[33 kV_Wind_F4_Import Reading]]-CQ55)*1200)>0,(Input_Raw[[#This Row],[33 kV_Wind_F4_Import Reading]]-CQ55)*1200,0) -> 1200 | CZ56: =Input_Raw[[#This Row],[33 kV_F1_Total_Export (KWh)]]+Input_Raw[[#This Row],[33 kV_F2_Total_Export (KWh)2]]+Input_Raw[[#This Row],[33 kV_Wind_F3_Export (KWh)]]+Input_Raw[[#This Row],[33 kV_Wind_F4_Export (KWh)]] -> 138000 | DA56: =Input_Raw[[#This Row],[33 kV_Wind_F1_Import (KWh)]]+Input_Raw[[#This Row],[33 kV_Wind_F2_Import (KWh)]]+Input_Raw[[#This Row],[33 kV_Wind_F3_Import (KWh)2]]+Input_Raw[[#This Row],[33 kV_Wind_F4_Import (KWh)2]] -> 3600 | DB56: =IFERROR(1-Input_Raw[[#This Row],[33 kV_Wind_Total_Export (KWh)]]/Input_Raw[[#This Row],[WTG Total Gneration (KWh)]],0) -> 0.026077138 | DC56: 96 | DD56: 5662 | DE56: 141.69 | DG56: 78 | DH56: No scada available server OS failed
A57: =A56+1 -> 45797 | B57: =YEAR([1]!Input_Raw[[#This Row],[Date]])+IF(MONTH([1]!Input_Raw[[#This Row],[Date]])>=4,1,0) -> 2026 | C57: =YEAR([1]!Input_Raw[[#This Row],[Date]]) -> 2025 | D57: =A57-DAY(A57)+1 -> 45778 | E57: =DAY(EOMONTH([1]!Input_Raw[[#This Row],[Date]],0)) -> 31 | F57: 5587 | G57: 5267 | H57: 5278 | I57: 5575 | J57: 5201 | K57: 5562 | L57: 5579 | M57: 5565 | N57: 5321 | O57: 5032 | P57: 5543 | Q57: 5342 | R57: 5347 | S57: 5352 | T57: 5353 | U57: 5021 | V57: 5042 | W57: 5034 | X57: 5045 | Y57: 5067 | Z57: 4693 | AA57: 5205 | AB57: 5200 | AC57: 5215 | AD57: 3501 | AE57: 5210 | AF57: 5242 | AG57: 0 | AH57: 5245 | AI57: 0 | AJ57: 3515 | AK57: 3690 | AL57: 3692 | AM57: 3679 | AN57: 3698 | AO57: 3678 | AP57: 3682 | AQ57: 3516 | AR57: 3696 | AS57: 4.0641181 | AT57: 4.0593056 | AU57: 4.0183403 | AV57: 3.9908403 | AW57: 3.9707986 | AX57: 4.1533333 | AY57: 4.1533333 | AZ57: 4.3952638 | BA57: 4.0945833 | BB57: 4.189125 | BC57: 4.5515754 | BD57: 4.0447986 | BE57: 4.0977431 | BF57: 4.1513819 | BG57: 4.1149521 | BH57: 4.1474861 | BI57: 4.3756667 | BJ57: 4.3612431 | BK57: 4.2470694 | BL57: 4.3102222 | BM57: 4.1 | BN57: 4.0657153 | BO57: 3.9717917 | BP57: 4.1679514 | BQ57: 3.8945486 | BR57: 3.9962014 | BS57: 4.0165833 | BT57: 0 | BU57: 4.1 | BV57: 0 | BW57: 3.8082361 | BX57: 3.9237569 | BY57: 4.0071736 | BZ57: 4.0676806 | CA57: 4.0488194 | CB57: 4.1112569 | CC57: 3.8610278 | CD57: 3.9456944 | CE57: 3.945375 | CF57: =SUM(Input_Raw[[#This Row],[G01]:[G40]]) -> 178470 | CG57: =IFERROR(AVERAGE(Input_Raw[[#This Row],[WS_G01]:[WS_G40]]),"") -> 3.8852049 | CJ57: 240855 | CK57: 2183 | CL57: 280764 | CM57: 2210 | CN57: 256946 | CO57: 1818 | CP57: 292909 | CQ57: 1864 | CR57: =IF(((Input_Raw[[#This Row],[33 kV_Wind_F1_Export reading]]-CJ56)*1200)>0,(Input_Raw[[#This Row],[33 kV_Wind_F1_Export reading]]-CJ56)*1200,0) -> 36000 | CS57: =IF(((Input_Raw[[#This Row],[33 kV_Wind_F1_Import reading]]-CK56)*1200)>0,(Input_Raw[[#This Row],[33 kV_Wind_F1_Import reading]]-CK56)*1200,0) -> 1200 | CT57: =IF(((Input_Raw[[#This Row],[33 kV_Wind_F2_Export_reading]]-CL56)*1200)>0,(Input_Raw[[#This Row],[33 kV_Wind_F2_Export_reading]]-CL56)*1200,0) -> 40800 | CU57: =IF(((Input_Raw[[#This Row],[33 kV_Wind_F2_Import_reading]]-CM56)*1200)>0,(Input_Raw[[#This Row],[33 kV_Wind_F2_Import_reading]]-CM56)*1200,0) -> 0 | CV57: =IF(((Input_Raw[[#This Row],[33 kV_Wind_F3_Export_Reading]]-CN56)*1200)>0,(Input_Raw[[#This Row],[33 kV_Wind_F3_Export_Reading]]-CN56)*1200,0) -> 48000 | CW57: =IF(((Input_Raw[[#This Row],[33 kV_Wind_F3_Import_Reading]]-CO56)*1200)>0,(Input_Raw[[#This Row],[33 kV_Wind_F3_Import_Reading]]-CO56)*1200,0) -> 1200 | CX57: =IF(((Input_Raw[[#This Row],[33 kV_Wind_F4_Export Reading]]-CP56)*1200)>0,(Input_Raw[[#This Row],[33 kV_Wind_F4_Export Reading]]-CP56)*1200,0) -> 51600 | CY57: =IF(((Input_Raw[[#This Row],[33 kV_Wind_F4_Import Reading]]-CQ56)*1200)>0,(Input_Raw[[#This Row],[33 kV_Wind_F4_Import Reading]]-CQ56)*1200,0) -> 1200 | CZ57: =Input_Raw[[#This Row],[33 kV_F1_Total_Export (KWh)]]+Input_Raw[[#This Row],[33 kV_F2_Total_Export (KWh)2]]+Input_Raw[[#This Row],[33 kV_Wind_F3_Export (KWh)]]+Input_Raw[[#This Row],[33 kV_Wind_F4_Export (KWh)]] -> 176400 | DA57: =Input_Raw[[#This Row],[33 kV_Wind_F1_Import (KWh)]]+Input_Raw[[#This Row],[33 kV_Wind_F2_Import (KWh)]]+Input_Raw[[#This Row],[33 kV_Wind_F3_Import (KWh)2]]+Input_Raw[[#This Row],[33 kV_Wind_F4_Import (KWh)2]] -> 3600 | DB57: =IFERROR(1-Input_Raw[[#This Row],[33 kV_Wind_Total_Export (KWh)]]/Input_Raw[[#This Row],[WTG Total Gneration (KWh)]],0) -> 0.011598588 | DC57: 96 | DD57: 2876 | DE57: 178.47 | DG57: 78 | DH57: No scada available server OS failed
A58: =A57+1 -> 45798 | B58: =YEAR([1]!Input_Raw[[#This Row],[Date]])+IF(MONTH([1]!Input_Raw[[#This Row],[Date]])>=4,1,0) -> 2026 | C58: =YEAR([1]!Input_Raw[[#This Row],[Date]]) -> 2025 | D58: =A58-DAY(A58)+1 -> 45778 | E58: =DAY(EOMONTH([1]!Input_Raw[[#This Row],[Date]],0)) -> 31 | F58: 5618 | G58: 5628 | H58: 5632 | I58: 5640 | J58: 5601 | K58: 5079 | L58: 5633 | M58: 5622 | N58: 5173 | O58: 5656 | P58: 5674 | Q58: 5174 | R58: 5164 | S58: 5156 | T58: 5177 | U58: 5148 | V58: 5142 | W58: 5156 | X58: 5176 | Y58: 5178 | Z58: 5632 | AA58: 5621 | AB58: 4621 | AC58: 5637 | AD58: 4021 | AE58: 5636 | AF58: 5644 | AG58: 0 | AH58: 5654 | AI58: 0 | AJ58: 4631 | AK58: 4637 | AL58: 4645 | AM58: 4642 | AN58: 4666 | AO58: 4665 | AP58: 4633 | AQ58: 4647 | AR58: 4664 | AS58: 3.93 | AT58: 3.99 | AU58: 3.9 | AV58: 3.78 | AW58: 3.4 | AX58: 4.13 | AY58: 3.8 | AZ58: 4.05 | BA58: 3.76 | BB58: 3.86 | BC58: 4.06 | BD58: 3.98 | BE58: 4.04 | BF58: 4.03 | BG58: 3.88 | BH58: 4.18 | BI58: 3.41 | BJ58: 4.09 | BK58: 4.29 | BL58: 4.06 | BM58: 4.5 | BN58: 3.75 | BO58: 3.14 | BP58: 3.53 | BQ58: 3.02 | BR58: 3.42 | BS58: 3.48 | BT58: 0 | BU58: 3.31 | BV58: 0 | BW58: 3.29 | BX58: 3.51 | BY58: 3.38 | BZ58: 3.42 | CA58: 3.69 | CB58: 3.98 | CC58: 3.43 | CD58: 3.41 | CE58: 3.47 | CF58: =SUM(Input_Raw[[#This Row],[G01]:[G40]]) -> 191723 | CG58: =IFERROR(AVERAGE(Input_Raw[[#This Row],[WS_G01]:[WS_G40]]),"") -> 3.5474359 | CJ58: 240892 | CK58: 2184 | CL58: 280800 | CM58: 2211 | CN58: 256987 | CO58: 1819 | CP58: 292951 | CQ58: 1865 | CR58: =IF(((Input_Raw[[#This Row],[33 kV_Wind_F1_Export reading]]-CJ57)*1200)>0,(Input_Raw[[#This Row],[33 kV_Wind_F1_Export reading]]-CJ57)*1200,0) -> 44400 | CS58: =IF(((Input_Raw[[#This Row],[33 kV_Wind_F1_Import reading]]-CK57)*1200)>0,(Input_Raw[[#This Row],[33 kV_Wind_F1_Import reading]]-CK57)*1200,0) -> 1200 | CT58: =IF(((Input_Raw[[#This Row],[33 kV_Wind_F2_Export_reading]]-CL57)*1200)>0,(Input_Raw[[#This Row],[33 kV_Wind_F2_Export_reading]]-CL57)*1200,0) -> 43200 | CU58: =IF(((Input_Raw[[#This Row],[33 kV_Wind_F2_Import_reading]]-CM57)*1200)>0,(Input_Raw[[#This Row],[33 kV_Wind_F2_Import_reading]]-CM57)*1200,0) -> 1200 | CV58: =IF(((Input_Raw[[#This Row],[33 kV_Wind_F3_Export_Reading]]-CN57)*1200)>0,(Input_Raw[[#This Row],[33 kV_Wind_F3_Export_Reading]]-CN57)*1200,0) -> 49200 | CW58: =IF(((Input_Raw[[#This Row],[33 kV_Wind_F3_Import_Reading]]-CO57)*1200)>0,(Input_Raw[[#This Row],[33 kV_Wind_F3_Import_Reading]]-CO57)*1200,0) -> 1200 | CX58: =IF(((Input_Raw[[#This Row],[33 kV_Wind_F4_Export Reading]]-CP57)*1200)>0,(Input_Raw[[#This Row],[33 kV_Wind_F4_Export Reading]]-CP57)*1200,0) -> 50400 | CY58: =IF(((Input_Raw[[#This Row],[33 kV_Wind_F4_Import Reading]]-CQ57)*1200)>0,(Input_Raw[[#This Row],[33 kV_Wind_F4_Import Reading]]-CQ57)*1200,0) -> 1200 | CZ58: =Input_Raw[[#This Row],[33 kV_F1_Total_Export (KWh)]]+Input_Raw[[#This Row],[33 kV_F2_Total_Export (KWh)2]]+Input_Raw[[#This Row],[33 kV_Wind_F3_Export (KWh)]]+Input_Raw[[#This Row],[33 kV_Wind_F4_Export (KWh)]] -> 187200 | DA58: =Input_Raw[[#This Row],[33 kV_Wind_F1_Import (KWh)]]+Input_Raw[[#This Row],[33 kV_Wind_F2_Import (KWh)]]+Input_Raw[[#This Row],[33 kV_Wind_F3_Import (KWh)2]]+Input_Raw[[#This Row],[33 kV_Wind_F4_Import (KWh)2]] -> 4800 | DB58: =IFERROR(1-Input_Raw[[#This Row],[33 kV_Wind_Total_Export (KWh)]]/Input_Raw[[#This Row],[WTG Total Gneration (KWh)]],0) -> 0.023591327 | DC58: 96 | DD58: 9688 | DE58: 191.73 | DG58: 78 | DH58: No scada available server OS failed
A59: =A58+1 -> 45799 | B59: =YEAR([1]!Input_Raw[[#This Row],[Date]])+IF(MONTH([1]!Input_Raw[[#This Row],[Date]])>=4,1,0) -> 2026 | C59: =YEAR([1]!Input_Raw[[#This Row],[Date]]) -> 2025 | D59: =A59-DAY(A59)+1 -> 45778 | E59: =DAY(EOMONTH([1]!Input_Raw[[#This Row],[Date]],0)) -> 31 | F59: 6537 | G59: 6585 | H59: 6279 | I59: 6263 | J59: 8296 | K59: 6578 | L59: 6542 | M59: 6545 | N59: 9753 | O59: 6567 | P59: 6582 | Q59: 9745 | R59: 9746 | S59: 9723 | T59: 9748 | U59: 9752 | V59: 9758 | W59: 9742 | X59: 9772 | Y59: 9784 | Z59: 8833 | AA59: 8842 | AB59: 8829 | AC59: 8835 | AD59: 6041 | AE59: 8846 | AF59: 8852 | AG59: 0 | AH59: 8853 | AI59: 0 | AJ59: 5885 | AK59: 6046 | AL59: 6042 | AM59: 6055 | AN59: 6057 | AO59: 6048 | AP59: 5564 | AQ59: 6049 | AR59: 6067 | AS59: 4.85 | AT59: 5.26 | AU59: 4.68 | AV59: 5.05 | AW59: 5 | AX59: 5.11 | AY59: 4.84 | AZ59: 4.48 | BA59: 5.09 | BB59: 4.83 | BC59: 5.29 | BD59: 5.04 | BE59: 5.15 | BF59: 5.24 | BG59: 4.99 | BH59: 5.44 | BI59: 4.96 | BJ59: 5.48 | BK59: 5.43 | BL59: 5.67 | BM59: 0 | BN59: 5.29 | BO59: 4.82 | BP59: 5.04 | BQ59: 5.32 | BR59: 5.01 | BS59: 5.03 | BT59: 0,0 | BU59: 4.81 | BV59: 0 | BW59: 4.95 | BX59: 5.01 | BY59: 4.99 | BZ59: 5.16 | CA59: 5.21 | CB59: 4.87 | CC59: 5.18 | CD59: 4.85 | CE59: 5.19 | CF59: =SUM(Input_Raw[[#This Row],[G01]:[G40]]) -> 286041 | CG59: =IFERROR(AVERAGE(Input_Raw[[#This Row],[WS_G01]:[WS_G40]]),"") -> 4.8055263 | CJ59: 240941 | CK59: 2185 | CL59: 280858 | CM59: 2212 | CN59: 257037 | CO59: 1820 | CP59: 293032 | CQ59: 1866 | CR59: =IF(((Input_Raw[[#This Row],[33 kV_Wind_F1_Export reading]]-CJ58)*1200)>0,(Input_Raw[[#This Row],[33 kV_Wind_F1_Export reading]]-CJ58)*1200,0) -> 58800 | CS59: =IF(((Input_Raw[[#This Row],[33 kV_Wind_F1_Import reading]]-CK58)*1200)>0,(Input_Raw[[#This Row],[33 kV_Wind_F1_Import reading]]-CK58)*1200,0) -> 1200 | CT59: =IF(((Input_Raw[[#This Row],[33 kV_Wind_F2_Export_reading]]-CL58)*1200)>0,(Input_Raw[[#This Row],[33 kV_Wind_F2_Export_reading]]-CL58)*1200,0) -> 69600 | CU59: =IF(((Input_Raw[[#This Row],[33 kV_Wind_F2_Import_reading]]-CM58)*1200)>0,(Input_Raw[[#This Row],[33 kV_Wind_F2_Import_reading]]-CM58)*1200,0) -> 1200 | CV59: =IF(((Input_Raw[[#This Row],[33 kV_Wind_F3_Export_Reading]]-CN58)*1200)>0,(Input_Raw[[#This Row],[33 kV_Wind_F3_Export_Reading]]-CN58)*1200,0) -> 60000 | CW59: =IF(((Input_Raw[[#This Row],[33 kV_Wind_F3_Import_Reading]]-CO58)*1200)>0,(Input_Raw[[#This Row],[33 kV_Wind_F3_Import_Reading]]-CO58)*1200,0) -> 1200 | CX59: =IF(((Input_Raw[[#This Row],[33 kV_Wind_F4_Export Reading]]-CP58)*1200)>0,(Input_Raw[[#This Row],[33 kV_Wind_F4_Export Reading]]-CP58)*1200,0) -> 97200 | CY59: =IF(((Input_Raw[[#This Row],[33 kV_Wind_F4_Import Reading]]-CQ58)*1200)>0,(Input_Raw[[#This Row],[33 kV_Wind_F4_Import Reading]]-CQ58)*1200,0) -> 1200 | CZ59: =Input_Raw[[#This Row],[33 kV_F1_Total_Export (KWh)]]+Input_Raw[[#This Row],[33 kV_F2_Total_Export (KWh)2]]+Input_Raw[[#This Row],[33 kV_Wind_F3_Export (KWh)]]+Input_Raw[[#This Row],[33 kV_Wind_F4_Export (KWh)]] -> 285600 | DA59: =Input_Raw[[#This Row],[33 kV_Wind_F1_Import (KWh)]]+Input_Raw[[#This Row],[33 kV_Wind_F2_Import (KWh)]]+Input_Raw[[#This Row],[33 kV_Wind_F3_Import (KWh)2]]+Input_Raw[[#This Row],[33 kV_Wind_F4_Import (KWh)2]] -> 4800 | DB59: =IFERROR(1-Input_Raw[[#This Row],[33 kV_Wind_Total_Export (KWh)]]/Input_Raw[[#This Row],[WTG Total Gneration (KWh)]],0) -> 0.001541737 | DC59: 96 | DD59: 3218 | DE59: 286.08 | DG59: 78 | DH59: No scada available server OS failed
A60: =A59+1 -> 45800 | B60: =YEAR([1]!Input_Raw[[#This Row],[Date]])+IF(MONTH([1]!Input_Raw[[#This Row],[Date]])>=4,1,0) -> 2026 | C60: =YEAR([1]!Input_Raw[[#This Row],[Date]]) -> 2025 | D60: =A60-DAY(A60)+1 -> 45778 | E60: =DAY(EOMONTH([1]!Input_Raw[[#This Row],[Date]],0)) -> 31 | F60: 2801 | G60: 2812 | H60: 2817 | I60: 2814 | J60: 2032 | K60: 2801 | L60: 2809 | M60: 2816 | N60: 3103 | O60: 2832 | P60: 2840 | Q60: 3108 | R60: 3107 | S60: 3118 | T60: 3001 | U60: 3109 | V60: 3111 | W60: 3104 | X60: 3128 | Y60: 3135 | Z60: 2045 | AA60: 2042 | AB60: 2007 | AC60: 2021 | AD60: 1521 | AE60: 2014 | AF60: 2038 | AG60: 0 | AH60: 2042 | AI60: 0 | AJ60: 1532 | AK60: 1542 | AL60: 1526 | AM60: 1535 | AN60: 1542 | AO60: 1540 | AP60: 1538 | AQ60: 1539 | AR60: 1542 | AS60: 3.160465 | AT60: 3.5607857 | AU60: 3.1150643 | AV60: 3.3498214 | AW60: 3.3268703 | AX60: 3.1994317 | AY60: 3.1126522 | AZ60: 3.3074779 | BA60: 3.3207647 | BB60: 2.8658963 | BC60: 3.1958955 | BD60: 3.2101955 | BE60: 3.4380947 | BF60: 3.1363817 | BG60: 3.1875308 | BH60: 3.02 | BI60: 3.2244063 | BJ60: 3.1801575 | BK60: 3.1785397 | BL60: 3.089176 | BM60: 3.3396569 | BN60: 3.3299802 | BO60: 3.153667 | BP60: 2.9715847 | BQ60: 3.100733 | BR60: 2.7795313 | BS60: 3.1705337 | BT60: 0 | BU60: 3.0810968 | BV60: 0 | BW60: 3.1179022 | BX60: 2.8481661 | BY60: 2.9089775 | BZ60: 3.153083 | CA60: 3.0023655 | CB60: 3.1489512 | CC60: 3.0592047 | CD60: 3.2 | CE60: 3.0888108 | CF60: =SUM(Input_Raw[[#This Row],[G01]:[G40]]) -> 87964 | CG60: =IFERROR(AVERAGE(Input_Raw[[#This Row],[WS_G01]:[WS_G40]]),"") -> 2.9906116 | CJ60: 240953 | CK60: 2186 | CL60: 280871 | CM60: 2213 | CN60: 257057 | CO60: 1821 | CP60: 293057 | CQ60: 1867 | CR60: =IF(((Input_Raw[[#This Row],[33 kV_Wind_F1_Export reading]]-CJ59)*1200)>0,(Input_Raw[[#This Row],[33 kV_Wind_F1_Export reading]]-CJ59)*1200,0) -> 14400 | CS60: =IF(((Input_Raw[[#This Row],[33 kV_Wind_F1_Import reading]]-CK59)*1200)>0,(Input_Raw[[#This Row],[33 kV_Wind_F1_Import reading]]-CK59)*1200,0) -> 1200 | CT60: =IF(((Input_Raw[[#This Row],[33 kV_Wind_F2_Export_reading]]-CL59)*1200)>0,(Input_Raw[[#This Row],[33 kV_Wind_F2_Export_reading]]-CL59)*1200,0) -> 15600 | CU60: =IF(((Input_Raw[[#This Row],[33 kV_Wind_F2_Import_reading]]-CM59)*1200)>0,(Input_Raw[[#This Row],[33 kV_Wind_F2_Import_reading]]-CM59)*1200,0) -> 1200 | CV60: =IF(((Input_Raw[[#This Row],[33 kV_Wind_F3_Export_Reading]]-CN59)*1200)>0,(Input_Raw[[#This Row],[33 kV_Wind_F3_Export_Reading]]-CN59)*1200,0) -> 24000 | CW60: =IF(((Input_Raw[[#This Row],[33 kV_Wind_F3_Import_Reading]]-CO59)*1200)>0,(Input_Raw[[#This Row],[33 kV_Wind_F3_Import_Reading]]-CO59)*1200,0) -> 1200 | CX60: =IF(((Input_Raw[[#This Row],[33 kV_Wind_F4_Export Reading]]-CP59)*1200)>0,(Input_Raw[[#This Row],[33 kV_Wind_F4_Export Reading]]-CP59)*1200,0) -> 30000 | CY60: =IF(((Input_Raw[[#This Row],[33 kV_Wind_F4_Import Reading]]-CQ59)*1200)>0,(Input_Raw[[#This Row],[33 kV_Wind_F4_Import Reading]]-CQ59)*1200,0) -> 1200 | CZ60: =Input_Raw[[#This Row],[33 kV_F1_Total_Export (KWh)]]+Input_Raw[[#This Row],[33 kV_F2_Total_Export (KWh)2]]+Input_Raw[[#This Row],[33 kV_Wind_F3_Export (KWh)]]+Input_Raw[[#This Row],[33 kV_Wind_F4_Export (KWh)]] -> 84000 | DA60: =Input_Raw[[#This Row],[33 kV_Wind_F1_Import (KWh)]]+Input_Raw[[#This Row],[33 kV_Wind_F2_Import (KWh)]]+Input_Raw[[#This Row],[33 kV_Wind_F3_Import (KWh)2]]+Input_Raw[[#This Row],[33 kV_Wind_F4_Import (KWh)2]] -> 4800 | DB60: =IFERROR(1-Input_Raw[[#This Row],[33 kV_Wind_Total_Export (KWh)]]/Input_Raw[[#This Row],[WTG Total Gneration (KWh)]],0) -> 0.04506389 | DC60: 96 | DD60: 45073 | DE60: 87.96 | DG60: 78 | DH60: No scada available server OS failed
A61: =A60+1 -> 45801 | B61: =YEAR([1]!Input_Raw[[#This Row],[Date]])+IF(MONTH([1]!Input_Raw[[#This Row],[Date]])>=4,1,0) -> 2026 | C61: =YEAR([1]!Input_Raw[[#This Row],[Date]]) -> 2025 | D61: =A61-DAY(A61)+1 -> 45778 | E61: =DAY(EOMONTH([1]!Input_Raw[[#This Row],[Date]],0)) -> 31 | F61: 7042 | G61: 7032 | H61: 7021 | I61: 7022 | J61: 7732 | K61: 7053 | L61: 7043 | M61: 7033 | N61: 7342 | O61: 7057 | P61: 7069 | Q61: 7352 | R61: 7347 | S61: 7349 | T61: 7354 | U61: 6521 | V61: 7365 | W61: 7359 | X61: 7387 | Y61: 7395 | Z61: 7768 | AA61: 7758 | AB61: 7743 | AC61: 7728 | AD61: 5831 | AE61: 7721 | AF61: 7772 | AG61: 0 | AH61: 7787 | AI61: 0 | AJ61: 6467 | AK61: 6457 | AL61: 6043 | AM61: 6452 | AN61: 6456 | AO61: 6451 | AP61: 6458 | AQ61: 6487 | AR61: 6466 | AS61: 4.85 | AT61: 5.26 | AU61: 4.68 | AV61: 5.05 | AW61: 5 | AX61: 5.11 | AY61: 4.84 | AZ61: 4.48 | BA61: 5.09 | BB61: 4.83 | BC61: 5.29 | BD61: 5.04 | BE61: 5.15 | BF61: 5.24 | BG61: 4.99 | BH61: 5.44 | BI61: 4.96 | BJ61: 5.48 | BK61: 5.43 | BL61: 5.67 | BM61: 0 | BN61: 5.29 | BO61: 4.82 | BP61: 5.04 | BQ61: 5.32 | BR61: 5.01 | BS61: 5.03 | BT61: 0 | BU61: 4.81 | BV61: 0 | BW61: 4.95 | BX61: 5.01 | BY61: 4.99 | BZ61: 5.16 | CA61: 5.21 | CB61: 4.87 | CC61: 5.18 | CD61: 4.85 | CE61: 5.19 | CF61: =SUM(Input_Raw[[#This Row],[G01]:[G40]]) -> 261720 | CG61: =IFERROR(AVERAGE(Input_Raw[[#This Row],[WS_G01]:[WS_G40]]),"") -> 4.6823077 | CJ61: 241005 | CK61: 2187 | CL61: 280922 | CM61: 2214 | CN61: 257109 | CO61: 1822 | CP61: 293117 | CQ61: 1867 | CR61: =IF(((Input_Raw[[#This Row],[33 kV_Wind_F1_Export reading]]-CJ60)*1200)>0,(Input_Raw[[#This Row],[33 kV_Wind_F1_Export reading]]-CJ60)*1200,0) -> 62400 | CS61: =IF(((Input_Raw[[#This Row],[33 kV_Wind_F1_Import reading]]-CK60)*1200)>0,(Input_Raw[[#This Row],[33 kV_Wind_F1_Import reading]]-CK60)*1200,0) -> 1200 | CT61: =IF(((Input_Raw[[#This Row],[33 kV_Wind_F2_Export_reading]]-CL60)*1200)>0,(Input_Raw[[#This Row],[33 kV_Wind_F2_Export_reading]]-CL60)*1200,0) -> 61200 | CU61: =IF(((Input_Raw[[#This Row],[33 kV_Wind_F2_Import_reading]]-CM60)*1200)>0,(Input_Raw[[#This Row],[33 kV_Wind_F2_Import_reading]]-CM60)*1200,0) -> 1200 | CV61: =IF(((Input_Raw[[#This Row],[33 kV_Wind_F3_Export_Reading]]-CN60)*1200)>0,(Input_Raw[[#This Row],[33 kV_Wind_F3_Export_Reading]]-CN60)*1200,0) -> 62400 | CW61: =IF(((Input_Raw[[#This Row],[33 kV_Wind_F3_Import_Reading]]-CO60)*1200)>0,(Input_Raw[[#This Row],[33 kV_Wind_F3_Import_Reading]]-CO60)*1200,0) -> 1200 | CX61: =IF(((Input_Raw[[#This Row],[33 kV_Wind_F4_Export Reading]]-CP60)*1200)>0,(Input_Raw[[#This Row],[33 kV_Wind_F4_Export Reading]]-CP60)*1200,0) -> 72000 | CY61: =IF(((Input_Raw[[#This Row],[33 kV_Wind_F4_Import Reading]]-CQ60)*1200)>0,(Input_Raw[[#This Row],[33 kV_Wind_F4_Import Reading]]-CQ60)*1200,0) -> 0 | CZ61: =Input_Raw[[#This Row],[33 kV_F1_Total_Export (KWh)]]+Input_Raw[[#This Row],[33 kV_F2_Total_Export (KWh)2]]+Input_Raw[[#This Row],[33 kV_Wind_F3_Export (KWh)]]+Input_Raw[[#This Row],[33 kV_Wind_F4_Export (KWh)]] -> 258000 | DA61: =Input_Raw[[#This Row],[33 kV_Wind_F1_Import (KWh)]]+Input_Raw[[#This Row],[33 kV_Wind_F2_Import (KWh)]]+Input_Raw[[#This Row],[33 kV_Wind_F3_Import (KWh)2]]+Input_Raw[[#This Row],[33 kV_Wind_F4_Import (KWh)2]] -> 3600 | DB61: =IFERROR(1-Input_Raw[[#This Row],[33 kV_Wind_Total_Export (KWh)]]/Input_Raw[[#This Row],[WTG Total Gneration (KWh)]],0) -> 0.014213663 | DC61: 96 | DD61: 54003 | DE61: 261.72 | DG61: 78 | DH61: No scada available server OS failed
A62: =A61+1 -> 45802 | B62: =YEAR([1]!Input_Raw[[#This Row],[Date]])+IF(MONTH([1]!Input_Raw[[#This Row],[Date]])>=4,1,0) -> 2026 | C62: =YEAR([1]!Input_Raw[[#This Row],[Date]]) -> 2025 | D62: =A62-DAY(A62)+1 -> 45778 | E62: =DAY(EOMONTH([1]!Input_Raw[[#This Row],[Date]],0)) -> 31 | F62: 7125 | G62: 7129 | H62: 7132 | I62: 7136 | J62: 5501 | K62: 7142 | L62: 7122 | M62: 7126 | N62: 7109 | O62: 6749 | P62: 7164 | Q62: 7110 | R62: 7118 | S62: 7126 | T62: 7129 | U62: 6898 | V62: 6473 | W62: 7108 | X62: 7142 | Y62: 7149 | Z62: 5521 | AA62: 5518 | AB62: 5509 | AC62: 5524 | AD62: 5842 | AE62: 5516 | AF62: 5528 | AG62: 0 | AH62: 5532 | AI62: 0 | AJ62: 5589 | AK62: 5822 | AL62: 5821 | AM62: 5842 | AN62: 5846 | AO62: 5844 | AP62: 5824 | AQ62: 5839 | AR62: 5842 | AS62: 4.0641181 | AT62: 4.0593056 | AU62: 4.0183403 | AV62: 3.9908403 | AW62: 3.9707986 | AX62: 4.1533333 | AY62: 4.1533333 | AZ62: 4.3952638 | BA62: 4.0945833 | BB62: 4.189125 | BC62: 4.5515754 | BD62: 4.0447986 | BE62: 4.0977431 | BF62: 4.1513819 | BG62: 4.1149521 | BH62: 4.1474861 | BI62: 4.3756667 | BJ62: 4.3612431 | BK62: 4.2470694 | BL62: 4.3102222 | BM62: 4.1 | BN62: 4.0657153 | BO62: 3.9717917 | BP62: 4.1679514 | BQ62: 3.8945486 | BR62: 3.9962014 | BS62: 4.0165833 | BT62: 0 | BU62: 4.1 | BV62: 0 | BW62: 3.8082361 | BX62: 3.9237569 | BY62: 4.0071736 | BZ62: 4.0676806 | CA62: 4.0488194 | CB62: 4.1112569 | CC62: 3.8610278 | CD62: 3.9456944 | CE62: 3.945375 | CF62: =SUM(Input_Raw[[#This Row],[G01]:[G40]]) -> 236447 | CG62: =IFERROR(AVERAGE(Input_Raw[[#This Row],[WS_G01]:[WS_G40]]),"") -> 3.8852049 | CJ62: 241053 | CK62: 2187 | CL62: 280958 | CM62: 2214 | CN62: 257161 | CO62: 1822 | CP62: 293174 | CQ62: 1868 | CR62: =IF(((Input_Raw[[#This Row],[33 kV_Wind_F1_Export reading]]-CJ61)*1200)>0,(Input_Raw[[#This Row],[33 kV_Wind_F1_Export reading]]-CJ61)*1200,0) -> 57600 | CS62: =IF(((Input_Raw[[#This Row],[33 kV_Wind_F1_Import reading]]-CK61)*1200)>0,(Input_Raw[[#This Row],[33 kV_Wind_F1_Import reading]]-CK61)*1200,0) -> 0 | CT62: =IF(((Input_Raw[[#This Row],[33 kV_Wind_F2_Export_reading]]-CL61)*1200)>0,(Input_Raw[[#This Row],[33 kV_Wind_F2_Export_reading]]-CL61)*1200,0) -> 43200 | CU62: =IF(((Input_Raw[[#This Row],[33 kV_Wind_F2_Import_reading]]-CM61)*1200)>0,(Input_Raw[[#This Row],[33 kV_Wind_F2_Import_reading]]-CM61)*1200,0) -> 0 | CV62: =IF(((Input_Raw[[#This Row],[33 kV_Wind_F3_Export_Reading]]-CN61)*1200)>0,(Input_Raw[[#This Row],[33 kV_Wind_F3_Export_Reading]]-CN61)*1200,0) -> 62400 | CW62: =IF(((Input_Raw[[#This Row],[33 kV_Wind_F3_Import_Reading]]-CO61)*1200)>0,(Input_Raw[[#This Row],[33 kV_Wind_F3_Import_Reading]]-CO61)*1200,0) -> 0 | CX62: =IF(((Input_Raw[[#This Row],[33 kV_Wind_F4_Export Reading]]-CP61)*1200)>0,(Input_Raw[[#This Row],[33 kV_Wind_F4_Export Reading]]-CP61)*1200,0) -> 68400 | CY62: =IF(((Input_Raw[[#This Row],[33 kV_Wind_F4_Import Reading]]-CQ61)*1200)>0,(Input_Raw[[#This Row],[33 kV_Wind_F4_Import Reading]]-CQ61)*1200,0) -> 1200 | CZ62: =Input_Raw[[#This Row],[33 kV_F1_Total_Export (KWh)]]+Input_Raw[[#This Row],[33 kV_F2_Total_Export (KWh)2]]+Input_Raw[[#This Row],[33 kV_Wind_F3_Export (KWh)]]+Input_Raw[[#This Row],[33 kV_Wind_F4_Export (KWh)]] -> 231600 | DA62: =Input_Raw[[#This Row],[33 kV_Wind_F1_Import (KWh)]]+Input_Raw[[#This Row],[33 kV_Wind_F2_Import (KWh)]]+Input_Raw[[#This Row],[33 kV_Wind_F3_Import (KWh)2]]+Input_Raw[[#This Row],[33 kV_Wind_F4_Import (KWh)2]] -> 1200 | DB62: =IFERROR(1-Input_Raw[[#This Row],[33 kV_Wind_Total_Export (KWh)]]/Input_Raw[[#This Row],[WTG Total Gneration (KWh)]],0) -> 0.020499309 | DC62: 96 | DD62: 64981 | DE62: 236.44 | DG62: 78 | DH62: No scada available server OS failed
A63: =A62+1 -> 45803 | B63: =YEAR([1]!Input_Raw[[#This Row],[Date]])+IF(MONTH([1]!Input_Raw[[#This Row],[Date]])>=4,1,0) -> 2026 | C63: =YEAR([1]!Input_Raw[[#This Row],[Date]]) -> 2025 | D63: =A63-DAY(A63)+1 -> 45778 | E63: =DAY(EOMONTH([1]!Input_Raw[[#This Row],[Date]],0)) -> 31 | F63: 4453 | G63: 4458 | H63: 4421 | I63: 4290 | J63: 3602 | K63: 4456 | L63: 4434 | M63: 4426 | N63: 3729 | O63: 4456 | P63: 4467 | Q63: 3742 | R63: 3745 | S63: 3749 | T63: 3752 | U63: 3750 | V63: 3753 | W63: 3321 | X63: 3356 | Y63: 3758 | Z63: 3656 | AA63: 3643 | AB63: 3622 | AC63: 3234 | AD63: 3552 | AE63: 3652 | AF63: 3649 | AG63: 0 | AH63: 3424 | AI63: 0 | AJ63: 3553 | AK63: 3572 | AL63: 3522 | AM63: 3562 | AN63: 3565 | AO63: 3560 | AP63: 3532 | AQ63: 3529 | AR63: 3321 | AS63: 3.74 | AT63: 3.74 | AU63: 3.75 | AV63: 3.66 | AW63: 3.58 | AX63: 4.01 | AY63: 3.68 | AZ63: 3.94 | BA63: 3.7 | BB63: 3.66 | BC63: 3.85 | BD63: 3.83 | BE63: 3.84 | BF63: 3.92 | BG63: 3.11 | BH63: 0 | BI63: 4.02 | BJ63: 3.98 | BK63: 4.12 | BL63: 4.16 | BM63: 3.79 | BN63: 3.68 | BO63: 3.68 | BP63: 3.85 | BQ63: 3.49 | BR63: 3.7 | BS63: 3.67 | BT63: 0 | BU63: 3.9 | BV63: 0 | BW63: 3.66 | BX63: 3.57 | BY63: 3.7 | BZ63: 3.91 | CA63: 4.05 | CB63: 3.93 | CC63: 3.61 | CD63: 4.13 | CE63: 3.7 | CF63: =SUM(Input_Raw[[#This Row],[G01]:[G40]]) -> 140266 | CG63: =IFERROR(AVERAGE(Input_Raw[[#This Row],[WS_G01]:[WS_G40]]),"") -> 3.4951282 | CJ63: 241082 | CK63: 2188 | CL63: 280981 | CM63: 2215 | CN63: 257194 | CO63: 1823 | CP63: 293204 | CQ63: 1868 | CR63: =IF(((Input_Raw[[#This Row],[33 kV_Wind_F1_Export reading]]-CJ62)*1200)>0,(Input_Raw[[#This Row],[33 kV_Wind_F1_Export reading]]-CJ62)*1200,0) -> 34800 | CS63: =IF(((Input_Raw[[#This Row],[33 kV_Wind_F1_Import reading]]-CK62)*1200)>0,(Input_Raw[[#This Row],[33 kV_Wind_F1_Import reading]]-CK62)*1200,0) -> 1200 | CT63: =IF(((Input_Raw[[#This Row],[33 kV_Wind_F2_Export_reading]]-CL62)*1200)>0,(Input_Raw[[#This Row],[33 kV_Wind_F2_Export_reading]]-CL62)*1200,0) -> 27600 | CU63: =IF(((Input_Raw[[#This Row],[33 kV_Wind_F2_Import_reading]]-CM62)*1200)>0,(Input_Raw[[#This Row],[33 kV_Wind_F2_Import_reading]]-CM62)*1200,0) -> 1200 | CV63: =IF(((Input_Raw[[#This Row],[33 kV_Wind_F3_Export_Reading]]-CN62)*1200)>0,(Input_Raw[[#This Row],[33 kV_Wind_F3_Export_Reading]]-CN62)*1200,0) -> 39600 | CW63: =IF(((Input_Raw[[#This Row],[33 kV_Wind_F3_Import_Reading]]-CO62)*1200)>0,(Input_Raw[[#This Row],[33 kV_Wind_F3_Import_Reading]]-CO62)*1200,0) -> 1200 | CX63: =IF(((Input_Raw[[#This Row],[33 kV_Wind_F4_Export Reading]]-CP62)*1200)>0,(Input_Raw[[#This Row],[33 kV_Wind_F4_Export Reading]]-CP62)*1200,0) -> 36000 | CY63: =IF(((Input_Raw[[#This Row],[33 kV_Wind_F4_Import Reading]]-CQ62)*1200)>0,(Input_Raw[[#This Row],[33 kV_Wind_F4_Import Reading]]-CQ62)*1200,0) -> 0 | CZ63: =Input_Raw[[#This Row],[33 kV_F1_Total_Export (KWh)]]+Input_Raw[[#This Row],[33 kV_F2_Total_Export (KWh)2]]+Input_Raw[[#This Row],[33 kV_Wind_F3_Export (KWh)]]+Input_Raw[[#This Row],[33 kV_Wind_F4_Export (KWh)]] -> 138000 | DA63: =Input_Raw[[#This Row],[33 kV_Wind_F1_Import (KWh)]]+Input_Raw[[#This Row],[33 kV_Wind_F2_Import (KWh)]]+Input_Raw[[#This Row],[33 kV_Wind_F3_Import (KWh)2]]+Input_Raw[[#This Row],[33 kV_Wind_F4_Import (KWh)2]] -> 3600 | DB63: =IFERROR(1-Input_Raw[[#This Row],[33 kV_Wind_Total_Export (KWh)]]/Input_Raw[[#This Row],[WTG Total Gneration (KWh)]],0) -> 0.01615502 | DC63: 94 | DD63: 14022 | DE63: 140.26 | DG63: 78 | DH63: No scada available server OS failed
A64: =A63+1 -> 45804 | B64: =YEAR([1]!Input_Raw[[#This Row],[Date]])+IF(MONTH([1]!Input_Raw[[#This Row],[Date]])>=4,1,0) -> 2026 | C64: =YEAR([1]!Input_Raw[[#This Row],[Date]]) -> 2025 | D64: =A64-DAY(A64)+1 -> 45778 | E64: =DAY(EOMONTH([1]!Input_Raw[[#This Row],[Date]],0)) -> 31 | F64: 8741 | G64: 10621 | H64: 10623 | I64: 10219 | J64: 11850 | K64: 10227 | L64: 10615 | M64: 10632 | N64: 14750 | O64: 10645 | P64: 10658 | Q64: 14755 | R64: 14752 | S64: 14749 | T64: 14754 | U64: 14758 | V64: 14762 | W64: 14742 | X64: 14782 | Y64: 12689 | Z64: 11856 | AA64: 11852 | AB64: 11811 | AC64: 11861 | AD64: 10450 | AE64: 11852 | AF64: 11859 | AG64: 0 | AH64: 10981 | AI64: 0 | AJ64: 10452 | AK64: 9572 | AL64: 10421 | AM64: 10465 | AN64: 10459 | AO64: 10456 | AP64: 10448 | AQ64: 10463 | AR64: 10465 | AS64: 4.85 | AT64: 5.37 | AU64: 4.76 | AV64: 4.77 | AW64: 5.09 | AX64: 5.19 | AY64: 4.8 | AZ64: 4.87 | BA64: 5.25 | BB64: 4.98 | BC64: 5.45 | BD64: 5.28 | BE64: 5.32 | BF64: 5.14 | BG64: 5.09 | BH64: 5.27 | BI64: 5.07 | BJ64: 5.36 | BK64: 6.59 | BL64: 5.63 | BM64: 5.4 | BN64: 5.44 | BO64: 4.66 | BP64: 4.98 | BQ64: 4.95 | BR64: 4.71 | BS64: 4.88 | BT64: 0 | BU64: 4.86 | BV64: 0 | BW64: 4.59 | BX64: 4.73 | BY64: 4.88 | BZ64: 4.88 | CA64: 5.07 | CB64: 5.05 | CC64: 4.83 | CD64: 4.74 | CE64: 5.01 | CF64: =SUM(Input_Raw[[#This Row],[G01]:[G40]]) -> 436047 | CG64: =IFERROR(AVERAGE(Input_Raw[[#This Row],[WS_G01]:[WS_G40]]),"") -> 4.8151282 | CJ64: 241168 | CK64: 2188 | CL64: 281059 | CM64: 2215 | CN64: 257271 | CO64: 1823 | CP64: 293325 | CQ64: 1868 | CR64: =IF(((Input_Raw[[#This Row],[33 kV_Wind_F1_Export reading]]-CJ63)*1200)>0,(Input_Raw[[#This Row],[33 kV_Wind_F1_Export reading]]-CJ63)*1200,0) -> 103200 | CS64: =IF(((Input_Raw[[#This Row],[33 kV_Wind_F1_Import reading]]-CK63)*1200)>0,(Input_Raw[[#This Row],[33 kV_Wind_F1_Import reading]]-CK63)*1200,0) -> 0 | CT64: =IF(((Input_Raw[[#This Row],[33 kV_Wind_F2_Export_reading]]-CL63)*1200)>0,(Input_Raw[[#This Row],[33 kV_Wind_F2_Export_reading]]-CL63)*1200,0) -> 93600 | CU64: =IF(((Input_Raw[[#This Row],[33 kV_Wind_F2_Import_reading]]-CM63)*1200)>0,(Input_Raw[[#This Row],[33 kV_Wind_F2_Import_reading]]-CM63)*1200,0) -> 0 | CV64: =IF(((Input_Raw[[#This Row],[33 kV_Wind_F3_Export_Reading]]-CN63)*1200)>0,(Input_Raw[[#This Row],[33 kV_Wind_F3_Export_Reading]]-CN63)*1200,0) -> 92400 | CW64: =IF(((Input_Raw[[#This Row],[33 kV_Wind_F3_Import_Reading]]-CO63)*1200)>0,(Input_Raw[[#This Row],[33 kV_Wind_F3_Import_Reading]]-CO63)*1200,0) -> 0 | CX64: =IF(((Input_Raw[[#This Row],[33 kV_Wind_F4_Export Reading]]-CP63)*1200)>0,(Input_Raw[[#This Row],[33 kV_Wind_F4_Export Reading]]-CP63)*1200,0) -> 145200 | CY64: =IF(((Input_Raw[[#This Row],[33 kV_Wind_F4_Import Reading]]-CQ63)*1200)>0,(Input_Raw[[#This Row],[33 kV_Wind_F4_Import Reading]]-CQ63)*1200,0) -> 0 | CZ64: =Input_Raw[[#This Row],[33 kV_F1_Total_Export (KWh)]]+Input_Raw[[#This Row],[33 kV_F2_Total_Export (KWh)2]]+Input_Raw[[#This Row],[33 kV_Wind_F3_Export (KWh)]]+Input_Raw[[#This Row],[33 kV_Wind_F4_Export (KWh)]] -> 434400 | DA64: =Input_Raw[[#This Row],[33 kV_Wind_F1_Import (KWh)]]+Input_Raw[[#This Row],[33 kV_Wind_F2_Import (KWh)]]+Input_Raw[[#This Row],[33 kV_Wind_F3_Import (KWh)2]]+Input_Raw[[#This Row],[33 kV_Wind_F4_Import (KWh)2]] -> 0 | DB64: =IFERROR(1-Input_Raw[[#This Row],[33 kV_Wind_Total_Export (KWh)]]/Input_Raw[[#This Row],[WTG Total Gneration (KWh)]],0) -> 0.0037771158 | DC64: 96 | DD64: 86461 | DE64: 436.04 | DG64: 78 | DH64: No scada available server OS failed
A65: =A64+1 -> 45805 | B65: =YEAR([1]!Input_Raw[[#This Row],[Date]])+IF(MONTH([1]!Input_Raw[[#This Row],[Date]])>=4,1,0) -> 2026 | C65: =YEAR([1]!Input_Raw[[#This Row],[Date]]) -> 2025 | D65: =A65-DAY(A65)+1 -> 45778 | E65: =DAY(EOMONTH([1]!Input_Raw[[#This Row],[Date]],0)) -> 31 | F65: 5219 | G65: 16389 | H65: 16385 | I65: 16380 | J65: 9901 | K65: 16374 | L65: 15953 | M65: 16387 | N65: 13721 | O65: 16382 | P65: 16389 | Q65: 13750 | R65: 13752 | S65: 12032 | T65: 13759 | U65: 13021 | V65: 13752 | W65: 13744 | X65: 13759 | Y65: 13782 | Z65: 9957 | AA65: 9952 | AB65: 9932 | AC65: 9967 | AD65: 7450 | AE65: 9962 | AF65: 9969 | AG65: 0 | AH65: 9974 | AI65: 0 | AJ65: 7432 | AK65: 7021 | AL65: 7422 | AM65: 7437 | AN65: 7442 | AO65: 7445 | AP65: 7431 | AQ65: 7447 | AR65: 7451 | AS65: 4.73 | AT65: 5.25 | AU65: 4.97 | AV65: 4.56 | AW65: 4.53 | AX65: 5.13 | AY65: 4.74 | AZ65: 4.54 | BA65: 5.04 | BB65: 4.65 | BC65: 5.08 | BD65: 5.09 | BE65: 5.15 | BF65: 6.01 | BG65: 4.79 | BH65: 4.63 | BI65: 4.4 | BJ65: 4.69 | BK65: 5.17 | BL65: 5.05 | BM65: 4.8 | BN65: 4.95 | BO65: 4.57 | BP65: 4.87 | BQ65: 4.67 | BR65: 4.45 | BS65: 4.48 | BT65: 0 | BU65: 4.42 | BV65: 0 | BW65: 4.25 | BX65: 4.37 | BY65: 4.48 | BZ65: 4.63 | CA65: 4.57 | CB65: 4.44 | CC65: 4.53 | CD65: 4.53 | CE65: 4.67 | CF65: =SUM(Input_Raw[[#This Row],[G01]:[G40]]) -> 424522 | CG65: =IFERROR(AVERAGE(Input_Raw[[#This Row],[WS_G01]:[WS_G40]]),"") -> 4.5097436 | CJ65: 241229 | CK65: 2189 | CL65: 281125 | CM65: 2216 | CN65: 257382 | CO65: 1823 | CP65: 293437 | CQ65: 1869 | CR65: =IF(((Input_Raw[[#This Row],[33 kV_Wind_F1_Export reading]]-CJ64)*1200)>0,(Input_Raw[[#This Row],[33 kV_Wind_F1_Export reading]]-CJ64)*1200,0) -> 73200 | CS65: =IF(((Input_Raw[[#This Row],[33 kV_Wind_F1_Import reading]]-CK64)*1200)>0,(Input_Raw[[#This Row],[33 kV_Wind_F1_Import reading]]-CK64)*1200,0) -> 1200 | CT65: =IF(((Input_Raw[[#This Row],[33 kV_Wind_F2_Export_reading]]-CL64)*1200)>0,(Input_Raw[[#This Row],[33 kV_Wind_F2_Export_reading]]-CL64)*1200,0) -> 79200 | CU65: =IF(((Input_Raw[[#This Row],[33 kV_Wind_F2_Import_reading]]-CM64)*1200)>0,(Input_Raw[[#This Row],[33 kV_Wind_F2_Import_reading]]-CM64)*1200,0) -> 1200 | CV65: =IF(((Input_Raw[[#This Row],[33 kV_Wind_F3_Export_Reading]]-CN64)*1200)>0,(Input_Raw[[#This Row],[33 kV_Wind_F3_Export_Reading]]-CN64)*1200,0) -> 133200 | CW65: =IF(((Input_Raw[[#This Row],[33 kV_Wind_F3_Import_Reading]]-CO64)*1200)>0,(Input_Raw[[#This Row],[33 kV_Wind_F3_Import_Reading]]-CO64)*1200,0) -> 0 | CX65: =IF(((Input_Raw[[#This Row],[33 kV_Wind_F4_Export Reading]]-CP64)*1200)>0,(Input_Raw[[#This Row],[33 kV_Wind_F4_Export Reading]]-CP64)*1200,0) -> 134400 | CY65: =IF(((Input_Raw[[#This Row],[33 kV_Wind_F4_Import Reading]]-CQ64)*1200)>0,(Input_Raw[[#This Row],[33 kV_Wind_F4_Import Reading]]-CQ64)*1200,0) -> 1200 | CZ65: =Input_Raw[[#This Row],[33 kV_F1_Total_Export (KWh)]]+Input_Raw[[#This Row],[33 kV_F2_Total_Export (KWh)2]]+Input_Raw[[#This Row],[33 kV_Wind_F3_Export (KWh)]]+Input_Raw[[#This Row],[33 kV_Wind_F4_Export (KWh)]] -> 420000 | DA65: =Input_Raw[[#This Row],[33 kV_Wind_F1_Import (KWh)]]+Input_Raw[[#This Row],[33 kV_Wind_F2_Import (KWh)]]+Input_Raw[[#This Row],[33 kV_Wind_F3_Import (KWh)2]]+Input_Raw[[#This Row],[33 kV_Wind_F4_Import (KWh)2]] -> 3600 | DB65: =IFERROR(1-Input_Raw[[#This Row],[33 kV_Wind_Total_Export (KWh)]]/Input_Raw[[#This Row],[WTG Total Gneration (KWh)]],0) -> 0.01065198 | DC65: 96 | DD65: 167998 | DE65: 424.52 | DG65: 78 | DH65: No scada available server OS failed
A66: =A65+1 -> 45806 | B66: =YEAR([1]!Input_Raw[[#This Row],[Date]])+IF(MONTH([1]!Input_Raw[[#This Row],[Date]])>=4,1,0) -> 2026 | C66: =YEAR([1]!Input_Raw[[#This Row],[Date]]) -> 2025 | D66: =A66-DAY(A66)+1 -> 45778 | E66: =DAY(EOMONTH([1]!Input_Raw[[#This Row],[Date]],0)) -> 31 | F66: 16456 | G66: 16445 | H66: 16454 | I66: 16001 | J66: 16466 | K66: 16423 | L66: 16427 | M66: 16421 | N66: 16001 | O66: 16456 | P66: 16467 | Q66: 16467 | R66: 12578 | S66: 14842 | T66: 16061 | U66: 16032 | V66: 16034 | W66: 16027 | X66: 16072 | Y66: 16085 | Z66: 12252 | AA66: 12256 | AB66: 12235 | AC66: 11021 | AD66: 13852 | AE66: 12264 | AF66: 12268 | AG66: 0 | AH66: 12276 | AI66: 0 | AJ66: 13863 | AK66: 10521 | AL66: 13853 | AM66: 13845 | AN66: 12853 | AO66: 13857 | AP66: 13839 | AQ66: 13879 | AR66: 13897 | AS66: 5.58 | AT66: 6.55 | AU66: 5.67 | AV66: 5.72 | AW66: 6.71 | AX66: 6.27 | AY66: 6 | AZ66: 5.79 | BA66: 6 | BB66: 6.65 | BC66: 5.98 | BD66: 6.36 | BE66: 6.31 | BF66: 5.42 | BG66: 6.29 | BH66: 6.5 | BI66: 6.63 | BJ66: 6.48 | BK66: 6.75 | BL66: 6.78 | BM66: 6.72 | BN66: 6.39 | BO66: 5.76 | BP66: 5.9 | BQ66: 6.3 | BR66: 5.66 | BS66: 5.5 | BT66: 0 | BU66: 5.28 | BV66: 0 | BW66: 5.85 | BX66: 5.65 | BY66: 5.63 | BZ66: 5.65 | CA66: 5.94 | CB66: 5.56 | CC66: 5.81 | CD66: 5.84 | CE66: 5.94 | CF66: =SUM(Input_Raw[[#This Row],[G01]:[G40]]) -> 539046 | CG66: =IFERROR(AVERAGE(Input_Raw[[#This Row],[WS_G01]:[WS_G40]]),"") -> 5.7389744 | CJ66: 241340 | CK66: 2189 | CL66: 281205 | CM66: 2216 | CN66: 257505 | CO66: 1823 | CP66: 293566 | CQ66: 1869 | CR66: =IF(((Input_Raw[[#This Row],[33 kV_Wind_F1_Export reading]]-CJ65)*1200)>0,(Input_Raw[[#This Row],[33 kV_Wind_F1_Export reading]]-CJ65)*1200,0) -> 133200 | CS66: =IF(((Input_Raw[[#This Row],[33 kV_Wind_F1_Import reading]]-CK65)*1200)>0,(Input_Raw[[#This Row],[33 kV_Wind_F1_Import reading]]-CK65)*1200,0) -> 0 | CT66: =IF(((Input_Raw[[#This Row],[33 kV_Wind_F2_Export_reading]]-CL65)*1200)>0,(Input_Raw[[#This Row],[33 kV_Wind_F2_Export_reading]]-CL65)*1200,0) -> 96000 | CU66: =IF(((Input_Raw[[#This Row],[33 kV_Wind_F2_Import_reading]]-CM65)*1200)>0,(Input_Raw[[#This Row],[33 kV_Wind_F2_Import_reading]]-CM65)*1200,0) -> 0 | CV66: =IF(((Input_Raw[[#This Row],[33 kV_Wind_F3_Export_Reading]]-CN65)*1200)>0,(Input_Raw[[#This Row],[33 kV_Wind_F3_Export_Reading]]-CN65)*1200,0) -> 147600 | CW66: =IF(((Input_Raw[[#This Row],[33 kV_Wind_F3_Import_Reading]]-CO65)*1200)>0,(Input_Raw[[#This Row],[33 kV_Wind_F3_Import_Reading]]-CO65)*1200,0) -> 0 | CX66: =IF(((Input_Raw[[#This Row],[33 kV_Wind_F4_Export Reading]]-CP65)*1200)>0,(Input_Raw[[#This Row],[33 kV_Wind_F4_Export Reading]]-CP65)*1200,0) -> 154800 | CY66: =IF(((Input_Raw[[#This Row],[33 kV_Wind_F4_Import Reading]]-CQ65)*1200)>0,(Input_Raw[[#This Row],[33 kV_Wind_F4_Import Reading]]-CQ65)*1200,0) -> 0 | CZ66: =Input_Raw[[#This Row],[33 kV_F1_Total_Export (KWh)]]+Input_Raw[[#This Row],[33 kV_F2_Total_Export (KWh)2]]+Input_Raw[[#This Row],[33 kV_Wind_F3_Export (KWh)]]+Input_Raw[[#This Row],[33 kV_Wind_F4_Export (KWh)]] -> 531600 | DA66: =Input_Raw[[#This Row],[33 kV_Wind_F1_Import (KWh)]]+Input_Raw[[#This Row],[33 kV_Wind_F2_Import (KWh)]]+Input_Raw[[#This Row],[33 kV_Wind_F3_Import (KWh)2]]+Input_Raw[[#This Row],[33 kV_Wind_F4_Import (KWh)2]] -> 0 | DB66: =IFERROR(1-Input_Raw[[#This Row],[33 kV_Wind_Total_Export (KWh)]]/Input_Raw[[#This Row],[WTG Total Gneration (KWh)]],0) -> 0.013813292 | DC66: 96 | DD66: 52674 | DE66: 539.04 | DG66: 78 | DH66: No scada available server OS failed
A67: =A66+1 -> 45807 | B67: =YEAR([1]!Input_Raw[[#This Row],[Date]])+IF(MONTH([1]!Input_Raw[[#This Row],[Date]])>=4,1,0) -> 2026 | C67: =YEAR([1]!Input_Raw[[#This Row],[Date]]) -> 2025 | D67: =A67-DAY(A67)+1 -> 45778 | E67: =DAY(EOMONTH([1]!Input_Raw[[#This Row],[Date]],0)) -> 31 | F67: 15835 | G67: 14321 | H67: 15869 | I67: 14797 | J67: 11790 | K67: 15894 | L67: 15864 | M67: 15892 | N67: 18652 | O67: 15889 | P67: 15896 | Q67: 18632 | R67: 18643 | S67: 18645 | T67: 18665 | U67: 17521 | V67: 18675 | W67: 18653 | X67: 18678 | Y67: 18692 | Z67: 11789 | AA67: 11797 | AB67: 11735 | AC67: 8749 | AD67: 13604 | AE67: 11795 | AF67: 10990 | AG67: 0 | AH67: 11786 | AI67: 0 | AJ67: 13631 | AK67: 13656 | AL67: 13621 | AM67: 13645 | AN67: 13652 | AO67: 13642 | AP67: 13625 | AQ67: 13647 | AR67: 13664 | AS67: 5.8621319 | AT67: 6.3055556 | AU67: 5.2876625 | AV67: 5.3705 | AW67: 5.0465361 | AX67: 5.8957361 | AY67: 5.8957361 | AZ67: 5.8117014 | BA67: 6.2648403 | BB67: 4.8664375 | BC67: 5.6271667 | BD67: 5.7042083 | BE67: 5.5212292 | BF67: 5.7344028 | BG67: 6.0184653 | BH67: 5.5627708 | BI67: 6.2912431 | BJ67: 5.9451889 | BK67: 6.1093958 | BL67: 6.4610694 | BM67: 5.9728426 | BN67: 4.9143091 | BO67: 5.1144639 | BP67: 5.3359778 | BQ67: 5.0754985 | BR67: 5.3434958 | BS67: 5.0553076 | BT67: 0 | BU67: 5 | BV67: 0 | BW67: 4.9429824 | BX67: 4.9764632 | BY67: 5.2576333 | BZ67: 5.6703257 | CA67: 5.5863234 | CB67: 5.4673336 | CC67: 5.2683985 | CD67: 5.2848022 | CE67: 5.28385 | CF67: =SUM(Input_Raw[[#This Row],[G01]:[G40]]) -> 552531 | CG67: =IFERROR(AVERAGE(Input_Raw[[#This Row],[WS_G01]:[WS_G40]]),"") -> 5.2597945 | CJ67: 241453 | CK67: 2189 | CL67: 281280 | CM67: 2216 | CN67: 257621 | CO67: 1823 | CP67: 293720 | CQ67: 1869 | CR67: =IF(((Input_Raw[[#This Row],[33 kV_Wind_F1_Export reading]]-CJ66)*1200)>0,(Input_Raw[[#This Row],[33 kV_Wind_F1_Export reading]]-CJ66)*1200,0) -> 135600 | CS67: =IF(((Input_Raw[[#This Row],[33 kV_Wind_F1_Import reading]]-CK66)*1200)>0,(Input_Raw[[#This Row],[33 kV_Wind_F1_Import reading]]-CK66)*1200,0) -> 0 | CT67: =IF(((Input_Raw[[#This Row],[33 kV_Wind_F2_Export_reading]]-CL66)*1200)>0,(Input_Raw[[#This Row],[33 kV_Wind_F2_Export_reading]]-CL66)*1200,0) -> 90000 | CU67: =IF(((Input_Raw[[#This Row],[33 kV_Wind_F2_Import_reading]]-CM66)*1200)>0,(Input_Raw[[#This Row],[33 kV_Wind_F2_Import_reading]]-CM66)*1200,0) -> 0 | CV67: =IF(((Input_Raw[[#This Row],[33 kV_Wind_F3_Export_Reading]]-CN66)*1200)>0,(Input_Raw[[#This Row],[33 kV_Wind_F3_Export_Reading]]-CN66)*1200,0) -> 139200 | CW67: =IF(((Input_Raw[[#This Row],[33 kV_Wind_F3_Import_Reading]]-CO66)*1200)>0,(Input_Raw[[#This Row],[33 kV_Wind_F3_Import_Reading]]-CO66)*1200,0) -> 0 | CX67: =IF(((Input_Raw[[#This Row],[33 kV_Wind_F4_Export Reading]]-CP66)*1200)>0,(Input_Raw[[#This Row],[33 kV_Wind_F4_Export Reading]]-CP66)*1200,0) -> 184800 | CY67: =IF(((Input_Raw[[#This Row],[33 kV_Wind_F4_Import Reading]]-CQ66)*1200)>0,(Input_Raw[[#This Row],[33 kV_Wind_F4_Import Reading]]-CQ66)*1200,0) -> 0 | CZ67: =Input_Raw[[#This Row],[33 kV_F1_Total_Export (KWh)]]+Input_Raw[[#This Row],[33 kV_F2_Total_Export (KWh)2]]+Input_Raw[[#This Row],[33 kV_Wind_F3_Export (KWh)]]+Input_Raw[[#This Row],[33 kV_Wind_F4_Export (KWh)]] -> 549600 | DA67: =Input_Raw[[#This Row],[33 kV_Wind_F1_Import (KWh)]]+Input_Raw[[#This Row],[33 kV_Wind_F2_Import (KWh)]]+Input_Raw[[#This Row],[33 kV_Wind_F3_Import (KWh)2]]+Input_Raw[[#This Row],[33 kV_Wind_F4_Import (KWh)2]] -> 0 | DB67: =IFERROR(1-Input_Raw[[#This Row],[33 kV_Wind_Total_Export (KWh)]]/Input_Raw[[#This Row],[WTG Total Gneration (KWh)]],0) -> 0.0053046797 | DC67: 96 | DD67: 111665 | DE67: 552.53 | DG67: 78 | DH67: No scada available server OS failed
A68: =A67+1 -> 45808 | B68: =YEAR([1]!Input_Raw[[#This Row],[Date]])+IF(MONTH([1]!Input_Raw[[#This Row],[Date]])>=4,1,0) -> 2026 | C68: =YEAR([1]!Input_Raw[[#This Row],[Date]]) -> 2025 | D68: =A68-DAY(A68)+1 -> 45778 | E68: =DAY(EOMONTH([1]!Input_Raw[[#This Row],[Date]],0)) -> 31 | F68: 27801 | G68: 27807 | H68: 27806 | I68: 27819 | J68: 17106 | K68: 27841 | L68: 27854 | M68: 27867 | N68: 26901 | O68: 27878 | P68: 27897 | Q68: 24649 | R68: 26906 | S68: 26909 | T68: 26945 | U68: 26942 | V68: 26963 | W68: 26942 | X68: 26983 | Y68: 26997 | Z68: 17115 | AA68: 17167 | AB68: 17109 | AC68: 15902 | AD68: 15980 | AE68: 17190 | AF68: 17189 | AG68: 0 | AH68: 17192 | AI68: 0 | AJ68: 17851 | AK68: 17832 | AL68: 17842 | AM68: 17821 | AN68: 17300 | AO68: 17839 | AP68: 17847 | AQ68: 17852 | AR68: 17869 | AS68: 7.28 | AT68: 7.74 | AU68: 7.38 | AV68: 7.5 | AW68: 6.95 | AX68: 6.64 | AY68: 0 | AZ68: 7.59 | BA68: 7.79 | BB68: 7.37 | BC68: 7.73 | BD68: 7.52 | BE68: 7.72 | BF68: 7.67 | BG68: 7.75 | BH68: 7.66 | BI68: 8.38 | BJ68: 7.44 | BK68: 8.44 | BL68: 7.02 | BM68: 6.9 | BN68: 7.2 | BO68: 7.24 | BP68: 7.4 | BQ68: 7.39 | BR68: 7.05 | BS68: 6.74 | BT68: 0 | BU68: 7.37 | BV68: 0 | BW68: 6.79 | BX68: 6.65 | BY68: 6.54 | BZ68: 7.02 | CA68: 7.65 | CB68: 7.66 | CC68: 6.74 | CD68: 6.53 | CE68: 7.19 | CF68: =SUM(Input_Raw[[#This Row],[G01]:[G40]]) -> 829710 | CG68: =IFERROR(AVERAGE(Input_Raw[[#This Row],[WS_G01]:[WS_G40]]),"") -> 6.7597436 | CJ68: 241599 | CK68: 2189 | CL68: 281393 | CM68: 2216 | CN68: 257829 | CO68: 1823 | CP68: 293942 | CQ68: 1869 | CR68: =IF(((Input_Raw[[#This Row],[33 kV_Wind_F1_Export reading]]-CJ67)*1200)>0,(Input_Raw[[#This Row],[33 kV_Wind_F1_Export reading]]-CJ67)*1200,0) -> 175200 | CS68: =IF(((Input_Raw[[#This Row],[33 kV_Wind_F1_Import reading]]-CK67)*1200)>0,(Input_Raw[[#This Row],[33 kV_Wind_F1_Import reading]]-CK67)*1200,0) -> 0 | CT68: =IF(((Input_Raw[[#This Row],[33 kV_Wind_F2_Export_reading]]-CL67)*1200)>0,(Input_Raw[[#This Row],[33 kV_Wind_F2_Export_reading]]-CL67)*1200,0) -> 135600 | CU68: =IF(((Input_Raw[[#This Row],[33 kV_Wind_F2_Import_reading]]-CM67)*1200)>0,(Input_Raw[[#This Row],[33 kV_Wind_F2_Import_reading]]-CM67)*1200,0) -> 0 | CV68: =IF(((Input_Raw[[#This Row],[33 kV_Wind_F3_Export_Reading]]-CN67)*1200)>0,(Input_Raw[[#This Row],[33 kV_Wind_F3_Export_Reading]]-CN67)*1200,0) -> 249600 | CW68: =IF(((Input_Raw[[#This Row],[33 kV_Wind_F3_Import_Reading]]-CO67)*1200)>0,(Input_Raw[[#This Row],[33 kV_Wind_F3_Import_Reading]]-CO67)*1200,0) -> 0 | CX68: =IF(((Input_Raw[[#This Row],[33 kV_Wind_F4_Export Reading]]-CP67)*1200)>0,(Input_Raw[[#This Row],[33 kV_Wind_F4_Export Reading]]-CP67)*1200,0) -> 266400 | CY68: =IF(((Input_Raw[[#This Row],[33 kV_Wind_F4_Import Reading]]-CQ67)*1200)>0,(Input_Raw[[#This Row],[33 kV_Wind_F4_Import Reading]]-CQ67)*1200,0) -> 0 | CZ68: =Input_Raw[[#This Row],[33 kV_F1_Total_Export (KWh)]]+Input_Raw[[#This Row],[33 kV_F2_Total_Export (KWh)2]]+Input_Raw[[#This Row],[33 kV_Wind_F3_Export (KWh)]]+Input_Raw[[#This Row],[33 kV_Wind_F4_Export (KWh)]] -> 826800 | DA68: =Input_Raw[[#This Row],[33 kV_Wind_F1_Import (KWh)]]+Input_Raw[[#This Row],[33 kV_Wind_F2_Import (KWh)]]+Input_Raw[[#This Row],[33 kV_Wind_F3_Import (KWh)2]]+Input_Raw[[#This Row],[33 kV_Wind_F4_Import (KWh)2]] -> 0 | DB68: =IFERROR(1-Input_Raw[[#This Row],[33 kV_Wind_Total_Export (KWh)]]/Input_Raw[[#This Row],[WTG Total Gneration (KWh)]],0) -> 0.0035072495 | DC68: 96 | DD68: 291053 | DE68: 829.71 | DG68: 78 | DH68: No scada available server OS failed
A69: =A68+1 -> 45809 | B69: =YEAR([1]!Input_Raw[[#This Row],[Date]])+IF(MONTH([1]!Input_Raw[[#This Row],[Date]])>=4,1,0) -> 2026 | C69: =YEAR([1]!Input_Raw[[#This Row],[Date]]) -> 2025 | D69: =A69-DAY(A69)+1 -> 45809 | E69: =DAY(EOMONTH([1]!Input_Raw[[#This Row],[Date]],0)) -> 30 | F69: 25119 | G69: 25121 | H69: 25115 | I69: 25122 | J69: 19223 | K69: 25134 | L69: 25123 | M69: 25131 | N69: 20263 | O69: 25165 | P69: 25172 | Q69: 23119 | R69: 23112 | S69: 23132 | T69: 23145 | U69: 23144 | V69: 23151 | W69: 23134 | X69: 23167 | Y69: 23178 | Z69: 19243 | AA69: 18521 | AB69: 18501 | AC69: 18509 | AD69: 17921 | AE69: 19245 | AF69: 19252 | AG69: 0 | AH69: 19267 | AI69: 0 | AJ69: 17945 | AK69: 17924 | AL69: 17952 | AM69: 17946 | AN69: 17956 | AO69: 17949 | AP69: 17932 | AQ69: 17967 | AR69: 17959 | AS69: 7.13 | AT69: 7.22 | AU69: 7.2 | AV69: 7.2 | AW69: 6.86 | AX69: 6.84 | AY69: 7.52 | AZ69: 7.38 | BA69: 7.33 | BB69: 7.21 | BC69: 7.51 | BD69: 7.19 | BE69: 7.34 | BF69: 7.41 | BG69: 7.21 | BH69: 7.4 | BI69: 7.01 | BJ69: 7.28 | BK69: 7.58 | BL69: 7.54 | BM69: 6.5 | BN69: 7.13 | BO69: 7.11 | BP69: 7.2 | BQ69: 6.69 | BR69: 6.89 | BS69: 6.85 | BT69: 0 | BU69: 7.02 | BV69: 0 | BW69: 6.26 | BX69: 6.56 | BY69: 6.37 | BZ69: 6.77 | CA69: 7.01 | CB69: 7.01 | CC69: 6.41 | CD69: 6.12 | CE69: 6.55 | CF69: =SUM(Input_Raw[[#This Row],[G01]:[G40]]) -> 785959 | CG69: =IFERROR(AVERAGE(Input_Raw[[#This Row],[WS_G01]:[WS_G40]]),"") -> 6.6617949 | CJ69: 241748 | CK69: 2189 | CL69: 281518 | CM69: 2216 | CN69: 258017 | CO69: 1823 | CP69: 294132 | CQ69: 1869 | CR69: =IF(((Input_Raw[[#This Row],[33 kV_Wind_F1_Export reading]]-CJ68)*1200)>0,(Input_Raw[[#This Row],[33 kV_Wind_F1_Export reading]]-CJ68)*1200,0) -> 178800 | CS69: =IF(((Input_Raw[[#This Row],[33 kV_Wind_F1_Import reading]]-CK68)*1200)>0,(Input_Raw[[#This Row],[33 kV_Wind_F1_Import reading]]-CK68)*1200,0) -> 0 | CT69: =IF(((Input_Raw[[#This Row],[33 kV_Wind_F2_Export_reading]]-CL68)*1200)>0,(Input_Raw[[#This Row],[33 kV_Wind_F2_Export_reading]]-CL68)*1200,0) -> 150000 | CU69: =IF(((Input_Raw[[#This Row],[33 kV_Wind_F2_Import_reading]]-CM68)*1200)>0,(Input_Raw[[#This Row],[33 kV_Wind_F2_Import_reading]]-CM68)*1200,0) -> 0 | CV69: =IF(((Input_Raw[[#This Row],[33 kV_Wind_F3_Export_Reading]]-CN68)*1200)>0,(Input_Raw[[#This Row],[33 kV_Wind_F3_Export_Reading]]-CN68)*1200,0) -> 225600 | CW69: =IF(((Input_Raw[[#This Row],[33 kV_Wind_F3_Import_Reading]]-CO68)*1200)>0,(Input_Raw[[#This Row],[33 kV_Wind_F3_Import_Reading]]-CO68)*1200,0) -> 0 | CX69: =IF(((Input_Raw[[#This Row],[33 kV_Wind_F4_Export Reading]]-CP68)*1200)>0,(Input_Raw[[#This Row],[33 kV_Wind_F4_Export Reading]]-CP68)*1200,0) -> 228000 | CY69: =IF(((Input_Raw[[#This Row],[33 kV_Wind_F4_Import Reading]]-CQ68)*1200)>0,(Input_Raw[[#This Row],[33 kV_Wind_F4_Import Reading]]-CQ68)*1200,0) -> 0 | CZ69: =Input_Raw[[#This Row],[33 kV_F1_Total_Export (KWh)]]+Input_Raw[[#This Row],[33 kV_F2_Total_Export (KWh)2]]+Input_Raw[[#This Row],[33 kV_Wind_F3_Export (KWh)]]+Input_Raw[[#This Row],[33 kV_Wind_F4_Export (KWh)]] -> 782400 | DA69: =Input_Raw[[#This Row],[33 kV_Wind_F1_Import (KWh)]]+Input_Raw[[#This Row],[33 kV_Wind_F2_Import (KWh)]]+Input_Raw[[#This Row],[33 kV_Wind_F3_Import (KWh)2]]+Input_Raw[[#This Row],[33 kV_Wind_F4_Import (KWh)2]] -> 0 | DB69: =IFERROR(1-Input_Raw[[#This Row],[33 kV_Wind_Total_Export (KWh)]]/Input_Raw[[#This Row],[WTG Total Gneration (KWh)]],0) -> 0.004528226 | DC69: 96 | DD69: 247411 | DE69: 785.95 | DG69: 78 | DH69: No scada available server OS failed
A70: =A69+1 -> 45810 | B70: =YEAR([1]!Input_Raw[[#This Row],[Date]])+IF(MONTH([1]!Input_Raw[[#This Row],[Date]])>=4,1,0) -> 2026 | C70: =YEAR([1]!Input_Raw[[#This Row],[Date]]) -> 2025 | D70: =A70-DAY(A70)+1 -> 45809 | E70: =DAY(EOMONTH([1]!Input_Raw[[#This Row],[Date]],0)) -> 30 | F70: 10401 | G70: 10407 | H70: 10402 | I70: 9518 | J70: 9544 | K70: 10409 | L70: 10399 | M70: 8107 | N70: 12223 | O70: 10456 | P70: 10467 | Q70: 12232 | R70: 12234 | S70: 12245 | T70: 12256 | U70: 12252 | V70: 12254 | W70: 12233 | X70: 12267 | Y70: 11499 | Z70: 9556 | AA70: 9552 | AB70: 9545 | AC70: 10260 | AD70: 9102 | AE70: 10256 | AF70: 10267 | AG70: 0 | AH70: 10278 | AI70: 0 | AJ70: 9105 | AK70: 8664 | AL70: 9109 | AM70: 8678 | AN70: 9111 | AO70: 9110 | AP70: 9103 | AQ70: 9114 | AR70: 9116 | AS70: 4.85 | AT70: 5.37 | AU70: 4.76 | AV70: 4.77 | AW70: 5.09 | AX70: 5.19 | AY70: 4.8 | AZ70: 4.87 | BA70: 5.25 | BB70: 4.98 | BC70: 5.45 | BD70: 5.28 | BE70: 5.32 | BF70: 5.14 | BG70: 5.09 | BH70: 5.27 | BI70: 5.07 | BJ70: 5.36 | BK70: 6.59 | BL70: 5.63 | BM70: 5.4 | BN70: 5.44 | BO70: 4.66 | BP70: 4.98 | BQ70: 4.95 | BR70: 4.71 | BS70: 4.88 | BT70: 0 | BU70: 4.86 | BV70: 0 | BW70: 4.59 | BX70: 4.73 | BY70: 4.88 | BZ70: 4.88 | CA70: 5.07 | CB70: 5.05 | CC70: 4.83 | CD70: 4.74 | CE70: 5.01 | CF70: =SUM(Input_Raw[[#This Row],[G01]:[G40]]) -> 381731 | CG70: =IFERROR(AVERAGE(Input_Raw[[#This Row],[WS_G01]:[WS_G40]]),"") -> 4.8151282 | CJ70: 241822 | CK70: 2189 | CL70: 281584 | CM70: 2216 | CN70: 258092 | CO70: 1823 | CP70: 294233 | CQ70: 1869 | CR70: =IF(((Input_Raw[[#This Row],[33 kV_Wind_F1_Export reading]]-CJ69)*1200)>0,(Input_Raw[[#This Row],[33 kV_Wind_F1_Export reading]]-CJ69)*1200,0) -> 88800 | CS70: =IF(((Input_Raw[[#This Row],[33 kV_Wind_F1_Import reading]]-CK69)*1200)>0,(Input_Raw[[#This Row],[33 kV_Wind_F1_Import reading]]-CK69)*1200,0) -> 0 | CT70: =IF(((Input_Raw[[#This Row],[33 kV_Wind_F2_Export_reading]]-CL69)*1200)>0,(Input_Raw[[#This Row],[33 kV_Wind_F2_Export_reading]]-CL69)*1200,0) -> 79200 | CU70: =IF(((Input_Raw[[#This Row],[33 kV_Wind_F2_Import_reading]]-CM69)*1200)>0,(Input_Raw[[#This Row],[33 kV_Wind_F2_Import_reading]]-CM69)*1200,0) -> 0 | CV70: =IF(((Input_Raw[[#This Row],[33 kV_Wind_F3_Export_Reading]]-CN69)*1200)>0,(Input_Raw[[#This Row],[33 kV_Wind_F3_Export_Reading]]-CN69)*1200,0) -> 90000 | CW70: =IF(((Input_Raw[[#This Row],[33 kV_Wind_F3_Import_Reading]]-CO69)*1200)>0,(Input_Raw[[#This Row],[33 kV_Wind_F3_Import_Reading]]-CO69)*1200,0) -> 0 | CX70: =IF(((Input_Raw[[#This Row],[33 kV_Wind_F4_Export Reading]]-CP69)*1200)>0,(Input_Raw[[#This Row],[33 kV_Wind_F4_Export Reading]]-CP69)*1200,0) -> 121200 | CY70: =IF(((Input_Raw[[#This Row],[33 kV_Wind_F4_Import Reading]]-CQ69)*1200)>0,(Input_Raw[[#This Row],[33 kV_Wind_F4_Import Reading]]-CQ69)*1200,0) -> 0 | CZ70: =Input_Raw[[#This Row],[33 kV_F1_Total_Export (KWh)]]+Input_Raw[[#This Row],[33 kV_F2_Total_Export (KWh)2]]+Input_Raw[[#This Row],[33 kV_Wind_F3_Export (KWh)]]+Input_Raw[[#This Row],[33 kV_Wind_F4_Export (KWh)]] -> 379200 | DA70: =Input_Raw[[#This Row],[33 kV_Wind_F1_Import (KWh)]]+Input_Raw[[#This Row],[33 kV_Wind_F2_Import (KWh)]]+Input_Raw[[#This Row],[33 kV_Wind_F3_Import (KWh)2]]+Input_Raw[[#This Row],[33 kV_Wind_F4_Import (KWh)2]] -> 0 | DB70: =IFERROR(1-Input_Raw[[#This Row],[33 kV_Wind_Total_Export (KWh)]]/Input_Raw[[#This Row],[WTG Total Gneration (KWh)]],0) -> 0.0066303234 | DC70: 96 | DD70: 14431 | DE70: 381.73 | DG70: 78 | DH70: No scada available server OS failed
